,filename,time,focus,pixel_std,entropy,laplace_var,brightness,ssim
0,C:\Users\joshy\OneDrive\Documents\Kravitz Lab\freezeData\\0318\20260317171902-b94.41-f4.png,2026-03-17 17:19:02,4.0,58.843781508271,7.446000537607698,395.021210488944,94.217692,0.8503868745839837
1,C:\Users\joshy\OneDrive\Documents\Kravitz Lab\freezeData\\0318\20260317171747-b94.25-f8.png,2026-03-17 17:17:47,8.0,59.63867321356518,7.432525597407477,403.466433441136,94.059172,0.7045579247005912
2,C:\Users\joshy\OneDrive\Documents\Kravitz Lab\freezeData\\0318\20260317171806-b93.79-f10.png,2026-03-17 17:18:06,10.0,59.714132375177115,7.415807156442416,483.301484690416,93.621732,0.6404043582260897
3,C:\Users\joshy\OneDrive\Documents\Kravitz Lab\freezeData\\0318\20260317171825-b93.79-f0.png,2026-03-17 17:18:25,0.0,57.87101939741182,7.440243200571531,418.401528293824,93.601872,0.7480741026044342
4,C:\Users\joshy\OneDrive\Documents\Kravitz Lab\freezeData\\0318\20260317171844-b94.69-f2.png,2026-03-17 17:18:44,2.0,58.48959854804627,7.455584146280724,424.405163728624,94.487128,0.8035451162556936
5,C:\Users\joshy\OneDrive\Documents\Kravitz Lab\freezeData\\0318\20260317171728-b94.53-f6.png,2026-03-17 17:17:28,6.0,59.17770580744759,7.439534577542335,397.14338267313605,94.339428,0.7814891428484719
6,C:\Users\joshy\OneDrive\Documents\Kravitz Lab\freezeData\\0318\20260317171709-b94.50-f4.png,2026-03-17 17:17:09,4.0,58.75705461821027,7.4486275665952295,388.16635825918394,94.309284,0.8491477654197594
7,C:\Users\joshy\OneDrive\Documents\Kravitz Lab\freezeData\\0318\20260317171921-b94.78-f6.png,2026-03-17 17:19:21,6.0,59.161177480689275,7.44262861392888,393.87306317758413,94.590372,0.7810011972120546
8,C:\Users\joshy\OneDrive\Documents\Kravitz Lab\freezeData\\0318\20260317171940-b94.47-f8.png,2026-03-17 17:19:40,8.0,59.64135690730532,7.431324590082628,422.702041784176,94.295368,0.7044316994008534
9,C:\Users\joshy\OneDrive\Documents\Kravitz Lab\freezeData\\0318\20260317171959-b94.28-f10.png,2026-03-17 17:19:59,10.0,59.84448662585171,7.421642179902412,491.48911036000004,94.109016,0.6379899020401084
10,C:\Users\joshy\OneDrive\Documents\Kravitz Lab\freezeData\\0318\20260317172018-b94.08-f0.png,2026-03-17 17:20:18,0.0,57.94968363120199,7.441304833702205,413.165551843264,93.89206,0.7482412849750365
11,C:\Users\joshy\OneDrive\Documents\Kravitz Lab\freezeData\\0318\20260317172037-b94.57-f2.png,2026-03-17 17:20:37,2.0,58.502920209160706,7.456338786485972,433.30028095102404,94.374976,0.8020114074521709
12,C:\Users\joshy\OneDrive\Documents\Kravitz Lab\freezeData\\0318\20260317172056-b94.48-f4.png,2026-03-17 17:20:56,4.0,58.83086328980067,7.444708540100903,408.204490340336,94.296028,0.8499208284115288
13,C:\Users\joshy\OneDrive\Documents\Kravitz Lab\freezeData\\0318\20260317172114-b94.62-f6.png,2026-03-17 17:21:14,6.0,59.25736176211694,7.436516459824345,384.98423627159997,94.43956,0.7824596740118608
14,C:\Users\joshy\OneDrive\Documents\Kravitz Lab\freezeData\\0318\20260317172151-b94.23-f10.png,2026-03-17 17:21:51,10.0,59.776407451697,7.422233288713302,486.5852065816161,94.058448,0.6372018738870064
15,C:\Users\joshy\OneDrive\Documents\Kravitz Lab\freezeData\\0318\20260317172132-b94.44-f8.png,2026-03-17 17:21:32,8.0,59.47220470133133,7.435387391279964,416.220345266176,94.255288,0.7057664343729797
16,C:\Users\joshy\OneDrive\Documents\Kravitz Lab\freezeData\\0318\20260317172209-b93.94-f0.png,2026-03-17 17:22:09,0.0,58.012844778077344,7.442466570514858,430.4232624868961,93.761948,0.7479356202203895
17,C:\Users\joshy\OneDrive\Documents\Kravitz Lab\freezeData\\0318\20260317172229-b94.53-f2.png,2026-03-17 17:22:29,2.0,58.37348208384708,7.448411800826677,445.17814628038394,94.336472,0.8019069804799348
18,C:\Users\joshy\OneDrive\Documents\Kravitz Lab\freezeData\\0318\20260317172248-b94.68-f4.png,2026-03-17 17:22:48,4.0,58.878560916913585,7.449292278249267,402.2390806015999,94.491036,0.8510072049170866
19,C:\Users\joshy\OneDrive\Documents\Kravitz Lab\freezeData\\0318\20260317172308-b94.73-f6.png,2026-03-17 17:23:08,6.0,59.11189781544504,7.441653610614467,417.27206760678405,94.559872,0.7821373482794708
20,C:\Users\joshy\OneDrive\Documents\Kravitz Lab\freezeData\\0318\20260317172327-b94.52-f8.png,2026-03-17 17:23:27,8.0,59.683171720960004,7.431529465746681,421.095899133376,94.32708,0.7043002383987268
21,C:\Users\joshy\OneDrive\Documents\Kravitz Lab\freezeData\\0318\20260317172346-b93.90-f10.png,2026-03-17 17:23:46,10.0,59.76210066171034,7.420399319031059,506.732179785984,93.71614,0.6378050371791806
22,C:\Users\joshy\OneDrive\Documents\Kravitz Lab\freezeData\\0318\20260317172423-b94.39-f2.png,2026-03-17 17:24:23,2.0,58.37632986613667,7.450202654118879,429.94728368254397,94.1944,0.8042401744464571
23,C:\Users\joshy\OneDrive\Documents\Kravitz Lab\freezeData\\0318\20260317172404-b93.71-f0.png,2026-03-17 17:24:04,0.0,57.995654899596886,7.440324301224702,418.8888204924,93.532692,0.7483920914662385
24,C:\Users\joshy\OneDrive\Documents\Kravitz Lab\freezeData\\0318\20260317172443-b94.60-f4.png,2026-03-17 17:24:43,4.0,58.886841092111574,7.447225610473526,400.12274994840004,94.40618,0.8498434414333788
25,C:\Users\joshy\OneDrive\Documents\Kravitz Lab\freezeData\\0318\20260317172501-b94.66-f6.png,2026-03-17 17:25:01,6.0,59.33754564307156,7.444284169688325,404.597158182256,94.48242,0.7810123221704074
26,C:\Users\joshy\OneDrive\Documents\Kravitz Lab\freezeData\\0318\20260317172520-b94.63-f8.png,2026-03-17 17:25:20,8.0,59.48207502549062,7.4317774554893665,428.6708403219041,94.465148,0.7060006278897322
27,C:\Users\joshy\OneDrive\Documents\Kravitz Lab\freezeData\\0318\20260317172539-b93.80-f10.png,2026-03-17 17:25:39,10.0,59.679784317635864,7.416539922546265,496.5805687516,93.636908,0.6393017350181754
28,C:\Users\joshy\OneDrive\Documents\Kravitz Lab\freezeData\\0318\20260317172557-b94.13-f0.png,2026-03-17 17:25:57,0.0,57.978483820241586,7.437519570815661,417.9850188015999,93.946728,0.7486357965387218
29,C:\Users\joshy\OneDrive\Documents\Kravitz Lab\freezeData\\0318\20260317172615-b94.75-f2.png,2026-03-17 17:26:15,2.0,58.43715474770825,7.45306648906278,431.83713406489596,94.56382,0.8039593744872091
30,C:\Users\joshy\OneDrive\Documents\Kravitz Lab\freezeData\\0318\20260317172653-b94.54-f6.png,2026-03-17 17:26:53,6.0,59.19458340414265,7.441841682295756,417.071302220784,94.3581,0.781066388387884
31,C:\Users\joshy\OneDrive\Documents\Kravitz Lab\freezeData\\0318\20260317172635-b94.53-f4.png,2026-03-17 17:26:35,4.0,58.73816494316846,7.448045224718633,406.55145945022406,94.349444,0.8507313048679935
32,C:\Users\joshy\OneDrive\Documents\Kravitz Lab\freezeData\\0318\20260317172712-b94.59-f8.png,2026-03-17 17:27:12,8.0,59.547055707635586,7.435760596894632,408.574987967984,94.405912,0.7053892511021809
33,C:\Users\joshy\OneDrive\Documents\Kravitz Lab\freezeData\\0318\20260317172730-b94.01-f10.png,2026-03-17 17:27:30,10.0,59.69717372620395,7.419013197496113,488.9768171676,93.836632,0.6382490165915485
34,C:\Users\joshy\OneDrive\Documents\Kravitz Lab\freezeData\\0318\20260317172749-b93.88-f0.png,2026-03-17 17:27:49,0.0,57.82729989518446,7.4379135617753205,418.028892839024,93.69482,0.749163516314969
35,C:\Users\joshy\OneDrive\Documents\Kravitz Lab\freezeData\\0318\20260317172808-b94.37-f2.png,2026-03-17 17:28:08,2.0,58.43959149260371,7.453363114378956,446.26389711462394,94.18076,0.8033470383021521
36,C:\Users\joshy\OneDrive\Documents\Kravitz Lab\freezeData\\0318\20260317172826-b94.67-f4.png,2026-03-17 17:28:26,4.0,58.85910573346952,7.4497299886620905,407.787442039664,94.491984,0.8500346652595734
37,C:\Users\joshy\OneDrive\Documents\Kravitz Lab\freezeData\\0318\20260317172845-b94.56-f6.png,2026-03-17 17:28:45,6.0,59.175084110581,7.442275638906121,416.162418162944,94.378392,0.781730757158822
38,C:\Users\joshy\OneDrive\Documents\Kravitz Lab\freezeData\\0318\20260317172905-b94.25-f8.png,2026-03-17 17:29:05,8.0,59.53252514299913,7.433711832017573,434.3569905610241,94.076224,0.7053740548354439
39,C:\Users\joshy\OneDrive\Documents\Kravitz Lab\freezeData\\0318\20260317172923-b94.04-f10.png,2026-03-17 17:29:23,10.0,59.79866829984173,7.4191381687871525,482.847597380464,93.874248,0.6407184791732612
40,C:\Users\joshy\OneDrive\Documents\Kravitz Lab\freezeData\\0318\20260317172944-b93.87-f0.png,2026-03-17 17:29:44,0.0,57.88521451843342,7.437019192731469,417.935430449264,93.702712,0.7491122103121884
41,C:\Users\joshy\OneDrive\Documents\Kravitz Lab\freezeData\\0318\20260317173002-b94.49-f2.png,2026-03-17 17:30:02,2.0,58.412008177850005,7.453524017505166,442.16153478334394,94.292528,0.8028221555465663
42,C:\Users\joshy\OneDrive\Documents\Kravitz Lab\freezeData\\0318\20260317173020-b94.56-f4.png,2026-03-17 17:30:20,4.0,58.85412280078207,7.449713689133268,403.1962162493441,94.374408,0.8503076330178264
43,C:\Users\joshy\OneDrive\Documents\Kravitz Lab\freezeData\\0318\20260317173040-b94.59-f6.png,2026-03-17 17:30:40,6.0,59.27519262053009,7.440583857742392,409.047584945664,94.405916,0.7836793367834297
44,C:\Users\joshy\OneDrive\Documents\Kravitz Lab\freezeData\\0318\20260317173059-b94.59-f8.png,2026-03-17 17:30:59,8.0,59.59958426731663,7.433670806034676,434.83641695999995,94.420532,0.7041226091131421
45,C:\Users\joshy\OneDrive\Documents\Kravitz Lab\freezeData\\0318\20260317173118-b94.04-f10.png,2026-03-17 17:31:18,10.0,59.723167833886905,7.417391684270962,462.47181368382405,93.872376,0.641074794955913
46,C:\Users\joshy\OneDrive\Documents\Kravitz Lab\freezeData\\0318\20260317173138-b94.24-f0.png,2026-03-17 17:31:38,0.0,57.901618480749775,7.434896176584036,414.545318104816,94.044736,0.7488560255496768
47,C:\Users\joshy\OneDrive\Documents\Kravitz Lab\freezeData\\0318\20260317173156-b94.54-f2.png,2026-03-17 17:31:56,2.0,58.478338196947284,7.452614607275469,426.34467786214395,94.342616,0.8032676014760721
48,C:\Users\joshy\OneDrive\Documents\Kravitz Lab\freezeData\\0318\20260317173216-b94.61-f4.png,2026-03-17 17:32:16,4.0,58.94545503090545,7.4548598692420285,391.60211919097594,94.409252,0.8495707779977567
49,C:\Users\joshy\OneDrive\Documents\Kravitz Lab\freezeData\\0318\20260317173234-b94.75-f6.png,2026-03-17 17:32:34,6.0,59.282113906233675,7.443732265920747,410.76447100030396,94.567844,0.780605087184574
50,C:\Users\joshy\OneDrive\Documents\Kravitz Lab\freezeData\\0318\20260317173253-b94.58-f8.png,2026-03-17 17:32:53,8.0,59.53521819469212,7.436463152213165,427.873694225344,94.40652,0.7059389898990291
51,C:\Users\joshy\OneDrive\Documents\Kravitz Lab\freezeData\\0318\20260317173313-b94.00-f10.png,2026-03-17 17:33:13,10.0,59.702400230814035,7.41850675825426,486.983924998384,93.817236,0.639795035732567
52,C:\Users\joshy\OneDrive\Documents\Kravitz Lab\freezeData\\0318\20260317173331-b93.78-f0.png,2026-03-17 17:33:31,0.0,57.84341877305261,7.437302621888254,408.8051586361439,93.590292,0.7492568618452283
53,C:\Users\joshy\OneDrive\Documents\Kravitz Lab\freezeData\\0318\20260317173351-b94.64-f2.png,2026-03-17 17:33:51,2.0,58.42668811920676,7.45259552709868,430.04306083902406,94.425788,0.8032985812368953
54,C:\Users\joshy\OneDrive\Documents\Kravitz Lab\freezeData\\0318\20260317173410-b94.58-f4.png,2026-03-17 17:34:10,4.0,58.86787971750218,7.447419517806356,389.83643937990405,94.392736,0.8505606398039873
55,C:\Users\joshy\OneDrive\Documents\Kravitz Lab\freezeData\\0318\20260317173428-b94.54-f6.png,2026-03-17 17:34:28,6.0,59.30362355870865,7.44326067240446,417.082789908976,94.363176,0.7810114895390794
56,C:\Users\joshy\OneDrive\Documents\Kravitz Lab\freezeData\\0318\20260317173448-b94.46-f8.png,2026-03-17 17:34:48,8.0,59.52518498711281,7.431685550692706,428.7140556784,94.2845,0.7056330816830931
57,C:\Users\joshy\OneDrive\Documents\Kravitz Lab\freezeData\\0318\20260317173506-b94.03-f10.png,2026-03-17 17:35:06,10.0,59.70419258613438,7.419413707297669,503.375199,93.866076,0.6381102062190986
58,C:\Users\joshy\OneDrive\Documents\Kravitz Lab\freezeData\\0318\20260317173525-b94.22-f0.png,2026-03-17 17:35:25,0.0,57.98928306199689,7.446310710973196,431.220583843264,94.03834,0.746482232700589
59,C:\Users\joshy\OneDrive\Documents\Kravitz Lab\freezeData\\0318\20260317173602-b94.80-f4.png,2026-03-17 17:36:02,4.0,58.75633478184139,7.449125934581037,403.82359191742404,94.614276,0.8498638014970542
60,C:\Users\joshy\OneDrive\Documents\Kravitz Lab\freezeData\\0318\20260317173543-b94.77-f2.png,2026-03-17 17:35:43,2.0,58.447492566950174,7.455195979529532,436.789321320176,94.566548,0.8046569052888927
61,C:\Users\joshy\OneDrive\Documents\Kravitz Lab\freezeData\\0318\20260317173621-b94.57-f6.png,2026-03-17 17:36:21,6.0,59.2359426064465,7.4428868647814665,395.48624554840006,94.385076,0.7831631485137233
62,C:\Users\joshy\OneDrive\Documents\Kravitz Lab\freezeData\\0318\20260317173639-b94.66-f8.png,2026-03-17 17:36:39,8.0,59.68009822283807,7.436663527792431,430.735333406656,94.47818,0.7062700173198045
63,C:\Users\joshy\OneDrive\Documents\Kravitz Lab\freezeData\\0318\20260317173659-b94.00-f10.png,2026-03-17 17:36:59,10.0,59.90034091509744,7.423797851334949,497.710041084656,93.833152,0.6393015914112428
64,C:\Users\joshy\OneDrive\Documents\Kravitz Lab\freezeData\\0318\20260317173718-b93.98-f0.png,2026-03-17 17:37:18,0.0,57.9147311827298,7.439328874199981,403.275953769984,93.793012,0.750254167419025
65,C:\Users\joshy\OneDrive\Documents\Kravitz Lab\freezeData\\0318\20260317173738-b94.52-f2.png,2026-03-17 17:37:38,2.0,58.42739259538539,7.45255263419526,429.23677519097595,94.324448,0.8049660443686514
66,C:\Users\joshy\OneDrive\Documents\Kravitz Lab\freezeData\\0318\20260317173756-b94.57-f4.png,2026-03-17 17:37:56,4.0,58.80107965543748,7.448601948515778,399.16496591302405,94.376164,0.8492910679442551
67,C:\Users\joshy\OneDrive\Documents\Kravitz Lab\freezeData\\0318\20260317173816-b94.63-f6.png,2026-03-17 17:38:16,6.0,59.214171944422766,7.442372743573836,408.00621478334403,94.448844,0.7795494097081572
68,C:\Users\joshy\OneDrive\Documents\Kravitz Lab\freezeData\\0318\20260317173836-b94.39-f8.png,2026-03-17 17:38:36,8.0,59.5355723552365,7.425653959432359,432.95012972160004,94.23188,0.7056792045689998
69,C:\Users\joshy\OneDrive\Documents\Kravitz Lab\freezeData\\0318\20260317173854-b94.16-f10.png,2026-03-17 17:38:54,10.0,59.898519074807986,7.419136658883038,474.0524413424,93.987808,0.6424267873294116
70,C:\Users\joshy\OneDrive\Documents\Kravitz Lab\freezeData\\0318\20260317173912-b93.93-f0.png,2026-03-17 17:39:12,0.0,57.91330866280517,7.435971622069092,408.103346468096,93.740216,0.7498498519968793
71,C:\Users\joshy\OneDrive\Documents\Kravitz Lab\freezeData\\0318\20260317173932-b94.42-f2.png,2026-03-17 17:39:32,2.0,58.31640720543185,7.447377899013745,454.855042782704,94.237484,0.8013263870921049
72,C:\Users\joshy\OneDrive\Documents\Kravitz Lab\freezeData\\0318\20260317173950-b94.60-f4.png,2026-03-17 17:39:50,4.0,58.75896267760199,7.4460719174061625,407.29014304793594,94.413276,0.8501416516445012
73,C:\Users\joshy\OneDrive\Documents\Kravitz Lab\freezeData\\0318\20260317174008-b94.62-f6.png,2026-03-17 17:40:08,6.0,59.204632053510814,7.443602202918127,411.889549829744,94.44422,0.7820610205942979
74,C:\Users\joshy\OneDrive\Documents\Kravitz Lab\freezeData\\0318\20260317174027-b94.33-f8.png,2026-03-17 17:40:27,8.0,59.57095384231265,7.436648983982155,417.66208144113597,94.142416,0.7039423458645558
75,C:\Users\joshy\OneDrive\Documents\Kravitz Lab\freezeData\\0318\20260317174045-b94.22-f10.png,2026-03-17 17:40:45,10.0,59.78887181648384,7.419491483060205,489.39331979359997,94.067992,0.6385600157860388
76,C:\Users\joshy\OneDrive\Documents\Kravitz Lab\freezeData\\0318\20260317174104-b94.04-f0.png,2026-03-17 17:41:04,0.0,57.91417520426238,7.4415813842855245,414.88371640446394,93.8471,0.746430939434139
77,C:\Users\joshy\OneDrive\Documents\Kravitz Lab\freezeData\\0318\20260317174123-b94.63-f2.png,2026-03-17 17:41:23,2.0,58.40556948394165,7.452175766628555,424.93967473406406,94.427908,0.8030398768221654
78,C:\Users\joshy\OneDrive\Documents\Kravitz Lab\freezeData\\0318\20260317174142-b94.56-f4.png,2026-03-17 17:41:42,4.0,58.84828945309129,7.448202250719461,385.43974352025594,94.364928,0.8507694110873625
79,C:\Users\joshy\OneDrive\Documents\Kravitz Lab\freezeData\\0318\20260317174200-b94.75-f6.png,2026-03-17 17:42:00,6.0,59.258380201720804,7.444387760107779,408.93977808537596,94.566452,0.7824839421659833
80,C:\Users\joshy\OneDrive\Documents\Kravitz Lab\freezeData\\0318\20260317174220-b94.47-f8.png,2026-03-17 17:42:20,8.0,59.513756075393665,7.433823280653818,425.100021406656,94.301612,0.7045939724852743
81,C:\Users\joshy\OneDrive\Documents\Kravitz Lab\freezeData\\0318\20260317174238-b94.11-f10.png,2026-03-17 17:42:38,10.0,59.792973402389556,7.417431846994692,485.58454609759997,93.941556,0.6401231265474686
82,C:\Users\joshy\OneDrive\Documents\Kravitz Lab\freezeData\\0318\20260317174258-b94.00-f0.png,2026-03-17 17:42:58,0.0,58.01096827064054,7.440103507291978,425.70578083902393,93.826644,0.7494289657630926
83,C:\Users\joshy\OneDrive\Documents\Kravitz Lab\freezeData\\0318\20260317174317-b94.56-f2.png,2026-03-17 17:43:17,2.0,58.34699823396587,7.44923314215837,417.81474697598395,94.349172,0.8025246676463005
84,C:\Users\joshy\OneDrive\Documents\Kravitz Lab\freezeData\\0318\20260317174336-b94.65-f4.png,2026-03-17 17:43:36,4.0,58.74995617954805,7.450128802447391,404.086975332864,94.465928,0.8496403225022547
85,C:\Users\joshy\OneDrive\Documents\Kravitz Lab\freezeData\\0318\20260317174355-b94.53-f6.png,2026-03-17 17:43:55,6.0,59.17661904150983,7.438110924678233,417.488888047856,94.352004,0.780286119030631
86,C:\Users\joshy\OneDrive\Documents\Kravitz Lab\freezeData\\0318\20260317174414-b94.48-f8.png,2026-03-17 17:44:14,8.0,59.49406314234979,7.4303586344159935,413.47916619134406,94.292436,0.703420400012986
87,C:\Users\joshy\OneDrive\Documents\Kravitz Lab\freezeData\\0318\20260317174454-b93.89-f0.png,2026-03-17 17:44:54,0.0,58.02529404162306,7.440675019771777,414.61783277465605,93.700428,0.7485239895271488
88,C:\Users\joshy\OneDrive\Documents\Kravitz Lab\freezeData\\0318\20260317174435-b94.24-f10.png,2026-03-17 17:44:35,10.0,59.651893902748945,7.421755943788942,498.30725322801607,94.072428,0.6384251031474372
89,C:\Users\joshy\OneDrive\Documents\Kravitz Lab\freezeData\\0318\20260317174514-b94.58-f2.png,2026-03-17 17:45:14,2.0,58.42685760635717,7.449517473358001,421.06312747359993,94.380408,0.8028338376336881
90,C:\Users\joshy\OneDrive\Documents\Kravitz Lab\freezeData\\0318\20260317174533-b94.71-f4.png,2026-03-17 17:45:33,4.0,58.80023639461324,7.449979506135071,402.11756377457596,94.53124,0.8494331896795889
91,C:\Users\joshy\OneDrive\Documents\Kravitz Lab\freezeData\\0318\20260317174551-b94.66-f6.png,2026-03-17 17:45:51,6.0,59.2324834982934,7.442414375673686,402.16041964025607,94.47662,0.7807124747156381
92,C:\Users\joshy\OneDrive\Documents\Kravitz Lab\freezeData\\0318\20260317174609-b94.10-f8.png,2026-03-17 17:46:09,8.0,59.50993178256832,7.431086417127187,439.3151885393761,93.938492,0.7035042702359017
93,C:\Users\joshy\OneDrive\Documents\Kravitz Lab\freezeData\\0318\20260317174629-b94.11-f10.png,2026-03-17 17:46:29,10.0,59.727780109739356,7.419498118162366,481.71132239609597,93.934432,0.6412905876452034
94,C:\Users\joshy\OneDrive\Documents\Kravitz Lab\freezeData\\0318\20260317174646-b94.26-f0.png,2026-03-17 17:46:46,0.0,57.910617577310774,7.444497321152545,421.72918691046397,94.078408,0.7485891164555655
95,C:\Users\joshy\OneDrive\Documents\Kravitz Lab\freezeData\\0318\20260317174705-b94.47-f2.png,2026-03-17 17:47:05,2.0,58.44942526972199,7.4498977138714455,428.754628360304,94.273572,0.8026929960916445
96,C:\Users\joshy\OneDrive\Documents\Kravitz Lab\freezeData\\0318\20260317174724-b94.58-f4.png,2026-03-17 17:47:24,4.0,58.86137384715324,7.448213475643602,387.96536824934395,94.391608,0.8498237932094441
97,C:\Users\joshy\OneDrive\Documents\Kravitz Lab\freezeData\\0318\20260317174743-b94.33-f6.png,2026-03-17 17:47:43,6.0,59.1403795097115,7.440640764210968,397.3900707833439,94.155536,0.7826365711548288
98,C:\Users\joshy\OneDrive\Documents\Kravitz Lab\freezeData\\0318\20260317174801-b94.74-f8.png,2026-03-17 17:48:01,8.0,59.59346789480928,7.437406013265677,419.95991187174394,94.570656,0.7032900251300012
99,C:\Users\joshy\OneDrive\Documents\Kravitz Lab\freezeData\\0318\20260317174820-b93.87-f10.png,2026-03-17 17:48:20,10.0,59.84541734509682,7.4217154890815795,482.85868499838404,93.718428,0.6395907245529072
100,C:\Users\joshy\OneDrive\Documents\Kravitz Lab\freezeData\\0318\20260317174859-b94.52-f2.png,2026-03-17 17:48:59,2.0,58.43833139379994,7.450162265499826,444.88076307185594,94.327304,0.8031686348779775
101,C:\Users\joshy\OneDrive\Documents\Kravitz Lab\freezeData\\0318\20260317174839-b94.15-f0.png,2026-03-17 17:48:39,0.0,57.98894450303313,7.439780492178546,425.57357945022386,93.976012,0.7489926068581891
102,C:\Users\joshy\OneDrive\Documents\Kravitz Lab\freezeData\\0318\20260317174917-b94.48-f4.png,2026-03-17 17:49:17,4.0,58.71762557017087,7.444455301345973,382.68548363633596,94.273904,0.8499108159531705
103,C:\Users\joshy\OneDrive\Documents\Kravitz Lab\freezeData\\0318\20260317174935-b94.64-f6.png,2026-03-17 17:49:35,6.0,59.161279020223894,7.444463162429026,416.98073112473605,94.466404,0.7806756705312525
104,C:\Users\joshy\OneDrive\Documents\Kravitz Lab\freezeData\\0318\20260317174954-b94.40-f8.png,2026-03-17 17:49:54,8.0,59.59105062693035,7.435391425383936,430.4287266277761,94.228432,0.7043015692635206
105,C:\Users\joshy\OneDrive\Documents\Kravitz Lab\freezeData\\0318\20260317175013-b93.93-f10.png,2026-03-17 17:50:13,10.0,59.78430894710431,7.422406794812027,484.136316068336,93.751928,0.6390601683885866
106,C:\Users\joshy\OneDrive\Documents\Kravitz Lab\freezeData\\0318\20260317175032-b94.07-f0.png,2026-03-17 17:50:32,0.0,57.977128159333446,7.441278705700222,427.3735897099359,93.888168,0.7481159157418358
107,C:\Users\joshy\OneDrive\Documents\Kravitz Lab\freezeData\\0318\20260317175051-b94.70-f2.png,2026-03-17 17:50:51,2.0,58.3698007514346,7.453070182377851,440.16430165734397,94.518768,0.8018324213232546
108,C:\Users\joshy\OneDrive\Documents\Kravitz Lab\freezeData\\0318\20260317175109-b94.71-f4.png,2026-03-17 17:51:09,4.0,58.8858425884193,7.452117617433624,398.619124092656,94.532352,0.8506885082669291
109,C:\Users\joshy\OneDrive\Documents\Kravitz Lab\freezeData\\0318\20260317175129-b94.56-f6.png,2026-03-17 17:51:29,6.0,59.0944271284846,7.4395997884263005,404.698921968064,94.376832,0.7827488416188191
110,C:\Users\joshy\OneDrive\Documents\Kravitz Lab\freezeData\\0318\20260317175148-b94.39-f8.png,2026-03-17 17:51:48,8.0,59.48255759860983,7.433863983992146,424.6289828935041,94.216992,0.7042420118915043
111,C:\Users\joshy\OneDrive\Documents\Kravitz Lab\freezeData\\0318\20260317175207-b93.74-f10.png,2026-03-17 17:52:07,10.0,59.72424769912321,7.415687131566078,487.6664465984,93.584076,0.6396470220931803
112,C:\Users\joshy\OneDrive\Documents\Kravitz Lab\freezeData\\0318\20260317175226-b93.76-f0.png,2026-03-17 17:52:26,0.0,57.92434554503714,7.440718590506596,423.8734409031039,93.573056,0.7482039995885645
113,C:\Users\joshy\OneDrive\Documents\Kravitz Lab\freezeData\\0318\20260317175245-b94.79-f2.png,2026-03-17 17:52:45,2.0,58.417183923318454,7.450897210600322,439.587046611904,94.593928,0.8040313607234723
114,C:\Users\joshy\OneDrive\Documents\Kravitz Lab\freezeData\\0318\20260317175304-b94.52-f4.png,2026-03-17 17:53:04,4.0,58.73904569274513,7.449133739264026,402.329768426496,94.33084,0.8503293268760276
115,C:\Users\joshy\OneDrive\Documents\Kravitz Lab\freezeData\\0318\20260317175323-b94.36-f6.png,2026-03-17 17:53:23,6.0,59.26771841570134,7.438452984040341,414.9945750716,94.174556,0.7814394407890494
116,C:\Users\joshy\OneDrive\Documents\Kravitz Lab\freezeData\\0318\20260317175342-b94.66-f8.png,2026-03-17 17:53:42,8.0,59.57516800249232,7.433533001018201,432.8540090076159,94.483104,0.7039541315484722
117,C:\Users\joshy\OneDrive\Documents\Kravitz Lab\freezeData\\0318\20260317175403-b94.20-f10.png,2026-03-17 17:54:03,10.0,59.73713458935787,7.42260306011145,494.76987753926403,94.032788,0.639111288560984
118,C:\Users\joshy\OneDrive\Documents\Kravitz Lab\freezeData\\0318\20260317175422-b94.12-f0.png,2026-03-17 17:54:22,0.0,57.922286783006626,7.4433335553956415,421.746737072576,93.947944,0.7492675669168543
119,C:\Users\joshy\OneDrive\Documents\Kravitz Lab\freezeData\\0318\20260317175441-b94.51-f2.png,2026-03-17 17:54:41,2.0,58.46274234996932,7.450574197594915,423.59283311462406,94.300348,0.8032236205132773
120,C:\Users\joshy\OneDrive\Documents\Kravitz Lab\freezeData\\0318\20260317175459-b94.55-f4.png,2026-03-17 17:54:59,4.0,58.84497798367218,7.44861740268063,409.39035358001604,94.358444,0.8494328196484344
121,C:\Users\joshy\OneDrive\Documents\Kravitz Lab\freezeData\\0318\20260317175520-b94.48-f6.png,2026-03-17 17:55:20,6.0,59.26573419135209,7.442381342683654,415.09454705382393,94.3126,0.7827698445009957
122,C:\Users\joshy\OneDrive\Documents\Kravitz Lab\freezeData\\0318\20260317175538-b94.70-f8.png,2026-03-17 17:55:38,8.0,59.53890922598888,7.430497943535923,439.37295802240004,94.525616,0.7045710202583881
123,C:\Users\joshy\OneDrive\Documents\Kravitz Lab\freezeData\\0318\20260317175557-b94.14-f10.png,2026-03-17 17:55:57,10.0,59.799698974299325,7.424694554296697,496.629250558064,93.974572,0.637899263611815
124,C:\Users\joshy\OneDrive\Documents\Kravitz Lab\freezeData\\0318\20260317175616-b94.13-f0.png,2026-03-17 17:56:16,0.0,58.00454283133003,7.444067553765859,418.65000470999996,93.94778,0.7478544596955242
125,C:\Users\joshy\OneDrive\Documents\Kravitz Lab\freezeData\\0318\20260317175634-b94.50-f2.png,2026-03-17 17:56:34,2.0,58.370333337951735,7.4492433471637325,438.33184534360004,94.30142,0.8025799583774494
126,C:\Users\joshy\OneDrive\Documents\Kravitz Lab\freezeData\\0318\20260317175653-b94.69-f4.png,2026-03-17 17:56:53,4.0,58.81537163174008,7.449383834497848,405.9592898876,94.504452,0.8505802666571884
127,C:\Users\joshy\OneDrive\Documents\Kravitz Lab\freezeData\\0318\20260317175711-b94.81-f6.png,2026-03-17 17:57:11,6.0,59.25733259206742,7.443826005511775,385.90951841150394,94.612348,0.7814044289035251
128,C:\Users\joshy\OneDrive\Documents\Kravitz Lab\freezeData\\0318\20260317175731-b94.53-f8.png,2026-03-17 17:57:31,8.0,59.56730217077675,7.435523366553122,420.097890056304,94.335124,0.7030377337292013
129,C:\Users\joshy\OneDrive\Documents\Kravitz Lab\freezeData\\0318\20260317175750-b93.88-f10.png,2026-03-17 17:57:50,10.0,59.73454045761477,7.415031346781416,476.78513066110395,93.722828,0.6413180256032837
130,C:\Users\joshy\OneDrive\Documents\Kravitz Lab\freezeData\\0318\20260317175808-b94.06-f0.png,2026-03-17 17:58:08,0.0,57.89095937698265,7.437967268709676,433.33082507257603,93.899888,0.7488111914684706
131,C:\Users\joshy\OneDrive\Documents\Kravitz Lab\freezeData\\0318\20260317175828-b94.61-f2.png,2026-03-17 17:58:28,2.0,58.341919504558774,7.448694180096395,449.17510853617597,94.413672,0.8031243121039505
132,C:\Users\joshy\OneDrive\Documents\Kravitz Lab\freezeData\\0318\20260317175847-b94.67-f4.png,2026-03-17 17:58:47,4.0,58.8269255362836,7.449696644326371,398.166751659456,94.464112,0.8502283769881863
133,C:\Users\joshy\OneDrive\Documents\Kravitz Lab\freezeData\\0318\20260317175905-b94.68-f6.png,2026-03-17 17:59:05,6.0,59.15790519831803,7.4411570143401375,419.8576311423839,94.517104,0.7824916870860472
134,C:\Users\joshy\OneDrive\Documents\Kravitz Lab\freezeData\\0318\20260317175924-b94.23-f8.png,2026-03-17 17:59:24,8.0,59.45714726568021,7.430387749111132,443.3409254755841,94.058404,0.7020853097454013
135,C:\Users\joshy\OneDrive\Documents\Kravitz Lab\freezeData\\0318\20260317175945-b94.04-f10.png,2026-03-17 17:59:45,10.0,59.68120138200638,7.418010504417196,492.092234959984,93.88498,0.6408492233632277
136,C:\Users\joshy\OneDrive\Documents\Kravitz Lab\freezeData\\0318\20260317180003-b94.09-f0.png,2026-03-17 18:00:03,0.0,57.963160780850586,7.4407456760894295,431.775857968064,93.937292,0.7484311814591598
137,C:\Users\joshy\OneDrive\Documents\Kravitz Lab\freezeData\\0318\20260317180021-b94.62-f2.png,2026-03-17 18:00:21,2.0,58.509761334137885,7.4527915650928795,439.86777003966404,94.433332,0.801945278634672
138,C:\Users\joshy\OneDrive\Documents\Kravitz Lab\freezeData\\0318\20260317180040-b94.67-f4.png,2026-03-17 18:00:40,4.0,58.828015483696205,7.451775641238784,411.1503827096959,94.4985,0.8511163431486815
139,C:\Users\joshy\OneDrive\Documents\Kravitz Lab\freezeData\\0318\20260317180059-b94.79-f6.png,2026-03-17 18:00:59,6.0,59.20739644027945,7.441905157858575,425.32669854310393,94.626328,0.7830082933825044
140,C:\Users\joshy\OneDrive\Documents\Kravitz Lab\freezeData\\0318\20260317180117-b94.23-f8.png,2026-03-17 18:01:17,8.0,59.55945127167831,7.4305847600279105,416.4336648156,94.067024,0.7026195768571123
141,C:\Users\joshy\OneDrive\Documents\Kravitz Lab\freezeData\\0318\20260317180137-b94.12-f10.png,2026-03-17 18:01:37,10.0,59.74932151137196,7.422230579401564,458.94105626361596,93.942948,0.6425932916607586
142,C:\Users\joshy\OneDrive\Documents\Kravitz Lab\freezeData\\0318\20260317180155-b93.80-f0.png,2026-03-17 18:01:55,0.0,57.839488972268626,7.4404780247827205,427.8457577899359,93.627104,0.7473642657504692
143,C:\Users\joshy\OneDrive\Documents\Kravitz Lab\freezeData\\0318\20260317180213-b94.62-f2.png,2026-03-17 18:02:13,2.0,58.389036867576294,7.450611030056563,437.522976248816,94.435396,0.8034657709722817
144,C:\Users\joshy\OneDrive\Documents\Kravitz Lab\freezeData\\0318\20260317180233-b94.55-f4.png,2026-03-17 18:02:33,4.0,58.8941218035756,7.449755983941174,414.1022726450561,94.37184,0.8495367302454315
145,C:\Users\joshy\OneDrive\Documents\Kravitz Lab\freezeData\\0318\20260317180251-b94.44-f6.png,2026-03-17 18:02:51,6.0,59.30498806508822,7.442208906393841,414.11750256177606,94.257912,0.7812289131736898
146,C:\Users\joshy\OneDrive\Documents\Kravitz Lab\freezeData\\0318\20260317180310-b94.52-f8.png,2026-03-17 18:03:10,8.0,59.5563327544259,7.435683864014467,431.11154071033604,94.344936,0.7041143808312389
147,C:\Users\joshy\OneDrive\Documents\Kravitz Lab\freezeData\\0318\20260317180329-b94.04-f10.png,2026-03-17 18:03:29,10.0,59.62816502159482,7.421201719606365,517.642136029184,93.882884,0.6389975762556227
148,C:\Users\joshy\OneDrive\Documents\Kravitz Lab\freezeData\\0318\20260317180348-b93.81-f0.png,2026-03-17 18:03:48,0.0,57.9277352407793,7.436661333930901,435.56034092440007,93.638224,0.7481079089143757
149,C:\Users\joshy\OneDrive\Documents\Kravitz Lab\freezeData\\0318\20260317180407-b94.81-f2.png,2026-03-17 18:04:07,2.0,58.44397921067743,7.45312764470931,441.5376894244959,94.625148,0.8026506342998978
150,C:\Users\joshy\OneDrive\Documents\Kravitz Lab\freezeData\\0318\20260317180426-b94.78-f4.png,2026-03-17 18:04:26,4.0,58.852907106415735,7.452931897585115,413.8251877286241,94.60106,0.849504864326891
151,C:\Users\joshy\OneDrive\Documents\Kravitz Lab\freezeData\\0318\20260317180445-b94.67-f6.png,2026-03-17 18:04:45,6.0,59.26448221188148,7.441696099068576,421.9453251774559,94.487828,0.7822622927856729
152,C:\Users\joshy\OneDrive\Documents\Kravitz Lab\freezeData\\0318\20260317180504-b94.49-f8.png,2026-03-17 18:05:04,8.0,59.58439220270906,7.435046549814781,436.467412569536,94.338588,0.7059721602108461
153,C:\Users\joshy\OneDrive\Documents\Kravitz Lab\freezeData\\0318\20260317180522-b94.00-f10.png,2026-03-17 18:05:22,10.0,59.659874534980375,7.420494675013458,499.6559725424,93.85552,0.640071563923705
154,C:\Users\joshy\OneDrive\Documents\Kravitz Lab\freezeData\\0318\20260317180542-b94.00-f0.png,2026-03-17 18:05:42,0.0,57.95795560586643,7.439734489948864,427.71906009265604,93.837304,0.7478775943294176
155,C:\Users\joshy\OneDrive\Documents\Kravitz Lab\freezeData\\0318\20260317180600-b94.40-f2.png,2026-03-17 18:06:00,2.0,58.52982529664834,7.457404972368756,455.43736518905604,94.227268,0.8034104509922879
156,C:\Users\joshy\OneDrive\Documents\Kravitz Lab\freezeData\\0318\20260317180618-b94.68-f4.png,2026-03-17 18:06:18,4.0,58.92544098371039,7.452501637421957,403.620269963776,94.502208,0.850022374774109
157,C:\Users\joshy\OneDrive\Documents\Kravitz Lab\freezeData\\0318\20260317180637-b94.79-f6.png,2026-03-17 18:06:37,6.0,59.25192481475228,7.445596430461274,412.925242765056,94.614288,0.7827746483607796
158,C:\Users\joshy\OneDrive\Documents\Kravitz Lab\freezeData\\0318\20260317180655-b94.27-f8.png,2026-03-17 18:06:55,8.0,59.62512101156813,7.432990079927235,440.130322326384,94.108316,0.7063754984665834
159,C:\Users\joshy\OneDrive\Documents\Kravitz Lab\freezeData\\0318\20260317180715-b94.03-f10.png,2026-03-17 18:07:15,10.0,59.70386461904402,7.418293879085945,478.16874853566395,93.866308,0.6406838566578988
160,C:\Users\joshy\OneDrive\Documents\Kravitz Lab\freezeData\\0318\20260317180733-b94.09-f0.png,2026-03-17 18:07:33,0.0,58.00927381871543,7.4408281888092445,423.973849769984,93.917036,0.7487910351817134
161,C:\Users\joshy\OneDrive\Documents\Kravitz Lab\freezeData\\0318\20260317180753-b94.47-f2.png,2026-03-17 18:07:53,2.0,58.408184234482206,7.453084608369103,437.34372942449596,94.282472,0.8038484577211938
162,C:\Users\joshy\OneDrive\Documents\Kravitz Lab\freezeData\\0318\20260317180813-b94.81-f4.png,2026-03-17 18:08:13,4.0,58.8670405769899,7.451434267115581,405.397243728624,94.633468,0.8508407867991051
163,C:\Users\joshy\OneDrive\Documents\Kravitz Lab\freezeData\\0318\20260317180831-b94.57-f6.png,2026-03-17 18:08:31,6.0,59.21303676878179,7.441787894099917,413.3792213022559,94.389164,0.7819091420337242
164,C:\Users\joshy\OneDrive\Documents\Kravitz Lab\freezeData\\0318\20260317180850-b94.50-f8.png,2026-03-17 18:08:50,8.0,59.59917716183336,7.438245019872689,446.81225449414404,94.33982,0.7049804551963437
165,C:\Users\joshy\OneDrive\Documents\Kravitz Lab\freezeData\\0318\20260317180910-b93.89-f10.png,2026-03-17 18:09:10,10.0,59.72204535225886,7.4209329097935015,489.40888958040006,93.731644,0.6402677216637161
166,C:\Users\joshy\OneDrive\Documents\Kravitz Lab\freezeData\\0318\20260317180929-b93.99-f0.png,2026-03-17 18:09:29,0.0,57.801148628245926,7.436941616686622,440.146036666736,93.829632,0.7481341355842186
167,C:\Users\joshy\OneDrive\Documents\Kravitz Lab\freezeData\\0318\20260317180948-b94.60-f2.png,2026-03-17 18:09:48,2.0,58.327419127936864,7.448131332434269,453.19575268838406,94.424728,0.8033599004453671
168,C:\Users\joshy\OneDrive\Documents\Kravitz Lab\freezeData\\0318\20260317181008-b94.34-f4.png,2026-03-17 18:10:08,4.0,58.77151813837229,7.448379756016389,407.9820213022559,94.159824,0.8500333107380108
169,C:\Users\joshy\OneDrive\Documents\Kravitz Lab\freezeData\\0318\20260317181026-b94.81-f6.png,2026-03-17 18:10:26,6.0,59.24472072346956,7.441776631236464,413.06519580569596,94.639436,0.7822612343201539
170,C:\Users\joshy\OneDrive\Documents\Kravitz Lab\freezeData\\0318\20260317181045-b94.45-f8.png,2026-03-17 18:10:45,8.0,59.65481140714683,7.436400919888885,429.7497511571839,94.282588,0.7048105174162236
171,C:\Users\joshy\OneDrive\Documents\Kravitz Lab\freezeData\\0318\20260317181124-b94.04-f0.png,2026-03-17 18:11:24,0.0,57.962049295050846,7.442770091799493,406.05629930929604,93.849436,0.7480658509462627
172,C:\Users\joshy\OneDrive\Documents\Kravitz Lab\freezeData\\0318\20260317181104-b94.08-f10.png,2026-03-17 18:11:04,10.0,59.766284153364055,7.416579281844579,481.83179938840004,93.910812,0.6384622329649773
173,C:\Users\joshy\OneDrive\Documents\Kravitz Lab\freezeData\\0318\20260317181142-b94.61-f2.png,2026-03-17 18:11:42,2.0,58.44053074367563,7.450575609578773,421.93126442649606,94.416248,0.8038105126704562
174,C:\Users\joshy\OneDrive\Documents\Kravitz Lab\freezeData\\0318\20260317181201-b94.75-f4.png,2026-03-17 18:12:01,4.0,58.846371263999075,7.450807565340554,391.37451700926397,94.567328,0.8496639010216822
175,C:\Users\joshy\OneDrive\Documents\Kravitz Lab\freezeData\\0318\20260317181221-b94.44-f6.png,2026-03-17 18:12:21,6.0,59.204404552142435,7.4450572054402375,398.8632929243999,94.269484,0.7815396346750528
176,C:\Users\joshy\OneDrive\Documents\Kravitz Lab\freezeData\\0318\20260317181239-b94.47-f8.png,2026-03-17 18:12:39,8.0,59.500945847647294,7.43435314224851,430.241295157184,94.299812,0.7062810415892745
177,C:\Users\joshy\OneDrive\Documents\Kravitz Lab\freezeData\\0318\20260317181258-b94.10-f10.png,2026-03-17 18:12:58,10.0,59.86965774664492,7.422779362534594,495.15730582654396,93.92386,0.6405483602812024
178,C:\Users\joshy\OneDrive\Documents\Kravitz Lab\freezeData\\0318\20260317181317-b94.15-f0.png,2026-03-17 18:13:17,0.0,58.02084644559871,7.442002065526926,400.67088625918393,93.976984,0.7485622325685186
179,C:\Users\joshy\OneDrive\Documents\Kravitz Lab\freezeData\\0318\20260317181336-b94.47-f2.png,2026-03-17 18:13:36,2.0,58.37391897519384,7.448880696541499,439.3704852416001,94.271248,0.8028951152648612
180,C:\Users\joshy\OneDrive\Documents\Kravitz Lab\freezeData\\0318\20260317181354-b94.46-f4.png,2026-03-17 18:13:54,4.0,58.79501777025328,7.446770080194372,402.037320988096,94.27134,0.8497722402714352
181,C:\Users\joshy\OneDrive\Documents\Kravitz Lab\freezeData\\0318\20260317181414-b94.73-f6.png,2026-03-17 18:14:14,6.0,59.213906828632744,7.441109429722097,397.224975854704,94.5497,0.7816291331079213
182,C:\Users\joshy\OneDrive\Documents\Kravitz Lab\freezeData\\0318\20260317181433-b94.68-f8.png,2026-03-17 18:14:33,8.0,59.55086628576951,7.432740353034426,427.14510092057606,94.51512,0.7043024103969012
183,C:\Users\joshy\OneDrive\Documents\Kravitz Lab\freezeData\\0318\20260317181452-b94.01-f10.png,2026-03-17 18:14:52,10.0,59.815807229337494,7.424611049506048,483.592543950784,93.851644,0.6402577156704345
184,C:\Users\joshy\OneDrive\Documents\Kravitz Lab\freezeData\\0318\20260317181511-b93.52-f0.png,2026-03-17 18:15:11,0.0,57.84691445209848,7.435715958011621,397.5551689880961,93.32654,0.7500644397621627
185,C:\Users\joshy\OneDrive\Documents\Kravitz Lab\freezeData\\0318\20260317181530-b94.56-f2.png,2026-03-17 18:15:30,2.0,58.4070044265235,7.454619433755444,444.93672311959995,94.370008,0.8026422188923703
186,C:\Users\joshy\OneDrive\Documents\Kravitz Lab\freezeData\\0318\20260317181549-b94.40-f4.png,2026-03-17 18:15:49,4.0,58.68568182551325,7.443375855612317,406.215813789936,94.217432,0.8500019567592229
187,C:\Users\joshy\OneDrive\Documents\Kravitz Lab\freezeData\\0318\20260317181608-b94.53-f6.png,2026-03-17 18:16:08,6.0,59.2083991514608,7.442988015507191,416.97240586942394,94.360036,0.782102004384863
188,C:\Users\joshy\OneDrive\Documents\Kravitz Lab\freezeData\\0318\20260317181628-b94.35-f8.png,2026-03-17 18:16:28,8.0,59.438019766476074,7.431052527376868,431.97855087678397,94.1932,0.7047571477494916
189,C:\Users\joshy\OneDrive\Documents\Kravitz Lab\freezeData\\0318\20260317181646-b94.19-f10.png,2026-03-17 18:16:46,10.0,59.69200856269536,7.4191607542272715,487.10144620977593,94.032152,0.6410508662345737
190,C:\Users\joshy\OneDrive\Documents\Kravitz Lab\freezeData\\0318\20260317181705-b93.75-f0.png,2026-03-17 18:17:05,0.0,57.91979933783348,7.439631586122486,416.44807315654407,93.564348,0.7477078530895656
191,C:\Users\joshy\OneDrive\Documents\Kravitz Lab\freezeData\\0318\20260317181724-b94.35-f2.png,2026-03-17 18:17:24,2.0,58.38955128626888,7.450990579901439,430.719174026864,94.143724,0.8016622808091303
192,C:\Users\joshy\OneDrive\Documents\Kravitz Lab\freezeData\\0318\20260317181742-b94.80-f4.png,2026-03-17 18:17:42,4.0,58.931365471636575,7.451966140607516,394.545983190976,94.60978,0.8508076959638822
193,C:\Users\joshy\OneDrive\Documents\Kravitz Lab\freezeData\\0318\20260317181801-b94.50-f6.png,2026-03-17 18:18:01,6.0,59.246182776922126,7.443394534221914,405.06082701817604,94.316756,0.7816395325266247
194,C:\Users\joshy\OneDrive\Documents\Kravitz Lab\freezeData\\0318\20260317181820-b94.62-f8.png,2026-03-17 18:18:20,8.0,59.5008925086641,7.431884840993021,434.29184137702407,94.44918,0.7041328638247825
195,C:\Users\joshy\OneDrive\Documents\Kravitz Lab\freezeData\\0318\20260317181839-b94.06-f10.png,2026-03-17 18:18:39,10.0,59.6409344975125,7.420190870592755,484.308384729024,93.901632,0.6409845787540104
196,C:\Users\joshy\OneDrive\Documents\Kravitz Lab\freezeData\\0318\20260317181858-b94.13-f0.png,2026-03-17 18:18:58,0.0,57.99545601988225,7.4454921775429925,426.51947242649607,93.955852,0.7478877589372813
197,C:\Users\joshy\OneDrive\Documents\Kravitz Lab\freezeData\\0318\20260317181917-b94.60-f2.png,2026-03-17 18:19:17,2.0,58.3931847293295,7.44832296147848,425.45122438239997,94.39892,0.802225086092986
198,C:\Users\joshy\OneDrive\Documents\Kravitz Lab\freezeData\\0318\20260317181936-b94.63-f4.png,2026-03-17 18:19:36,4.0,58.767529080987025,7.445593841229116,407.827173789936,94.444812,0.850380809751192
199,C:\Users\joshy\OneDrive\Documents\Kravitz Lab\freezeData\\0318\20260317181955-b94.63-f6.png,2026-03-17 18:19:55,6.0,59.26436544058819,7.445481926073396,421.232462411504,94.445696,0.7815380741099833
200,C:\Users\joshy\OneDrive\Documents\Kravitz Lab\freezeData\\0318\20260317182015-b94.27-f8.png,2026-03-17 18:20:15,8.0,59.504085606068564,7.432643264852233,439.0083033884,94.101608,0.7032048642655404
201,C:\Users\joshy\OneDrive\Documents\Kravitz Lab\freezeData\\0318\20260317182034-b93.80-f10.png,2026-03-17 18:20:34,10.0,59.80788180152459,7.418519731059362,510.0466839115359,93.645308,0.6373836141994675
202,C:\Users\joshy\OneDrive\Documents\Kravitz Lab\freezeData\\0318\20260317182052-b93.98-f0.png,2026-03-17 18:20:52,0.0,57.89841967451561,7.442087775930017,432.27680614359997,93.810392,0.7489303089325667
203,C:\Users\joshy\OneDrive\Documents\Kravitz Lab\freezeData\\0318\20260317182112-b94.45-f2.png,2026-03-17 18:21:12,2.0,58.357987206839134,7.448067678014916,430.344780448496,94.25108,0.8024443778578264
204,C:\Users\joshy\OneDrive\Documents\Kravitz Lab\freezeData\\0318\20260317182131-b94.52-f4.png,2026-03-17 18:21:31,4.0,58.840510060681964,7.448988242759948,391.384943379904,94.329472,0.8492126555416611
205,C:\Users\joshy\OneDrive\Documents\Kravitz Lab\freezeData\\0318\20260317182151-b94.57-f6.png,2026-03-17 18:21:51,6.0,59.28319769147733,7.4441592727481325,402.251774026864,94.382904,0.7815137142010103
206,C:\Users\joshy\OneDrive\Documents\Kravitz Lab\freezeData\\0318\20260317182211-b94.35-f8.png,2026-03-17 18:22:11,8.0,59.54006520127246,7.434944578561274,415.9454075334239,94.175168,0.705104073417346
207,C:\Users\joshy\OneDrive\Documents\Kravitz Lab\freezeData\\0318\20260317182229-b93.81-f10.png,2026-03-17 18:22:29,10.0,59.609241114298506,7.417723650290305,506.49411835590394,93.659868,0.6388506540598503
208,C:\Users\joshy\OneDrive\Documents\Kravitz Lab\freezeData\\0318\20260317182247-b93.55-f0.png,2026-03-17 18:22:47,0.0,57.86791153149193,7.4371908653737355,422.00196877465595,93.368368,0.7485477844038466
209,C:\Users\joshy\OneDrive\Documents\Kravitz Lab\freezeData\\0318\20260317182306-b94.65-f2.png,2026-03-17 18:23:06,2.0,58.42854244950616,7.4531453160814145,446.47089231601603,94.469484,0.8047315600176208
210,C:\Users\joshy\OneDrive\Documents\Kravitz Lab\freezeData\\0318\20260317182324-b94.66-f4.png,2026-03-17 18:23:24,4.0,58.79139017264007,7.450357249372908,407.615837009264,94.48322,0.8510514764063795
211,C:\Users\joshy\OneDrive\Documents\Kravitz Lab\freezeData\\0318\20260317182343-b94.65-f6.png,2026-03-17 18:23:43,6.0,59.25399057912019,7.442155879970674,419.737973588976,94.467744,0.7833122565564322
212,C:\Users\joshy\OneDrive\Documents\Kravitz Lab\freezeData\\0318\20260317182402-b94.29-f8.png,2026-03-17 18:24:02,8.0,59.59879966552025,7.429691729028745,435.37693723377595,94.128928,0.7064976784037629
213,C:\Users\joshy\OneDrive\Documents\Kravitz Lab\freezeData\\0318\20260317182420-b94.07-f10.png,2026-03-17 18:24:20,10.0,59.84157446653769,7.42253753225447,498.76649330430394,93.908232,0.6402610407934953
214,C:\Users\joshy\OneDrive\Documents\Kravitz Lab\freezeData\\0318\20260317182439-b94.07-f0.png,2026-03-17 18:24:39,0.0,57.895382502406044,7.442940603443453,437.402739967936,93.882064,0.7479850522688282
215,C:\Users\joshy\OneDrive\Documents\Kravitz Lab\freezeData\\0318\20260317182458-b94.35-f2.png,2026-03-17 18:24:58,2.0,58.36811470645253,7.45124483660062,452.223491543536,94.15988,0.8027467321999747
216,C:\Users\joshy\OneDrive\Documents\Kravitz Lab\freezeData\\0318\20260317182516-b94.79-f4.png,2026-03-17 18:25:16,4.0,58.80991341018022,7.44735894957222,403.208142709696,94.591152,0.8511108328853835
217,C:\Users\joshy\OneDrive\Documents\Kravitz Lab\freezeData\\0318\20260317182534-b94.33-f6.png,2026-03-17 18:25:34,6.0,59.138453821033096,7.440327840757519,420.25539229382395,94.158744,0.7819112436170886
218,C:\Users\joshy\OneDrive\Documents\Kravitz Lab\freezeData\\0318\20260317182554-b94.37-f8.png,2026-03-17 18:25:54,8.0,59.52398444176599,7.435414048552458,457.696642460656,94.19958,0.7021181372983551
219,C:\Users\joshy\OneDrive\Documents\Kravitz Lab\freezeData\\0318\20260317182614-b93.98-f10.png,2026-03-17 18:26:14,10.0,59.72477744741913,7.420802413343976,499.88112111334397,93.816984,0.6378720898298842
220,C:\Users\joshy\OneDrive\Documents\Kravitz Lab\freezeData\\0318\20260317182632-b94.24-f0.png,2026-03-17 18:26:32,0.0,57.91008069779851,7.440753787251058,432.77233945022397,94.061592,0.74769139724586
221,C:\Users\joshy\OneDrive\Documents\Kravitz Lab\freezeData\\0318\20260317182650-b94.59-f2.png,2026-03-17 18:26:50,2.0,58.43411966431612,7.453624151792395,448.84144020473593,94.409872,0.803944010983462
222,C:\Users\joshy\OneDrive\Documents\Kravitz Lab\freezeData\\0318\20260317182709-b94.66-f4.png,2026-03-17 18:27:09,4.0,58.92585187141902,7.450010878200736,410.51229326078396,94.479672,0.8498228364535093
223,C:\Users\joshy\OneDrive\Documents\Kravitz Lab\freezeData\\0318\20260317182728-b94.52-f6.png,2026-03-17 18:27:28,6.0,59.22405568264288,7.442074900643649,416.6997898297439,94.342404,0.7828181964471769
224,C:\Users\joshy\OneDrive\Documents\Kravitz Lab\freezeData\\0318\20260317182746-b94.31-f8.png,2026-03-17 18:27:46,8.0,59.51354624343792,7.432288853471426,430.264680127744,94.135224,0.7063125652466565
225,C:\Users\joshy\OneDrive\Documents\Kravitz Lab\freezeData\\0318\20260317182806-b94.21-f10.png,2026-03-17 18:28:06,10.0,59.86766989190423,7.421440439508766,518.075485539264,94.064728,0.6387030922977234
226,C:\Users\joshy\OneDrive\Documents\Kravitz Lab\freezeData\\0318\20260317182825-b93.74-f0.png,2026-03-17 18:28:25,0.0,57.86223003618662,7.437732745959584,437.1454560250239,93.564368,0.7489608858146843
227,C:\Users\joshy\OneDrive\Documents\Kravitz Lab\freezeData\\0318\20260317182844-b94.65-f2.png,2026-03-17 18:28:44,2.0,58.49017548351299,7.452836689764931,440.840431095744,94.455684,0.8036753257803194
228,C:\Users\joshy\OneDrive\Documents\Kravitz Lab\freezeData\\0318\20260317182904-b94.66-f4.png,2026-03-17 18:29:04,4.0,58.77775557720918,7.447269986828473,414.24329994521594,94.479184,0.8497390094090179
229,C:\Users\joshy\OneDrive\Documents\Kravitz Lab\freezeData\\0318\20260317182923-b94.86-f6.png,2026-03-17 18:29:23,6.0,59.23160970192197,7.445978146436026,423.3034961151359,94.681428,0.7829744697042789
230,C:\Users\joshy\OneDrive\Documents\Kravitz Lab\freezeData\\0318\20260317182941-b94.74-f8.png,2026-03-17 18:29:41,8.0,59.56471122417582,7.431136140604346,428.14971260478393,94.567888,0.7062021896225913
231,C:\Users\joshy\OneDrive\Documents\Kravitz Lab\freezeData\\0318\20260317183001-b94.26-f10.png,2026-03-17 18:30:01,10.0,59.70485313407224,7.419551678186831,483.8843466387041,94.109308,0.6403395134857393
232,C:\Users\joshy\OneDrive\Documents\Kravitz Lab\freezeData\\0318\20260317183019-b94.14-f0.png,2026-03-17 18:30:19,0.0,57.999345175326795,7.435602747902893,422.4514040024161,93.968964,0.7494954962250884
233,C:\Users\joshy\OneDrive\Documents\Kravitz Lab\freezeData\\0318\20260317183038-b94.77-f2.png,2026-03-17 18:30:38,2.0,58.3810815629144,7.449996143357538,449.52611595710397,94.585156,0.8028759996192666
234,C:\Users\joshy\OneDrive\Documents\Kravitz Lab\freezeData\\0318\20260317183057-b94.54-f4.png,2026-03-17 18:30:57,4.0,58.82215620555234,7.448448322083172,406.94222639,94.36036,0.8498014030906831
235,C:\Users\joshy\OneDrive\Documents\Kravitz Lab\freezeData\\0318\20260317183135-b94.66-f8.png,2026-03-17 18:31:35,8.0,59.584894383568866,7.436673923423223,429.971748031984,94.483712,0.7052215690365764
236,C:\Users\joshy\OneDrive\Documents\Kravitz Lab\freezeData\\0318\20260317183117-b94.64-f6.png,2026-03-17 18:31:17,6.0,59.136517869836204,7.44196094990466,388.48256802502414,94.455388,0.7830154276923595
237,C:\Users\joshy\OneDrive\Documents\Kravitz Lab\freezeData\\0318\20260317183153-b93.95-f10.png,2026-03-17 18:31:53,10.0,59.655841252367026,7.42102498311171,510.91627902360005,93.798872,0.6365105563186698
238,C:\Users\joshy\OneDrive\Documents\Kravitz Lab\freezeData\\0318\20260317183212-b94.24-f0.png,2026-03-17 18:32:12,0.0,57.960275010123404,7.441436018056677,422.814584249344,94.058692,0.7482337998583128
239,C:\Users\joshy\OneDrive\Documents\Kravitz Lab\freezeData\\0318\20260317183232-b94.54-f2.png,2026-03-17 18:32:32,2.0,58.43006025958022,7.448254866790888,444.671538240624,94.347232,0.8042360250583082
240,C:\Users\joshy\OneDrive\Documents\Kravitz Lab\freezeData\\0318\20260317183250-b94.79-f4.png,2026-03-17 18:32:50,4.0,58.99817935040247,7.456824795165885,415.97606721470396,94.607412,0.8499375565271274
241,C:\Users\joshy\OneDrive\Documents\Kravitz Lab\freezeData\\0318\20260317183308-b94.64-f6.png,2026-03-17 18:33:08,6.0,59.15205021087185,7.441878999320926,428.56853531710397,94.481136,0.7828697400701485
242,C:\Users\joshy\OneDrive\Documents\Kravitz Lab\freezeData\\0318\20260317183327-b94.40-f8.png,2026-03-17 18:33:27,8.0,59.47150324307789,7.43426451992645,432.71201625086405,94.228976,0.7050649598378412
243,C:\Users\joshy\OneDrive\Documents\Kravitz Lab\freezeData\\0318\20260317183345-b93.97-f10.png,2026-03-17 18:33:45,10.0,59.65695377580106,7.419002456250756,499.533883119856,93.817544,0.6404338765971461
244,C:\Users\joshy\OneDrive\Documents\Kravitz Lab\freezeData\\0318\20260317183406-b93.93-f0.png,2026-03-17 18:34:06,0.0,57.931020517981416,7.440016332883081,439.6964273092959,93.766904,0.7466897803783198
245,C:\Users\joshy\OneDrive\Documents\Kravitz Lab\freezeData\\0318\20260317183425-b94.75-f2.png,2026-03-17 18:34:25,2.0,58.38868663379289,7.4534499480386796,451.7310097343841,94.554856,0.8023169546040296
246,C:\Users\joshy\OneDrive\Documents\Kravitz Lab\freezeData\\0318\20260317183444-b94.63-f4.png,2026-03-17 18:34:44,4.0,58.90842717641257,7.449490392152604,406.062086064896,94.449964,0.8516109456294833
247,C:\Users\joshy\OneDrive\Documents\Kravitz Lab\freezeData\\0318\20260317183504-b94.70-f6.png,2026-03-17 18:35:04,6.0,59.13602635627335,7.43708215184855,416.462185528064,94.522512,0.7838244270989202
248,C:\Users\joshy\OneDrive\Documents\Kravitz Lab\freezeData\\0318\20260317183523-b94.42-f8.png,2026-03-17 18:35:23,8.0,59.45140829534843,7.432028990093153,438.29178661862403,94.259576,0.7064161303205669
249,C:\Users\joshy\OneDrive\Documents\Kravitz Lab\freezeData\\0318\20260317183542-b94.13-f10.png,2026-03-17 18:35:42,10.0,59.778746502473396,7.421020666138847,498.6475851676,93.978032,0.6409554508160624
250,C:\Users\joshy\OneDrive\Documents\Kravitz Lab\freezeData\\0318\20260317183602-b94.29-f0.png,2026-03-17 18:36:02,0.0,57.988456574850275,7.445171799483542,435.25926218225607,94.116052,0.7481369122935927
251,C:\Users\joshy\OneDrive\Documents\Kravitz Lab\freezeData\\0318\20260317183621-b94.64-f2.png,2026-03-17 18:36:21,2.0,58.36795896370871,7.45380580270416,434.62993421561595,94.449896,0.8036754956617166
252,C:\Users\joshy\OneDrive\Documents\Kravitz Lab\freezeData\\0318\20260317183640-b94.59-f4.png,2026-03-17 18:36:40,4.0,58.81472665506489,7.449971582090059,413.319952790896,94.4143,0.8496338863530034
253,C:\Users\joshy\OneDrive\Documents\Kravitz Lab\freezeData\\0318\20260317183717-b94.83-f8.png,2026-03-17 18:37:17,8.0,59.48724470598718,7.4327817165363275,415.87914382193594,94.6527,0.7033789911237065
254,C:\Users\joshy\OneDrive\Documents\Kravitz Lab\freezeData\\0318\20260317183659-b94.79-f6.png,2026-03-17 18:36:59,6.0,59.20546198874236,7.444930268191243,423.32719465465607,94.632328,0.7838434380103613
255,C:\Users\joshy\OneDrive\Documents\Kravitz Lab\freezeData\\0318\20260317183736-b93.86-f10.png,2026-03-17 18:37:36,10.0,59.70851204181809,7.4199503740180175,504.97849322801596,93.702992,0.6384603827617334
256,C:\Users\joshy\OneDrive\Documents\Kravitz Lab\freezeData\\0318\20260317183754-b94.07-f0.png,2026-03-17 18:37:54,0.0,58.013663168303935,7.440167033576303,420.94050022705596,93.884476,0.7488705996011088
257,C:\Users\joshy\OneDrive\Documents\Kravitz Lab\freezeData\\0318\20260317183813-b94.48-f2.png,2026-03-17 18:38:13,2.0,58.37554809418011,7.451994502449611,442.175880514304,94.294008,0.8028794882456376
258,C:\Users\joshy\OneDrive\Documents\Kravitz Lab\freezeData\\0318\20260317183832-b94.89-f4.png,2026-03-17 18:38:32,4.0,58.72915070632791,7.451252381572062,414.632602090096,94.710868,0.8506618971586137
259,C:\Users\joshy\OneDrive\Documents\Kravitz Lab\freezeData\\0318\20260317183850-b94.87-f6.png,2026-03-17 18:38:50,6.0,59.262070482126624,7.445041364306921,424.67363825918403,94.706616,0.7833755692589381
260,C:\Users\joshy\OneDrive\Documents\Kravitz Lab\freezeData\\0318\20260317183911-b94.55-f8.png,2026-03-17 18:39:11,8.0,59.47357612279201,7.432155461790983,426.5022801084,94.374592,0.7037050233922816
261,C:\Users\joshy\OneDrive\Documents\Kravitz Lab\freezeData\\0318\20260317183928-b94.12-f10.png,2026-03-17 18:39:28,10.0,59.7061870715247,7.42081763976062,501.453760806144,93.957936,0.6411020894375148
262,C:\Users\joshy\OneDrive\Documents\Kravitz Lab\freezeData\\0318\20260317183948-b94.31-f0.png,2026-03-17 18:39:48,0.0,58.01419700590413,7.446591217502452,438.0194425056639,94.134988,0.748046972448966
263,C:\Users\joshy\OneDrive\Documents\Kravitz Lab\freezeData\\0318\20260317184007-b94.71-f2.png,2026-03-17 18:40:07,2.0,58.42178799825134,7.44970649038977,437.41379133286404,94.535876,0.8027186535641213
264,C:\Users\joshy\OneDrive\Documents\Kravitz Lab\freezeData\\0318\20260317184026-b94.81-f4.png,2026-03-17 18:40:26,4.0,58.804340475047795,7.454017896723257,410.80446420473595,94.635784,0.849699292390444
265,C:\Users\joshy\OneDrive\Documents\Kravitz Lab\freezeData\\0318\20260317184046-b94.69-f6.png,2026-03-17 18:40:46,6.0,59.0956198646385,7.439318057216906,414.917158746736,94.523512,0.7852895664690661
266,C:\Users\joshy\OneDrive\Documents\Kravitz Lab\freezeData\\0318\20260317184104-b94.43-f8.png,2026-03-17 18:41:04,8.0,59.65412349924642,7.434669242922937,419.51733271033595,94.257716,0.7053019700530941
267,C:\Users\joshy\OneDrive\Documents\Kravitz Lab\freezeData\\0318\20260317184143-b93.89-f0.png,2026-03-17 18:41:43,0.0,58.04776899978499,7.439692469725078,417.983206259184,93.70426,0.7480294246821199
268,C:\Users\joshy\OneDrive\Documents\Kravitz Lab\freezeData\\0318\20260317184123-b94.23-f10.png,2026-03-17 18:41:23,10.0,59.7541897872193,7.424580383354663,489.67848795078396,94.066324,0.6386690236311922
269,C:\Users\joshy\OneDrive\Documents\Kravitz Lab\freezeData\\0318\20260317184204-b94.54-f2.png,2026-03-17 18:42:04,2.0,58.42019345298678,7.450690994235099,444.32844555417597,94.36466,0.8016853464470425
270,C:\Users\joshy\OneDrive\Documents\Kravitz Lab\freezeData\\0318\20260317184222-b94.82-f4.png,2026-03-17 18:42:22,4.0,58.84602046720427,7.444079477529343,407.97317043953603,94.641376,0.8507853642579092
271,C:\Users\joshy\OneDrive\Documents\Kravitz Lab\freezeData\\0318\20260317184242-b94.44-f6.png,2026-03-17 18:42:42,6.0,59.03097373960894,7.442570877578198,414.77784724759994,94.25744,0.784229063177989
272,C:\Users\joshy\OneDrive\Documents\Kravitz Lab\freezeData\\0318\20260317184302-b94.50-f8.png,2026-03-17 18:43:02,8.0,59.49078094968746,7.432694604467506,435.85908017969604,94.351548,0.7048291339351623
273,C:\Users\joshy\OneDrive\Documents\Kravitz Lab\freezeData\\0318\20260317184320-b94.07-f10.png,2026-03-17 18:43:20,10.0,59.679797850166885,7.417829844470232,508.51096050046397,93.925404,0.6377713310020422
274,C:\Users\joshy\OneDrive\Documents\Kravitz Lab\freezeData\\0318\20260317184340-b94.01-f0.png,2026-03-17 18:43:40,0.0,57.92118386250667,7.43888904810895,429.77436203966397,93.842736,0.7471083283761737
275,C:\Users\joshy\OneDrive\Documents\Kravitz Lab\freezeData\\0318\20260317184358-b94.44-f2.png,2026-03-17 18:43:58,2.0,58.39104498068162,7.453237803743695,457.923327843264,94.258004,0.8016781663973366
276,C:\Users\joshy\OneDrive\Documents\Kravitz Lab\freezeData\\0318\20260317184417-b94.66-f4.png,2026-03-17 18:44:17,4.0,58.73672276724346,7.449223940087277,388.78671090374405,94.477228,0.8494714991150515
277,C:\Users\joshy\OneDrive\Documents\Kravitz Lab\freezeData\\0318\20260317184436-b94.54-f6.png,2026-03-17 18:44:36,6.0,59.1390388024467,7.443431758494105,422.38924932294407,94.369948,0.781956329897137
278,C:\Users\joshy\OneDrive\Documents\Kravitz Lab\freezeData\\0318\20260317184455-b94.57-f8.png,2026-03-17 18:44:55,8.0,59.47703096837245,7.435026333229989,435.96805859441605,94.409208,0.7054428576179431
279,C:\Users\joshy\OneDrive\Documents\Kravitz Lab\freezeData\\0318\20260317184515-b94.09-f10.png,2026-03-17 18:45:15,10.0,59.720301432733045,7.417056663878917,492.16466968382406,93.930252,0.6388574254620193
280,C:\Users\joshy\OneDrive\Documents\Kravitz Lab\freezeData\\0318\20260317184533-b94.17-f0.png,2026-03-17 18:45:33,0.0,57.8577763255131,7.443149755123293,432.071464558016,93.994836,0.7472666279955068
281,C:\Users\joshy\OneDrive\Documents\Kravitz Lab\freezeData\\0318\20260317184551-b94.76-f2.png,2026-03-17 18:45:51,2.0,58.37192112498351,7.451732974044025,440.582951332864,94.569052,0.8016939701922398
282,C:\Users\joshy\OneDrive\Documents\Kravitz Lab\freezeData\\0318\20260317184610-b94.53-f4.png,2026-03-17 18:46:10,4.0,58.68902656789938,7.447249958022438,398.946505528304,94.34318,0.8499674896342023
283,C:\Users\joshy\OneDrive\Documents\Kravitz Lab\freezeData\\0318\20260317184629-b94.62-f6.png,2026-03-17 18:46:29,6.0,59.237597495346286,7.44337991303996,421.820665928704,94.444188,0.7827108030821937
284,C:\Users\joshy\OneDrive\Documents\Kravitz Lab\freezeData\\0318\20260317184648-b94.59-f8.png,2026-03-17 18:46:48,8.0,59.40228481176124,7.43265087463294,436.43707295550394,94.43632,0.7061458431305246
285,C:\Users\joshy\OneDrive\Documents\Kravitz Lab\freezeData\\0318\20260317184706-b94.17-f10.png,2026-03-17 18:47:06,10.0,59.716057267078305,7.420067960599989,483.301694759424,94.003532,0.6413290957870457
286,C:\Users\joshy\OneDrive\Documents\Kravitz Lab\freezeData\\0318\20260317184726-b94.25-f0.png,2026-03-17 18:47:26,0.0,57.95810220056982,7.446103571087919,422.96477083801597,94.073548,0.7484258437818713
287,C:\Users\joshy\OneDrive\Documents\Kravitz Lab\freezeData\\0318\20260317184744-b94.69-f2.png,2026-03-17 18:47:44,2.0,58.347629647578174,7.452272570325069,437.70177024062394,94.498416,0.8020810445389531
288,C:\Users\joshy\OneDrive\Documents\Kravitz Lab\freezeData\\0318\20260317184802-b94.90-f4.png,2026-03-17 18:48:02,4.0,58.822521146593644,7.450267233523341,414.5399451565439,94.733388,0.8491809518307578
289,C:\Users\joshy\OneDrive\Documents\Kravitz Lab\freezeData\\0318\20260317184822-b94.54-f6.png,2026-03-17 18:48:22,6.0,59.04860272049404,7.442938097305738,421.910158486896,94.383292,0.7818359349694229
290,C:\Users\joshy\OneDrive\Documents\Kravitz Lab\freezeData\\0318\20260317184841-b94.40-f8.png,2026-03-17 18:48:41,8.0,59.47287082829266,7.432362988414203,425.563396001216,94.221096,0.7056868636865266
291,C:\Users\joshy\OneDrive\Documents\Kravitz Lab\freezeData\\0318\20260317184900-b94.39-f10.png,2026-03-17 18:49:00,10.0,59.743261975526046,7.421990999645512,497.794641646016,94.242892,0.6404772001311004
292,C:\Users\joshy\OneDrive\Documents\Kravitz Lab\freezeData\\0318\20260317184920-b94.18-f0.png,2026-03-17 18:49:20,0.0,57.99608138153115,7.442876090275543,439.887443772864,94.002896,0.7463493467742814
293,C:\Users\joshy\OneDrive\Documents\Kravitz Lab\freezeData\\0318\20260317184938-b94.58-f2.png,2026-03-17 18:49:38,2.0,58.3020568637998,7.4523801967260095,457.72915104793594,94.412516,0.802137079740258
294,C:\Users\joshy\OneDrive\Documents\Kravitz Lab\freezeData\\0318\20260317184956-b94.76-f4.png,2026-03-17 18:49:56,4.0,58.82277691800685,7.449593954370175,419.45857191166397,94.58888,0.8496266841012773
295,C:\Users\joshy\OneDrive\Documents\Kravitz Lab\freezeData\\0318\20260317185035-b94.54-f8.png,2026-03-17 18:50:35,8.0,59.4810903973639,7.435781289017923,446.21047007217607,94.373932,0.7050530849728521
296,C:\Users\joshy\OneDrive\Documents\Kravitz Lab\freezeData\\0318\20260317185017-b94.65-f6.png,2026-03-17 18:50:17,6.0,59.11159953150569,7.445710858585725,401.8222816092159,94.475164,0.7841797573481046
297,C:\Users\joshy\OneDrive\Documents\Kravitz Lab\freezeData\\0318\20260317185053-b94.04-f10.png,2026-03-17 18:50:53,10.0,59.71014507530337,7.419209271270766,503.977569797056,93.884332,0.6395806391319407
298,C:\Users\joshy\OneDrive\Documents\Kravitz Lab\freezeData\\0318\20260317185112-b94.48-f0.png,2026-03-17 18:51:12,0.0,57.92479485917042,7.443721350923873,408.9197819876961,94.285532,0.7479281326811432
299,C:\Users\joshy\OneDrive\Documents\Kravitz Lab\freezeData\\0318\20260317185131-b94.63-f2.png,2026-03-17 18:51:31,2.0,58.39341074387774,7.450611429400506,437.381432645056,94.441028,0.8011447020456757
300,C:\Users\joshy\OneDrive\Documents\Kravitz Lab\freezeData\\0318\20260317185149-b94.98-f4.png,2026-03-17 18:51:49,4.0,58.77777697685124,7.453951654916772,405.104476182384,94.799756,0.8498977163576136
301,C:\Users\joshy\OneDrive\Documents\Kravitz Lab\freezeData\\0318\20260317185209-b94.64-f6.png,2026-03-17 18:52:09,6.0,59.140610486242906,7.441627759497966,428.4955523381761,94.468136,0.7821318368367578
302,C:\Users\joshy\OneDrive\Documents\Kravitz Lab\freezeData\\0318\20260317185227-b94.54-f8.png,2026-03-17 18:52:27,8.0,59.402545058712896,7.429710941337251,435.80619124286403,94.365328,0.7033933499864629
303,C:\Users\joshy\OneDrive\Documents\Kravitz Lab\freezeData\\0318\20260317185246-b94.03-f10.png,2026-03-17 18:52:46,10.0,59.72670026089224,7.418603522047154,500.03027661310404,93.865256,0.6412567280444321
304,C:\Users\joshy\OneDrive\Documents\Kravitz Lab\freezeData\\0318\20260317185305-b94.05-f0.png,2026-03-17 18:53:05,0.0,57.96764417431379,7.4412326121531684,438.20227424,93.870012,0.7478876289429851
305,C:\Users\joshy\OneDrive\Documents\Kravitz Lab\freezeData\\0318\20260317185324-b94.63-f2.png,2026-03-17 18:53:24,2.0,58.36603238292286,7.452708527907691,449.498739023984,94.44266,0.8020089869871082
306,C:\Users\joshy\OneDrive\Documents\Kravitz Lab\freezeData\\0318\20260317185343-b94.75-f4.png,2026-03-17 18:53:43,4.0,58.83040620146068,7.451837108818698,412.161474734064,94.560944,0.8502352388020825
307,C:\Users\joshy\OneDrive\Documents\Kravitz Lab\freezeData\\0318\20260317185401-b94.73-f6.png,2026-03-17 18:54:01,6.0,59.09409150974753,7.440372829131521,412.0277023356,94.557172,0.7812821703067215
308,C:\Users\joshy\OneDrive\Documents\Kravitz Lab\freezeData\\0318\20260317185420-b94.53-f8.png,2026-03-17 18:54:20,8.0,59.53452596324066,7.433329921953919,456.09473435999996,94.364168,0.7016453626781165
309,C:\Users\joshy\OneDrive\Documents\Kravitz Lab\freezeData\\0318\20260317185439-b94.03-f10.png,2026-03-17 18:54:39,10.0,59.63328356270837,7.420949560952826,492.82598541849603,93.863796,0.6420887287749326
310,C:\Users\joshy\OneDrive\Documents\Kravitz Lab\freezeData\\0318\20260317185458-b94.10-f0.png,2026-03-17 18:54:58,0.0,57.93673153471867,7.4461240289655475,440.16745490374404,93.930956,0.747569916391569
311,C:\Users\joshy\OneDrive\Documents\Kravitz Lab\freezeData\\0318\20260317185517-b94.86-f2.png,2026-03-17 18:55:17,2.0,58.425984895132544,7.4524323302762046,433.3311190000001,94.663588,0.8020287867807095
312,C:\Users\joshy\OneDrive\Documents\Kravitz Lab\freezeData\\0318\20260317185535-b94.76-f4.png,2026-03-17 18:55:35,4.0,58.828083754374454,7.451853879410763,421.2752469999999,94.578548,0.8491100161791528
313,C:\Users\joshy\OneDrive\Documents\Kravitz Lab\freezeData\\0318\20260317185555-b94.61-f6.png,2026-03-17 18:55:55,6.0,59.23058890965836,7.442044253675317,431.63937437361596,94.443916,0.7815618103425386
314,C:\Users\joshy\OneDrive\Documents\Kravitz Lab\freezeData\\0318\20260317185614-b94.63-f8.png,2026-03-17 18:56:14,8.0,59.37575610956701,7.433788350317264,434.10663452759997,94.450904,0.7029388119369987
315,C:\Users\joshy\OneDrive\Documents\Kravitz Lab\freezeData\\0318\20260317185633-b94.09-f10.png,2026-03-17 18:56:33,10.0,59.720239509659166,7.4209907780504265,501.34468438039994,93.936212,0.6401406176019223
316,C:\Users\joshy\OneDrive\Documents\Kravitz Lab\freezeData\\0318\20260317185653-b94.18-f0.png,2026-03-17 18:56:53,0.0,57.93945453619542,7.44338851809274,433.155381302256,93.997988,0.7468782402210332
317,C:\Users\joshy\OneDrive\Documents\Kravitz Lab\freezeData\\0318\20260317185712-b94.74-f2.png,2026-03-17 18:57:12,2.0,58.420062408059785,7.451886073465421,437.668277450496,94.53628,0.8011257047834963
318,C:\Users\joshy\OneDrive\Documents\Kravitz Lab\freezeData\\0318\20260317185730-b94.76-f4.png,2026-03-17 18:57:30,4.0,58.76930593789871,7.448674933613252,410.06067770873597,94.586392,0.8499600434641487
319,C:\Users\joshy\OneDrive\Documents\Kravitz Lab\freezeData\\0318\20260317185750-b94.64-f6.png,2026-03-17 18:57:50,6.0,59.14073824858611,7.44447559056655,421.3051979876959,94.480832,0.782086157597495
320,C:\Users\joshy\OneDrive\Documents\Kravitz Lab\freezeData\\0318\20260317185809-b94.57-f8.png,2026-03-17 18:58:09,8.0,59.50192354297922,7.433022241705525,459.739886135024,94.421116,0.7031176148651893
321,C:\Users\joshy\OneDrive\Documents\Kravitz Lab\freezeData\\0318\20260317185828-b93.87-f10.png,2026-03-17 18:58:28,10.0,59.665674051464464,7.418734556329145,514.0093094564959,93.71562,0.6395673371214513
322,C:\Users\joshy\OneDrive\Documents\Kravitz Lab\freezeData\\0318\20260317185846-b94.16-f0.png,2026-03-17 18:58:46,0.0,57.97550865015344,7.445528790473885,444.62179516,93.984228,0.7478433195268873
323,C:\Users\joshy\OneDrive\Documents\Kravitz Lab\freezeData\\0318\20260317185905-b94.67-f2.png,2026-03-17 18:59:05,2.0,58.38943402381551,7.453235471873933,464.37392124,94.505136,0.8008190655404478
324,C:\Users\joshy\OneDrive\Documents\Kravitz Lab\freezeData\\0318\20260317185924-b94.66-f4.png,2026-03-17 18:59:24,4.0,58.72026343607338,7.4523097603112705,413.358535285696,94.489512,0.850241574873048
325,C:\Users\joshy\OneDrive\Documents\Kravitz Lab\freezeData\\0318\20260317185943-b94.85-f6.png,2026-03-17 18:59:43,6.0,59.26883257051166,7.441382327349998,427.0665623925759,94.686284,0.7827391705578284
326,C:\Users\joshy\OneDrive\Documents\Kravitz Lab\freezeData\\0318\20260317190001-b94.52-f8.png,2026-03-17 19:00:01,8.0,59.474776364732506,7.432584609189693,436.725382358896,94.356416,0.7029454589404809
327,C:\Users\joshy\OneDrive\Documents\Kravitz Lab\freezeData\\0318\20260317190020-b94.23-f10.png,2026-03-17 19:00:20,10.0,59.61530877779512,7.418737587962904,501.24665618560005,94.097012,0.6405750454343127
328,C:\Users\joshy\OneDrive\Documents\Kravitz Lab\freezeData\\0318\20260317190039-b94.05-f0.png,2026-03-17 19:00:39,0.0,57.906867794971056,7.442997312338129,438.19978836030396,93.893088,0.7458608069694486
329,C:\Users\joshy\OneDrive\Documents\Kravitz Lab\freezeData\\0318\20260317190058-b94.74-f2.png,2026-03-17 19:00:58,2.0,58.43858138318089,7.453262810633336,453.2838068554241,94.573688,0.8028370027338765
330,C:\Users\joshy\OneDrive\Documents\Kravitz Lab\freezeData\\0318\20260317190116-b95.01-f4.png,2026-03-17 19:01:16,4.0,58.79591251071673,7.450040341477658,392.35901365734406,94.831988,0.8502454010027581
331,C:\Users\joshy\OneDrive\Documents\Kravitz Lab\freezeData\\0318\20260317190137-b94.72-f6.png,2026-03-17 19:01:37,6.0,59.12588823775588,7.442849649924374,403.783791983984,94.53842,0.782147712242242
332,C:\Users\joshy\OneDrive\Documents\Kravitz Lab\freezeData\\0318\20260317190155-b94.41-f8.png,2026-03-17 19:01:55,8.0,59.45559327279828,7.433711213809473,441.849866794096,94.237328,0.7031167930167985
333,C:\Users\joshy\OneDrive\Documents\Kravitz Lab\freezeData\\0318\20260317190214-b94.22-f10.png,2026-03-17 19:02:14,10.0,59.61166742896642,7.418631281807541,487.0130603804001,94.066048,0.6407058667384216
334,C:\Users\joshy\OneDrive\Documents\Kravitz Lab\freezeData\\0318\20260317190234-b93.80-f0.png,2026-03-17 19:02:34,0.0,57.79974872071331,7.440691100110637,428.75446244926405,93.62332,0.7456924158988926
335,C:\Users\joshy\OneDrive\Documents\Kravitz Lab\freezeData\\0318\20260317190253-b94.64-f2.png,2026-03-17 19:02:53,2.0,58.33782847395525,7.450408121636422,455.1915361600001,94.463876,0.8024458253813234
336,C:\Users\joshy\OneDrive\Documents\Kravitz Lab\freezeData\\0318\20260317190311-b94.57-f4.png,2026-03-17 19:03:11,4.0,58.714284346663575,7.447759266350005,393.681742297456,94.386944,0.8490817501410051
337,C:\Users\joshy\OneDrive\Documents\Kravitz Lab\freezeData\\0318\20260317190332-b94.41-f6.png,2026-03-17 19:03:32,6.0,59.10626859315739,7.440113582766944,424.08237552254394,94.244256,0.7825151442241114
338,C:\Users\joshy\OneDrive\Documents\Kravitz Lab\freezeData\\0318\20260317190350-b94.59-f8.png,2026-03-17 19:03:50,8.0,59.512429488817745,7.434278260740409,443.694620357376,94.439864,0.7053349370388735
339,C:\Users\joshy\OneDrive\Documents\Kravitz Lab\freezeData\\0318\20260317190408-b94.12-f10.png,2026-03-17 19:04:08,10.0,59.65927104427396,7.418986860627701,495.55635712614395,93.974184,0.6417631574309118
340,C:\Users\joshy\OneDrive\Documents\Kravitz Lab\freezeData\\0318\20260317190428-b94.03-f0.png,2026-03-17 19:04:28,0.0,57.94817322382282,7.44263011291171,438.08479298809607,93.862232,0.747414594152267
341,C:\Users\joshy\OneDrive\Documents\Kravitz Lab\freezeData\\0318\20260317190447-b94.74-f2.png,2026-03-17 19:04:47,2.0,58.38964707187479,7.449094236277317,439.45629321918403,94.550148,0.8022672032531767
342,C:\Users\joshy\OneDrive\Documents\Kravitz Lab\freezeData\\0318\20260317190505-b94.86-f4.png,2026-03-17 19:05:05,4.0,58.785588707764084,7.451536592262712,417.89991152025607,94.69104,0.8499027941829626
343,C:\Users\joshy\OneDrive\Documents\Kravitz Lab\freezeData\\0318\20260317190544-b94.50-f8.png,2026-03-17 19:05:44,8.0,59.42089173444963,7.435605459486487,440.879442992624,94.334104,0.7041149918946074
344,C:\Users\joshy\OneDrive\Documents\Kravitz Lab\freezeData\\0318\20260317190525-b94.50-f6.png,2026-03-17 19:05:25,6.0,59.15309297648818,7.443256741680866,428.8359310538241,94.332288,0.7814335166462172
345,C:\Users\joshy\OneDrive\Documents\Kravitz Lab\freezeData\\0318\20260317190602-b94.15-f10.png,2026-03-17 19:06:02,10.0,59.644943592464095,7.416349094171871,490.118758060144,94.010576,0.6420006629243196
346,C:\Users\joshy\OneDrive\Documents\Kravitz Lab\freezeData\\0318\20260317190622-b94.06-f0.png,2026-03-17 19:06:22,0.0,57.88299711898533,7.440633472889764,436.982018765056,93.878244,0.7458925057777911
347,C:\Users\joshy\OneDrive\Documents\Kravitz Lab\freezeData\\0318\20260317190659-b94.78-f4.png,2026-03-17 19:06:59,4.0,58.82829340841443,7.452697210809761,418.2719159571039,94.602248,0.8494854358002553
348,C:\Users\joshy\OneDrive\Documents\Kravitz Lab\freezeData\\0318\20260317190641-b94.63-f2.png,2026-03-17 19:06:41,2.0,58.40973943826834,7.449755191592127,433.136997811136,94.43756,0.802660014242294
349,C:\Users\joshy\OneDrive\Documents\Kravitz Lab\freezeData\\0318\20260317190718-b94.81-f6.png,2026-03-17 19:07:18,6.0,59.131374621991796,7.441990763307118,407.996994580416,94.634608,0.7821535850321705
350,C:\Users\joshy\OneDrive\Documents\Kravitz Lab\freezeData\\0318\20260317190737-b94.79-f8.png,2026-03-17 19:07:37,8.0,59.49432476608625,7.433039899241581,431.63040613502403,94.610384,0.7027609631366355
351,C:\Users\joshy\OneDrive\Documents\Kravitz Lab\freezeData\\0318\20260317190755-b93.94-f10.png,2026-03-17 19:07:55,10.0,59.58935113897032,7.4182255994817226,505.067779754224,93.781636,0.6383288988697932
352,C:\Users\joshy\OneDrive\Documents\Kravitz Lab\freezeData\\0318\20260317190814-b94.07-f0.png,2026-03-17 19:08:14,0.0,57.919227510644724,7.441429394221772,423.62594062334404,93.884776,0.748437330676808
353,C:\Users\joshy\OneDrive\Documents\Kravitz Lab\freezeData\\0318\20260317190833-b94.59-f2.png,2026-03-17 19:08:33,2.0,58.47573709759616,7.453187161111087,455.10881694566393,94.416604,0.8029004378543574
354,C:\Users\joshy\OneDrive\Documents\Kravitz Lab\freezeData\\0318\20260317190851-b94.85-f4.png,2026-03-17 19:08:51,4.0,58.76840459817163,7.451053305348456,407.1979310718561,94.67816,0.8494859800435183
355,C:\Users\joshy\OneDrive\Documents\Kravitz Lab\freezeData\\0318\20260317190910-b94.66-f6.png,2026-03-17 19:09:10,6.0,59.12731726143929,7.443103564356127,412.93373812422413,94.489348,0.7837787052301421
356,C:\Users\joshy\OneDrive\Documents\Kravitz Lab\freezeData\\0318\20260317190930-b94.70-f8.png,2026-03-17 19:09:30,8.0,59.436380138277464,7.432920921299585,455.972194172416,94.528776,0.7032511144697955
357,C:\Users\joshy\OneDrive\Documents\Kravitz Lab\freezeData\\0318\20260317190948-b94.09-f10.png,2026-03-17 19:09:48,10.0,59.69792665381282,7.422638452057034,500.105585189824,93.939228,0.6413960452779583
358,C:\Users\joshy\OneDrive\Documents\Kravitz Lab\freezeData\\0318\20260317191007-b93.85-f0.png,2026-03-17 19:10:07,0.0,57.84449980922798,7.438194886005239,414.207668623344,93.672168,0.7460985798324298
359,C:\Users\joshy\OneDrive\Documents\Kravitz Lab\freezeData\\0318\20260317191027-b94.95-f2.png,2026-03-17 19:10:27,2.0,58.38514945696434,7.453403860535115,439.048383888896,94.765456,0.8009955329763011
360,C:\Users\joshy\OneDrive\Documents\Kravitz Lab\freezeData\\0318\20260317191045-b94.89-f4.png,2026-03-17 19:10:45,4.0,58.82673102590882,7.454609283007955,404.4402537600001,94.707376,0.8500852736604421
361,C:\Users\joshy\OneDrive\Documents\Kravitz Lab\freezeData\\0318\20260317191103-b94.54-f6.png,2026-03-17 19:11:03,6.0,59.224949965621754,7.442304725706278,401.5884293436,94.35236,0.7820077492120521
362,C:\Users\joshy\OneDrive\Documents\Kravitz Lab\freezeData\\0318\20260317191123-b94.43-f8.png,2026-03-17 19:11:23,8.0,59.42934131459308,7.429450219002781,414.597361233776,94.24444,0.7050020319863604
363,C:\Users\joshy\OneDrive\Documents\Kravitz Lab\freezeData\\0318\20260317191141-b94.07-f10.png,2026-03-17 19:11:41,10.0,59.62413849342711,7.4182532310759814,470.487851497216,93.882932,0.6393650208622562
364,C:\Users\joshy\OneDrive\Documents\Kravitz Lab\freezeData\\0318\20260317191201-b94.13-f0.png,2026-03-17 19:12:01,0.0,57.90609009782429,7.439358502671725,419.04235416294404,93.948216,0.7459250427512523
365,C:\Users\joshy\OneDrive\Documents\Kravitz Lab\freezeData\\0318\20260317191221-b94.39-f2.png,2026-03-17 19:12:21,2.0,58.34725779993243,7.453881477951158,437.5578874268159,94.200168,0.8000442083016409
366,C:\Users\joshy\OneDrive\Documents\Kravitz Lab\freezeData\\0318\20260317191238-b94.78-f4.png,2026-03-17 19:12:38,4.0,58.821216335659024,7.449321296759718,407.64237763159997,94.59544,0.8491660856376925
367,C:\Users\joshy\OneDrive\Documents\Kravitz Lab\freezeData\\0318\20260317191257-b94.79-f6.png,2026-03-17 19:12:57,6.0,59.17349559014556,7.445744176989681,403.5421864304,94.615532,0.7819375261694538
368,C:\Users\joshy\OneDrive\Documents\Kravitz Lab\freezeData\\0318\20260317191334-b94.08-f10.png,2026-03-17 19:13:34,10.0,59.64861009977027,7.420022305214583,494.45495535609604,93.919172,0.6388396345644272
369,C:\Users\joshy\OneDrive\Documents\Kravitz Lab\freezeData\\0318\20260317191316-b94.58-f8.png,2026-03-17 19:13:16,8.0,59.388859247751036,7.431079141376154,417.21967083974397,94.405104,0.7062654797785859
370,C:\Users\joshy\OneDrive\Documents\Kravitz Lab\freezeData\\0318\20260317191352-b94.19-f0.png,2026-03-17 19:13:52,0.0,57.90816570005995,7.443270918389638,432.9741560476001,93.99888,0.745683651928161
371,C:\Users\joshy\OneDrive\Documents\Kravitz Lab\freezeData\\0318\20260317191412-b94.81-f2.png,2026-03-17 19:14:12,2.0,58.48424826417452,7.450908571597363,430.326571403376,94.60412,0.8015058792838079
372,C:\Users\joshy\OneDrive\Documents\Kravitz Lab\freezeData\\0318\20260317191430-b94.87-f4.png,2026-03-17 19:14:30,4.0,58.777496237083795,7.449552403563347,403.31263424062405,94.68614,0.8500442599152378
373,C:\Users\joshy\OneDrive\Documents\Kravitz Lab\freezeData\\0318\20260317191449-b94.76-f6.png,2026-03-17 19:14:49,6.0,59.25750092289468,7.444467248143611,411.2238502015359,94.572556,0.7825047735018492
374,C:\Users\joshy\OneDrive\Documents\Kravitz Lab\freezeData\\0318\20260317191508-b94.54-f8.png,2026-03-17 19:15:08,8.0,59.46902442699244,7.434888059062926,432.456430959616,94.373076,0.7060379489735122
375,C:\Users\joshy\OneDrive\Documents\Kravitz Lab\freezeData\\0318\20260317191528-b94.17-f10.png,2026-03-17 19:15:28,10.0,59.582115544509634,7.4221763909793435,499.53973741849603,94.009552,0.6387459376078337
376,C:\Users\joshy\OneDrive\Documents\Kravitz Lab\freezeData\\0318\20260317191546-b93.99-f0.png,2026-03-17 19:15:46,0.0,57.906385958257005,7.441362613595927,428.57619071,93.818624,0.745709078650821
377,C:\Users\joshy\OneDrive\Documents\Kravitz Lab\freezeData\\0318\20260317191604-b94.89-f2.png,2026-03-17 19:16:04,2.0,58.43642086152382,7.451055175157353,435.94232816000005,94.699692,0.8019275575097506
378,C:\Users\joshy\OneDrive\Documents\Kravitz Lab\freezeData\\0318\20260317191624-b94.66-f4.png,2026-03-17 19:16:24,4.0,58.77127468324995,7.449806768289574,398.117007095744,94.478272,0.8492727150061785
379,C:\Users\joshy\OneDrive\Documents\Kravitz Lab\freezeData\\0318\20260317191642-b94.68-f6.png,2026-03-17 19:16:42,6.0,59.20081532119638,7.4471170548858145,414.85289091046394,94.50416,0.7810117880358153
380,C:\Users\joshy\OneDrive\Documents\Kravitz Lab\freezeData\\0318\20260317191720-b94.09-f10.png,2026-03-17 19:17:20,10.0,59.6526054401698,7.4193945346219214,467.258800806144,93.924368,0.642541812767009
381,C:\Users\joshy\OneDrive\Documents\Kravitz Lab\freezeData\\0318\20260317191701-b94.66-f8.png,2026-03-17 19:17:01,8.0,59.49817665148619,7.434126690952394,407.22645368160005,94.485888,0.7058513819379114
382,C:\Users\joshy\OneDrive\Documents\Kravitz Lab\freezeData\\0318\20260317191738-b94.11-f0.png,2026-03-17 19:17:38,0.0,57.92492725706597,7.43916319548832,425.79264944640005,93.921704,0.7447336242484928
383,C:\Users\joshy\OneDrive\Documents\Kravitz Lab\freezeData\\0318\20260317191756-b94.44-f2.png,2026-03-17 19:17:56,2.0,58.36175163410447,7.450936737876596,437.42303321534393,94.244152,0.8012042802572441
384,C:\Users\joshy\OneDrive\Documents\Kravitz Lab\freezeData\\0318\20260317191814-b94.79-f4.png,2026-03-17 19:18:14,4.0,58.78706505606144,7.445265417253741,389.679544249344,94.59212,0.8503203389661381
385,C:\Users\joshy\OneDrive\Documents\Kravitz Lab\freezeData\\0318\20260317191833-b94.43-f6.png,2026-03-17 19:18:33,6.0,59.09987030655197,7.441645045369617,417.80521471,94.256144,0.7802248811108344
386,C:\Users\joshy\OneDrive\Documents\Kravitz Lab\freezeData\\0318\20260317191852-b94.67-f8.png,2026-03-17 19:18:52,8.0,59.56467850443395,7.436540494172612,433.36619987174396,94.501632,0.705166706972252
387,C:\Users\joshy\OneDrive\Documents\Kravitz Lab\freezeData\\0318\20260317191929-b94.05-f0.png,2026-03-17 19:19:29,0.0,57.90311122093472,7.444319564403734,432.314659911664,93.871008,0.7461008894397243
388,C:\Users\joshy\OneDrive\Documents\Kravitz Lab\freezeData\\0318\20260317191910-b93.96-f10.png,2026-03-17 19:19:10,10.0,59.70010223360774,7.42012139653395,488.6547113884,93.791028,0.639596445871817
389,C:\Users\joshy\OneDrive\Documents\Kravitz Lab\freezeData\\0318\20260317191949-b94.78-f2.png,2026-03-17 19:19:49,2.0,58.397578878882165,7.454710511206977,449.11793991166394,94.596856,0.8011292298473417
390,C:\Users\joshy\OneDrive\Documents\Kravitz Lab\freezeData\\0318\20260317192008-b95.00-f4.png,2026-03-17 19:20:08,4.0,58.87770775783704,7.453333257815763,416.39148051430396,94.836644,0.8495340536138243
391,C:\Users\joshy\OneDrive\Documents\Kravitz Lab\freezeData\\0318\20260317192027-b94.62-f6.png,2026-03-17 19:20:27,6.0,59.2469470664795,7.4435500202842695,412.704652579824,94.451924,0.7828159618096563
392,C:\Users\joshy\OneDrive\Documents\Kravitz Lab\freezeData\\0318\20260317192046-b94.42-f8.png,2026-03-17 19:20:46,8.0,59.52762670189363,7.432060681862851,442.19583260478396,94.2482,0.7047565133001386
393,C:\Users\joshy\OneDrive\Documents\Kravitz Lab\freezeData\\0318\20260317192106-b94.26-f10.png,2026-03-17 19:21:06,10.0,59.67162153606969,7.416248745380895,489.1735290015839,94.108992,0.6405323562021943
394,C:\Users\joshy\OneDrive\Documents\Kravitz Lab\freezeData\\0318\20260317192124-b94.00-f0.png,2026-03-17 19:21:24,0.0,58.017516411195814,7.4385799175903955,420.1036042270559,93.827068,0.7465050948108932
395,C:\Users\joshy\OneDrive\Documents\Kravitz Lab\freezeData\\0318\20260317192144-b94.67-f2.png,2026-03-17 19:21:44,2.0,58.43319787876081,7.454346283841377,434.73526130225594,94.471828,0.8010474772958065
396,C:\Users\joshy\OneDrive\Documents\Kravitz Lab\freezeData\\0318\20260317192202-b94.87-f4.png,2026-03-17 19:22:02,4.0,58.79799592849484,7.45125899684323,413.97232983665606,94.697552,0.8497824973348054
397,C:\Users\joshy\OneDrive\Documents\Kravitz Lab\freezeData\\0318\20260317192221-b94.86-f6.png,2026-03-17 19:22:21,6.0,59.07971805716557,7.440730665409902,407.2776219876959,94.686768,0.7837323490843267
398,C:\Users\joshy\OneDrive\Documents\Kravitz Lab\freezeData\\0318\20260317192240-b94.38-f8.png,2026-03-17 19:22:40,8.0,59.513836618625085,7.434531809320905,437.7184639654239,94.21646,0.7054511314871693
399,C:\Users\joshy\OneDrive\Documents\Kravitz Lab\freezeData\\0318\20260317192258-b94.06-f10.png,2026-03-17 19:22:58,10.0,59.60536403968905,7.4215337512078925,514.501868302576,93.904012,0.6393082171790792
400,C:\Users\joshy\OneDrive\Documents\Kravitz Lab\freezeData\\0318\20260317192317-b94.11-f0.png,2026-03-17 19:23:17,0.0,57.95076889413274,7.442619708179355,415.2802704868961,93.921104,0.7473110631900051
401,C:\Users\joshy\OneDrive\Documents\Kravitz Lab\freezeData\\0318\20260317192336-b94.65-f2.png,2026-03-17 19:23:36,2.0,58.50194291052139,7.452587911492351,450.43155294566395,94.457436,0.8020255360370506
402,C:\Users\joshy\OneDrive\Documents\Kravitz Lab\freezeData\\0318\20260317192354-b94.59-f4.png,2026-03-17 19:23:54,4.0,58.75639804023987,7.446829100759494,413.958316536176,94.417336,0.8499317301916361
403,C:\Users\joshy\OneDrive\Documents\Kravitz Lab\freezeData\\0318\20260317192413-b94.76-f6.png,2026-03-17 19:24:13,6.0,59.199770922258274,7.4417528797310535,410.75393752806406,94.573012,0.7818186730172343
404,C:\Users\joshy\OneDrive\Documents\Kravitz Lab\freezeData\\0318\20260317192452-b94.06-f10.png,2026-03-17 19:24:52,10.0,59.73770373758603,7.422920160313754,496.22288279960003,93.90402,0.6411576110134195
405,C:\Users\joshy\OneDrive\Documents\Kravitz Lab\freezeData\\0318\20260317192433-b94.35-f8.png,2026-03-17 19:24:33,8.0,59.423298230879915,7.432880677410003,438.160469818304,94.185352,0.7059644363550354
406,C:\Users\joshy\OneDrive\Documents\Kravitz Lab\freezeData\\0318\20260317192510-b94.02-f0.png,2026-03-17 19:25:10,0.0,57.90117900526116,7.4412139883603166,425.833818838016,93.850448,0.7462562795992514
407,C:\Users\joshy\OneDrive\Documents\Kravitz Lab\freezeData\\0318\20260317192529-b94.61-f2.png,2026-03-17 19:25:29,2.0,58.34361334812111,7.452220405576078,466.837612227056,94.435212,0.8013691822175382
408,C:\Users\joshy\OneDrive\Documents\Kravitz Lab\freezeData\\0318\20260317192549-b94.84-f4.png,2026-03-17 19:25:49,4.0,58.7602875107787,7.446857414441203,416.39411558999996,94.651432,0.8505309907838281
409,C:\Users\joshy\OneDrive\Documents\Kravitz Lab\freezeData\\0318\20260317192607-b94.62-f6.png,2026-03-17 19:26:07,6.0,59.19181718576986,7.443344560929008,413.3380465990239,94.46408,0.7835363865113294
410,C:\Users\joshy\OneDrive\Documents\Kravitz Lab\freezeData\\0318\20260317192626-b94.41-f8.png,2026-03-17 19:26:26,8.0,59.4973450856498,7.434407880073222,439.96771829273604,94.240848,0.7064723781741616
411,C:\Users\joshy\OneDrive\Documents\Kravitz Lab\freezeData\\0318\20260317192646-b93.94-f10.png,2026-03-17 19:26:46,10.0,59.64815676682778,7.423255635174053,502.667210558064,93.773544,0.6400225687590096
412,C:\Users\joshy\OneDrive\Documents\Kravitz Lab\freezeData\\0318\20260317192705-b93.85-f0.png,2026-03-17 19:27:05,0.0,57.883502684039286,7.441939642648775,430.83636436030395,93.672896,0.7466388546542289
413,C:\Users\joshy\OneDrive\Documents\Kravitz Lab\freezeData\\0318\20260317192725-b94.83-f2.png,2026-03-17 19:27:25,2.0,58.448646680377465,7.456414556230634,449.65174201439993,94.62982,0.8017918518781889
414,C:\Users\joshy\OneDrive\Documents\Kravitz Lab\freezeData\\0318\20260317192744-b94.79-f4.png,2026-03-17 19:27:44,4.0,58.80668207086824,7.449873439894323,404.1447045580161,94.604268,0.8492249197605206
415,C:\Users\joshy\OneDrive\Documents\Kravitz Lab\freezeData\\0318\20260317192803-b94.79-f6.png,2026-03-17 19:28:03,6.0,59.12655638206183,7.4394110292855515,428.45574256177593,94.619308,0.7820562944193227
416,C:\Users\joshy\OneDrive\Documents\Kravitz Lab\freezeData\\0318\20260317192822-b94.31-f8.png,2026-03-17 19:28:22,8.0,59.56430085181949,7.438769866435707,440.959081920496,94.135956,0.7062181159742109
417,C:\Users\joshy\OneDrive\Documents\Kravitz Lab\freezeData\\0318\20260317192840-b93.99-f10.png,2026-03-17 19:28:40,10.0,59.59030234693951,7.421582813600532,508.26699495998395,93.851844,0.6399690442882658
418,C:\Users\joshy\OneDrive\Documents\Kravitz Lab\freezeData\\0318\20260317192859-b94.14-f0.png,2026-03-17 19:28:59,0.0,57.905817737724284,7.4401302333808434,440.53948984960005,93.966116,0.7464169845790344
419,C:\Users\joshy\OneDrive\Documents\Kravitz Lab\freezeData\\0318\20260317192918-b94.70-f2.png,2026-03-17 19:29:18,2.0,58.47187008663308,7.4528387399945,439.962506734064,94.512352,0.8020237924993154
420,C:\Users\joshy\OneDrive\Documents\Kravitz Lab\freezeData\\0318\20260317192938-b94.62-f4.png,2026-03-17 19:29:38,4.0,58.87491035327276,7.450447329989534,420.62903984326397,94.442564,0.8504958237115862
421,C:\Users\joshy\OneDrive\Documents\Kravitz Lab\freezeData\\0318\20260317192957-b95.01-f6.png,2026-03-17 19:29:57,6.0,59.25787844470654,7.446281280257351,415.88155336422403,94.838872,0.7839365869162658
422,C:\Users\joshy\OneDrive\Documents\Kravitz Lab\freezeData\\0318\20260317193016-b94.32-f8.png,2026-03-17 19:30:16,8.0,59.505611700060555,7.434581268896504,432.05760832190396,94.145204,0.7055426143960464
423,C:\Users\joshy\OneDrive\Documents\Kravitz Lab\freezeData\\0318\20260317193035-b93.98-f10.png,2026-03-17 19:30:35,10.0,59.746945628390954,7.420092718514193,504.592191398896,93.829436,0.6399496409539455
424,C:\Users\joshy\OneDrive\Documents\Kravitz Lab\freezeData\\0318\20260317193056-b93.90-f0.png,2026-03-17 19:30:56,0.0,57.97423898043765,7.4411466492806575,443.24233593440005,93.729152,0.7449509151389327
425,C:\Users\joshy\OneDrive\Documents\Kravitz Lab\freezeData\\0318\20260317193113-b94.77-f2.png,2026-03-17 19:31:13,2.0,58.435507721427186,7.455160682489541,420.956856988096,94.579532,0.8028536849184921
426,C:\Users\joshy\OneDrive\Documents\Kravitz Lab\freezeData\\0318\20260317193133-b94.68-f4.png,2026-03-17 19:31:33,4.0,58.751974837151344,7.448345517306925,403.39574096689597,94.484356,0.8494356635147289
427,C:\Users\joshy\OneDrive\Documents\Kravitz Lab\freezeData\\0318\20260317193152-b94.67-f6.png,2026-03-17 19:31:52,6.0,59.174094157911235,7.4436956079444,412.6705240024161,94.492216,0.7827893371515747
428,C:\Users\joshy\OneDrive\Documents\Kravitz Lab\freezeData\\0318\20260317193210-b94.32-f8.png,2026-03-17 19:32:10,8.0,59.52791499077601,7.4322314306485255,425.03856951,94.168288,0.7062905263399273
429,C:\Users\joshy\OneDrive\Documents\Kravitz Lab\freezeData\\0318\20260317193229-b94.05-f10.png,2026-03-17 19:32:29,10.0,59.59272795229378,7.41890023315222,498.2062020715359,93.895352,0.6403376968126075
430,C:\Users\joshy\OneDrive\Documents\Kravitz Lab\freezeData\\0318\20260317193248-b94.24-f0.png,2026-03-17 19:32:48,0.0,57.85323422539127,7.438839835612699,435.54863802686407,94.073496,0.7460340800406228
431,C:\Users\joshy\OneDrive\Documents\Kravitz Lab\freezeData\\0318\20260317193307-b94.71-f2.png,2026-03-17 19:33:07,2.0,58.43649790053487,7.453503757998209,444.01707100000004,94.520028,0.8013961417881275
432,C:\Users\joshy\OneDrive\Documents\Kravitz Lab\freezeData\\0318\20260317193325-b94.68-f4.png,2026-03-17 19:33:25,4.0,58.83070447832206,7.449138239421195,416.23222370559995,94.494844,0.8491430587509828
433,C:\Users\joshy\OneDrive\Documents\Kravitz Lab\freezeData\\0318\20260317193345-b94.56-f6.png,2026-03-17 19:33:45,6.0,59.01790261240411,7.439564780534417,428.325747935744,94.397028,0.7808374201104996
434,C:\Users\joshy\OneDrive\Documents\Kravitz Lab\freezeData\\0318\20260317193403-b94.49-f8.png,2026-03-17 19:34:03,8.0,59.378910711568295,7.431094723657897,440.15356291353595,94.31774,0.7049995732427239
435,C:\Users\joshy\OneDrive\Documents\Kravitz Lab\freezeData\\0318\20260317193422-b94.02-f10.png,2026-03-17 19:34:22,10.0,59.68111997315318,7.417105148797114,488.305988793344,93.855436,0.6422447891783012
436,C:\Users\joshy\OneDrive\Documents\Kravitz Lab\freezeData\\0318\20260317193441-b94.12-f0.png,2026-03-17 19:34:41,0.0,57.866505277937776,7.437803226844671,426.81613330225605,93.93928,0.7449052444433221
437,C:\Users\joshy\OneDrive\Documents\Kravitz Lab\freezeData\\0318\20260317193459-b94.77-f2.png,2026-03-17 19:34:59,2.0,58.45197120449178,7.4546044567049,462.410981009264,94.586292,0.8009011437080804
438,C:\Users\joshy\OneDrive\Documents\Kravitz Lab\freezeData\\0318\20260317193518-b94.81-f4.png,2026-03-17 19:35:18,4.0,58.90468445679423,7.45469848644782,408.13261130929607,94.620752,0.8483597951025803
439,C:\Users\joshy\OneDrive\Documents\Kravitz Lab\freezeData\\0318\20260317193538-b94.29-f6.png,2026-03-17 19:35:38,6.0,59.13593059356046,7.444810769910497,428.538353889216,94.12844,0.7829199556354475
440,C:\Users\joshy\OneDrive\Documents\Kravitz Lab\freezeData\\0318\20260317193556-b94.37-f8.png,2026-03-17 19:35:56,8.0,59.498069876593476,7.432116455250227,449.325149818304,94.2064,0.7046328207693953
441,C:\Users\joshy\OneDrive\Documents\Kravitz Lab\freezeData\\0318\20260317193615-b94.07-f10.png,2026-03-17 19:36:15,10.0,59.64207611326205,7.421120366865419,491.754870876784,93.900316,0.641678946617622
442,C:\Users\joshy\OneDrive\Documents\Kravitz Lab\freezeData\\0318\20260317193633-b94.12-f0.png,2026-03-17 19:36:33,0.0,57.86289233359839,7.438090569213045,432.956405908976,93.93648,0.7469600366112453
443,C:\Users\joshy\OneDrive\Documents\Kravitz Lab\freezeData\\0318\20260317193653-b94.79-f2.png,2026-03-17 19:36:53,2.0,58.38651828782998,7.452665024365305,452.1328609668961,94.603664,0.8014821848458332
444,C:\Users\joshy\OneDrive\Documents\Kravitz Lab\freezeData\\0318\20260317193711-b94.86-f4.png,2026-03-17 19:37:11,4.0,58.82251453885582,7.4508799600714095,384.269075682544,94.663436,0.8494932491619955
445,C:\Users\joshy\OneDrive\Documents\Kravitz Lab\freezeData\\0318\20260317193729-b94.59-f6.png,2026-03-17 19:37:29,6.0,59.114559895199555,7.440088992792341,424.155082946496,94.415192,0.7808045196633042
446,C:\Users\joshy\OneDrive\Documents\Kravitz Lab\freezeData\\0318\20260317193748-b94.50-f8.png,2026-03-17 19:37:48,8.0,59.44396919666842,7.430078072886542,429.77712561305594,94.340256,0.7074466841798237
447,C:\Users\joshy\OneDrive\Documents\Kravitz Lab\freezeData\\0318\20260317193808-b94.27-f10.png,2026-03-17 19:38:08,10.0,59.75412458937388,7.423427360870881,490.945955911536,94.112172,0.6429144339968724
448,C:\Users\joshy\OneDrive\Documents\Kravitz Lab\freezeData\\0318\20260317193828-b93.97-f0.png,2026-03-17 19:38:28,0.0,57.84552205686798,7.439275089806284,442.17186604639994,93.79322,0.7449715693067024
449,C:\Users\joshy\OneDrive\Documents\Kravitz Lab\freezeData\\0318\20260317193847-b94.64-f2.png,2026-03-17 19:38:47,2.0,58.33309253724318,7.452623186281328,457.01210075313605,94.466132,0.7995387717854002
450,C:\Users\joshy\OneDrive\Documents\Kravitz Lab\freezeData\\0318\20260317193908-b94.87-f4.png,2026-03-17 19:39:08,4.0,58.876363859409665,7.452153609267675,418.345452666736,94.69288,0.8504145669534444
451,C:\Users\joshy\OneDrive\Documents\Kravitz Lab\freezeData\\0318\20260317193927-b94.77-f6.png,2026-03-17 19:39:27,6.0,59.20743470902092,7.445196234570015,416.01025115999994,94.590968,0.7825372240514519
452,C:\Users\joshy\OneDrive\Documents\Kravitz Lab\freezeData\\0318\20260317193947-b94.68-f8.png,2026-03-17 19:39:47,8.0,59.430969733519376,7.432894473064188,430.633362396096,94.507248,0.7060291492413453
453,C:\Users\joshy\OneDrive\Documents\Kravitz Lab\freezeData\\0318\20260317194005-b94.17-f10.png,2026-03-17 19:40:05,10.0,59.57512899404596,7.417966295006634,509.633775635904,94.019528,0.6391876527804351
454,C:\Users\joshy\OneDrive\Documents\Kravitz Lab\freezeData\\0318\20260317194024-b94.14-f0.png,2026-03-17 19:40:24,0.0,57.93362542849657,7.441714517843258,424.115006855424,93.972784,0.7456423934939488
455,C:\Users\joshy\OneDrive\Documents\Kravitz Lab\freezeData\\0318\20260317194044-b94.61-f2.png,2026-03-17 19:40:44,2.0,58.39629998687739,7.451613539074041,448.020634782704,94.429432,0.8001281674755587
456,C:\Users\joshy\OneDrive\Documents\Kravitz Lab\freezeData\\0318\20260317194103-b94.83-f4.png,2026-03-17 19:41:03,4.0,58.84114936197342,7.448192060043987,397.502545322944,94.645044,0.8504213276101023
457,C:\Users\joshy\OneDrive\Documents\Kravitz Lab\freezeData\\0318\20260317194122-b94.64-f6.png,2026-03-17 19:41:22,6.0,59.12440897813478,7.439973565179995,409.312186085376,94.460516,0.781106469893527
458,C:\Users\joshy\OneDrive\Documents\Kravitz Lab\freezeData\\0318\20260317194140-b94.61-f8.png,2026-03-17 19:41:40,8.0,59.46600096685015,7.4303159810003345,421.9716088211839,94.432524,0.7060663158090617
459,C:\Users\joshy\OneDrive\Documents\Kravitz Lab\freezeData\\0318\20260317194158-b93.98-f10.png,2026-03-17 19:41:58,10.0,59.69325055265796,7.420594955153401,496.59701222462405,93.81976,0.6390805875803408
460,C:\Users\joshy\OneDrive\Documents\Kravitz Lab\freezeData\\0318\20260317194218-b94.01-f0.png,2026-03-17 19:42:18,0.0,57.83027004791715,7.437443351320517,419.34204192870396,93.835324,0.7474388188531615
461,C:\Users\joshy\OneDrive\Documents\Kravitz Lab\freezeData\\0318\20260317194236-b94.58-f2.png,2026-03-17 19:42:36,2.0,58.32947089797966,7.451090068403634,457.052575520256,94.383412,0.8000651261270146
462,C:\Users\joshy\OneDrive\Documents\Kravitz Lab\freezeData\\0318\20260317194255-b94.82-f4.png,2026-03-17 19:42:55,4.0,58.80892597905131,7.450394587131005,414.04202903065607,94.635592,0.8485445927786437
463,C:\Users\joshy\OneDrive\Documents\Kravitz Lab\freezeData\\0318\20260317194314-b94.79-f6.png,2026-03-17 19:43:14,6.0,59.14246136881352,7.444670228591776,402.94819392870403,94.61128,0.7834099255933658
464,C:\Users\joshy\OneDrive\Documents\Kravitz Lab\freezeData\\0318\20260317194333-b94.43-f8.png,2026-03-17 19:43:33,8.0,59.47644598955469,7.435573812058618,433.2691281796959,94.249328,0.7067961316793812
465,C:\Users\joshy\OneDrive\Documents\Kravitz Lab\freezeData\\0318\20260317194352-b94.15-f10.png,2026-03-17 19:43:52,10.0,59.59191253602805,7.415505534080552,502.6436257216,93.984628,0.6395117031174284
466,C:\Users\joshy\OneDrive\Documents\Kravitz Lab\freezeData\\0318\20260317194411-b94.00-f0.png,2026-03-17 19:44:11,0.0,57.86901855790181,7.438977338734482,413.62352894566396,93.808096,0.7431318896791912
467,C:\Users\joshy\OneDrive\Documents\Kravitz Lab\freezeData\\0318\20260317194430-b94.56-f2.png,2026-03-17 19:44:30,2.0,58.29121573352664,7.45212477054141,458.07397547360006,94.370384,0.7997001463653407
468,C:\Users\joshy\OneDrive\Documents\Kravitz Lab\freezeData\\0318\20260317194508-b94.43-f6.png,2026-03-17 19:45:08,6.0,59.173295027092884,7.442182352111924,422.58574198769605,94.262068,0.7835099227227744
469,C:\Users\joshy\OneDrive\Documents\Kravitz Lab\freezeData\\0318\20260317194448-b94.88-f4.png,2026-03-17 19:44:48,4.0,58.783821544599974,7.448769897668015,409.5293745136,94.703068,0.8494566864301466
470,C:\Users\joshy\OneDrive\Documents\Kravitz Lab\freezeData\\0318\20260317194526-b94.28-f8.png,2026-03-17 19:45:26,8.0,59.467098487625044,7.434998594322781,434.277773613056,94.110152,0.7068870400480541
471,C:\Users\joshy\OneDrive\Documents\Kravitz Lab\freezeData\\0318\20260317194545-b94.23-f10.png,2026-03-17 19:45:45,10.0,59.69305142125123,7.417371280732138,511.9106470236,94.064684,0.638087617244907
472,C:\Users\joshy\OneDrive\Documents\Kravitz Lab\freezeData\\0318\20260317194605-b94.06-f0.png,2026-03-17 19:46:05,0.0,57.802354199473086,7.438039622301194,437.64080833817604,93.888784,0.7442844240757576
473,C:\Users\joshy\OneDrive\Documents\Kravitz Lab\freezeData\\0318\20260317194623-b94.48-f2.png,2026-03-17 19:46:23,2.0,58.38877336630034,7.45018754919189,445.07838231545605,94.303896,0.8014925114460482
474,C:\Users\joshy\OneDrive\Documents\Kravitz Lab\freezeData\\0318\20260317194641-b94.70-f4.png,2026-03-17 19:46:41,4.0,58.83676998991104,7.4475817192367035,396.08811508934394,94.512048,0.8498904422486376
475,C:\Users\joshy\OneDrive\Documents\Kravitz Lab\freezeData\\0318\20260317194702-b94.33-f6.png,2026-03-17 19:47:02,6.0,59.21312077290492,7.437583001493038,410.22165200241596,94.153624,0.7835567014798701
476,C:\Users\joshy\OneDrive\Documents\Kravitz Lab\freezeData\\0318\20260317194720-b94.66-f8.png,2026-03-17 19:47:20,8.0,59.5669608750514,7.434034681520254,428.007200806144,94.485436,0.7051218082960734
477,C:\Users\joshy\OneDrive\Documents\Kravitz Lab\freezeData\\0318\20260317194738-b94.05-f10.png,2026-03-17 19:47:38,10.0,59.63434530429041,7.41708782312177,494.4059383963999,93.888716,0.640038170559064
478,C:\Users\joshy\OneDrive\Documents\Kravitz Lab\freezeData\\0318\20260317194758-b93.99-f0.png,2026-03-17 19:47:58,0.0,57.89831022547363,7.43944105195688,433.974149709936,93.821896,0.7446233822626052
479,C:\Users\joshy\OneDrive\Documents\Kravitz Lab\freezeData\\0318\20260317194818-b94.72-f2.png,2026-03-17 19:48:18,2.0,58.45796604426179,7.450125693466133,441.76391856281583,94.519544,0.8014626481119008
480,C:\Users\joshy\OneDrive\Documents\Kravitz Lab\freezeData\\0318\20260317194837-b94.40-f4.png,2026-03-17 19:48:37,4.0,58.669017132031925,7.444078721784215,405.1995873092961,94.211312,0.8490933143530902
481,C:\Users\joshy\OneDrive\Documents\Kravitz Lab\freezeData\\0318\20260317194857-b94.71-f6.png,2026-03-17 19:48:57,6.0,59.203796812953,7.440855421008589,411.82919423999994,94.527476,0.7850505153091011
482,C:\Users\joshy\OneDrive\Documents\Kravitz Lab\freezeData\\0318\20260317194915-b93.97-f8.png,2026-03-17 19:49:15,8.0,59.432020425509485,7.431868494725328,429.510073784176,93.817232,0.7056099596992969
483,C:\Users\joshy\OneDrive\Documents\Kravitz Lab\freezeData\\0318\20260317194933-b93.86-f10.png,2026-03-17 19:49:33,10.0,59.68133890302074,7.419398008134048,493.2098019899999,93.705472,0.6415026784426467
484,C:\Users\joshy\OneDrive\Documents\Kravitz Lab\freezeData\\0318\20260317194953-b94.03-f0.png,2026-03-17 19:49:53,0.0,57.80136828364547,7.437455060235006,441.33561724000003,93.850372,0.7451062895517905
485,C:\Users\joshy\OneDrive\Documents\Kravitz Lab\freezeData\\0318\20260317195011-b94.47-f2.png,2026-03-17 19:50:11,2.0,58.41931228841038,7.452573411835396,437.19941732294404,94.276072,0.8006283580368077
486,C:\Users\joshy\OneDrive\Documents\Kravitz Lab\freezeData\\0318\20260317195030-b94.64-f4.png,2026-03-17 19:50:30,4.0,58.74074741550993,7.448696872460441,418.47193763160004,94.464208,0.8494785381713013
487,C:\Users\joshy\OneDrive\Documents\Kravitz Lab\freezeData\\0318\20260317195049-b94.74-f6.png,2026-03-17 19:50:49,6.0,59.1972573359138,7.439328917728622,423.20997820153593,94.55916,0.7855475171027473
488,C:\Users\joshy\OneDrive\Documents\Kravitz Lab\freezeData\\0318\20260317195107-b94.08-f8.png,2026-03-17 19:51:07,8.0,59.38161803012093,7.427325417121266,431.7863366336,93.904396,0.7042810102918928
489,C:\Users\joshy\OneDrive\Documents\Kravitz Lab\freezeData\\0318\20260317195126-b93.89-f10.png,2026-03-17 19:51:26,10.0,59.553368058568644,7.414437878198197,484.639757703616,93.725284,0.6421800802195458
490,C:\Users\joshy\OneDrive\Documents\Kravitz Lab\freezeData\\0318\20260317195145-b94.26-f0.png,2026-03-17 19:51:45,0.0,57.901810557573974,7.438754963071115,425.23892526078396,94.068104,0.7463337047677685
491,C:\Users\joshy\OneDrive\Documents\Kravitz Lab\freezeData\\0318\20260317195203-b94.43-f2.png,2026-03-17 19:52:03,2.0,58.444775944584954,7.4527379809263,456.546304860416,94.259208,0.8004275796742595
492,C:\Users\joshy\OneDrive\Documents\Kravitz Lab\freezeData\\0318\20260317195222-b94.78-f4.png,2026-03-17 19:52:22,4.0,58.7756300979916,7.451077637392054,415.475073683056,94.599008,0.8499046719150342
493,C:\Users\joshy\OneDrive\Documents\Kravitz Lab\freezeData\\0318\20260317195241-b94.42-f6.png,2026-03-17 19:52:41,6.0,59.17562838817683,7.443191794340782,415.90731404639996,94.25262,0.78207016128703
494,C:\Users\joshy\OneDrive\Documents\Kravitz Lab\freezeData\\0318\20260317195318-b93.89-f10.png,2026-03-17 19:53:18,10.0,59.64732349230955,7.419974342151166,486.433389834736,93.736576,0.6414742601137715
495,C:\Users\joshy\OneDrive\Documents\Kravitz Lab\freezeData\\0318\20260317195300-b94.36-f8.png,2026-03-17 19:53:00,8.0,59.49361517346466,7.431830872139038,451.55772682726405,94.213236,0.7034851013613564
496,C:\Users\joshy\OneDrive\Documents\Kravitz Lab\freezeData\\0318\20260317195338-b93.92-f0.png,2026-03-17 19:53:38,0.0,57.90304369764491,7.439532120122517,443.84769410481607,93.745932,0.7463091829111632
497,C:\Users\joshy\OneDrive\Documents\Kravitz Lab\freezeData\\0318\20260317195356-b94.43-f2.png,2026-03-17 19:53:56,2.0,58.41621122141983,7.45351159136762,464.105488688384,94.248408,0.8012875463074541
498,C:\Users\joshy\OneDrive\Documents\Kravitz Lab\freezeData\\0318\20260317195415-b94.62-f4.png,2026-03-17 19:54:15,4.0,58.80898115751831,7.448196368134716,404.99764661190403,94.424216,0.8495561398347409
499,C:\Users\joshy\OneDrive\Documents\Kravitz Lab\freezeData\\0318\20260317195435-b94.70-f6.png,2026-03-17 19:54:35,6.0,59.1884968440705,7.4408233722047905,428.67382009542405,94.530616,0.7821162280629573
500,C:\Users\joshy\OneDrive\Documents\Kravitz Lab\freezeData\\0318\20260317195455-b94.47-f8.png,2026-03-17 19:54:55,8.0,59.52058846967036,7.432984064338415,457.560177233776,94.301012,0.7033113333436355
501,C:\Users\joshy\OneDrive\Documents\Kravitz Lab\freezeData\\0318\20260317195513-b94.10-f10.png,2026-03-17 19:55:13,10.0,59.709270224681326,7.420346272712323,484.1558537593439,93.935772,0.6419343463903344
502,C:\Users\joshy\OneDrive\Documents\Kravitz Lab\freezeData\\0318\20260317195532-b93.74-f0.png,2026-03-17 19:55:32,0.0,57.90032661711524,7.44062834989768,441.2020697899359,93.567124,0.745255185737456
503,C:\Users\joshy\OneDrive\Documents\Kravitz Lab\freezeData\\0318\20260317195551-b94.78-f2.png,2026-03-17 19:55:51,2.0,58.45365887973481,7.452670380153113,449.495144293824,94.59154,0.8008943960278514
504,C:\Users\joshy\OneDrive\Documents\Kravitz Lab\freezeData\\0318\20260317195610-b94.60-f4.png,2026-03-17 19:56:10,4.0,58.79284735771874,7.447671840675771,403.45363970560004,94.420228,0.8501012631357371
505,C:\Users\joshy\OneDrive\Documents\Kravitz Lab\freezeData\\0318\20260317195629-b94.19-f6.png,2026-03-17 19:56:29,6.0,59.02445310611879,7.438027977886361,427.4251510360159,94.038672,0.7831172041038454
506,C:\Users\joshy\OneDrive\Documents\Kravitz Lab\freezeData\\0318\20260317195648-b94.62-f8.png,2026-03-17 19:56:48,8.0,59.44134152233861,7.435543655299122,440.57022457081604,94.444448,0.7071419473474402
507,C:\Users\joshy\OneDrive\Documents\Kravitz Lab\freezeData\\0318\20260317195707-b93.81-f10.png,2026-03-17 19:57:07,10.0,59.59305580483686,7.415425018651143,488.2118839900001,93.64804,0.6404060898852364
508,C:\Users\joshy\OneDrive\Documents\Kravitz Lab\freezeData\\0318\20260317195728-b93.97-f0.png,2026-03-17 19:57:28,0.0,57.863543378664396,7.440849261145333,435.16240164960004,93.792868,0.7452779396662205
509,C:\Users\joshy\OneDrive\Documents\Kravitz Lab\freezeData\\0318\20260317195747-b94.72-f2.png,2026-03-17 19:57:47,2.0,58.41661397810989,7.450419215440746,440.01688631545596,94.525364,0.8015854137553091
510,C:\Users\joshy\OneDrive\Documents\Kravitz Lab\freezeData\\0318\20260317195804-b94.74-f4.png,2026-03-17 19:58:04,4.0,58.82692116808277,7.450758212677082,415.57106809265605,94.570724,0.8497470107961339
511,C:\Users\joshy\OneDrive\Documents\Kravitz Lab\freezeData\\0318\20260317195824-b94.64-f6.png,2026-03-17 19:58:24,6.0,59.21440111453916,7.443127977086925,421.975595089344,94.469592,0.783947762334801
512,C:\Users\joshy\OneDrive\Documents\Kravitz Lab\freezeData\\0318\20260317195843-b94.53-f8.png,2026-03-17 19:58:43,8.0,59.4795343593206,7.4351361130287845,441.0301666944,94.37228,0.7069843554711979
513,C:\Users\joshy\OneDrive\Documents\Kravitz Lab\freezeData\\0318\20260317195901-b94.06-f10.png,2026-03-17 19:59:01,10.0,59.69518975275592,7.416999951479311,507.3867662844,93.901408,0.6390782034018507
514,C:\Users\joshy\OneDrive\Documents\Kravitz Lab\freezeData\\0318\20260317195920-b94.02-f0.png,2026-03-17 19:59:20,0.0,57.84108311402905,7.440287784934079,439.271480988096,93.849228,0.7457793976235911
515,C:\Users\joshy\OneDrive\Documents\Kravitz Lab\freezeData\\0318\20260317195939-b94.62-f2.png,2026-03-17 19:59:39,2.0,58.42145336871666,7.450365937866657,455.86493402686403,94.437308,0.8029685996663719
516,C:\Users\joshy\OneDrive\Documents\Kravitz Lab\freezeData\\0318\20260317195957-b94.84-f4.png,2026-03-17 19:59:57,4.0,58.81663599356563,7.450343868368771,411.3151427584,94.66498,0.8503025342211652
517,C:\Users\joshy\OneDrive\Documents\Kravitz Lab\freezeData\\0318\20260317200017-b94.40-f6.png,2026-03-17 20:00:17,6.0,59.15812250204822,7.4383279395255615,413.2580988016,94.235716,0.7824837498294639
518,C:\Users\joshy\OneDrive\Documents\Kravitz Lab\freezeData\\0318\20260317200036-b94.73-f8.png,2026-03-17 20:00:36,8.0,59.427021740896826,7.42839787521318,446.36222968159996,94.588176,0.7082238758663306
519,C:\Users\joshy\OneDrive\Documents\Kravitz Lab\freezeData\\0318\20260317200053-b94.07-f10.png,2026-03-17 20:00:53,10.0,59.7081270498868,7.4198865278739765,528.0737119507841,93.915524,0.637936815492466
520,C:\Users\joshy\OneDrive\Documents\Kravitz Lab\freezeData\\0318\20260317200113-b94.04-f0.png,2026-03-17 20:01:13,0.0,57.79939567616963,7.436087033955572,417.83808152806404,93.864828,0.7463037994081296
521,C:\Users\joshy\OneDrive\Documents\Kravitz Lab\freezeData\\0318\20260317200133-b94.44-f2.png,2026-03-17 20:01:33,2.0,58.401297970767736,7.451551635691728,447.60940842649603,94.26036,0.8011929699871567
522,C:\Users\joshy\OneDrive\Documents\Kravitz Lab\freezeData\\0318\20260317200152-b94.62-f4.png,2026-03-17 20:01:52,4.0,58.84765469305964,7.450671074158695,412.741876276224,94.439196,0.8498256692898463
523,C:\Users\joshy\OneDrive\Documents\Kravitz Lab\freezeData\\0318\20260317200210-b94.47-f6.png,2026-03-17 20:02:10,6.0,59.07954319531782,7.4425384510199475,419.732502449264,94.309024,0.7831197633167186
524,C:\Users\joshy\OneDrive\Documents\Kravitz Lab\freezeData\\0318\20260317200231-b94.26-f8.png,2026-03-17 20:02:31,8.0,59.454408572257925,7.430778509122971,435.7435409904,94.110532,0.705830735681532
525,C:\Users\joshy\OneDrive\Documents\Kravitz Lab\freezeData\\0318\20260317200250-b94.12-f10.png,2026-03-17 20:02:50,10.0,59.59043154607639,7.414045825932683,516.4708863559039,93.981128,0.6404032137446559
526,C:\Users\joshy\OneDrive\Documents\Kravitz Lab\freezeData\\0318\20260317200309-b93.98-f0.png,2026-03-17 20:03:09,0.0,57.97595117409507,7.443153409954477,449.9151239571039,93.823712,0.7470492997105114
527,C:\Users\joshy\OneDrive\Documents\Kravitz Lab\freezeData\\0318\20260317200327-b94.67-f2.png,2026-03-17 20:03:27,2.0,58.498077709051735,7.452368215562665,448.465947682544,94.499412,0.8018226081219914
528,C:\Users\joshy\OneDrive\Documents\Kravitz Lab\freezeData\\0318\20260317200346-b94.60-f4.png,2026-03-17 20:03:46,4.0,58.93614440040679,7.451356627024735,420.670023190976,94.43012,0.8513971454035036
529,C:\Users\joshy\OneDrive\Documents\Kravitz Lab\freezeData\\0318\20260317200405-b94.62-f6.png,2026-03-17 20:04:05,6.0,59.147758876807636,7.437499881744271,436.16417808537597,94.462532,0.7824741644534482
530,C:\Users\joshy\OneDrive\Documents\Kravitz Lab\freezeData\\0318\20260317200444-b94.11-f10.png,2026-03-17 20:04:44,10.0,59.67585062899517,7.416089709829695,513.585284613104,93.970816,0.6390509705329495
531,C:\Users\joshy\OneDrive\Documents\Kravitz Lab\freezeData\\0318\20260317200425-b94.48-f8.png,2026-03-17 20:04:25,8.0,59.434714989303146,7.432280234463685,445.071147641856,94.334452,0.7075554592594973
532,C:\Users\joshy\OneDrive\Documents\Kravitz Lab\freezeData\\0318\20260317200503-b94.00-f0.png,2026-03-17 20:05:03,0.0,57.87528873690739,7.440252723537393,439.667368115136,93.84514,0.7479222733547434
533,C:\Users\joshy\OneDrive\Documents\Kravitz Lab\freezeData\\0318\20260317200522-b94.66-f2.png,2026-03-17 20:05:22,2.0,58.37865941354652,7.4498743281370725,455.9047698876001,94.489556,0.8022684300388294
534,C:\Users\joshy\OneDrive\Documents\Kravitz Lab\freezeData\\0318\20260317200541-b94.56-f4.png,2026-03-17 20:05:41,4.0,58.77932047729371,7.4462431260251325,410.94290598910396,94.38326,0.8506641551512176
535,C:\Users\joshy\OneDrive\Documents\Kravitz Lab\freezeData\\0318\20260317200600-b94.80-f6.png,2026-03-17 20:06:00,6.0,59.238184481711315,7.443545252939305,432.55713195710393,94.642644,0.7841248290552556
536,C:\Users\joshy\OneDrive\Documents\Kravitz Lab\freezeData\\0318\20260317200619-b94.42-f8.png,2026-03-17 20:06:19,8.0,59.45251492339412,7.434055703988147,438.13056017969603,94.26906,0.7070406634035554
537,C:\Users\joshy\OneDrive\Documents\Kravitz Lab\freezeData\\0318\20260317200638-b94.06-f10.png,2026-03-17 20:06:38,10.0,59.54879393833262,7.416447482042403,517.698817084656,93.9143,0.6395636348851892
538,C:\Users\joshy\OneDrive\Documents\Kravitz Lab\freezeData\\0318\20260317200657-b94.18-f0.png,2026-03-17 20:06:57,0.0,57.9039998613932,7.439944763845683,439.2474550957441,94.014424,0.745238622111183
539,C:\Users\joshy\OneDrive\Documents\Kravitz Lab\freezeData\\0318\20260317200716-b94.72-f2.png,2026-03-17 20:07:16,2.0,58.55292713574699,7.450988337262282,436.141006165504,94.528352,0.8025809158206618
540,C:\Users\joshy\OneDrive\Documents\Kravitz Lab\freezeData\\0318\20260317200735-b94.79-f4.png,2026-03-17 20:07:35,4.0,58.84379658028479,7.45054474447567,420.594237987696,94.610508,0.8496169645588177
541,C:\Users\joshy\OneDrive\Documents\Kravitz Lab\freezeData\\0318\20260317200753-b94.54-f6.png,2026-03-17 20:07:53,6.0,59.24846765928193,7.445102495789316,426.30830708934394,94.371532,0.7833357129158126
542,C:\Users\joshy\OneDrive\Documents\Kravitz Lab\freezeData\\0318\20260317200815-b94.14-f8.png,2026-03-17 20:08:15,8.0,59.54796240745438,7.4304295755639735,441.553337315776,93.99698,0.7061902294039196
543,C:\Users\joshy\OneDrive\Documents\Kravitz Lab\freezeData\\0318\20260317200833-b93.91-f10.png,2026-03-17 20:08:33,10.0,59.6927940827723,7.417116998220476,521.4713553587039,93.759088,0.6393602665692306
544,C:\Users\joshy\OneDrive\Documents\Kravitz Lab\freezeData\\0318\20260317200852-b94.07-f0.png,2026-03-17 20:08:52,0.0,57.87587502494642,7.437147849036292,449.9879749284961,93.908972,0.7460254857278377
545,C:\Users\joshy\OneDrive\Documents\Kravitz Lab\freezeData\\0318\20260317200911-b94.55-f2.png,2026-03-17 20:09:11,2.0,58.3147917747744,7.451852367853328,445.33386117745596,94.365552,0.8018339337536691
546,C:\Users\joshy\OneDrive\Documents\Kravitz Lab\freezeData\\0318\20260317200930-b94.59-f4.png,2026-03-17 20:09:30,4.0,58.86677104836636,7.449806646607134,425.83286870999996,94.427596,0.8517544147285612
547,C:\Users\joshy\OneDrive\Documents\Kravitz Lab\freezeData\\0318\20260317200949-b94.71-f6.png,2026-03-17 20:09:49,6.0,59.21163670057014,7.444867960566065,434.30908258041603,94.547236,0.7850803233865128
548,C:\Users\joshy\OneDrive\Documents\Kravitz Lab\freezeData\\0318\20260317201008-b94.43-f8.png,2026-03-17 20:10:08,8.0,59.5141308208992,7.431647453242708,441.55113538839987,94.285336,0.7055669300367515
549,C:\Users\joshy\OneDrive\Documents\Kravitz Lab\freezeData\\0318\20260317201027-b94.17-f10.png,2026-03-17 20:10:27,10.0,59.75412027905878,7.416683953159949,491.23269453681604,94.022576,0.6397521650006747
550,C:\Users\joshy\OneDrive\Documents\Kravitz Lab\freezeData\\0318\20260317201047-b94.04-f0.png,2026-03-17 20:10:47,0.0,57.88781862051794,7.437129651894134,420.839524796144,93.861496,0.7477602677415404
551,C:\Users\joshy\OneDrive\Documents\Kravitz Lab\freezeData\\0318\20260317201124-b94.44-f4.png,2026-03-17 20:11:24,4.0,58.846924723443756,7.447270273646255,397.2928304147841,94.254312,0.8494352950836492
552,C:\Users\joshy\OneDrive\Documents\Kravitz Lab\freezeData\\0318\20260317201105-b94.47-f2.png,2026-03-17 20:11:05,2.0,58.3435910463501,7.449872602422045,440.94280413758395,94.286984,0.8011832129696682
553,C:\Users\joshy\OneDrive\Documents\Kravitz Lab\freezeData\\0318\20260317201143-b94.71-f6.png,2026-03-17 20:11:43,6.0,59.319610376527464,7.442632651881509,407.66307128241607,94.535676,0.7830419230181772
554,C:\Users\joshy\OneDrive\Documents\Kravitz Lab\freezeData\\0318\20260317201202-b94.23-f8.png,2026-03-17 20:12:02,8.0,59.51757291323483,7.430882738426062,438.51335609585607,94.068924,0.7063176246047087
555,C:\Users\joshy\OneDrive\Documents\Kravitz Lab\freezeData\\0318\20260317201220-b94.10-f10.png,2026-03-17 20:12:20,10.0,59.77410479177136,7.420921837991835,498.96934623422396,93.948344,0.6413574055378354
556,C:\Users\joshy\OneDrive\Documents\Kravitz Lab\freezeData\\0318\20260317201239-b94.26-f0.png,2026-03-17 20:12:39,0.0,57.883318670884655,7.441846937543293,436.4902808604161,94.089396,0.7458049800266301
557,C:\Users\joshy\OneDrive\Documents\Kravitz Lab\freezeData\\0318\20260317201258-b94.76-f2.png,2026-03-17 20:12:58,2.0,58.45453677949167,7.445526893858199,444.402774259184,94.583916,0.8030092435917702
558,C:\Users\joshy\OneDrive\Documents\Kravitz Lab\freezeData\\0318\20260317201318-b94.76-f4.png,2026-03-17 20:13:18,4.0,58.87307447305602,7.450298916141456,401.010765294016,94.5753,0.8510901936805025
559,C:\Users\joshy\OneDrive\Documents\Kravitz Lab\freezeData\\0318\20260317201337-b94.83-f6.png,2026-03-17 20:13:37,6.0,59.210573572815726,7.443564111552386,416.2077733435999,94.661224,0.7817971831931446
560,C:\Users\joshy\OneDrive\Documents\Kravitz Lab\freezeData\\0318\20260317201356-b94.48-f8.png,2026-03-17 20:13:56,8.0,59.51991579911665,7.435065224538961,439.4416304271359,94.311492,0.7071279957291152
561,C:\Users\joshy\OneDrive\Documents\Kravitz Lab\freezeData\\0318\20260317201414-b94.16-f10.png,2026-03-17 20:14:14,10.0,59.62822458519777,7.413818114037925,487.260283527104,93.999096,0.6394488606915656
562,C:\Users\joshy\OneDrive\Documents\Kravitz Lab\freezeData\\0318\20260317201434-b93.96-f0.png,2026-03-17 20:14:34,0.0,57.943775366981946,7.4404072428863115,429.4444961151361,93.775144,0.745801472809982
563,C:\Users\joshy\OneDrive\Documents\Kravitz Lab\freezeData\\0318\20260317201452-b94.42-f2.png,2026-03-17 20:14:52,2.0,58.3330734647334,7.448457091030873,449.11029935640005,94.238504,0.8010864877206741
564,C:\Users\joshy\OneDrive\Documents\Kravitz Lab\freezeData\\0318\20260317201511-b94.59-f4.png,2026-03-17 20:15:11,4.0,58.69868740681904,7.445838452117947,389.6063468796,94.396112,0.8510398468180036
565,C:\Users\joshy\OneDrive\Documents\Kravitz Lab\freezeData\\0318\20260317201530-b94.61-f6.png,2026-03-17 20:15:30,6.0,59.22900997824144,7.442324578172496,425.97158818969604,94.446624,0.7828129511697083
566,C:\Users\joshy\OneDrive\Documents\Kravitz Lab\freezeData\\0318\20260317201550-b94.29-f8.png,2026-03-17 20:15:50,8.0,59.562004033121646,7.431166703647467,443.2843922508641,94.13328,0.7059652874959467
567,C:\Users\joshy\OneDrive\Documents\Kravitz Lab\freezeData\\0318\20260317201608-b93.82-f10.png,2026-03-17 20:16:08,10.0,59.6640372846994,7.416251799997651,507.2959483744641,93.6817,0.6404076232878657
568,C:\Users\joshy\OneDrive\Documents\Kravitz Lab\freezeData\\0318\20260317201626-b94.36-f0.png,2026-03-17 20:16:26,0.0,57.97422740079126,7.441038361273584,442.79843794839996,94.183688,0.7462436621010875
569,C:\Users\joshy\OneDrive\Documents\Kravitz Lab\freezeData\\0318\20260317201645-b94.55-f2.png,2026-03-17 20:16:45,2.0,58.51545879823211,7.452043028658288,447.427258734064,94.36482,0.8017860413241985
570,C:\Users\joshy\OneDrive\Documents\Kravitz Lab\freezeData\\0318\20260317201704-b94.59-f4.png,2026-03-17 20:17:04,4.0,58.848966402331186,7.446450920967719,400.888278660864,94.408036,0.8499468438085285
571,C:\Users\joshy\OneDrive\Documents\Kravitz Lab\freezeData\\0318\20260317201742-b94.32-f8.png,2026-03-17 20:17:42,8.0,59.55482877029416,7.431789711410917,425.8940211296639,94.145788,0.7075962273876383
572,C:\Users\joshy\OneDrive\Documents\Kravitz Lab\freezeData\\0318\20260317201723-b94.76-f6.png,2026-03-17 20:17:23,6.0,59.11427996655644,7.436709414163972,415.2242957233759,94.586672,0.7826810430550445
573,C:\Users\joshy\OneDrive\Documents\Kravitz Lab\freezeData\\0318\20260317201801-b94.05-f10.png,2026-03-17 20:18:01,10.0,59.606230331051805,7.418780489343704,475.74939575422394,93.89096,0.6429090159112744
574,C:\Users\joshy\OneDrive\Documents\Kravitz Lab\freezeData\\0318\20260317201820-b94.11-f0.png,2026-03-17 20:18:20,0.0,57.910902109740135,7.439157971454411,438.22015255801597,93.944064,0.7481253436427754
575,C:\Users\joshy\OneDrive\Documents\Kravitz Lab\freezeData\\0318\20260317201840-b94.56-f2.png,2026-03-17 20:18:40,2.0,58.38587269123229,7.451932174379203,450.118438819824,94.384596,0.8026468830311723
576,C:\Users\joshy\OneDrive\Documents\Kravitz Lab\freezeData\\0318\20260317201858-b94.69-f4.png,2026-03-17 20:18:58,4.0,58.759634137168824,7.445074670300941,417.93139463640006,94.511492,0.851456691660979
577,C:\Users\joshy\OneDrive\Documents\Kravitz Lab\freezeData\\0318\20260317201917-b94.55-f6.png,2026-03-17 20:19:17,6.0,59.17061283926892,7.4384223331265,401.8317475056,94.372312,0.7850493836656348
578,C:\Users\joshy\OneDrive\Documents\Kravitz Lab\freezeData\\0318\20260317201936-b94.46-f8.png,2026-03-17 20:19:36,8.0,59.48819215638667,7.4279553237071925,449.67087754438404,94.299396,0.7043240829742408
579,C:\Users\joshy\OneDrive\Documents\Kravitz Lab\freezeData\\0318\20260317201955-b94.04-f10.png,2026-03-17 20:19:55,10.0,59.668734047961834,7.416376934070516,488.33349587225604,93.89056,0.6448650003791553
580,C:\Users\joshy\OneDrive\Documents\Kravitz Lab\freezeData\\0318\20260317202014-b94.19-f0.png,2026-03-17 20:20:14,0.0,57.851969541244,7.440569102596385,428.770967177584,94.009176,0.7474486839507737
581,C:\Users\joshy\OneDrive\Documents\Kravitz Lab\freezeData\\0318\20260317202033-b94.86-f2.png,2026-03-17 20:20:33,2.0,58.48920683873756,7.4564654332797895,450.61887468529596,94.679876,0.8037475935858669
582,C:\Users\joshy\OneDrive\Documents\Kravitz Lab\freezeData\\0318\20260317202109-b94.76-f6.png,2026-03-17 20:21:09,6.0,59.24281205874427,7.442179441279193,422.003702449264,94.592452,0.7850080455224985
583,C:\Users\joshy\OneDrive\Documents\Kravitz Lab\freezeData\\0318\20260317202051-b94.70-f4.png,2026-03-17 20:20:51,4.0,58.803200154069984,7.44860026564726,412.71796779750395,94.520872,0.8510138310269946
584,C:\Users\joshy\OneDrive\Documents\Kravitz Lab\freezeData\\0318\20260317202128-b94.50-f8.png,2026-03-17 20:21:28,8.0,59.56501560011212,7.431947324196557,439.401881025264,94.34172,0.705329952346986
585,C:\Users\joshy\OneDrive\Documents\Kravitz Lab\freezeData\\0318\20260317202146-b93.64-f10.png,2026-03-17 20:21:46,10.0,59.68436318408365,7.412742572372624,489.66066502526405,93.47652,0.6430309042783378
586,C:\Users\joshy\OneDrive\Documents\Kravitz Lab\freezeData\\0318\20260317202205-b94.17-f0.png,2026-03-17 20:22:05,0.0,57.885616716771224,7.442369948104591,452.95029940337594,94.015916,0.7459679295453179
587,C:\Users\joshy\OneDrive\Documents\Kravitz Lab\freezeData\\0318\20260317202224-b94.49-f2.png,2026-03-17 20:22:24,2.0,58.40697107400794,7.448846263214048,454.999641198336,94.3114,0.8015636443211256
588,C:\Users\joshy\OneDrive\Documents\Kravitz Lab\freezeData\\0318\20260317202243-b94.82-f4.png,2026-03-17 20:22:43,4.0,58.83699098139822,7.449714828120075,418.763895843264,94.635308,0.8516455111848495
589,C:\Users\joshy\OneDrive\Documents\Kravitz Lab\freezeData\\0318\20260317202301-b94.63-f6.png,2026-03-17 20:23:01,6.0,59.18374677772147,7.44003551625045,420.415430561776,94.450388,0.7830477271015461
590,C:\Users\joshy\OneDrive\Documents\Kravitz Lab\freezeData\\0318\20260317202320-b94.40-f8.png,2026-03-17 20:23:20,8.0,59.49414108209096,7.429934717600983,443.63915196542405,94.247016,0.7087608447329883
591,C:\Users\joshy\OneDrive\Documents\Kravitz Lab\freezeData\\0318\20260317202338-b93.91-f10.png,2026-03-17 20:23:38,10.0,59.70595708281042,7.4190682100746645,502.44979484000004,93.79016,0.6422756177031578
592,C:\Users\joshy\OneDrive\Documents\Kravitz Lab\freezeData\\0318\20260317202356-b93.87-f0.png,2026-03-17 20:23:56,0.0,58.02257345662344,7.440001708646301,448.89956042649595,93.712644,0.7448569269358016
593,C:\Users\joshy\OneDrive\Documents\Kravitz Lab\freezeData\\0318\20260317202416-b94.56-f2.png,2026-03-17 20:24:16,2.0,58.41995625829297,7.447762490001943,449.38180090310397,94.376944,0.8016482786524846
594,C:\Users\joshy\OneDrive\Documents\Kravitz Lab\freezeData\\0318\20260317202453-b94.91-f6.png,2026-03-17 20:24:53,6.0,59.31873426059137,7.446144823597355,432.20866473158407,94.748688,0.7822545778830015
595,C:\Users\joshy\OneDrive\Documents\Kravitz Lab\freezeData\\0318\20260317202435-b94.70-f4.png,2026-03-17 20:24:35,4.0,58.77690831337776,7.446169758497491,424.7770816316001,94.520028,0.8499953350160115
596,C:\Users\joshy\OneDrive\Documents\Kravitz Lab\freezeData\\0318\20260317202512-b94.13-f8.png,2026-03-17 20:25:12,8.0,59.49471491628143,7.428783298378918,435.748150494144,93.96952,0.7071042172677906
597,C:\Users\joshy\OneDrive\Documents\Kravitz Lab\freezeData\\0318\20260317202530-b93.73-f10.png,2026-03-17 20:25:30,10.0,59.75604590606322,7.415136895244338,507.20363786745605,93.596092,0.6431358717883753
598,C:\Users\joshy\OneDrive\Documents\Kravitz Lab\freezeData\\0318\20260317202549-b94.20-f0.png,2026-03-17 20:25:49,0.0,57.99591213328277,7.441718886141656,441.509126783344,94.040888,0.7493557136120079
599,C:\Users\joshy\OneDrive\Documents\Kravitz Lab\freezeData\\0318\20260317202607-b94.62-f2.png,2026-03-17 20:26:07,2.0,58.32733968573379,7.448735626716607,452.513780536176,94.456032,0.8021261530342986
600,C:\Users\joshy\OneDrive\Documents\Kravitz Lab\freezeData\\0318\20260317202627-b94.53-f4.png,2026-03-17 20:26:27,4.0,58.83273420828564,7.448309245324779,413.029314290544,94.345904,0.8506309764257522
601,C:\Users\joshy\OneDrive\Documents\Kravitz Lab\freezeData\\0318\20260317202646-b94.61-f6.png,2026-03-17 20:26:46,6.0,59.253286621699424,7.442867561201082,432.80264323014404,94.450356,0.7852931630593759
602,C:\Users\joshy\OneDrive\Documents\Kravitz Lab\freezeData\\0318\20260317202704-b94.61-f8.png,2026-03-17 20:27:04,8.0,59.54972839206856,7.432309341291601,435.87555775001596,94.453692,0.7059276098442611
603,C:\Users\joshy\OneDrive\Documents\Kravitz Lab\freezeData\\0318\20260317202723-b93.87-f10.png,2026-03-17 20:27:23,10.0,59.66770689025158,7.413509379149747,502.63216164734393,93.715468,0.639851799226162
604,C:\Users\joshy\OneDrive\Documents\Kravitz Lab\freezeData\\0318\20260317202741-b94.07-f0.png,2026-03-17 20:27:41,0.0,57.84686847563785,7.439752425026858,426.67334654310406,93.896484,0.7467137253194208
605,C:\Users\joshy\OneDrive\Documents\Kravitz Lab\freezeData\\0318\20260317202800-b94.49-f2.png,2026-03-17 20:28:00,2.0,58.435831465379394,7.4497776549340315,469.63822524000005,94.322076,0.8019026016997987
606,C:\Users\joshy\OneDrive\Documents\Kravitz Lab\freezeData\\0318\20260317202818-b94.25-f4.png,2026-03-17 20:28:18,4.0,58.72160259033318,7.443493480659416,415.995160204736,94.078824,0.8512112652945087
607,C:\Users\joshy\OneDrive\Documents\Kravitz Lab\freezeData\\0318\20260317202837-b94.33-f6.png,2026-03-17 20:28:37,6.0,59.285157015603694,7.444203683694386,423.3513420268641,94.159404,0.7840122011844899
608,C:\Users\joshy\OneDrive\Documents\Kravitz Lab\freezeData\\0318\20260317202855-b94.35-f8.png,2026-03-17 20:28:55,8.0,59.43502178806014,7.430274104585745,452.52758035006406,94.188396,0.7078918977415084
609,C:\Users\joshy\OneDrive\Documents\Kravitz Lab\freezeData\\0318\20260317202914-b93.94-f10.png,2026-03-17 20:29:14,10.0,59.72675991370555,7.414378287495991,486.25216141849603,93.792476,0.6417237385291426
610,C:\Users\joshy\OneDrive\Documents\Kravitz Lab\freezeData\\0318\20260317202933-b93.92-f0.png,2026-03-17 20:29:33,0.0,57.88720526286962,7.438694036833973,449.598870065904,93.75888,0.7477745971436763
611,C:\Users\joshy\OneDrive\Documents\Kravitz Lab\freezeData\\0318\20260317202952-b94.83-f2.png,2026-03-17 20:29:52,2.0,58.4297696955898,7.450666766746426,460.2976090725761,94.658156,0.8022374957471953
612,C:\Users\joshy\OneDrive\Documents\Kravitz Lab\freezeData\\0318\20260317203011-b94.75-f4.png,2026-03-17 20:30:11,4.0,58.7922384169116,7.446622844252601,398.3040268796,94.577032,0.849236611251262
613,C:\Users\joshy\OneDrive\Documents\Kravitz Lab\freezeData\\0318\20260317203029-b94.56-f6.png,2026-03-17 20:30:29,6.0,59.13901691913385,7.439949138253729,431.5776429824,94.40372,0.7855349131147772
614,C:\Users\joshy\OneDrive\Documents\Kravitz Lab\freezeData\\0318\20260317203049-b94.53-f8.png,2026-03-17 20:30:49,8.0,59.441502173658975,7.431069548793575,444.38509278054397,94.370836,0.7083222475896894
615,C:\Users\joshy\OneDrive\Documents\Kravitz Lab\freezeData\\0318\20260317203107-b94.11-f10.png,2026-03-17 20:31:07,10.0,59.6727008473216,7.414502983985949,493.27506953240004,93.958508,0.6411827678730468
616,C:\Users\joshy\OneDrive\Documents\Kravitz Lab\freezeData\\0318\20260317203125-b94.15-f0.png,2026-03-17 20:31:25,0.0,58.04538109846123,7.440739407080339,430.0183650092641,93.98812,0.7469511332918554
617,C:\Users\joshy\OneDrive\Documents\Kravitz Lab\freezeData\\0318\20260317203143-b94.60-f2.png,2026-03-17 20:31:43,2.0,58.44277308935859,7.450269812916456,444.88039216,94.405588,0.8023459796015555
618,C:\Users\joshy\OneDrive\Documents\Kravitz Lab\freezeData\\0318\20260317203202-b94.62-f4.png,2026-03-17 20:32:02,4.0,58.841744427951824,7.448280324002164,421.66171554353593,94.45766,0.851610780301988
619,C:\Users\joshy\OneDrive\Documents\Kravitz Lab\freezeData\\0318\20260317203221-b94.34-f6.png,2026-03-17 20:32:21,6.0,59.14250832387872,7.435143581115877,414.655701384816,94.171456,0.7859593570794783
620,C:\Users\joshy\OneDrive\Documents\Kravitz Lab\freezeData\\0318\20260317203240-b94.42-f8.png,2026-03-17 20:32:40,8.0,59.56428458685342,7.4292053093177985,450.6600064941439,94.263844,0.705587706673663
621,C:\Users\joshy\OneDrive\Documents\Kravitz Lab\freezeData\\0318\20260317203258-b94.18-f10.png,2026-03-17 20:32:58,10.0,59.73781221222204,7.4159245473595545,513.2756917139839,94.043036,0.6395782008831054
622,C:\Users\joshy\OneDrive\Documents\Kravitz Lab\freezeData\\0318\20260317203318-b93.96-f0.png,2026-03-17 20:33:18,0.0,57.84753596272187,7.430585798133795,431.19609796806395,93.78804,0.748406790632921
623,C:\Users\joshy\OneDrive\Documents\Kravitz Lab\freezeData\\0318\20260317203337-b94.43-f2.png,2026-03-17 20:33:37,2.0,58.41442482685372,7.449736900526302,444.3112699089761,94.239316,0.8034841992967324
624,C:\Users\joshy\OneDrive\Documents\Kravitz Lab\freezeData\\0318\20260317203356-b94.70-f4.png,2026-03-17 20:33:56,4.0,58.790477738215394,7.44972598352567,424.917150414784,94.52682,0.852514887517298
625,C:\Users\joshy\OneDrive\Documents\Kravitz Lab\freezeData\\0318\20260317203415-b94.64-f6.png,2026-03-17 20:34:15,6.0,59.20030977420304,7.444095271507777,421.21379048689596,94.47372,0.783917282566443
626,C:\Users\joshy\OneDrive\Documents\Kravitz Lab\freezeData\\0318\20260317203435-b94.55-f8.png,2026-03-17 20:34:35,8.0,59.50371675462352,7.430710818042366,445.81744044486396,94.389744,0.7071756360902901
627,C:\Users\joshy\OneDrive\Documents\Kravitz Lab\freezeData\\0318\20260317203454-b93.90-f10.png,2026-03-17 20:34:54,10.0,59.730223517997985,7.4173443174718,496.73172875160003,93.7557,0.6442519164244521
628,C:\Users\joshy\OneDrive\Documents\Kravitz Lab\freezeData\\0318\20260317203514-b94.03-f0.png,2026-03-17 20:35:14,0.0,57.83545587649098,7.4349676325467495,430.404462373616,93.862408,0.7457336749984964
629,C:\Users\joshy\OneDrive\Documents\Kravitz Lab\freezeData\\0318\20260317203532-b94.81-f2.png,2026-03-17 20:35:32,2.0,58.40782478347147,7.453131603735835,458.43810629054406,94.641464,0.8031874494500105
630,C:\Users\joshy\OneDrive\Documents\Kravitz Lab\freezeData\\0318\20260317203551-b94.71-f4.png,2026-03-17 20:35:51,4.0,58.70614119880256,7.445572331621504,414.144148623344,94.540516,0.8503031800660839
631,C:\Users\joshy\OneDrive\Documents\Kravitz Lab\freezeData\\0318\20260317203610-b94.53-f6.png,2026-03-17 20:36:10,6.0,59.21848734142405,7.435357709551598,420.4406270893441,94.36044,0.7850457934738654
632,C:\Users\joshy\OneDrive\Documents\Kravitz Lab\freezeData\\0318\20260317203630-b94.42-f8.png,2026-03-17 20:36:30,8.0,59.465517415595535,7.428172156630228,457.77298071033607,94.266748,0.706098922390747
633,C:\Users\joshy\OneDrive\Documents\Kravitz Lab\freezeData\\0318\20260317203648-b93.87-f10.png,2026-03-17 20:36:48,10.0,59.64918093041224,7.414420976890316,489.70262661862404,93.726712,0.6447285367547203
634,C:\Users\joshy\OneDrive\Documents\Kravitz Lab\freezeData\\0318\20260317203706-b93.97-f0.png,2026-03-17 20:37:06,0.0,57.93722597344004,7.437982971357976,440.68073715654396,93.802388,0.7456901362473826
635,C:\Users\joshy\OneDrive\Documents\Kravitz Lab\freezeData\\0318\20260317203744-b94.77-f4.png,2026-03-17 20:37:44,4.0,58.84441524528614,7.451138042394169,408.3226414764639,94.581844,0.8502029733350049
636,C:\Users\joshy\OneDrive\Documents\Kravitz Lab\freezeData\\0318\20260317203726-b94.78-f2.png,2026-03-17 20:37:26,2.0,58.4011637431995,7.451181344286777,455.9494240250239,94.6012,0.8021815132030147
637,C:\Users\joshy\OneDrive\Documents\Kravitz Lab\freezeData\\0318\20260317203802-b94.62-f6.png,2026-03-17 20:38:02,6.0,59.22484915745026,7.442933757728041,432.57498198769594,94.461708,0.7846010888875954
638,C:\Users\joshy\OneDrive\Documents\Kravitz Lab\freezeData\\0318\20260317203820-b94.37-f8.png,2026-03-17 20:38:20,8.0,59.5441187514409,7.435631566490684,453.90154928510395,94.227952,0.7040892408195032
639,C:\Users\joshy\OneDrive\Documents\Kravitz Lab\freezeData\\0318\20260317203840-b93.99-f10.png,2026-03-17 20:38:40,10.0,59.647515390332764,7.40988138087607,495.26223939839997,93.845004,0.6449306749584078
640,C:\Users\joshy\OneDrive\Documents\Kravitz Lab\freezeData\\0318\20260317203858-b94.01-f0.png,2026-03-17 20:38:58,0.0,57.79421265270134,7.437508431963896,454.163158373616,93.847344,0.7475023835061827
641,C:\Users\joshy\OneDrive\Documents\Kravitz Lab\freezeData\\0318\20260317203916-b94.41-f2.png,2026-03-17 20:39:16,2.0,58.38948470454371,7.448294756556124,447.81880051430403,94.228184,0.8035936533233469
642,C:\Users\joshy\OneDrive\Documents\Kravitz Lab\freezeData\\0318\20260317203935-b94.69-f4.png,2026-03-17 20:39:35,4.0,58.80331544078663,7.451674736552745,428.2604360476001,94.511188,0.8518031542267958
643,C:\Users\joshy\OneDrive\Documents\Kravitz Lab\freezeData\\0318\20260317203954-b94.54-f6.png,2026-03-17 20:39:54,6.0,59.172678187894924,7.442397280867517,432.8369778495999,94.374732,0.7847049350128895
644,C:\Users\joshy\OneDrive\Documents\Kravitz Lab\freezeData\\0318\20260317204012-b94.65-f8.png,2026-03-17 20:40:12,8.0,59.51444352042284,7.435910466498017,428.17215350999993,94.48112,0.7066767505686339
645,C:\Users\joshy\OneDrive\Documents\Kravitz Lab\freezeData\\0318\20260317204033-b94.23-f10.png,2026-03-17 20:40:33,10.0,59.68187997390042,7.41667315975711,492.903631079936,94.089212,0.6426616194934811
646,C:\Users\joshy\OneDrive\Documents\Kravitz Lab\freezeData\\0318\20260317204051-b93.89-f0.png,2026-03-17 20:40:51,0.0,57.89856593720726,7.442759790711339,437.28310154840005,93.729692,0.746677127633192
647,C:\Users\joshy\OneDrive\Documents\Kravitz Lab\freezeData\\0318\20260317204109-b94.99-f2.png,2026-03-17 20:41:09,2.0,58.42543577683953,7.456783401013532,451.1144059483999,94.81692,0.8022881815211156
648,C:\Users\joshy\OneDrive\Documents\Kravitz Lab\freezeData\\0318\20260317204129-b94.94-f4.png,2026-03-17 20:41:29,4.0,58.83904392561987,7.449967524964298,409.60681355417603,94.755824,0.8503975709260531
649,C:\Users\joshy\OneDrive\Documents\Kravitz Lab\freezeData\\0318\20260317204148-b94.50-f6.png,2026-03-17 20:41:48,6.0,59.150775828453035,7.440259014529098,421.2649477399039,94.328936,0.7841314162270223
650,C:\Users\joshy\OneDrive\Documents\Kravitz Lab\freezeData\\0318\20260317204207-b94.45-f8.png,2026-03-17 20:42:07,8.0,59.52082574705482,7.432616528948553,435.184517129664,94.286144,0.7051706847503837
651,C:\Users\joshy\OneDrive\Documents\Kravitz Lab\freezeData\\0318\20260317204226-b94.13-f10.png,2026-03-17 20:42:26,10.0,59.77501605347023,7.411037921453416,490.91079241926394,93.979124,0.6443377849199867
652,C:\Users\joshy\OneDrive\Documents\Kravitz Lab\freezeData\\0318\20260317204246-b94.09-f0.png,2026-03-17 20:42:46,0.0,57.80079134691829,7.441403493177037,440.9880736496,93.927504,0.7481810239564914
653,C:\Users\joshy\OneDrive\Documents\Kravitz Lab\freezeData\\0318\20260317204305-b94.60-f2.png,2026-03-17 20:43:05,2.0,58.37310816030272,7.450665341967881,462.81114477465604,94.42584,0.8019803055537995
654,C:\Users\joshy\OneDrive\Documents\Kravitz Lab\freezeData\\0318\20260317204323-b94.73-f4.png,2026-03-17 20:43:23,4.0,58.78321788226555,7.445814836921658,418.2636667340639,94.553436,0.8516271655983785
655,C:\Users\joshy\OneDrive\Documents\Kravitz Lab\freezeData\\0318\20260317204342-b94.57-f6.png,2026-03-17 20:43:42,6.0,59.235711926344436,7.44165015813932,430.307538468096,94.398056,0.7840213472187697
656,C:\Users\joshy\OneDrive\Documents\Kravitz Lab\freezeData\\0318\20260317204402-b94.50-f8.png,2026-03-17 20:44:02,8.0,59.51692069448486,7.425965496514758,441.070081784176,94.34408,0.7082759365940235
657,C:\Users\joshy\OneDrive\Documents\Kravitz Lab\freezeData\\0318\20260317204420-b94.10-f10.png,2026-03-17 20:44:20,10.0,59.6768453213271,7.417157934478952,504.59887806014393,93.95212,0.6393051033781519
658,C:\Users\joshy\OneDrive\Documents\Kravitz Lab\freezeData\\0318\20260317204440-b94.09-f0.png,2026-03-17 20:44:40,0.0,57.93248602036422,7.438777722005826,435.06055846425596,93.924452,0.7484492776062385
659,C:\Users\joshy\OneDrive\Documents\Kravitz Lab\freezeData\\0318\20260317204459-b94.12-f2.png,2026-03-17 20:44:59,2.0,58.35397206606714,7.445519481612029,462.54960002502395,93.949284,0.8016382086546018
660,C:\Users\joshy\OneDrive\Documents\Kravitz Lab\freezeData\\0318\20260317204517-b94.74-f4.png,2026-03-17 20:45:17,4.0,58.820220989506524,7.445717295014933,398.90992422705597,94.561796,0.8523527096766974
661,C:\Users\joshy\OneDrive\Documents\Kravitz Lab\freezeData\\0318\20260317204535-b94.75-f6.png,2026-03-17 20:45:35,6.0,59.23157446753885,7.443106515062605,435.15326515654397,94.58842,0.7819515742791722
662,C:\Users\joshy\OneDrive\Documents\Kravitz Lab\freezeData\\0318\20260317204554-b94.36-f8.png,2026-03-17 20:45:54,8.0,59.45038605930481,7.427607100599844,442.692571646064,94.213704,0.7080447087591688
663,C:\Users\joshy\OneDrive\Documents\Kravitz Lab\freezeData\\0318\20260317204612-b94.16-f10.png,2026-03-17 20:46:12,10.0,59.79145702533431,7.4188401683814655,484.8587877139839,94.01126,0.6414422116854865
664,C:\Users\joshy\OneDrive\Documents\Kravitz Lab\freezeData\\0318\20260317204630-b94.21-f0.png,2026-03-17 20:46:30,0.0,57.90121176105385,7.4392173884800386,452.55634978993595,94.04504,0.7450703977981664
665,C:\Users\joshy\OneDrive\Documents\Kravitz Lab\freezeData\\0318\20260317204650-b94.24-f2.png,2026-03-17 20:46:50,2.0,58.38095083919768,7.449613440378452,462.18988842649605,94.063428,0.8022596836396585
666,C:\Users\joshy\OneDrive\Documents\Kravitz Lab\freezeData\\0318\20260317204707-b94.56-f4.png,2026-03-17 20:47:07,4.0,58.828815515489545,7.44416835862476,402.886346782704,94.379364,0.8519987108666172
667,C:\Users\joshy\OneDrive\Documents\Kravitz Lab\freezeData\\0318\20260317204745-b94.56-f8.png,2026-03-17 20:47:45,8.0,59.52878923945542,7.431297134992869,433.679499497216,94.384364,0.7080695978161048
668,C:\Users\joshy\OneDrive\Documents\Kravitz Lab\freezeData\\0318\20260317204727-b94.73-f6.png,2026-03-17 20:47:27,6.0,59.30486759669483,7.440087100752716,412.05670600729604,94.564864,0.7826389155839464
669,C:\Users\joshy\OneDrive\Documents\Kravitz Lab\freezeData\\0318\20260317204803-b93.91-f10.png,2026-03-17 20:48:03,10.0,59.67358630273921,7.4156633605170725,493.97556667897607,93.767256,0.642399168979779
670,C:\Users\joshy\OneDrive\Documents\Kravitz Lab\freezeData\\0318\20260317204823-b94.54-f0.png,2026-03-17 20:48:23,0.0,57.973530422521755,7.44180836793477,438.99708359,94.371212,0.746911587884076
671,C:\Users\joshy\OneDrive\Documents\Kravitz Lab\freezeData\\0318\20260317204842-b94.63-f2.png,2026-03-17 20:48:42,2.0,58.44506629710248,7.448216067265171,455.049395543536,94.454464,0.8033167244910898
672,C:\Users\joshy\OneDrive\Documents\Kravitz Lab\freezeData\\0318\20260317204900-b94.76-f4.png,2026-03-17 20:49:00,4.0,58.883049959832626,7.448756484847329,424.08620968305604,94.595684,0.8532296641508539
673,C:\Users\joshy\OneDrive\Documents\Kravitz Lab\freezeData\\0318\20260317204919-b94.42-f6.png,2026-03-17 20:49:19,6.0,59.103226842457396,7.438914537403274,424.13183871,94.252968,0.7839970988989803
674,C:\Users\joshy\OneDrive\Documents\Kravitz Lab\freezeData\\0318\20260317204938-b94.48-f8.png,2026-03-17 20:49:38,8.0,59.52382224685831,7.431726398449621,447.48117663360006,94.329304,0.7077186109966406
675,C:\Users\joshy\OneDrive\Documents\Kravitz Lab\freezeData\\0318\20260317205016-b94.15-f0.png,2026-03-17 20:50:16,0.0,58.04497474516725,7.436927573010529,437.828825729984,93.989664,0.7454366132365874
676,C:\Users\joshy\OneDrive\Documents\Kravitz Lab\freezeData\\0318\20260317204956-b93.99-f10.png,2026-03-17 20:49:56,10.0,59.56893029270222,7.415301638632505,512.8741593883999,93.850428,0.6412372375387759
677,C:\Users\joshy\OneDrive\Documents\Kravitz Lab\freezeData\\0318\20260317205035-b94.60-f2.png,2026-03-17 20:50:35,2.0,58.48148328679757,7.455026061873367,468.14241195710395,94.427996,0.8015947331551698
678,C:\Users\joshy\OneDrive\Documents\Kravitz Lab\freezeData\\0318\20260317205054-b94.75-f4.png,2026-03-17 20:50:54,4.0,58.80607704950828,7.4503013620338585,422.0609902656,94.580536,0.8529966870698342
679,C:\Users\joshy\OneDrive\Documents\Kravitz Lab\freezeData\\0318\20260317205112-b94.90-f6.png,2026-03-17 20:51:12,6.0,59.200297037891424,7.440802391570091,413.108537528064,94.722132,0.7815360530486316
680,C:\Users\joshy\OneDrive\Documents\Kravitz Lab\freezeData\\0318\20260317205132-b94.54-f8.png,2026-03-17 20:51:32,8.0,59.62640561093664,7.433155213060716,436.82455876089597,94.379992,0.7085052287831686
681,C:\Users\joshy\OneDrive\Documents\Kravitz Lab\freezeData\\0318\20260317205150-b94.27-f10.png,2026-03-17 20:51:50,10.0,59.69253472274589,7.4227934138861915,487.20900990833604,94.115924,0.6426081157513764
682,C:\Users\joshy\OneDrive\Documents\Kravitz Lab\freezeData\\0318\20260317205209-b94.06-f0.png,2026-03-17 20:52:09,0.0,57.92434417330676,7.441539963062356,450.26797677465606,93.897452,0.7490426793551519
683,C:\Users\joshy\OneDrive\Documents\Kravitz Lab\freezeData\\0318\20260317205229-b94.80-f2.png,2026-03-17 20:52:29,2.0,58.473426452106054,7.454300884281736,467.24097744640005,94.637488,0.8012083863565065
684,C:\Users\joshy\OneDrive\Documents\Kravitz Lab\freezeData\\0318\20260317205247-b94.57-f4.png,2026-03-17 20:52:47,4.0,58.80818682474351,7.4468245759722755,414.21736998910404,94.383508,0.8533343774305971
685,C:\Users\joshy\OneDrive\Documents\Kravitz Lab\freezeData\\0318\20260317205306-b94.76-f6.png,2026-03-17 20:53:06,6.0,59.14790347510769,7.443575636717496,437.76297076505597,94.589188,0.7828085168425652
686,C:\Users\joshy\OneDrive\Documents\Kravitz Lab\freezeData\\0318\20260317205326-b94.65-f8.png,2026-03-17 20:53:26,8.0,59.481047959770976,7.430235984479542,453.188633802176,94.497632,0.7047354988173559
687,C:\Users\joshy\OneDrive\Documents\Kravitz Lab\freezeData\\0318\20260317205345-b94.18-f10.png,2026-03-17 20:53:45,10.0,59.68182507291894,7.417970475807211,495.77686749721585,94.024248,0.6448032778647874
688,C:\Users\joshy\OneDrive\Documents\Kravitz Lab\freezeData\\0318\20260317205404-b94.07-f0.png,2026-03-17 20:54:04,0.0,57.85116165443194,7.438379988067825,442.51811786942403,93.897028,0.7452320401755633
689,C:\Users\joshy\OneDrive\Documents\Kravitz Lab\freezeData\\0318\20260317205424-b94.74-f2.png,2026-03-17 20:54:24,2.0,58.41237848498607,7.450312315049845,449.1818069037439,94.550356,0.8032105090510043
690,C:\Users\joshy\OneDrive\Documents\Kravitz Lab\freezeData\\0318\20260317205443-b95.00-f4.png,2026-03-17 20:54:43,4.0,58.79637277930726,7.4479663833036795,418.924700796144,94.822856,0.8521514795072286
691,C:\Users\joshy\OneDrive\Documents\Kravitz Lab\freezeData\\0318\20260317205502-b94.96-f6.png,2026-03-17 20:55:02,6.0,59.17759570485627,7.437417231257496,438.508606561776,94.804024,0.7817593355644572
692,C:\Users\joshy\OneDrive\Documents\Kravitz Lab\freezeData\\0318\20260317205522-b94.42-f8.png,2026-03-17 20:55:22,8.0,59.48173139978479,7.429250866581453,448.6383921796961,94.262316,0.7069755292548682
693,C:\Users\joshy\OneDrive\Documents\Kravitz Lab\freezeData\\0318\20260317205540-b94.05-f10.png,2026-03-17 20:55:40,10.0,59.56819786234074,7.414830595631468,511.75009458161605,93.913032,0.6423216668791446
694,C:\Users\joshy\OneDrive\Documents\Kravitz Lab\freezeData\\0318\20260317205619-b94.62-f2.png,2026-03-17 20:56:19,2.0,58.21421554574986,7.4492731466478315,459.4330945244,94.443676,0.8022977334322677
695,C:\Users\joshy\OneDrive\Documents\Kravitz Lab\freezeData\\0318\20260317205559-b93.65-f0.png,2026-03-17 20:55:59,0.0,57.95322121429441,7.441336905238811,452.5052159343999,93.464916,0.7460278994379901
696,C:\Users\joshy\OneDrive\Documents\Kravitz Lab\freezeData\\0318\20260317205637-b94.81-f4.png,2026-03-17 20:56:37,4.0,58.814054748549886,7.449361848635505,415.0034136573439,94.629476,0.8521959902657037
697,C:\Users\joshy\OneDrive\Documents\Kravitz Lab\freezeData\\0318\20260317205655-b94.83-f6.png,2026-03-17 20:56:55,6.0,59.179282693190665,7.439937171668945,436.30651822078397,94.680632,0.7835708077902683
698,C:\Users\joshy\OneDrive\Documents\Kravitz Lab\freezeData\\0318\20260317205714-b94.57-f8.png,2026-03-17 20:57:14,8.0,59.527077975339054,7.42950088991975,428.299489920496,94.401148,0.705332380138776
699,C:\Users\joshy\OneDrive\Documents\Kravitz Lab\freezeData\\0318\20260317205733-b94.24-f10.png,2026-03-17 20:57:33,10.0,59.66414262004944,7.420142365215861,487.286299832944,94.08512,0.6423315027992255
700,C:\Users\joshy\OneDrive\Documents\Kravitz Lab\freezeData\\0318\20260317205751-b94.20-f0.png,2026-03-17 20:57:51,0.0,57.92384605393588,7.444661486896418,428.68457012422414,94.023544,0.7473091983503671
701,C:\Users\joshy\OneDrive\Documents\Kravitz Lab\freezeData\\0318\20260317205810-b94.65-f2.png,2026-03-17 20:58:10,2.0,58.30659972826061,7.44811780804724,446.4856243824,94.48222,0.8050925341840263
702,C:\Users\joshy\OneDrive\Documents\Kravitz Lab\freezeData\\0318\20260317205829-b94.64-f4.png,2026-03-17 20:58:29,4.0,58.78822523088364,7.44659516764369,428.210322488944,94.467164,0.8517565226935129
703,C:\Users\joshy\OneDrive\Documents\Kravitz Lab\freezeData\\0318\20260317205848-b94.78-f6.png,2026-03-17 20:58:48,6.0,59.17466160029984,7.439781817876642,438.539176570096,94.6257,0.7835552075415407
704,C:\Users\joshy\OneDrive\Documents\Kravitz Lab\freezeData\\0318\20260317205907-b94.38-f8.png,2026-03-17 20:59:07,8.0,59.31298326287438,7.427654345435273,450.1628209205761,94.236272,0.7056396445797091
705,C:\Users\joshy\OneDrive\Documents\Kravitz Lab\freezeData\\0318\20260317205926-b94.04-f10.png,2026-03-17 20:59:26,10.0,59.66813651904527,7.4195063064492714,507.04393394918395,93.903024,0.6423783337681833
706,C:\Users\joshy\OneDrive\Documents\Kravitz Lab\freezeData\\0318\20260317205944-b94.04-f0.png,2026-03-17 20:59:44,0.0,57.907148039917004,7.439272250333828,441.5477013436,93.884944,0.7476794551805229
707,C:\Users\joshy\OneDrive\Documents\Kravitz Lab\freezeData\\0318\20260317210003-b94.65-f2.png,2026-03-17 21:00:03,2.0,58.378025699288735,7.4466450395210915,447.7049046883838,94.482928,0.8024583653208622
708,C:\Users\joshy\OneDrive\Documents\Kravitz Lab\freezeData\\0318\20260317210022-b94.51-f4.png,2026-03-17 21:00:22,4.0,58.73401695772439,7.446027465064251,407.50272188760005,94.339588,0.8533509642794587
709,C:\Users\joshy\OneDrive\Documents\Kravitz Lab\freezeData\\0318\20260317210041-b94.89-f6.png,2026-03-17 21:00:41,6.0,59.214944429467664,7.442563176403725,402.85988462334404,94.718916,0.7852405444680727
710,C:\Users\joshy\OneDrive\Documents\Kravitz Lab\freezeData\\0318\20260317210100-b94.40-f8.png,2026-03-17 21:01:00,8.0,59.35390898334916,7.427657445937399,423.346499386224,94.251548,0.7093522822578968
711,C:\Users\joshy\OneDrive\Documents\Kravitz Lab\freezeData\\0318\20260317210120-b94.27-f10.png,2026-03-17 21:01:20,10.0,59.663264864256156,7.419997996091526,473.38018087673595,94.112204,0.6411840581109282
712,C:\Users\joshy\OneDrive\Documents\Kravitz Lab\freezeData\\0318\20260317210138-b93.90-f0.png,2026-03-17 21:01:38,0.0,57.870081804231106,7.436437254411776,425.233883309296,93.72154,0.7457105117513125
713,C:\Users\joshy\OneDrive\Documents\Kravitz Lab\freezeData\\0318\20260317210158-b94.62-f2.png,2026-03-17 21:01:58,2.0,58.31890418536151,7.449385700892518,441.05973901817595,94.438432,0.8028985551075508
714,C:\Users\joshy\OneDrive\Documents\Kravitz Lab\freezeData\\0318\20260317210216-b94.80-f4.png,2026-03-17 21:02:16,4.0,58.790674999359005,7.445294188999112,397.4724498876001,94.612912,0.8532216284174314
715,C:\Users\joshy\OneDrive\Documents\Kravitz Lab\freezeData\\0318\20260317210235-b94.78-f6.png,2026-03-17 21:02:35,6.0,59.15057145483225,7.442298702897256,420.62646303601605,94.601472,0.785262997158256
716,C:\Users\joshy\OneDrive\Documents\Kravitz Lab\freezeData\\0318\20260317210255-b94.44-f8.png,2026-03-17 21:02:55,8.0,59.35161154721728,7.428564276657227,442.53144074545605,94.270168,0.7057178583471702
717,C:\Users\joshy\OneDrive\Documents\Kravitz Lab\freezeData\\0318\20260317210313-b94.15-f10.png,2026-03-17 21:03:13,10.0,59.69261845607593,7.415491649201403,468.371269456896,93.990312,0.6429730904813519
718,C:\Users\joshy\OneDrive\Documents\Kravitz Lab\freezeData\\0318\20260317210332-b93.78-f0.png,2026-03-17 21:03:32,0.0,57.745728906563606,7.431876076831326,428.36353995710397,93.605608,0.7462107133620444
719,C:\Users\joshy\OneDrive\Documents\Kravitz Lab\freezeData\\0318\20260317210352-b94.53-f2.png,2026-03-17 21:03:52,2.0,58.44106918558572,7.446579990960068,451.6063915667839,94.335828,0.8027263122007788
720,C:\Users\joshy\OneDrive\Documents\Kravitz Lab\freezeData\\0318\20260317210410-b94.86-f4.png,2026-03-17 21:04:10,4.0,58.89850738024576,7.448958575664825,396.27675818225606,94.673056,0.8514418959167794
721,C:\Users\joshy\OneDrive\Documents\Kravitz Lab\freezeData\\0318\20260317210428-b94.75-f6.png,2026-03-17 21:04:28,6.0,59.197106316067305,7.439209850367817,419.374842691584,94.583832,0.7858372689103518
722,C:\Users\joshy\OneDrive\Documents\Kravitz Lab\freezeData\\0318\20260317210448-b94.34-f8.png,2026-03-17 21:04:48,8.0,59.38757296523763,7.428630434120637,441.33003461862404,94.188524,0.705342667381631
723,C:\Users\joshy\OneDrive\Documents\Kravitz Lab\freezeData\\0318\20260317210506-b94.01-f10.png,2026-03-17 21:05:06,10.0,59.610224652608046,7.412818871195085,505.00517847040004,93.86284,0.6426198719436459
724,C:\Users\joshy\OneDrive\Documents\Kravitz Lab\freezeData\\0318\20260317210525-b94.03-f0.png,2026-03-17 21:05:25,0.0,57.87699327598489,7.43787781733175,431.34669244849607,93.86354,0.7471891253177295
725,C:\Users\joshy\OneDrive\Documents\Kravitz Lab\freezeData\\0318\20260317210543-b94.29-f2.png,2026-03-17 21:05:43,2.0,58.400283712307974,7.447029203009714,439.386157051504,94.109956,0.8049352179582737
726,C:\Users\joshy\OneDrive\Documents\Kravitz Lab\freezeData\\0318\20260317210602-b94.48-f4.png,2026-03-17 21:06:02,4.0,58.776406256419726,7.445501344469863,409.294821507696,94.305548,0.8538179375669377
727,C:\Users\joshy\OneDrive\Documents\Kravitz Lab\freezeData\\0318\20260317210620-b94.68-f6.png,2026-03-17 21:06:20,6.0,59.1240570159307,7.439278990203685,414.80434938481596,94.510676,0.7868784488865553
728,C:\Users\joshy\OneDrive\Documents\Kravitz Lab\freezeData\\0318\20260317210640-b94.22-f8.png,2026-03-17 21:06:40,8.0,59.34217197686569,7.428746275921142,435.920909886464,94.063064,0.7068926494531174
729,C:\Users\joshy\OneDrive\Documents\Kravitz Lab\freezeData\\0318\20260317210658-b93.86-f10.png,2026-03-17 21:06:58,10.0,59.6955311237334,7.415932859168651,487.941520341504,93.705124,0.643882337726678
730,C:\Users\joshy\OneDrive\Documents\Kravitz Lab\freezeData\\0318\20260317210716-b94.07-f0.png,2026-03-17 21:07:16,0.0,57.86284061936814,7.439170723837044,414.5994063356,93.89476,0.7472845419324209
731,C:\Users\joshy\OneDrive\Documents\Kravitz Lab\freezeData\\0318\20260317210735-b94.98-f2.png,2026-03-17 21:07:35,2.0,58.42376797362867,7.4512338484923735,439.23741471,94.80194,0.8035932749788729
732,C:\Users\joshy\OneDrive\Documents\Kravitz Lab\freezeData\\0318\20260317210754-b94.67-f4.png,2026-03-17 21:07:54,4.0,58.89064373263393,7.454126886936088,401.0372788069761,94.484228,0.8507274034928325
733,C:\Users\joshy\OneDrive\Documents\Kravitz Lab\freezeData\\0318\20260317210813-b94.71-f6.png,2026-03-17 21:08:13,6.0,59.18295753414843,7.44044016327006,407.421349507696,94.536572,0.78382801114239
734,C:\Users\joshy\OneDrive\Documents\Kravitz Lab\freezeData\\0318\20260317210833-b94.26-f8.png,2026-03-17 21:08:33,8.0,59.37893977165426,7.427388794938532,443.83721787238403,94.104516,0.7058641196323181
735,C:\Users\joshy\OneDrive\Documents\Kravitz Lab\freezeData\\0318\20260317210852-b93.93-f10.png,2026-03-17 21:08:52,10.0,59.61812692833226,7.416221355641624,485.0612872394241,93.791708,0.6440178520954672
736,C:\Users\joshy\OneDrive\Documents\Kravitz Lab\freezeData\\0318\20260317210911-b94.17-f0.png,2026-03-17 21:09:11,0.0,57.862179765563475,7.439103702511706,411.373518373616,93.992204,0.7473155567327601
737,C:\Users\joshy\OneDrive\Documents\Kravitz Lab\freezeData\\0318\20260317210929-b94.54-f2.png,2026-03-17 21:09:29,2.0,58.3923003932561,7.4478630996134685,454.40927653617604,94.351088,0.8020243416578634
738,C:\Users\joshy\OneDrive\Documents\Kravitz Lab\freezeData\\0318\20260317210949-b94.99-f4.png,2026-03-17 21:09:49,4.0,58.864684341492904,7.449681265673624,412.186994782704,94.80542,0.8508160532347901
739,C:\Users\joshy\OneDrive\Documents\Kravitz Lab\freezeData\\0318\20260317211008-b94.67-f6.png,2026-03-17 21:10:08,6.0,59.14424489123168,7.440321127140649,410.808528115136,94.499504,0.786036683857256
740,C:\Users\joshy\OneDrive\Documents\Kravitz Lab\freezeData\\0318\20260317211027-b94.33-f8.png,2026-03-17 21:10:27,8.0,59.55835291363373,7.433317572876744,431.2384522152959,94.156084,0.7036565061323061
741,C:\Users\joshy\OneDrive\Documents\Kravitz Lab\freezeData\\0318\20260317211046-b93.86-f10.png,2026-03-17 21:10:46,10.0,59.65968514281033,7.411962494710256,471.644265266176,93.719856,0.6442777476286723
742,C:\Users\joshy\OneDrive\Documents\Kravitz Lab\freezeData\\0318\20260317211105-b94.13-f0.png,2026-03-17 21:11:05,0.0,57.90841061577138,7.436896180228685,412.5172051774561,93.949404,0.7463114425647487
743,C:\Users\joshy\OneDrive\Documents\Kravitz Lab\freezeData\\0318\20260317211124-b94.82-f2.png,2026-03-17 21:11:24,2.0,58.473099566362784,7.451496247622876,414.79188308934397,94.621668,0.8027835818871137
744,C:\Users\joshy\OneDrive\Documents\Kravitz Lab\freezeData\\0318\20260317211143-b94.78-f4.png,2026-03-17 21:11:43,4.0,58.828352178403776,7.448126403910971,384.3775353799041,94.568264,0.8531851702374184
745,C:\Users\joshy\OneDrive\Documents\Kravitz Lab\freezeData\\0318\20260317211203-b94.90-f6.png,2026-03-17 21:12:03,6.0,59.21774906320219,7.4456521755439855,405.098335386096,94.724704,0.7862058845403148
746,C:\Users\joshy\OneDrive\Documents\Kravitz Lab\freezeData\\0318\20260317211222-b94.60-f8.png,2026-03-17 21:12:22,8.0,59.597344784310785,7.430004844315638,424.708270627776,94.418228,0.7058926329050955
747,C:\Users\joshy\OneDrive\Documents\Kravitz Lab\freezeData\\0318\20260317211240-b94.19-f10.png,2026-03-17 21:12:40,10.0,59.799357160134214,7.415986885742941,469.47154137440003,94.016948,0.6447466554375272
748,C:\Users\joshy\OneDrive\Documents\Kravitz Lab\freezeData\\0318\20260317211300-b94.15-f0.png,2026-03-17 21:13:00,0.0,57.88280161406302,7.433125230835365,419.7531809668961,93.983468,0.7469690794034042
749,C:\Users\joshy\OneDrive\Documents\Kravitz Lab\freezeData\\0318\20260317211318-b94.34-f2.png,2026-03-17 21:13:18,2.0,58.30409248300555,7.443836154042752,430.58862786609603,94.147444,0.8031869970498214
750,C:\Users\joshy\OneDrive\Documents\Kravitz Lab\freezeData\\0318\20260317211338-b95.09-f4.png,2026-03-17 21:13:38,4.0,58.761928654241295,7.448856412731472,403.09547156678394,94.899816,0.8517108831115163
751,C:\Users\joshy\OneDrive\Documents\Kravitz Lab\freezeData\\0318\20260317211357-b94.81-f6.png,2026-03-17 21:13:57,6.0,59.19287483539159,7.439383194194914,403.364312716656,94.622608,0.7842119992209928
752,C:\Users\joshy\OneDrive\Documents\Kravitz Lab\freezeData\\0318\20260317211416-b94.81-f8.png,2026-03-17 21:14:16,8.0,59.62715116303095,7.432697004440489,416.86997825905604,94.630584,0.7049274927040556
753,C:\Users\joshy\OneDrive\Documents\Kravitz Lab\freezeData\\0318\20260317211434-b94.18-f10.png,2026-03-17 21:14:34,10.0,59.701474395448564,7.420632822848694,471.59168771481603,94.00436,0.6407045242487851
754,C:\Users\joshy\OneDrive\Documents\Kravitz Lab\freezeData\\0318\20260317211454-b94.08-f0.png,2026-03-17 21:14:54,0.0,57.857531487450935,7.439106714844179,425.91964685617603,93.896568,0.7449623701493597
755,C:\Users\joshy\OneDrive\Documents\Kravitz Lab\freezeData\\0318\20260317211513-b94.70-f2.png,2026-03-17 21:15:13,2.0,58.314509310624096,7.451808186217105,427.485818201536,94.503444,0.8018475159810055
756,C:\Users\joshy\OneDrive\Documents\Kravitz Lab\freezeData\\0318\20260317211532-b94.72-f4.png,2026-03-17 21:15:32,4.0,58.65887495173033,7.445121408201528,403.00306511,94.531708,0.8504936490996076
757,C:\Users\joshy\OneDrive\Documents\Kravitz Lab\freezeData\\0318\20260317211551-b94.74-f6.png,2026-03-17 21:15:51,6.0,59.23733081242321,7.441559054581856,400.37303175161605,94.554756,0.7827035070625228
758,C:\Users\joshy\OneDrive\Documents\Kravitz Lab\freezeData\\0318\20260317211609-b94.79-f8.png,2026-03-17 21:16:09,8.0,59.55512259609123,7.435394324529544,431.330010618624,94.623112,0.7038209292837896
759,C:\Users\joshy\OneDrive\Documents\Kravitz Lab\freezeData\\0318\20260317211629-b93.92-f10.png,2026-03-17 21:16:29,10.0,59.59017748147424,7.411972073955785,487.837849793984,93.76708,0.6422930865027846
760,C:\Users\joshy\OneDrive\Documents\Kravitz Lab\freezeData\\0318\20260317211648-b94.50-f0.png,2026-03-17 21:16:48,0.0,58.00444121440785,7.437528790800897,419.302053302256,94.324548,0.7486189530768379
761,C:\Users\joshy\OneDrive\Documents\Kravitz Lab\freezeData\\0318\20260317211706-b94.83-f2.png,2026-03-17 21:17:06,2.0,58.40693640149135,7.446077513895823,433.301664903104,94.633012,0.8027809831772849
762,C:\Users\joshy\OneDrive\Documents\Kravitz Lab\freezeData\\0318\20260317211725-b94.55-f4.png,2026-03-17 21:17:25,4.0,58.75594705343057,7.445880246145886,394.700079843264,94.356592,0.8516485042759209
763,C:\Users\joshy\OneDrive\Documents\Kravitz Lab\freezeData\\0318\20260317211746-b94.84-f6.png,2026-03-17 21:17:46,6.0,59.21437630543326,7.44331758147257,400.33642462910393,94.658388,0.783052613456223
764,C:\Users\joshy\OneDrive\Documents\Kravitz Lab\freezeData\\0318\20260317211804-b94.49-f8.png,2026-03-17 21:18:04,8.0,59.45817358247473,7.428040546895715,434.51293825905606,94.333452,0.7036843351890383
765,C:\Users\joshy\OneDrive\Documents\Kravitz Lab\freezeData\\0318\20260317211823-b93.98-f10.png,2026-03-17 21:18:23,10.0,59.67478413520418,7.417660209361602,470.172659952384,93.813972,0.6434458037777635
766,C:\Users\joshy\OneDrive\Documents\Kravitz Lab\freezeData\\0318\20260317211842-b94.16-f0.png,2026-03-17 21:18:42,0.0,57.87841093484154,7.4419924025079816,423.082297072576,93.977204,0.7464906886355217
767,C:\Users\joshy\OneDrive\Documents\Kravitz Lab\freezeData\\0318\20260317211901-b94.76-f2.png,2026-03-17 21:19:01,2.0,58.333990165859355,7.45201652804794,425.47160488177605,94.566868,0.8027231600133732
768,C:\Users\joshy\OneDrive\Documents\Kravitz Lab\freezeData\\0318\20260317211919-b94.71-f4.png,2026-03-17 21:19:19,4.0,58.68625629051231,7.444440432603123,392.79278139846394,94.524548,0.8518557772775037
769,C:\Users\joshy\OneDrive\Documents\Kravitz Lab\freezeData\\0318\20260317211938-b94.73-f6.png,2026-03-17 21:19:38,6.0,59.245009840871624,7.440325243888653,414.64222285617603,94.551468,0.7835654146279645
770,C:\Users\joshy\OneDrive\Documents\Kravitz Lab\freezeData\\0318\20260317211957-b94.57-f8.png,2026-03-17 21:19:57,8.0,59.50056970279179,7.433011133668817,430.9209356136961,94.389596,0.7034633243532807
771,C:\Users\joshy\OneDrive\Documents\Kravitz Lab\freezeData\\0318\20260317212017-b94.08-f10.png,2026-03-17 21:20:17,10.0,59.6985853246438,7.415071116478803,451.764105113344,93.921832,0.644459405029077
772,C:\Users\joshy\OneDrive\Documents\Kravitz Lab\freezeData\\0318\20260317212036-b94.20-f0.png,2026-03-17 21:20:36,0.0,57.89416409312759,7.440343784945252,432.306345281536,94.036496,0.7481542687750492
773,C:\Users\joshy\OneDrive\Documents\Kravitz Lab\freezeData\\0318\20260317212054-b94.54-f2.png,2026-03-17 21:20:54,2.0,58.384844658411694,7.4493949844425424,448.1657468743039,94.357444,0.8025445938545324
774,C:\Users\joshy\OneDrive\Documents\Kravitz Lab\freezeData\\0318\20260317212114-b94.79-f4.png,2026-03-17 21:21:14,4.0,58.731176902535026,7.442318480365196,383.286250538224,94.595056,0.8497383210968712
775,C:\Users\joshy\OneDrive\Documents\Kravitz Lab\freezeData\\0318\20260317212134-b94.53-f6.png,2026-03-17 21:21:34,6.0,59.061699211376435,7.434050172092089,401.67581772998403,94.341336,0.7863045552592975
776,C:\Users\joshy\OneDrive\Documents\Kravitz Lab\freezeData\\0318\20260317212152-b94.32-f8.png,2026-03-17 21:21:52,8.0,59.45446394654639,7.425220676766628,431.2265381916,94.141396,0.7062008595149356
777,C:\Users\joshy\OneDrive\Documents\Kravitz Lab\freezeData\\0318\20260317212211-b94.24-f10.png,2026-03-17 21:22:11,10.0,59.701569887083004,7.414794767760761,468.25956662359994,94.072588,0.6410335165466496
778,C:\Users\joshy\OneDrive\Documents\Kravitz Lab\freezeData\\0318\20260317212231-b93.91-f0.png,2026-03-17 21:22:31,0.0,57.87073172434867,7.4354652480144106,422.06982701817594,93.729908,0.7449259451147341
779,C:\Users\joshy\OneDrive\Documents\Kravitz Lab\freezeData\\0318\20260317212250-b94.42-f2.png,2026-03-17 21:22:50,2.0,58.30063152112162,7.447249006063089,449.869812881776,94.23628,0.8039243112907616
780,C:\Users\joshy\OneDrive\Documents\Kravitz Lab\freezeData\\0318\20260317212309-b95.04-f4.png,2026-03-17 21:23:09,4.0,58.82775383837856,7.446472193471893,412.78958049240003,94.869056,0.8512039453549484
781,C:\Users\joshy\OneDrive\Documents\Kravitz Lab\freezeData\\0318\20260317212328-b94.47-f6.png,2026-03-17 21:23:28,6.0,59.06904434642565,7.43921899478649,424.30388483902397,94.304,0.7830739825772716
782,C:\Users\joshy\OneDrive\Documents\Kravitz Lab\freezeData\\0318\20260317212347-b93.83-f8.png,2026-03-17 21:23:47,8.0,59.40871069755761,7.425207151568254,434.657851255536,93.657852,0.7054822532658204
783,C:\Users\joshy\OneDrive\Documents\Kravitz Lab\freezeData\\0318\20260317212407-b93.98-f10.png,2026-03-17 21:24:07,10.0,59.543810341683574,7.412331725259474,482.94873091353594,93.830796,0.642624155381967
784,C:\Users\joshy\OneDrive\Documents\Kravitz Lab\freezeData\\0318\20260317212426-b94.32-f0.png,2026-03-17 21:24:26,0.0,57.99577051456618,7.442184038717424,433.679583426816,94.141924,0.7474818159734018
785,C:\Users\joshy\OneDrive\Documents\Kravitz Lab\freezeData\\0318\20260317212445-b94.61-f2.png,2026-03-17 21:24:45,2.0,58.39822341540962,7.444763497555304,437.0970874268161,94.424648,0.8055210545875605
786,C:\Users\joshy\OneDrive\Documents\Kravitz Lab\freezeData\\0318\20260317212503-b94.42-f4.png,2026-03-17 21:25:03,4.0,58.71777058471223,7.444775622503077,410.53909843953596,94.234652,0.8520280658639157
787,C:\Users\joshy\OneDrive\Documents\Kravitz Lab\freezeData\\0318\20260317212523-b94.74-f6.png,2026-03-17 21:25:23,6.0,59.236350700376406,7.442469269741605,416.67717711462393,94.568496,0.7858520667747492
788,C:\Users\joshy\OneDrive\Documents\Kravitz Lab\freezeData\\0318\20260317212542-b94.48-f8.png,2026-03-17 21:25:42,8.0,59.504811129773366,7.431070221844955,432.1968851004,94.3171,0.7060327611492078
789,C:\Users\joshy\OneDrive\Documents\Kravitz Lab\freezeData\\0318\20260317212600-b94.18-f10.png,2026-03-17 21:26:00,10.0,59.71063094513659,7.416229927076539,502.44700553926396,94.038264,0.6420901093290086
790,C:\Users\joshy\OneDrive\Documents\Kravitz Lab\freezeData\\0318\20260317212620-b94.37-f0.png,2026-03-17 21:26:20,0.0,57.957689180411464,7.443250689021918,433.33386130225597,94.192896,0.7470862442932802
791,C:\Users\joshy\OneDrive\Documents\Kravitz Lab\freezeData\\0318\20260317212638-b94.73-f2.png,2026-03-17 21:26:38,2.0,58.34133687830419,7.44983789583331,450.31174896689606,94.540832,0.8041382768086356
792,C:\Users\joshy\OneDrive\Documents\Kravitz Lab\freezeData\\0318\20260317212656-b94.76-f4.png,2026-03-17 21:26:56,4.0,58.76185035640127,7.445266811504858,414.8218728604159,94.582648,0.8500315570296926
793,C:\Users\joshy\OneDrive\Documents\Kravitz Lab\freezeData\\0318\20260317212715-b94.77-f6.png,2026-03-17 21:27:15,6.0,59.24095533372783,7.443829164419141,399.709997588976,94.594208,0.7843901267817779
794,C:\Users\joshy\OneDrive\Documents\Kravitz Lab\freezeData\\0318\20260317212734-b94.45-f8.png,2026-03-17 21:27:34,8.0,59.48687255623378,7.42946896627747,429.190027857856,94.28472,0.7061186471567976
795,C:\Users\joshy\OneDrive\Documents\Kravitz Lab\freezeData\\0318\20260317212752-b94.09-f10.png,2026-03-17 21:27:52,10.0,59.579515588669096,7.413611330578874,489.2036184704001,93.945244,0.6428106979394448
796,C:\Users\joshy\OneDrive\Documents\Kravitz Lab\freezeData\\0318\20260317212811-b94.12-f0.png,2026-03-17 21:28:11,0.0,57.921215961506746,7.438125594630815,412.701966464256,93.936364,0.7478112971467096
797,C:\Users\joshy\OneDrive\Documents\Kravitz Lab\freezeData\\0318\20260317212828-b94.82-f2.png,2026-03-17 21:28:28,2.0,58.4509157333715,7.447103062852506,451.959801968064,94.656952,0.8034801374674924
798,C:\Users\joshy\OneDrive\Documents\Kravitz Lab\freezeData\\0318\20260317212847-b95.00-f4.png,2026-03-17 21:28:47,4.0,58.81106286410216,7.448792672604581,401.44122614040003,94.827568,0.8502572798202919
799,C:\Users\joshy\OneDrive\Documents\Kravitz Lab\freezeData\\0318\20260317212909-b94.66-f6.png,2026-03-17 21:29:09,6.0,59.135172439796065,7.439492945811674,424.103962278336,94.506672,0.7852891034180235
800,C:\Users\joshy\OneDrive\Documents\Kravitz Lab\freezeData\\0318\20260317212927-b94.50-f8.png,2026-03-17 21:29:27,8.0,59.51533575711376,7.434228846933114,424.084872745456,94.316496,0.7070526771979148
801,C:\Users\joshy\OneDrive\Documents\Kravitz Lab\freezeData\\0318\20260317212947-b93.97-f10.png,2026-03-17 21:29:47,10.0,59.67831896827711,7.416682797415797,472.933345001584,93.809976,0.645136926484071
802,C:\Users\joshy\OneDrive\Documents\Kravitz Lab\freezeData\\0318\20260317213006-b94.37-f0.png,2026-03-17 21:30:06,0.0,57.963536118034895,7.439321060472063,431.196802505664,94.212708,0.747576332623962
803,C:\Users\joshy\OneDrive\Documents\Kravitz Lab\freezeData\\0318\20260317213028-b94.72-f2.png,2026-03-17 21:30:28,2.0,58.49357947769653,7.4531051238146295,447.81886853617596,94.54308,0.8024097296379279
804,C:\Users\joshy\OneDrive\Documents\Kravitz Lab\freezeData\\0318\20260317213046-b94.70-f4.png,2026-03-17 21:30:46,4.0,58.88216748653453,7.443702020617803,407.3144016496,94.518764,0.8532498582483388
805,C:\Users\joshy\OneDrive\Documents\Kravitz Lab\freezeData\\0318\20260317213105-b94.65-f6.png,2026-03-17 21:31:05,6.0,59.175096102921536,7.441045130524915,409.8020129244,94.4739,0.7827501003801118
806,C:\Users\joshy\OneDrive\Documents\Kravitz Lab\freezeData\\0318\20260317213124-b94.38-f8.png,2026-03-17 21:31:24,8.0,59.40408617004308,7.428162155373349,413.84132629273597,94.203564,0.7081448257859589
807,C:\Users\joshy\OneDrive\Documents\Kravitz Lab\freezeData\\0318\20260317213143-b94.38-f10.png,2026-03-17 21:31:43,10.0,59.61586613255823,7.4186028872204846,484.17682112966406,94.216336,0.6393281998543043
808,C:\Users\joshy\OneDrive\Documents\Kravitz Lab\freezeData\\0318\20260317213203-b93.89-f0.png,2026-03-17 21:32:03,0.0,57.844827967188216,7.436323994472799,427.59059810481597,93.71592,0.7459906542645812
809,C:\Users\joshy\OneDrive\Documents\Kravitz Lab\freezeData\\0318\20260317213222-b94.24-f2.png,2026-03-17 21:32:22,2.0,58.310611549334176,7.450533184855163,449.68129382974394,94.046784,0.8028412998974696
810,C:\Users\joshy\OneDrive\Documents\Kravitz Lab\freezeData\\0318\20260317213241-b94.83-f4.png,2026-03-17 21:32:41,4.0,58.727347619754255,7.448808242929627,394.25059609265605,94.635888,0.8512284183430929
811,C:\Users\joshy\OneDrive\Documents\Kravitz Lab\freezeData\\0318\20260317213300-b95.00-f6.png,2026-03-17 21:33:00,6.0,59.29160681499195,7.442804815191806,417.92594162942396,94.84342,0.7842001501398548
812,C:\Users\joshy\OneDrive\Documents\Kravitz Lab\freezeData\\0318\20260317213319-b94.87-f8.png,2026-03-17 21:33:19,8.0,59.63163640094731,7.429126763781938,431.0865242152961,94.683096,0.7042898598512598
813,C:\Users\joshy\OneDrive\Documents\Kravitz Lab\freezeData\\0318\20260317213337-b94.44-f10.png,2026-03-17 21:33:37,10.0,59.7213104399646,7.418407119802809,484.83844335870396,94.278624,0.6398941086421941
814,C:\Users\joshy\OneDrive\Documents\Kravitz Lab\freezeData\\0318\20260317213356-b94.23-f0.png,2026-03-17 21:33:56,0.0,57.90263537793989,7.439293744220546,432.303139911664,94.058312,0.7471760296037612
815,C:\Users\joshy\OneDrive\Documents\Kravitz Lab\freezeData\\0318\20260317213416-b94.76-f2.png,2026-03-17 21:34:16,2.0,58.32235161109483,7.450766483949053,435.531894115264,94.569732,0.8024853144053308
816,C:\Users\joshy\OneDrive\Documents\Kravitz Lab\freezeData\\0318\20260317213434-b94.81-f4.png,2026-03-17 21:34:34,4.0,58.817881715260704,7.449285328728992,405.6726440476,94.62964,0.8508650543614188
817,C:\Users\joshy\OneDrive\Documents\Kravitz Lab\freezeData\\0318\20260317213452-b94.87-f6.png,2026-03-17 21:34:52,6.0,59.14012627179161,7.441034167594919,416.85986190897603,94.693888,0.7837060370989384
818,C:\Users\joshy\OneDrive\Documents\Kravitz Lab\freezeData\\0318\20260317213511-b94.50-f8.png,2026-03-17 21:35:11,8.0,59.43647101761961,7.432008656137382,411.83781548390397,94.314892,0.7072499752129309
819,C:\Users\joshy\OneDrive\Documents\Kravitz Lab\freezeData\\0318\20260317213530-b93.79-f10.png,2026-03-17 21:35:30,10.0,59.61624588003173,7.41315697137732,479.782574090176,93.63654,0.6452183730373107
820,C:\Users\joshy\OneDrive\Documents\Kravitz Lab\freezeData\\0318\20260317213548-b93.95-f0.png,2026-03-17 21:35:48,0.0,57.76621331686971,7.43593278409674,437.2890775076959,93.776852,0.7466385149219951
821,C:\Users\joshy\OneDrive\Documents\Kravitz Lab\freezeData\\0318\20260317213626-b94.39-f4.png,2026-03-17 21:36:26,4.0,58.758826996591964,7.445263749010436,408.90203439,94.208024,0.8527041330840779
822,C:\Users\joshy\OneDrive\Documents\Kravitz Lab\freezeData\\0318\20260317213609-b94.48-f2.png,2026-03-17 21:36:09,2.0,58.34245588336453,7.450815781719627,450.772029177456,94.283608,0.8029932289681445
823,C:\Users\joshy\OneDrive\Documents\Kravitz Lab\freezeData\\0318\20260317213645-b94.53-f6.png,2026-03-17 21:36:45,6.0,59.17601677958813,7.438515165790619,416.15488246809593,94.355148,0.7840452981332439
824,C:\Users\joshy\OneDrive\Documents\Kravitz Lab\freezeData\\0318\20260317213703-b94.40-f8.png,2026-03-17 21:37:03,8.0,59.48771974334723,7.427234154909557,424.02015082726393,94.234324,0.7053569001152132
825,C:\Users\joshy\OneDrive\Documents\Kravitz Lab\freezeData\\0318\20260317213722-b94.19-f10.png,2026-03-17 21:37:22,10.0,59.72912382293583,7.414496219967713,476.34137711334404,94.04538,0.6424497999863843
826,C:\Users\joshy\OneDrive\Documents\Kravitz Lab\freezeData\\0318\20260317213742-b94.17-f0.png,2026-03-17 21:37:42,0.0,57.81108964577976,7.437237469998717,419.34335881982406,93.984704,0.7463080303497275
827,C:\Users\joshy\OneDrive\Documents\Kravitz Lab\freezeData\\0318\20260317213800-b94.40-f2.png,2026-03-17 21:38:00,2.0,58.3372432402869,7.444104529991359,447.07854643039997,94.22606,0.8034236938680658
828,C:\Users\joshy\OneDrive\Documents\Kravitz Lab\freezeData\\0318\20260317213819-b94.75-f4.png,2026-03-17 21:38:19,4.0,58.697323809577554,7.447882092361766,401.698691682544,94.55544,0.8526366236763093
829,C:\Users\joshy\OneDrive\Documents\Kravitz Lab\freezeData\\0318\20260317213837-b94.54-f6.png,2026-03-17 21:38:37,6.0,59.041824774824704,7.436242738911022,411.43527424000007,94.355836,0.7843567370880038
830,C:\Users\joshy\OneDrive\Documents\Kravitz Lab\freezeData\\0318\20260317213857-b94.21-f8.png,2026-03-17 21:38:57,8.0,59.3140865453022,7.4269758595570465,428.98483915718407,94.03158,0.7049075908486159
831,C:\Users\joshy\OneDrive\Documents\Kravitz Lab\freezeData\\0318\20260317213916-b94.09-f10.png,2026-03-17 21:39:16,10.0,59.710645434473875,7.414858480056323,489.94387503998394,93.926612,0.6429426113357265
832,C:\Users\joshy\OneDrive\Documents\Kravitz Lab\freezeData\\0318\20260317213935-b94.01-f0.png,2026-03-17 21:39:35,0.0,57.87837551248653,7.435894031840622,439.91001035462403,93.83066,0.7457488235197276
833,C:\Users\joshy\OneDrive\Documents\Kravitz Lab\freezeData\\0318\20260317213954-b94.54-f2.png,2026-03-17 21:39:54,2.0,58.36158474193448,7.447000560237872,443.77220132294406,94.3521,0.8030401526790226
834,C:\Users\joshy\OneDrive\Documents\Kravitz Lab\freezeData\\0318\20260317214014-b94.83-f4.png,2026-03-17 21:40:14,4.0,58.8896914105674,7.443588671387133,390.6365934053759,94.642988,0.8517430476175737
835,C:\Users\joshy\OneDrive\Documents\Kravitz Lab\freezeData\\0318\20260317214033-b94.70-f6.png,2026-03-17 21:40:33,6.0,59.269254319944196,7.443956533922608,412.29774982974396,94.523924,0.7839811171916827
836,C:\Users\joshy\OneDrive\Documents\Kravitz Lab\freezeData\\0318\20260317214052-b94.54-f8.png,2026-03-17 21:40:52,8.0,59.52892467402999,7.429343522322187,440.47103941881596,94.375392,0.7051490152938357
837,C:\Users\joshy\OneDrive\Documents\Kravitz Lab\freezeData\\0318\20260317214111-b93.92-f10.png,2026-03-17 21:41:11,10.0,59.667625682606676,7.4144093005970335,439.84697175422406,93.748156,0.6445117568214139
838,C:\Users\joshy\OneDrive\Documents\Kravitz Lab\freezeData\\0318\20260317214130-b93.96-f0.png,2026-03-17 21:41:30,0.0,57.95856919103163,7.439762223135665,419.35876239257595,93.78778,0.7445240476642357
839,C:\Users\joshy\OneDrive\Documents\Kravitz Lab\freezeData\\0318\20260317214148-b94.96-f2.png,2026-03-17 21:41:48,2.0,58.37643157611482,7.451651836829119,433.2273729244,94.776428,0.8024823599634255
840,C:\Users\joshy\OneDrive\Documents\Kravitz Lab\freezeData\\0318\20260317214207-b94.78-f4.png,2026-03-17 21:42:07,4.0,58.93067850868835,7.447465504652568,397.413806562816,94.591796,0.8506874930728208
841,C:\Users\joshy\OneDrive\Documents\Kravitz Lab\freezeData\\0318\20260317214225-b94.45-f6.png,2026-03-17 21:42:25,6.0,59.10735401165794,7.440775659326455,415.95798150769605,94.277888,0.7855536755517082
842,C:\Users\joshy\OneDrive\Documents\Kravitz Lab\freezeData\\0318\20260317214244-b94.50-f8.png,2026-03-17 21:42:44,8.0,59.4117243313649,7.430655280533438,435.3445771644,94.337852,0.704047145343244
843,C:\Users\joshy\OneDrive\Documents\Kravitz Lab\freezeData\\0318\20260317214302-b94.18-f10.png,2026-03-17 21:43:02,10.0,59.62010453603127,7.411221377592086,476.67652816382395,94.027552,0.6448923182941514
844,C:\Users\joshy\OneDrive\Documents\Kravitz Lab\freezeData\\0318\20260317214322-b94.17-f0.png,2026-03-17 21:43:22,0.0,57.881538121837636,7.441619810732503,430.2925921151359,93.987484,0.7468100977024964
845,C:\Users\joshy\OneDrive\Documents\Kravitz Lab\freezeData\\0318\20260317214340-b94.86-f2.png,2026-03-17 21:43:40,2.0,58.37171041423625,7.451443212458566,446.589569568704,94.671112,0.8019792267551008
846,C:\Users\joshy\OneDrive\Documents\Kravitz Lab\freezeData\\0318\20260317214358-b94.66-f4.png,2026-03-17 21:43:58,4.0,58.834007401539466,7.4480437075489485,412.276223285696,94.47234,0.8495946166678167
847,C:\Users\joshy\OneDrive\Documents\Kravitz Lab\freezeData\\0318\20260317214417-b94.62-f6.png,2026-03-17 21:44:17,6.0,59.11743328966358,7.437455121414553,390.686663887216,94.429224,0.7869863240303213
848,C:\Users\joshy\OneDrive\Documents\Kravitz Lab\freezeData\\0318\20260317214437-b94.44-f8.png,2026-03-17 21:44:37,8.0,59.44847405871744,7.431948954099355,421.84769971070403,94.2653,0.7046761029291799
849,C:\Users\joshy\OneDrive\Documents\Kravitz Lab\freezeData\\0318\20260317214457-b94.28-f10.png,2026-03-17 21:44:57,10.0,59.76459688611645,7.419963287246908,472.887165209024,94.1152,0.6401643044245712
850,C:\Users\joshy\OneDrive\Documents\Kravitz Lab\freezeData\\0318\20260317214515-b94.06-f0.png,2026-03-17 21:45:15,0.0,57.88236652949967,7.434856021119735,421.006174562816,93.873284,0.7448132966710842
851,C:\Users\joshy\OneDrive\Documents\Kravitz Lab\freezeData\\0318\20260317214533-b94.71-f2.png,2026-03-17 21:45:33,2.0,58.39414090648629,7.4503956585296285,442.60998986942394,94.515868,0.8038663942223878
852,C:\Users\joshy\OneDrive\Documents\Kravitz Lab\freezeData\\0318\20260317214553-b94.77-f4.png,2026-03-17 21:45:53,4.0,58.72322173106186,7.448423704324409,406.93389039257596,94.586888,0.8517936501908737
853,C:\Users\joshy\OneDrive\Documents\Kravitz Lab\freezeData\\0318\20260317214612-b94.77-f6.png,2026-03-17 21:46:12,6.0,59.18576646966397,7.438068185100234,404.85323564025606,94.59728,0.7837264891428267
854,C:\Users\joshy\OneDrive\Documents\Kravitz Lab\freezeData\\0318\20260317214629-b94.38-f8.png,2026-03-17 21:46:29,8.0,59.38939424421582,7.428392796072041,438.4553322867039,94.220652,0.70501862885475
855,C:\Users\joshy\OneDrive\Documents\Kravitz Lab\freezeData\\0318\20260317214648-b94.22-f10.png,2026-03-17 21:46:48,10.0,59.704239246388525,7.417491267335672,499.64726820601595,94.0551,0.6382298050941738
856,C:\Users\joshy\OneDrive\Documents\Kravitz Lab\freezeData\\0318\20260317214708-b94.42-f0.png,2026-03-17 21:47:08,0.0,57.896812196076006,7.441828008292473,421.8553002716,94.242548,0.7478504148145639
857,C:\Users\joshy\OneDrive\Documents\Kravitz Lab\freezeData\\0318\20260317214726-b94.82-f2.png,2026-03-17 21:47:26,2.0,58.37938647303461,7.450494934120023,432.00982356678395,94.627008,0.8024854013190121
858,C:\Users\joshy\OneDrive\Documents\Kravitz Lab\freezeData\\0318\20260317214745-b94.64-f4.png,2026-03-17 21:47:45,4.0,58.81385324258005,7.448472915146388,397.50583636030393,94.444984,0.8519889203015342
859,C:\Users\joshy\OneDrive\Documents\Kravitz Lab\freezeData\\0318\20260317214805-b94.81-f6.png,2026-03-17 21:48:05,6.0,59.18827749269533,7.445215753183531,424.827185889216,94.638764,0.7822078035200185
860,C:\Users\joshy\OneDrive\Documents\Kravitz Lab\freezeData\\0318\20260317214823-b94.43-f8.png,2026-03-17 21:48:23,8.0,59.6549886073245,7.435868647952528,430.298454561024,94.268228,0.7053803768233654
861,C:\Users\joshy\OneDrive\Documents\Kravitz Lab\freezeData\\0318\20260317214841-b94.49-f10.png,2026-03-17 21:48:41,10.0,59.81168586220923,7.412932821706893,465.30913105240006,94.33302,0.6440541081586154
862,C:\Users\joshy\OneDrive\Documents\Kravitz Lab\freezeData\\0318\20260317214901-b93.69-f0.png,2026-03-17 21:49:01,0.0,57.78652726453723,7.43524302210933,421.81470760678394,93.513664,0.7451603303855705
863,C:\Users\joshy\OneDrive\Documents\Kravitz Lab\freezeData\\0318\20260317214921-b94.62-f2.png,2026-03-17 21:49:21,2.0,58.429994332401435,7.449875331206445,424.70819746686396,94.437244,0.8032262558294597
864,C:\Users\joshy\OneDrive\Documents\Kravitz Lab\freezeData\\0318\20260317214938-b94.65-f4.png,2026-03-17 21:49:38,4.0,58.76967118655553,7.448346122982539,413.638714340336,94.473988,0.8516969419090832
865,C:\Users\joshy\OneDrive\Documents\Kravitz Lab\freezeData\\0318\20260317214957-b94.72-f6.png,2026-03-17 21:49:57,6.0,59.214835874402155,7.441256692379362,411.449058505664,94.534704,0.7826608742834006
866,C:\Users\joshy\OneDrive\Documents\Kravitz Lab\freezeData\\0318\20260317215016-b94.67-f8.png,2026-03-17 21:50:16,8.0,59.51804267980808,7.432100217129962,437.176956710336,94.498112,0.7041668810909135
867,C:\Users\joshy\OneDrive\Documents\Kravitz Lab\freezeData\\0318\20260317215034-b94.03-f10.png,2026-03-17 21:50:34,10.0,59.640286267384866,7.415650163995744,477.444730959984,93.886872,0.6443577673473879
868,C:\Users\joshy\OneDrive\Documents\Kravitz Lab\freezeData\\0318\20260317215053-b94.14-f0.png,2026-03-17 21:50:53,0.0,57.92409896931245,7.439931255916713,432.37608449239997,93.963964,0.7465689607664162
869,C:\Users\joshy\OneDrive\Documents\Kravitz Lab\freezeData\\0318\20260317215112-b94.67-f2.png,2026-03-17 21:51:12,2.0,58.46906831965961,7.454468628214518,425.4327126883841,94.474824,0.8017548389568616
870,C:\Users\joshy\OneDrive\Documents\Kravitz Lab\freezeData\\0318\20260317215132-b95.02-f4.png,2026-03-17 21:51:32,4.0,58.83301572312186,7.448798338383152,402.33695649239996,94.832164,0.8491246556297943
871,C:\Users\joshy\OneDrive\Documents\Kravitz Lab\freezeData\\0318\20260317215151-b94.79-f6.png,2026-03-17 21:51:51,6.0,59.140441562444764,7.441090328447265,402.4534299876961,94.594084,0.7820817773628594
872,C:\Users\joshy\OneDrive\Documents\Kravitz Lab\freezeData\\0318\20260317215209-b94.72-f8.png,2026-03-17 21:52:09,8.0,59.51537163993732,7.431901948092289,435.666200444864,94.565012,0.708218430896803
873,C:\Users\joshy\OneDrive\Documents\Kravitz Lab\freezeData\\0318\20260317215228-b94.12-f10.png,2026-03-17 21:52:28,10.0,59.73328590946927,7.418347127712575,487.73367549721604,93.96976,0.6441757258959222
874,C:\Users\joshy\OneDrive\Documents\Kravitz Lab\freezeData\\0318\20260317215247-b94.01-f0.png,2026-03-17 21:52:47,0.0,57.911372196266115,7.440466191632122,422.68587961318406,93.815256,0.7466379851959277
875,C:\Users\joshy\OneDrive\Documents\Kravitz Lab\freezeData\\0318\20260317215306-b94.51-f2.png,2026-03-17 21:53:06,2.0,58.36161202922222,7.445733593139168,448.8780303356001,94.325388,0.8032892331875356
876,C:\Users\joshy\OneDrive\Documents\Kravitz Lab\freezeData\\0318\20260317215324-b94.74-f4.png,2026-03-17 21:53:24,4.0,58.75873294094759,7.446540821862364,406.9309015024,94.54088,0.8510782496040001
877,C:\Users\joshy\OneDrive\Documents\Kravitz Lab\freezeData\\0318\20260317215343-b94.60-f6.png,2026-03-17 21:53:43,6.0,59.138301056914244,7.438362025621866,420.168919556336,94.426924,0.7850573259163919
878,C:\Users\joshy\OneDrive\Documents\Kravitz Lab\freezeData\\0318\20260317215402-b94.55-f8.png,2026-03-17 21:54:02,8.0,59.531908612681455,7.432119846497275,444.258522794096,94.396188,0.7026312230046614
879,C:\Users\joshy\OneDrive\Documents\Kravitz Lab\freezeData\\0318\20260317215421-b94.23-f10.png,2026-03-17 21:54:21,10.0,59.83987385564833,7.421690719853768,474.212761744624,94.062936,0.6407085190665607
880,C:\Users\joshy\OneDrive\Documents\Kravitz Lab\freezeData\\0318\20260317215440-b94.38-f0.png,2026-03-17 21:54:40,0.0,57.909314779227564,7.441439712003884,428.624579728624,94.198156,0.7476442024597889
881,C:\Users\joshy\OneDrive\Documents\Kravitz Lab\freezeData\\0318\20260317215459-b94.46-f2.png,2026-03-17 21:54:59,2.0,58.43375621476764,7.4455931729396685,441.71220626559995,94.277652,0.8035706503696064
882,C:\Users\joshy\OneDrive\Documents\Kravitz Lab\freezeData\\0318\20260317215518-b95.12-f4.png,2026-03-17 21:55:18,4.0,58.89020682948648,7.4490467619729595,404.231814709696,94.930548,0.8506794395294349
883,C:\Users\joshy\OneDrive\Documents\Kravitz Lab\freezeData\\0318\20260317215537-b94.58-f6.png,2026-03-17 21:55:37,6.0,59.22173443988131,7.440078358126411,411.65775810481597,94.396724,0.7865557660262108
884,C:\Users\joshy\OneDrive\Documents\Kravitz Lab\freezeData\\0318\20260317215556-b94.28-f8.png,2026-03-17 21:55:56,8.0,59.4864164450877,7.433290170365814,445.33070064,94.11904,0.7063872710764031
885,C:\Users\joshy\OneDrive\Documents\Kravitz Lab\freezeData\\0318\20260317215615-b93.85-f10.png,2026-03-17 21:56:15,10.0,59.553290875384675,7.418052547238487,496.050313250416,93.690268,0.6405320791426687
886,C:\Users\joshy\OneDrive\Documents\Kravitz Lab\freezeData\\0318\20260317215635-b94.03-f0.png,2026-03-17 21:56:35,0.0,57.89198556451088,7.440081471935851,438.0536627833439,93.852408,0.7473586038336066
887,C:\Users\joshy\OneDrive\Documents\Kravitz Lab\freezeData\\0318\20260317215654-b94.58-f2.png,2026-03-17 21:56:54,2.0,58.32109946005489,7.452243736785105,451.34370309574405,94.396628,0.8015901309942995
888,C:\Users\joshy\OneDrive\Documents\Kravitz Lab\freezeData\\0318\20260317215713-b94.70-f4.png,2026-03-17 21:57:13,4.0,58.86558654201092,7.448136088170127,392.60654393439995,94.498968,0.8518458692087274
889,C:\Users\joshy\OneDrive\Documents\Kravitz Lab\freezeData\\0318\20260317215733-b94.78-f6.png,2026-03-17 21:57:33,6.0,59.29429771649548,7.440177098409983,412.52834507257603,94.58774,0.7850104387775082
890,C:\Users\joshy\OneDrive\Documents\Kravitz Lab\freezeData\\0318\20260317215753-b94.53-f8.png,2026-03-17 21:57:53,8.0,59.495209114291406,7.431073292995126,429.56067768160005,94.360356,0.7054643155336866
891,C:\Users\joshy\OneDrive\Documents\Kravitz Lab\freezeData\\0318\20260317215812-b94.13-f10.png,2026-03-17 21:58:12,10.0,59.60053464507458,7.4147784323648995,470.7418253331041,93.970708,0.6451663405554893
892,C:\Users\joshy\OneDrive\Documents\Kravitz Lab\freezeData\\0318\20260317215831-b93.71-f0.png,2026-03-17 21:58:31,0.0,57.812096189652216,7.436277078225875,429.36558031601595,93.53172,0.7450303535969452
893,C:\Users\joshy\OneDrive\Documents\Kravitz Lab\freezeData\\0318\20260317215850-b94.59-f2.png,2026-03-17 21:58:50,2.0,58.39578187052404,7.451614424401002,454.37748960921596,94.410224,0.8018557305041224
894,C:\Users\joshy\OneDrive\Documents\Kravitz Lab\freezeData\\0318\20260317215909-b94.82-f4.png,2026-03-17 21:59:09,4.0,58.7564043868716,7.447885457915684,419.827163496944,94.639196,0.8522754473078585
895,C:\Users\joshy\OneDrive\Documents\Kravitz Lab\freezeData\\0318\20260317215928-b94.83-f6.png,2026-03-17 21:59:28,6.0,59.20339622349191,7.4392794092714984,424.6493129880959,94.658832,0.7864961864637737
896,C:\Users\joshy\OneDrive\Documents\Kravitz Lab\freezeData\\0318\20260317215947-b94.21-f8.png,2026-03-17 21:59:47,8.0,59.351848739744035,7.428154771141525,434.37902764185594,94.049388,0.7053778233779285
897,C:\Users\joshy\OneDrive\Documents\Kravitz Lab\freezeData\\0318\20260317220006-b94.21-f10.png,2026-03-17 22:00:06,10.0,59.602715699736365,7.416286031537721,516.672650879856,94.08142,0.6391369924737021
898,C:\Users\joshy\OneDrive\Documents\Kravitz Lab\freezeData\\0318\20260317220024-b94.10-f0.png,2026-03-17 22:00:24,0.0,57.99442255535627,7.438925356721379,434.5048963381759,93.932528,0.7459505513421176
899,C:\Users\joshy\OneDrive\Documents\Kravitz Lab\freezeData\\0318\20260317220044-b94.71-f2.png,2026-03-17 22:00:44,2.0,58.42362255716775,7.4519283307042645,448.876026290544,94.53676,0.8041576129329122
900,C:\Users\joshy\OneDrive\Documents\Kravitz Lab\freezeData\\0318\20260317220102-b94.67-f4.png,2026-03-17 22:01:02,4.0,58.8597351463051,7.447976292101181,410.70151754840003,94.487896,0.8521398715644882
901,C:\Users\joshy\OneDrive\Documents\Kravitz Lab\freezeData\\0318\20260317220121-b94.53-f6.png,2026-03-17 22:01:21,6.0,59.11154351530753,7.439714049298087,409.56633872838404,94.353852,0.7824874084529333
902,C:\Users\joshy\OneDrive\Documents\Kravitz Lab\freezeData\\0318\20260317220140-b94.54-f8.png,2026-03-17 22:01:40,8.0,59.50020717697524,7.431968768388547,431.966299424704,94.389032,0.7064551018929484
903,C:\Users\joshy\OneDrive\Documents\Kravitz Lab\freezeData\\0318\20260317220200-b94.21-f10.png,2026-03-17 22:02:00,10.0,59.97906985364691,7.415360733139509,512.4768787594239,94.081188,0.6389923535926778
904,C:\Users\joshy\OneDrive\Documents\Kravitz Lab\freezeData\\0318\20260317220219-b93.61-f0.png,2026-03-17 22:02:19,0.0,57.85698464714331,7.4374471749039825,430.8524539089761,93.432832,0.7464138537997964
905,C:\Users\joshy\OneDrive\Documents\Kravitz Lab\freezeData\\0318\20260317220238-b94.38-f2.png,2026-03-17 22:02:38,2.0,58.34126736254549,7.445266541072049,463.7165122047359,94.205228,0.8019528524393934
906,C:\Users\joshy\OneDrive\Documents\Kravitz Lab\freezeData\\0318\20260317220257-b95.06-f4.png,2026-03-17 22:02:57,4.0,59.008420375324604,7.4491968162565785,413.055096293824,94.876676,0.8498445221956551
907,C:\Users\joshy\OneDrive\Documents\Kravitz Lab\freezeData\\0318\20260317220317-b94.84-f6.png,2026-03-17 22:03:17,6.0,59.19445318213861,7.4384666023330555,410.82848188921605,94.65474,0.7831762849067699
908,C:\Users\joshy\OneDrive\Documents\Kravitz Lab\freezeData\\0318\20260317220335-b94.43-f8.png,2026-03-17 22:03:35,8.0,59.49287235201999,7.422322554169557,449.469836602224,94.279484,0.7075347716102968
909,C:\Users\joshy\OneDrive\Documents\Kravitz Lab\freezeData\\0318\20260317220355-b94.14-f10.png,2026-03-17 22:03:55,10.0,59.71556682117868,7.41205312744992,499.780418638704,93.997312,0.6426324085857403
910,C:\Users\joshy\OneDrive\Documents\Kravitz Lab\freezeData\\0318\20260317220413-b93.83-f0.png,2026-03-17 22:04:13,0.0,57.815395510189155,7.435938440753074,426.036526104816,93.65002,0.7456901997150259
911,C:\Users\joshy\OneDrive\Documents\Kravitz Lab\freezeData\\0318\20260317220432-b94.63-f2.png,2026-03-17 22:04:32,2.0,58.43240847935591,7.448166019057477,459.1472568176,94.455736,0.8016437544475855
912,C:\Users\joshy\OneDrive\Documents\Kravitz Lab\freezeData\\0318\20260317220452-b94.33-f4.png,2026-03-17 22:04:52,4.0,58.82101326848031,7.443878070149087,422.8669158660959,94.148708,0.852153085480702
913,C:\Users\joshy\OneDrive\Documents\Kravitz Lab\freezeData\\0318\20260317220510-b94.69-f6.png,2026-03-17 22:05:10,6.0,59.18394961110318,7.440004684226072,421.97205196793595,94.54548,0.7816097357950602
914,C:\Users\joshy\OneDrive\Documents\Kravitz Lab\freezeData\\0318\20260317220528-b94.75-f8.png,2026-03-17 22:05:28,8.0,59.46732698615656,7.4337736154295415,444.56223551640005,94.588256,0.7068420557954923
915,C:\Users\joshy\OneDrive\Documents\Kravitz Lab\freezeData\\0318\20260317220548-b93.72-f10.png,2026-03-17 22:05:48,10.0,59.68704425903846,7.414945010917549,513.034968416496,93.577328,0.6427122715097227
916,C:\Users\joshy\OneDrive\Documents\Kravitz Lab\freezeData\\0318\20260317220606-b94.07-f0.png,2026-03-17 22:06:06,0.0,57.89846660843501,7.44001602880752,441.758619682544,93.907456,0.7465373079874923
917,C:\Users\joshy\OneDrive\Documents\Kravitz Lab\freezeData\\0318\20260317220625-b94.50-f2.png,2026-03-17 22:06:25,2.0,58.40520968878909,7.4493789871200615,463.642676227056,94.328976,0.802067923970561
918,C:\Users\joshy\OneDrive\Documents\Kravitz Lab\freezeData\\0318\20260317220646-b94.78-f4.png,2026-03-17 22:06:46,4.0,58.72824876154793,7.448875217975912,420.192624688384,94.618412,0.851319922321081
919,C:\Users\joshy\OneDrive\Documents\Kravitz Lab\freezeData\\0318\20260317220705-b94.65-f6.png,2026-03-17 22:07:05,6.0,59.13974848742987,7.436845324346925,430.48995662334397,94.481756,0.7834534399567703
920,C:\Users\joshy\OneDrive\Documents\Kravitz Lab\freezeData\\0318\20260317220723-b94.48-f8.png,2026-03-17 22:07:23,8.0,59.476878132781515,7.428658640021913,431.28784164734395,94.333484,0.7096106825836018
921,C:\Users\joshy\OneDrive\Documents\Kravitz Lab\freezeData\\0318\20260317220743-b93.70-f10.png,2026-03-17 22:07:43,10.0,59.70054870721374,7.412155333563001,487.59335915974395,93.55024,0.6438422780919199
922,C:\Users\joshy\OneDrive\Documents\Kravitz Lab\freezeData\\0318\20260317220801-b94.20-f0.png,2026-03-17 22:08:01,0.0,57.88601578591845,7.439922997515197,433.402907124736,94.03482,0.7462016964796824
923,C:\Users\joshy\OneDrive\Documents\Kravitz Lab\freezeData\\0318\20260317220820-b94.54-f2.png,2026-03-17 22:08:20,2.0,58.31518669822385,7.446202331747579,459.47690564960004,94.362536,0.8028934764104932
924,C:\Users\joshy\OneDrive\Documents\Kravitz Lab\freezeData\\0318\20260317220839-b94.63-f4.png,2026-03-17 22:08:39,4.0,58.91854370947008,7.448777661072519,427.30575128569603,94.457208,0.8513909219969996
925,C:\Users\joshy\OneDrive\Documents\Kravitz Lab\freezeData\\0318\20260317220858-b94.86-f6.png,2026-03-17 22:08:58,6.0,59.33081306838921,7.440599622769517,437.369130201536,94.707684,0.7857478974483313
926,C:\Users\joshy\OneDrive\Documents\Kravitz Lab\freezeData\\0318\20260317220917-b94.64-f8.png,2026-03-17 22:09:17,8.0,59.497366767379674,7.433564798399476,425.9335075696,94.481352,0.7058800467462503
927,C:\Users\joshy\OneDrive\Documents\Kravitz Lab\freezeData\\0318\20260317220937-b93.94-f10.png,2026-03-17 22:09:37,10.0,59.55810566854402,7.415224710009172,505.45438190999994,93.799388,0.639534646306217
928,C:\Users\joshy\OneDrive\Documents\Kravitz Lab\freezeData\\0318\20260317220956-b94.40-f0.png,2026-03-17 22:09:56,0.0,58.03988186032084,7.442792278604688,447.9927770571359,94.2358,0.747484831804591
929,C:\Users\joshy\OneDrive\Documents\Kravitz Lab\freezeData\\0318\20260317221015-b94.26-f2.png,2026-03-17 22:10:15,2.0,58.26295439222134,7.443815474719963,430.59740302398404,94.073956,0.8034875986039156
930,C:\Users\joshy\OneDrive\Documents\Kravitz Lab\freezeData\\0318\20260317221034-b94.80-f4.png,2026-03-17 22:10:34,4.0,58.83009570695597,7.444300195068863,405.480312470464,94.62152,0.8514460319689425
931,C:\Users\joshy\OneDrive\Documents\Kravitz Lab\freezeData\\0318\20260317221054-b94.87-f6.png,2026-03-17 22:10:54,6.0,59.13967675412493,7.440190328012088,416.4270455484,94.697204,0.784564666507591
932,C:\Users\joshy\OneDrive\Documents\Kravitz Lab\freezeData\\0318\20260317221113-b94.59-f8.png,2026-03-17 22:11:13,8.0,59.48700868423505,7.425770458697782,413.6749910914559,94.406588,0.7064808698297272
933,C:\Users\joshy\OneDrive\Documents\Kravitz Lab\freezeData\\0318\20260317221132-b93.67-f10.png,2026-03-17 22:11:32,10.0,59.60371507938934,7.4118149303338905,480.08483370598407,93.497824,0.6428511154747175
934,C:\Users\joshy\OneDrive\Documents\Kravitz Lab\freezeData\\0318\20260317221151-b93.78-f0.png,2026-03-17 22:11:51,0.0,57.80648647283507,7.437577783912927,407.8851745244,93.571956,0.7464096763913808
935,C:\Users\joshy\OneDrive\Documents\Kravitz Lab\freezeData\\0318\20260317221209-b94.68-f2.png,2026-03-17 22:12:09,2.0,58.29345741776118,7.45041921389866,448.147313889216,94.507892,0.8025166492251403
936,C:\Users\joshy\OneDrive\Documents\Kravitz Lab\freezeData\\0318\20260317221229-b94.95-f4.png,2026-03-17 22:12:29,4.0,58.85163162621869,7.446790627070879,411.203045425904,94.773684,0.8497808627358612
937,C:\Users\joshy\OneDrive\Documents\Kravitz Lab\freezeData\\0318\20260317221247-b94.55-f6.png,2026-03-17 22:12:47,6.0,59.15374333636092,7.440992259771128,407.3566397563999,94.374456,0.7827896057218082
938,C:\Users\joshy\OneDrive\Documents\Kravitz Lab\freezeData\\0318\20260317221305-b94.98-f8.png,2026-03-17 22:13:05,8.0,59.57694479530148,7.435887539910222,435.033424191424,94.81024,0.7054602085298535
939,C:\Users\joshy\OneDrive\Documents\Kravitz Lab\freezeData\\0318\20260317221325-b93.95-f10.png,2026-03-17 22:13:25,10.0,59.67983397464895,7.416822071435633,500.4433475696,93.780344,0.6415080219569629
940,C:\Users\joshy\OneDrive\Documents\Kravitz Lab\freezeData\\0318\20260317221343-b94.16-f0.png,2026-03-17 22:13:43,0.0,57.943566038109736,7.440603736800789,428.690649609216,93.971596,0.7459258074033466
941,C:\Users\joshy\OneDrive\Documents\Kravitz Lab\freezeData\\0318\20260317221401-b94.78-f2.png,2026-03-17 22:14:01,2.0,58.45165406522844,7.446103507383864,429.111977568704,94.590692,0.8016049068311775
942,C:\Users\joshy\OneDrive\Documents\Kravitz Lab\freezeData\\0318\20260317221420-b94.93-f4.png,2026-03-17 22:14:20,4.0,58.97724081041106,7.450674401135774,410.58812038240006,94.747472,0.8490499584828013
943,C:\Users\joshy\OneDrive\Documents\Kravitz Lab\freezeData\\0318\20260317221439-b94.69-f6.png,2026-03-17 22:14:39,6.0,59.0765571270099,7.440771704770723,428.776970654656,94.518056,0.7808057385220135
944,C:\Users\joshy\OneDrive\Documents\Kravitz Lab\freezeData\\0318\20260317221458-b94.36-f8.png,2026-03-17 22:14:58,8.0,59.57898019993508,7.433118857004604,434.79512881560004,94.196912,0.7057305990512673
945,C:\Users\joshy\OneDrive\Documents\Kravitz Lab\freezeData\\0318\20260317221517-b93.54-f10.png,2026-03-17 22:15:17,10.0,59.49092946497992,7.411893698886253,491.05709167537606,93.367972,0.6397807652512946
946,C:\Users\joshy\OneDrive\Documents\Kravitz Lab\freezeData\\0318\20260317221536-b93.78-f0.png,2026-03-17 22:15:36,0.0,57.77948345258562,7.438926984728364,439.12233668838394,93.593872,0.7443818967441391
947,C:\Users\joshy\OneDrive\Documents\Kravitz Lab\freezeData\\0318\20260317221556-b94.53-f2.png,2026-03-17 22:15:56,2.0,58.45483080107908,7.451874464731624,449.948354728384,94.349096,0.802191466918383
948,C:\Users\joshy\OneDrive\Documents\Kravitz Lab\freezeData\\0318\20260317221614-b94.55-f4.png,2026-03-17 22:16:14,4.0,58.809101613763694,7.446599669843978,393.25030871039996,94.358496,0.8523816879998881
949,C:\Users\joshy\OneDrive\Documents\Kravitz Lab\freezeData\\0318\20260317221634-b94.72-f6.png,2026-03-17 22:16:34,6.0,59.24459328550074,7.439897234832213,418.93777923014403,94.55066,0.7832179385032704
950,C:\Users\joshy\OneDrive\Documents\Kravitz Lab\freezeData\\0318\20260317221652-b94.72-f8.png,2026-03-17 22:16:52,8.0,59.41357320419555,7.431060399723699,436.03256342470394,94.569736,0.705299127653241
951,C:\Users\joshy\OneDrive\Documents\Kravitz Lab\freezeData\\0318\20260317221711-b94.31-f10.png,2026-03-17 22:17:11,10.0,59.72803540641531,7.415656593103399,477.32081151729597,94.1293,0.6402441576160065
952,C:\Users\joshy\OneDrive\Documents\Kravitz Lab\freezeData\\0318\20260317221732-b93.19-f0.png,2026-03-17 22:17:32,0.0,57.71540462412385,7.4299869662013105,417.7916628561759,93.005392,0.7458200277413367
953,C:\Users\joshy\OneDrive\Documents\Kravitz Lab\freezeData\\0318\20260317221750-b94.71-f2.png,2026-03-17 22:17:50,2.0,58.420247838552825,7.444978252200774,436.7518577699839,94.514508,0.8015967963591999
954,C:\Users\joshy\OneDrive\Documents\Kravitz Lab\freezeData\\0318\20260317221809-b95.04-f4.png,2026-03-17 22:18:09,4.0,58.846234890086755,7.446943586990379,415.97749436518393,94.855144,0.8511250889841566
955,C:\Users\joshy\OneDrive\Documents\Kravitz Lab\freezeData\\0318\20260317221828-b94.75-f6.png,2026-03-17 22:18:28,6.0,59.351583024533255,7.44050802849517,424.79979439257596,94.585044,0.7822212603182446
956,C:\Users\joshy\OneDrive\Documents\Kravitz Lab\freezeData\\0318\20260317221847-b94.62-f8.png,2026-03-17 22:18:47,8.0,59.47150865563388,7.428490994590159,427.70137338046396,94.458308,0.7082176592156475
957,C:\Users\joshy\OneDrive\Documents\Kravitz Lab\freezeData\\0318\20260317221905-b94.34-f10.png,2026-03-17 22:19:05,10.0,59.799189854599334,7.4220437417427245,491.089412844656,94.183828,0.6421495589553329
958,C:\Users\joshy\OneDrive\Documents\Kravitz Lab\freezeData\\0318\20260317221924-b93.82-f0.png,2026-03-17 22:19:24,0.0,57.96376188147777,7.440580021415078,426.03970433817597,93.637188,0.7450965084593666
959,C:\Users\joshy\OneDrive\Documents\Kravitz Lab\freezeData\\0318\20260317222000-b94.78-f4.png,2026-03-17 22:20:00,4.0,58.858235951266636,7.445443256114911,422.28069244849604,94.613968,0.8511744826507267
960,C:\Users\joshy\OneDrive\Documents\Kravitz Lab\freezeData\\0318\20260317221943-b94.67-f2.png,2026-03-17 22:19:43,2.0,58.380407352456736,7.449459056307475,445.43981748729584,94.481096,0.8028872195393316
961,C:\Users\joshy\OneDrive\Documents\Kravitz Lab\freezeData\\0318\20260317222019-b94.77-f6.png,2026-03-17 22:20:19,6.0,59.09611576455413,7.4401566052669015,420.60510905150403,94.587804,0.7830816158308519
962,C:\Users\joshy\OneDrive\Documents\Kravitz Lab\freezeData\\0318\20260317222037-b94.46-f8.png,2026-03-17 22:20:37,8.0,59.35727642870902,7.424446807774147,441.853928063936,94.308232,0.7058748608414981
963,C:\Users\joshy\OneDrive\Documents\Kravitz Lab\freezeData\\0318\20260317222115-b94.15-f0.png,2026-03-17 22:21:15,0.0,58.08716090687594,7.439027157353283,418.95801724000006,93.969052,0.7450866989568289
964,C:\Users\joshy\OneDrive\Documents\Kravitz Lab\freezeData\\0318\20260317222056-b94.12-f10.png,2026-03-17 22:20:56,10.0,59.81810794595643,7.416336698636439,493.9245943964,93.989148,0.6434594238107904
965,C:\Users\joshy\OneDrive\Documents\Kravitz Lab\freezeData\\0318\20260317222135-b94.66-f2.png,2026-03-17 22:21:35,2.0,58.384914452334215,7.445987317518277,443.374326259184,94.469204,0.8033604865735394
966,C:\Users\joshy\OneDrive\Documents\Kravitz Lab\freezeData\\0318\20260317222153-b94.81-f4.png,2026-03-17 22:21:53,4.0,58.79534252708104,7.449188039239223,410.5273140396639,94.620404,0.8496365857293235
967,C:\Users\joshy\OneDrive\Documents\Kravitz Lab\freezeData\\0318\20260317222211-b94.96-f6.png,2026-03-17 22:22:11,6.0,59.21629720830021,7.442904824170175,404.4689080637441,94.771516,0.7844611074544048
968,C:\Users\joshy\OneDrive\Documents\Kravitz Lab\freezeData\\0318\20260317222230-b94.56-f8.png,2026-03-17 22:22:30,8.0,59.5706080000231,7.433336694238145,446.00953039358393,94.400328,0.705443420795712
969,C:\Users\joshy\OneDrive\Documents\Kravitz Lab\freezeData\\0318\20260317222249-b93.80-f10.png,2026-03-17 22:22:49,10.0,59.597172473401656,7.416284236102978,505.9891573744,93.664296,0.6433284049193813
970,C:\Users\joshy\OneDrive\Documents\Kravitz Lab\freezeData\\0318\20260317222308-b93.94-f0.png,2026-03-17 22:23:08,0.0,57.84486513484895,7.435288150247939,443.796462259184,93.780944,0.7461635741205258
971,C:\Users\joshy\OneDrive\Documents\Kravitz Lab\freezeData\\0318\20260317222346-b94.56-f4.png,2026-03-17 22:23:46,4.0,58.768109216766334,7.4451819584794725,421.309307728624,94.384332,0.8526656385266086
972,C:\Users\joshy\OneDrive\Documents\Kravitz Lab\freezeData\\0318\20260317222327-b94.37-f2.png,2026-03-17 22:23:27,2.0,58.26533583432207,7.44544153744166,442.7760924924,94.184608,0.8034684215904623
973,C:\Users\joshy\OneDrive\Documents\Kravitz Lab\freezeData\\0318\20260317222406-b94.84-f6.png,2026-03-17 22:24:06,6.0,59.184004720191076,7.443853694264109,431.2994516402561,94.66798,0.7848399833245367
974,C:\Users\joshy\OneDrive\Documents\Kravitz Lab\freezeData\\0318\20260317222427-b94.84-f8.png,2026-03-17 22:24:27,8.0,59.50541681476348,7.4337169677656645,438.5578139544959,94.674292,0.703382087471678
975,C:\Users\joshy\OneDrive\Documents\Kravitz Lab\freezeData\\0318\20260317222445-b94.26-f10.png,2026-03-17 22:24:45,10.0,59.845116504811784,7.422250798936622,479.03988430257607,94.115752,0.6442826448011849
976,C:\Users\joshy\OneDrive\Documents\Kravitz Lab\freezeData\\0318\20260317222506-b94.25-f0.png,2026-03-17 22:25:06,0.0,58.05565828586096,7.438784434159628,446.8683158204001,94.085188,0.7464726250487125
977,C:\Users\joshy\OneDrive\Documents\Kravitz Lab\freezeData\\0318\20260317222524-b94.74-f2.png,2026-03-17 22:25:24,2.0,58.51600821819274,7.4471390104021875,443.0877564354559,94.56078,0.8032438429386819
978,C:\Users\joshy\OneDrive\Documents\Kravitz Lab\freezeData\\0318\20260317222543-b95.11-f4.png,2026-03-17 22:25:43,4.0,58.93862047143364,7.44791551574543,417.92083870969606,94.930452,0.8516742748308185
979,C:\Users\joshy\OneDrive\Documents\Kravitz Lab\freezeData\\0318\20260317222602-b94.42-f6.png,2026-03-17 22:26:02,6.0,59.11447995308033,7.439257235455223,427.9181353516639,94.260192,0.7862540619271305
980,C:\Users\joshy\OneDrive\Documents\Kravitz Lab\freezeData\\0318\20260317222622-b94.76-f8.png,2026-03-17 22:26:22,8.0,59.653836779433256,7.435880045458838,443.4168529904,94.605856,0.7068127058388074
981,C:\Users\joshy\OneDrive\Documents\Kravitz Lab\freezeData\\0318\20260317222640-b94.25-f10.png,2026-03-17 22:26:40,10.0,59.77809953076461,7.4158524857401975,483.271436709824,94.0993,0.6450099081788725
982,C:\Users\joshy\OneDrive\Documents\Kravitz Lab\freezeData\\0318\20260317222700-b94.12-f0.png,2026-03-17 22:27:00,0.0,57.891384318992266,7.441416518323405,438.738061384816,93.967356,0.7447649730808237
983,C:\Users\joshy\OneDrive\Documents\Kravitz Lab\freezeData\\0318\20260317222718-b94.84-f2.png,2026-03-17 22:27:18,2.0,58.442475809559745,7.447309024104222,437.57926442649597,94.667968,0.8020114909903768
984,C:\Users\joshy\OneDrive\Documents\Kravitz Lab\freezeData\\0318\20260317222738-b94.93-f4.png,2026-03-17 22:27:38,4.0,58.72757256926106,7.448291812091623,416.32833222137594,94.739224,0.8496461064047227
985,C:\Users\joshy\OneDrive\Documents\Kravitz Lab\freezeData\\0318\20260317222816-b94.36-f8.png,2026-03-17 22:28:16,8.0,59.400581783805585,7.42862299585415,438.32333996798405,94.197868,0.7056272438461687
986,C:\Users\joshy\OneDrive\Documents\Kravitz Lab\freezeData\\0318\20260317222757-b95.09-f6.png,2026-03-17 22:27:57,6.0,59.16052564809829,7.445869459655647,412.761330946496,94.915448,0.7833475495395782
987,C:\Users\joshy\OneDrive\Documents\Kravitz Lab\freezeData\\0318\20260317222835-b94.18-f10.png,2026-03-17 22:28:35,10.0,59.555127603555874,7.416312516712526,487.09287202918404,94.049276,0.6464671455451149
988,C:\Users\joshy\OneDrive\Documents\Kravitz Lab\freezeData\\0318\20260317222855-b94.24-f0.png,2026-03-17 22:28:55,0.0,57.91032108700141,7.436848402514348,444.3558083824,94.06502,0.7474524371174741
989,C:\Users\joshy\OneDrive\Documents\Kravitz Lab\freezeData\\0318\20260317222913-b94.12-f2.png,2026-03-17 22:29:13,2.0,58.28364209060377,7.445090891505271,444.99097478334403,93.93612,0.8026570120286111
990,C:\Users\joshy\OneDrive\Documents\Kravitz Lab\freezeData\\0318\20260317222931-b94.80-f4.png,2026-03-17 22:29:31,4.0,58.90045189950638,7.451910052218335,413.214313938416,94.614044,0.8508774247650662
991,C:\Users\joshy\OneDrive\Documents\Kravitz Lab\freezeData\\0318\20260317222950-b94.73-f6.png,2026-03-17 22:29:50,6.0,59.13183660890624,7.443550272637308,438.1867593516641,94.572796,0.783362278514888
992,C:\Users\joshy\OneDrive\Documents\Kravitz Lab\freezeData\\0318\20260317223009-b94.83-f8.png,2026-03-17 22:30:09,8.0,59.43119037772823,7.433662312288153,452.97901209585604,94.684332,0.7038369924264937
993,C:\Users\joshy\OneDrive\Documents\Kravitz Lab\freezeData\\0318\20260317223028-b94.04-f10.png,2026-03-17 22:30:28,10.0,59.76820411527708,7.416662999882965,515.3168209983842,93.904476,0.6397354116925891
994,C:\Users\joshy\OneDrive\Documents\Kravitz Lab\freezeData\\0318\20260317223047-b93.89-f0.png,2026-03-17 22:30:47,0.0,57.74945400327647,7.4360185274589226,429.909705072576,93.732384,0.7469687618951626
995,C:\Users\joshy\OneDrive\Documents\Kravitz Lab\freezeData\\0318\20260317223106-b94.62-f2.png,2026-03-17 22:31:06,2.0,58.501050850868104,7.450445181112181,441.19860391166395,94.443988,0.8024709456890174
996,C:\Users\joshy\OneDrive\Documents\Kravitz Lab\freezeData\\0318\20260317223125-b94.96-f4.png,2026-03-17 22:31:25,4.0,58.896728213264815,7.446138234389935,410.7872536058241,94.776604,0.8528492109026182
997,C:\Users\joshy\OneDrive\Documents\Kravitz Lab\freezeData\\0318\20260317223144-b94.90-f6.png,2026-03-17 22:31:44,6.0,59.139243231495485,7.445792406428175,411.156464338176,94.719504,0.7851916064258376
998,C:\Users\joshy\OneDrive\Documents\Kravitz Lab\freezeData\\0318\20260317223203-b94.34-f8.png,2026-03-17 22:32:03,8.0,59.470840113087355,7.426960189099606,453.00069402239995,94.17294,0.7051920805413269
999,C:\Users\joshy\OneDrive\Documents\Kravitz Lab\freezeData\\0318\20260317223222-b93.84-f10.png,2026-03-17 22:32:22,10.0,59.515092778412296,7.413221254029633,506.818628709824,93.685676,0.6418803122583773
1000,C:\Users\joshy\OneDrive\Documents\Kravitz Lab\freezeData\\0318\20260317223241-b94.21-f0.png,2026-03-17 22:32:41,0.0,57.81722184921942,7.439383521026494,426.653734215616,94.025488,0.7469591793045529
1001,C:\Users\joshy\OneDrive\Documents\Kravitz Lab\freezeData\\0318\20260317223301-b94.52-f2.png,2026-03-17 22:33:01,2.0,58.300313030798876,7.449056422937383,438.28769824,94.323692,0.8033855201157489
1002,C:\Users\joshy\OneDrive\Documents\Kravitz Lab\freezeData\\0318\20260317223320-b94.71-f4.png,2026-03-17 22:33:20,4.0,58.79221288882057,7.4509590325299335,420.841351843264,94.53566,0.8504904761946293
1003,C:\Users\joshy\OneDrive\Documents\Kravitz Lab\freezeData\\0318\20260317223339-b94.90-f6.png,2026-03-17 22:33:39,6.0,59.25849433309881,7.44417506337942,431.19188483902406,94.727564,0.7862001020713549
1004,C:\Users\joshy\OneDrive\Documents\Kravitz Lab\freezeData\\0318\20260317223359-b94.12-f8.png,2026-03-17 22:33:59,8.0,59.466803829826134,7.43295887758807,450.4727472555361,93.954676,0.7043531304167285
1005,C:\Users\joshy\OneDrive\Documents\Kravitz Lab\freezeData\\0318\20260317223417-b93.96-f10.png,2026-03-17 22:34:17,10.0,59.55712300112812,7.413862572855605,462.61282615294397,93.792636,0.6439167597401168
1006,C:\Users\joshy\OneDrive\Documents\Kravitz Lab\freezeData\\0318\20260317223436-b94.16-f0.png,2026-03-17 22:34:36,0.0,57.81773020565314,7.436807107921144,440.42329556678396,93.990952,0.7463447326401034
1007,C:\Users\joshy\OneDrive\Documents\Kravitz Lab\freezeData\\0318\20260317223455-b94.65-f2.png,2026-03-17 22:34:55,2.0,58.354584449809934,7.444424430873565,455.522434580416,94.4613,0.8027443306455829
1008,C:\Users\joshy\OneDrive\Documents\Kravitz Lab\freezeData\\0318\20260317223514-b94.93-f4.png,2026-03-17 22:35:14,4.0,58.770508325359785,7.448415511440065,404.61021313559996,94.753896,0.8516795899152656
1009,C:\Users\joshy\OneDrive\Documents\Kravitz Lab\freezeData\\0318\20260317223532-b94.92-f6.png,2026-03-17 22:35:32,6.0,59.18730248119101,7.438296200133105,429.70069334360005,94.751,0.7866723841249262
1010,C:\Users\joshy\OneDrive\Documents\Kravitz Lab\freezeData\\0318\20260317223551-b94.53-f8.png,2026-03-17 22:35:51,8.0,59.4373100329958,7.424826128361428,441.5249735903839,94.373256,0.7047247128663753
1011,C:\Users\joshy\OneDrive\Documents\Kravitz Lab\freezeData\\0318\20260317223610-b94.14-f10.png,2026-03-17 22:36:10,10.0,59.77167547840847,7.412523146027185,494.73630508465595,94.012268,0.6433034856111948
1012,C:\Users\joshy\OneDrive\Documents\Kravitz Lab\freezeData\\0318\20260317223630-b93.98-f0.png,2026-03-17 22:36:30,0.0,57.77377499828433,7.434360049503463,439.287619543536,93.794704,0.7472537114842784
1013,C:\Users\joshy\OneDrive\Documents\Kravitz Lab\freezeData\\0318\20260317223649-b94.61-f2.png,2026-03-17 22:36:49,2.0,58.433410835738286,7.452628189321306,456.819223888896,94.417768,0.8026279042972372
1014,C:\Users\joshy\OneDrive\Documents\Kravitz Lab\freezeData\\0318\20260317223708-b94.66-f4.png,2026-03-17 22:37:08,4.0,58.7874779345908,7.445981625021107,415.4150792384,94.4903,0.851837156988489
1015,C:\Users\joshy\OneDrive\Documents\Kravitz Lab\freezeData\\0318\20260317223727-b94.62-f6.png,2026-03-17 22:37:27,6.0,59.20103590934524,7.442889668275329,415.4792921584001,94.446304,0.7841001713309881
1016,C:\Users\joshy\OneDrive\Documents\Kravitz Lab\freezeData\\0318\20260317223747-b94.57-f8.png,2026-03-17 22:37:47,8.0,59.51735078015809,7.430178108567589,435.23092017969594,94.397296,0.7053004372912481
1017,C:\Users\joshy\OneDrive\Documents\Kravitz Lab\freezeData\\0318\20260317223806-b94.08-f10.png,2026-03-17 22:38:06,10.0,59.61900433157253,7.4118530102968245,500.8812470799361,93.957544,0.643364294907712
1018,C:\Users\joshy\OneDrive\Documents\Kravitz Lab\freezeData\\0318\20260317223826-b94.51-f0.png,2026-03-17 22:38:26,0.0,57.96544886088954,7.436974388475738,435.947604360304,94.33166,0.7482384232161898
1019,C:\Users\joshy\OneDrive\Documents\Kravitz Lab\freezeData\\0318\20260317223845-b94.90-f2.png,2026-03-17 22:38:45,2.0,58.502814376672724,7.453104036059208,450.90121072838394,94.728976,0.803407662889768
1020,C:\Users\joshy\OneDrive\Documents\Kravitz Lab\freezeData\\0318\20260317223904-b94.64-f4.png,2026-03-17 22:39:04,4.0,58.7984953919605,7.4471601021402885,419.39598726206395,94.46696,0.8514797017180977
1021,C:\Users\joshy\OneDrive\Documents\Kravitz Lab\freezeData\\0318\20260317223923-b94.84-f6.png,2026-03-17 22:39:23,6.0,59.168469662819575,7.443915037294512,427.3264264395361,94.6776,0.7881255625919532
1022,C:\Users\joshy\OneDrive\Documents\Kravitz Lab\freezeData\\0318\20260317223942-b94.58-f8.png,2026-03-17 22:39:42,8.0,59.359982361396845,7.4291780481509315,444.07327274545605,94.419216,0.7095034703645842
1023,C:\Users\joshy\OneDrive\Documents\Kravitz Lab\freezeData\\0318\20260317224001-b93.96-f10.png,2026-03-17 22:40:01,10.0,59.608419358885065,7.413744176869984,496.42506791153596,93.815464,0.6419033592990392
1024,C:\Users\joshy\OneDrive\Documents\Kravitz Lab\freezeData\\0318\20260317224020-b94.01-f0.png,2026-03-17 22:40:20,0.0,57.88540571014273,7.434515864290831,436.95297016294415,93.851724,0.744833424665641
1025,C:\Users\joshy\OneDrive\Documents\Kravitz Lab\freezeData\\0318\20260317224040-b94.83-f2.png,2026-03-17 22:40:40,2.0,58.43364594525712,7.450000102279991,445.961488470464,94.664844,0.803259088145182
1026,C:\Users\joshy\OneDrive\Documents\Kravitz Lab\freezeData\\0318\20260317224059-b94.86-f4.png,2026-03-17 22:40:59,4.0,58.818807542400926,7.447665015104422,419.7373359343999,94.6877,0.8531024970793846
1027,C:\Users\joshy\OneDrive\Documents\Kravitz Lab\freezeData\\0318\20260317224117-b94.84-f6.png,2026-03-17 22:41:17,6.0,59.196044349552416,7.441055163497879,391.9024581242239,94.658232,0.7842359918331662
1028,C:\Users\joshy\OneDrive\Documents\Kravitz Lab\freezeData\\0318\20260317224135-b94.57-f8.png,2026-03-17 22:41:35,8.0,59.417805535209865,7.430805682717071,438.5407091296639,94.413228,0.7040662400736779
1029,C:\Users\joshy\OneDrive\Documents\Kravitz Lab\freezeData\\0318\20260317224154-b93.89-f10.png,2026-03-17 22:41:54,10.0,59.54154421167123,7.415279065277576,494.15531216382396,93.73336,0.6399585170548907
1030,C:\Users\joshy\OneDrive\Documents\Kravitz Lab\freezeData\\0318\20260317224213-b93.95-f0.png,2026-03-17 22:42:13,0.0,57.782559273748475,7.436598684172629,425.31652788889596,93.756912,0.7458002250557266
1031,C:\Users\joshy\OneDrive\Documents\Kravitz Lab\freezeData\\0318\20260317224232-b94.77-f2.png,2026-03-17 22:42:32,2.0,58.5188783818308,7.45118276507981,448.192497405376,94.600364,0.8025838563709515
1032,C:\Users\joshy\OneDrive\Documents\Kravitz Lab\freezeData\\0318\20260317224251-b94.50-f4.png,2026-03-17 22:42:51,4.0,58.734490653295154,7.446351165356844,405.42182926078397,94.321272,0.852749275303925
1033,C:\Users\joshy\OneDrive\Documents\Kravitz Lab\freezeData\\0318\20260317224311-b94.56-f6.png,2026-03-17 22:43:11,6.0,59.26102214855441,7.432232925112382,401.561200558016,94.379112,0.7884665673225292
1034,C:\Users\joshy\OneDrive\Documents\Kravitz Lab\freezeData\\0318\20260317224329-b94.55-f8.png,2026-03-17 22:43:29,8.0,59.53993794130337,7.4217488119930595,449.044740428224,94.399412,0.7066151699215173
1035,C:\Users\joshy\OneDrive\Documents\Kravitz Lab\freezeData\\0318\20260317224351-b93.57-f10.png,2026-03-17 22:43:51,10.0,59.535865984745705,7.407123249272882,485.92933435590396,93.41592,0.6427950613697248
1036,C:\Users\joshy\OneDrive\Documents\Kravitz Lab\freezeData\\0318\20260317224410-b94.19-f0.png,2026-03-17 22:44:10,0.0,57.90418393511488,7.437037961442365,422.83025350769606,94.007128,0.7461540933009534
1037,C:\Users\joshy\OneDrive\Documents\Kravitz Lab\freezeData\\0318\20260317224430-b94.73-f2.png,2026-03-17 22:44:30,2.0,58.34115282064063,7.448606098903636,448.39312413758404,94.558784,0.8021243931241193
1038,C:\Users\joshy\OneDrive\Documents\Kravitz Lab\freezeData\\0318\20260317224450-b94.78-f4.png,2026-03-17 22:44:50,4.0,58.774288934111866,7.449631191191133,418.43232168985605,94.602256,0.8521745890519571
1039,C:\Users\joshy\OneDrive\Documents\Kravitz Lab\freezeData\\0318\20260317224509-b94.97-f6.png,2026-03-17 22:45:09,6.0,59.23110770553406,7.442556767903046,431.26547945457594,94.809632,0.7836252796608031
1040,C:\Users\joshy\OneDrive\Documents\Kravitz Lab\freezeData\\0318\20260317224527-b94.44-f8.png,2026-03-17 22:45:27,8.0,59.40737069423706,7.429991762901574,430.914869651056,94.283752,0.706984144489833
1041,C:\Users\joshy\OneDrive\Documents\Kravitz Lab\freezeData\\0318\20260317224548-b93.78-f10.png,2026-03-17 22:45:48,10.0,59.496593509335504,7.415254556288292,504.0864971676,93.626336,0.6423890772001372
1042,C:\Users\joshy\OneDrive\Documents\Kravitz Lab\freezeData\\0318\20260317224609-b94.02-f0.png,2026-03-17 22:46:09,0.0,57.91021508886652,7.4408321880408,437.37643468529603,93.856096,0.7457984999922743
1043,C:\Users\joshy\OneDrive\Documents\Kravitz Lab\freezeData\\0318\20260317224626-b94.75-f2.png,2026-03-17 22:46:26,2.0,58.27912166968888,7.443250290918782,447.11324509361606,94.57564,0.804141238553142
1044,C:\Users\joshy\OneDrive\Documents\Kravitz Lab\freezeData\\0318\20260317224645-b94.79-f4.png,2026-03-17 22:46:45,4.0,58.78744375690782,7.4449936981656775,415.8957551196,94.60778,0.8515939706598444
1045,C:\Users\joshy\OneDrive\Documents\Kravitz Lab\freezeData\\0318\20260317224707-b95.10-f6.png,2026-03-17 22:47:07,6.0,59.26680671685816,7.446229750980758,410.072761928704,94.930476,0.7814790286287229
1046,C:\Users\joshy\OneDrive\Documents\Kravitz Lab\freezeData\\0318\20260317224724-b94.42-f8.png,2026-03-17 22:47:24,8.0,59.603153631290894,7.420011495417314,428.75744767839996,94.268144,0.7076919454287298
1047,C:\Users\joshy\OneDrive\Documents\Kravitz Lab\freezeData\\0318\20260317224743-b94.02-f10.png,2026-03-17 22:47:43,10.0,59.60866851754379,7.416776433126743,488.7787989199359,93.855828,0.6440050388033476
1048,C:\Users\joshy\OneDrive\Documents\Kravitz Lab\freezeData\\0318\20260317224803-b94.26-f0.png,2026-03-17 22:48:03,0.0,57.85407835503375,7.439945022989484,435.22876051430404,94.093796,0.747294488456357
1049,C:\Users\joshy\OneDrive\Documents\Kravitz Lab\freezeData\\0318\20260317224821-b94.19-f2.png,2026-03-17 22:48:21,2.0,58.36770626182174,7.445170213180772,435.35219798769606,94.011736,0.8029132360630283
1050,C:\Users\joshy\OneDrive\Documents\Kravitz Lab\freezeData\\0318\20260317224840-b94.89-f4.png,2026-03-17 22:48:40,4.0,58.795754267662424,7.4439350312329715,417.3293959571041,94.712716,0.8510395309491561
1051,C:\Users\joshy\OneDrive\Documents\Kravitz Lab\freezeData\\0318\20260317224859-b94.57-f6.png,2026-03-17 22:48:59,6.0,59.14821622298897,7.441397170165251,436.63034321265604,94.413388,0.7841970243396811
1052,C:\Users\joshy\OneDrive\Documents\Kravitz Lab\freezeData\\0318\20260317224917-b94.49-f8.png,2026-03-17 22:49:17,8.0,59.42372317532169,7.431092533964466,430.3845788604,94.313356,0.7043941458759944
1053,C:\Users\joshy\OneDrive\Documents\Kravitz Lab\freezeData\\0318\20260317224936-b93.77-f10.png,2026-03-17 22:49:36,10.0,59.594396254784094,7.41176933557124,512.3291668831839,93.626424,0.6422801190970405
1054,C:\Users\joshy\OneDrive\Documents\Kravitz Lab\freezeData\\0318\20260317224955-b94.00-f0.png,2026-03-17 22:49:55,0.0,57.88300018829211,7.43811923864054,446.021175379904,93.824224,0.7455781436626846
1055,C:\Users\joshy\OneDrive\Documents\Kravitz Lab\freezeData\\0318\20260317225014-b94.41-f2.png,2026-03-17 22:50:14,2.0,58.373260464013825,7.445454949069893,440.14178809265593,94.22998,0.8023351227014648
1056,C:\Users\joshy\OneDrive\Documents\Kravitz Lab\freezeData\\0318\20260317225033-b94.45-f4.png,2026-03-17 22:50:33,4.0,58.72607735241563,7.446395300935031,424.70752695193596,94.285564,0.8517893565808436
1057,C:\Users\joshy\OneDrive\Documents\Kravitz Lab\freezeData\\0318\20260317225052-b94.88-f6.png,2026-03-17 22:50:52,6.0,59.09800801276524,7.441438765473422,436.047258654656,94.714944,0.7830848961014755
1058,C:\Users\joshy\OneDrive\Documents\Kravitz Lab\freezeData\\0318\20260317225111-b94.67-f8.png,2026-03-17 22:51:11,8.0,59.49107044072157,7.4255672038888925,412.72640931577604,94.498652,0.7079061434645006
1059,C:\Users\joshy\OneDrive\Documents\Kravitz Lab\freezeData\\0318\20260317225130-b94.37-f10.png,2026-03-17 22:51:30,10.0,59.698135779600484,7.422553913121145,496.523709703616,94.220872,0.6399259749912459
1060,C:\Users\joshy\OneDrive\Documents\Kravitz Lab\freezeData\\0318\20260317225150-b94.06-f0.png,2026-03-17 22:51:50,0.0,57.869174625152,7.435049543105482,433.48183705150404,93.887892,0.7468117805313232
1061,C:\Users\joshy\OneDrive\Documents\Kravitz Lab\freezeData\\0318\20260317225209-b94.38-f2.png,2026-03-17 22:52:09,2.0,58.23774136503633,7.445330223399033,459.304146946496,94.216944,0.8033362388671109
1062,C:\Users\joshy\OneDrive\Documents\Kravitz Lab\freezeData\\0318\20260317225228-b94.76-f4.png,2026-03-17 22:52:28,4.0,58.661810098122814,7.445244335733941,423.44389334360005,94.590576,0.8526016002863448
1063,C:\Users\joshy\OneDrive\Documents\Kravitz Lab\freezeData\\0318\20260317225246-b94.63-f6.png,2026-03-17 22:52:46,6.0,59.15296461909919,7.434070295068394,430.889577609216,94.45654,0.7872424196416345
1064,C:\Users\joshy\OneDrive\Documents\Kravitz Lab\freezeData\\0318\20260317225305-b94.66-f8.png,2026-03-17 22:53:05,8.0,59.38111699156896,7.431555508940323,447.352785988464,94.52156,0.7092183608576874
1065,C:\Users\joshy\OneDrive\Documents\Kravitz Lab\freezeData\\0318\20260317225324-b94.26-f10.png,2026-03-17 22:53:24,10.0,59.719418079746355,7.41800997519542,483.135759677936,94.112908,0.6440546030157461
1066,C:\Users\joshy\OneDrive\Documents\Kravitz Lab\freezeData\\0318\20260317225344-b94.21-f0.png,2026-03-17 22:53:44,0.0,57.833644401574276,7.437126227636632,437.10055376998395,94.023984,0.7478096838947256
1067,C:\Users\joshy\OneDrive\Documents\Kravitz Lab\freezeData\\0318\20260317225403-b94.62-f2.png,2026-03-17 22:54:03,2.0,58.35565533150267,7.449493164503494,451.556158636144,94.446308,0.8033547333341621
1068,C:\Users\joshy\OneDrive\Documents\Kravitz Lab\freezeData\\0318\20260317225422-b95.04-f4.png,2026-03-17 22:54:22,4.0,58.86877160749879,7.450027630950222,421.07339956678396,94.851012,0.8492940586660405
1069,C:\Users\joshy\OneDrive\Documents\Kravitz Lab\freezeData\\0318\20260317225441-b94.85-f6.png,2026-03-17 22:54:41,6.0,59.26935421716299,7.440964596225693,420.45457020153594,94.683092,0.7846451405322081
1070,C:\Users\joshy\OneDrive\Documents\Kravitz Lab\freezeData\\0318\20260317225459-b95.01-f8.png,2026-03-17 22:54:59,8.0,59.61015181958979,7.430167785146529,445.62964025497604,94.848884,0.7083491609620349
1071,C:\Users\joshy\OneDrive\Documents\Kravitz Lab\freezeData\\0318\20260317225517-b93.88-f10.png,2026-03-17 22:55:17,10.0,59.511089465513905,7.416171863159122,477.68759875942396,93.72826,0.6440575781740662
1072,C:\Users\joshy\OneDrive\Documents\Kravitz Lab\freezeData\\0318\20260317225537-b94.09-f0.png,2026-03-17 22:55:37,0.0,57.799920292371894,7.439940830171351,430.949549629424,93.913616,0.745407505006863
1073,C:\Users\joshy\OneDrive\Documents\Kravitz Lab\freezeData\\0318\20260317225554-b94.90-f2.png,2026-03-17 22:55:54,2.0,58.35157898582296,7.449422009790111,447.878765302256,94.710708,0.8044481244585461
1074,C:\Users\joshy\OneDrive\Documents\Kravitz Lab\freezeData\\0318\20260317225614-b94.55-f4.png,2026-03-17 22:56:14,4.0,58.63850380160408,7.443095925729346,408.66506218225607,94.361292,0.8528646207910315
1075,C:\Users\joshy\OneDrive\Documents\Kravitz Lab\freezeData\\0318\20260317225633-b94.52-f6.png,2026-03-17 22:56:33,6.0,59.11084963971254,7.439519318534689,431.4551153344,94.352464,0.7868731752773127
1076,C:\Users\joshy\OneDrive\Documents\Kravitz Lab\freezeData\\0318\20260317225653-b94.35-f8.png,2026-03-17 22:56:53,8.0,59.572720585042944,7.4305488484949285,445.4160856816,94.18842,0.709579426066954
1077,C:\Users\joshy\OneDrive\Documents\Kravitz Lab\freezeData\\0318\20260317225712-b93.95-f10.png,2026-03-17 22:57:12,10.0,59.59458392797668,7.413027184565073,486.50049443686396,93.791188,0.6441861180948053
1078,C:\Users\joshy\OneDrive\Documents\Kravitz Lab\freezeData\\0318\20260317225730-b94.08-f0.png,2026-03-17 22:57:30,0.0,57.832200796563704,7.439643369579786,434.50674009265606,93.898044,0.7460973826054068
1079,C:\Users\joshy\OneDrive\Documents\Kravitz Lab\freezeData\\0318\20260317225807-b94.79-f4.png,2026-03-17 22:58:07,4.0,58.754925730222006,7.449113140413897,417.662984025024,94.605936,0.8514845015020863
1080,C:\Users\joshy\OneDrive\Documents\Kravitz Lab\freezeData\\0318\20260317225749-b94.47-f2.png,2026-03-17 22:57:49,2.0,58.429241965476706,7.449645515190769,443.65500644926396,94.295424,0.803559933722022
1081,C:\Users\joshy\OneDrive\Documents\Kravitz Lab\freezeData\\0318\20260317225827-b95.14-f6.png,2026-03-17 22:58:27,6.0,59.34688067018033,7.4415170728269375,429.05604924000005,94.976876,0.7816728781388885
1082,C:\Users\joshy\OneDrive\Documents\Kravitz Lab\freezeData\\0318\20260317225847-b94.55-f8.png,2026-03-17 22:58:47,8.0,59.487175071241566,7.431608630933138,436.2692136816,94.397384,0.708667398128985
1083,C:\Users\joshy\OneDrive\Documents\Kravitz Lab\freezeData\\0318\20260317225924-b93.84-f0.png,2026-03-17 22:59:24,0.0,57.83211026534294,7.439503597031229,439.0294872384,93.680904,0.7471002839706197
1084,C:\Users\joshy\OneDrive\Documents\Kravitz Lab\freezeData\\0318\20260317225905-b93.84-f10.png,2026-03-17 22:59:05,10.0,59.56652251315331,7.414258616098278,517.2660583153761,93.7087,0.6427303663643903
1085,C:\Users\joshy\OneDrive\Documents\Kravitz Lab\freezeData\\0318\20260317225944-b94.50-f2.png,2026-03-17 22:59:44,2.0,58.28535623182427,7.445727056694491,451.01849723999993,94.331688,0.8042042236445955
1086,C:\Users\joshy\OneDrive\Documents\Kravitz Lab\freezeData\\0318\20260317230002-b94.63-f4.png,2026-03-17 23:00:02,4.0,58.81529003760352,7.447540279907866,418.82035776000004,94.454024,0.8533149834818977
1087,C:\Users\joshy\OneDrive\Documents\Kravitz Lab\freezeData\\0318\20260317230020-b94.75-f6.png,2026-03-17 23:00:20,6.0,59.14640526467129,7.444238964942824,430.5747550893439,94.585792,0.7834036125979662
1088,C:\Users\joshy\OneDrive\Documents\Kravitz Lab\freezeData\\0318\20260317230039-b94.76-f8.png,2026-03-17 23:00:39,8.0,59.50743743497897,7.43377314100418,445.5092616815999,94.604508,0.7063639828023377
1089,C:\Users\joshy\OneDrive\Documents\Kravitz Lab\freezeData\\0318\20260317230058-b93.92-f10.png,2026-03-17 23:00:58,10.0,59.5957119108466,7.4169218916958055,506.658349621504,93.786876,0.6413713428448085
1090,C:\Users\joshy\OneDrive\Documents\Kravitz Lab\freezeData\\0318\20260317230117-b93.97-f0.png,2026-03-17 23:01:17,0.0,57.89692472511693,7.437806794046593,406.69660409542394,93.786488,0.7458236981281716
1091,C:\Users\joshy\OneDrive\Documents\Kravitz Lab\freezeData\\0318\20260317230136-b94.60-f2.png,2026-03-17 23:01:36,2.0,58.244485112240454,7.448752836799634,442.16187315654383,94.4299,0.8037384671954272
1092,C:\Users\joshy\OneDrive\Documents\Kravitz Lab\freezeData\\0318\20260317230155-b94.78-f4.png,2026-03-17 23:01:55,4.0,58.78661615062476,7.448851143993874,411.863659728624,94.584152,0.8508510539841131
1093,C:\Users\joshy\OneDrive\Documents\Kravitz Lab\freezeData\\0318\20260317230214-b94.87-f6.png,2026-03-17 23:02:14,6.0,59.19136832995014,7.438568411815727,408.993321281536,94.698724,0.7847281590503756
1094,C:\Users\joshy\OneDrive\Documents\Kravitz Lab\freezeData\\0318\20260317230233-b94.21-f8.png,2026-03-17 23:02:33,8.0,59.40318034802366,7.428546120431157,443.51505646359993,94.057276,0.7088105715374202
1095,C:\Users\joshy\OneDrive\Documents\Kravitz Lab\freezeData\\0318\20260317230252-b94.03-f10.png,2026-03-17 23:02:52,10.0,59.55476652130877,7.415838030308989,510.6324873984,93.87882,0.6420674986347044
1096,C:\Users\joshy\OneDrive\Documents\Kravitz Lab\freezeData\\0318\20260317230310-b94.13-f0.png,2026-03-17 23:03:10,0.0,57.805085839395,7.434830641031356,424.33113629382404,93.962276,0.7464830384684601
1097,C:\Users\joshy\OneDrive\Documents\Kravitz Lab\freezeData\\0318\20260317230331-b94.90-f2.png,2026-03-17 23:03:31,2.0,58.40976318932772,7.449603969073473,435.368274392576,94.714784,0.8028967229336869
1098,C:\Users\joshy\OneDrive\Documents\Kravitz Lab\freezeData\\0318\20260317230349-b94.95-f4.png,2026-03-17 23:03:49,4.0,58.760845946121776,7.448946897527733,418.824692182384,94.779012,0.8515024693790503
1099,C:\Users\joshy\OneDrive\Documents\Kravitz Lab\freezeData\\0318\20260317230407-b94.33-f6.png,2026-03-17 23:04:07,6.0,59.189041343364366,7.439895880121314,423.37201126502407,94.177248,0.7815068766688966
1100,C:\Users\joshy\OneDrive\Documents\Kravitz Lab\freezeData\\0318\20260317230428-b94.56-f8.png,2026-03-17 23:04:28,8.0,59.49328594464138,7.429647643885228,444.384710225344,94.399444,0.7081391475948732
1101,C:\Users\joshy\OneDrive\Documents\Kravitz Lab\freezeData\\0318\20260317230447-b93.76-f10.png,2026-03-17 23:04:47,10.0,59.596394438943165,7.408492657896341,500.01190206014394,93.611148,0.6426189961931923
1102,C:\Users\joshy\OneDrive\Documents\Kravitz Lab\freezeData\\0318\20260317230506-b94.30-f0.png,2026-03-17 23:05:06,0.0,57.85916429892143,7.436900572786566,443.01010913560003,94.148804,0.747103136339744
1103,C:\Users\joshy\OneDrive\Documents\Kravitz Lab\freezeData\\0318\20260317230525-b95.04-f2.png,2026-03-17 23:05:25,2.0,58.490681130528955,7.450489588759647,450.6025885798239,94.868528,0.8036525198580665
1104,C:\Users\joshy\OneDrive\Documents\Kravitz Lab\freezeData\\0318\20260317230543-b94.84-f4.png,2026-03-17 23:05:43,4.0,58.83374519944825,7.448220610439114,417.668538340336,94.65508,0.8541913146517482
1105,C:\Users\joshy\OneDrive\Documents\Kravitz Lab\freezeData\\0318\20260317230602-b94.95-f6.png,2026-03-17 23:06:02,6.0,59.06299634825771,7.438161543343346,426.51053091046407,94.792736,0.7887512771374194
1106,C:\Users\joshy\OneDrive\Documents\Kravitz Lab\freezeData\\0318\20260317230622-b94.41-f8.png,2026-03-17 23:06:22,8.0,59.33404211977808,7.427642725885255,445.947064392816,94.25278,0.707623252270437
1107,C:\Users\joshy\OneDrive\Documents\Kravitz Lab\freezeData\\0318\20260317230640-b94.14-f10.png,2026-03-17 23:06:40,10.0,59.640166158726416,7.414895048868957,490.8237863964,94.000748,0.6459578907867913
1108,C:\Users\joshy\OneDrive\Documents\Kravitz Lab\freezeData\\0318\20260317230659-b93.60-f0.png,2026-03-17 23:06:59,0.0,57.78908242258345,7.433872226365212,442.8584109824001,93.441684,0.746672980595019
1109,C:\Users\joshy\OneDrive\Documents\Kravitz Lab\freezeData\\0318\20260317230718-b94.56-f2.png,2026-03-17 23:07:18,2.0,58.40644204792481,7.449465533209618,431.61202836030395,94.36968,0.8037653537013559
1110,C:\Users\joshy\OneDrive\Documents\Kravitz Lab\freezeData\\0318\20260317230738-b94.47-f4.png,2026-03-17 23:07:38,4.0,58.84464827854441,7.450028240178069,416.551547636336,94.30412,0.8514203075240205
1111,C:\Users\joshy\OneDrive\Documents\Kravitz Lab\freezeData\\0318\20260317230756-b94.80-f6.png,2026-03-17 23:07:56,6.0,59.36598546613789,7.440859886976585,424.419004666736,94.642048,0.7873381252994566
1112,C:\Users\joshy\OneDrive\Documents\Kravitz Lab\freezeData\\0318\20260317230815-b94.51-f8.png,2026-03-17 23:08:15,8.0,59.37294820549992,7.426244515735125,451.74955351000006,94.361532,0.7032379605855716
1113,C:\Users\joshy\OneDrive\Documents\Kravitz Lab\freezeData\\0318\20260317230835-b94.27-f10.png,2026-03-17 23:08:35,10.0,59.81353966282136,7.416856660604061,490.0000937855999,94.125064,0.6444424554145399
1114,C:\Users\joshy\OneDrive\Documents\Kravitz Lab\freezeData\\0318\20260317230854-b94.30-f0.png,2026-03-17 23:08:54,0.0,57.83045651949858,7.438697447534272,438.202013709936,94.142628,0.7474785046619136
1115,C:\Users\joshy\OneDrive\Documents\Kravitz Lab\freezeData\\0318\20260317230912-b94.54-f2.png,2026-03-17 23:09:12,2.0,58.22826889768385,7.446130001103105,435.896430104816,94.360468,0.8032041532410549
1116,C:\Users\joshy\OneDrive\Documents\Kravitz Lab\freezeData\\0318\20260317230931-b94.93-f4.png,2026-03-17 23:09:31,4.0,58.77025815246838,7.443046839798528,410.1570585382241,94.750832,0.8531725927527805
1117,C:\Users\joshy\OneDrive\Documents\Kravitz Lab\freezeData\\0318\20260317230949-b94.92-f6.png,2026-03-17 23:09:49,6.0,59.19823075818277,7.443843289043705,435.55612353945605,94.769212,0.7843724991713391
1118,C:\Users\joshy\OneDrive\Documents\Kravitz Lab\freezeData\\0318\20260317231009-b94.62-f8.png,2026-03-17 23:10:09,8.0,59.508302385637045,7.431560194042418,448.83542919910394,94.462328,0.704981260919223
1119,C:\Users\joshy\OneDrive\Documents\Kravitz Lab\freezeData\\0318\20260317231028-b93.89-f10.png,2026-03-17 23:10:28,10.0,59.715939647532096,7.408924281066602,501.0130115172961,93.747548,0.6415464239831865
1120,C:\Users\joshy\OneDrive\Documents\Kravitz Lab\freezeData\\0318\20260317231047-b94.04-f0.png,2026-03-17 23:10:47,0.0,57.823830494009435,7.438218375851257,414.750254165504,93.874992,0.7472647592967808
1121,C:\Users\joshy\OneDrive\Documents\Kravitz Lab\freezeData\\0318\20260317231106-b94.49-f2.png,2026-03-17 23:11:06,2.0,58.45213560549233,7.451484546948511,432.3425027584,94.295444,0.8020314289550304
1122,C:\Users\joshy\OneDrive\Documents\Kravitz Lab\freezeData\\0318\20260317231126-b94.78-f4.png,2026-03-17 23:11:26,4.0,58.83451720782963,7.4514027102432845,399.09260239,94.60096,0.8531374734720577
1123,C:\Users\joshy\OneDrive\Documents\Kravitz Lab\freezeData\\0318\20260317231144-b94.79-f6.png,2026-03-17 23:11:44,6.0,59.2085555748986,7.442410817374604,405.47165206374405,94.603512,0.7822243550818881
1124,C:\Users\joshy\OneDrive\Documents\Kravitz Lab\freezeData\\0318\20260317231204-b94.47-f8.png,2026-03-17 23:12:04,8.0,59.2636262640262,7.429295364747036,428.63121561369604,94.306232,0.7062153459798303
1125,C:\Users\joshy\OneDrive\Documents\Kravitz Lab\freezeData\\0318\20260317231223-b94.07-f10.png,2026-03-17 23:12:23,10.0,59.69610754786761,7.417250948351989,476.859136416496,93.919132,0.6453435177643465
1126,C:\Users\joshy\OneDrive\Documents\Kravitz Lab\freezeData\\0318\20260317231241-b94.18-f0.png,2026-03-17 23:12:41,0.0,57.98408820540739,7.440149613927744,413.7364521823841,93.993756,0.7464598575281632
1127,C:\Users\joshy\OneDrive\Documents\Kravitz Lab\freezeData\\0318\20260317231300-b94.51-f2.png,2026-03-17 23:13:00,2.0,58.33434412448447,7.451334013937258,438.60886130225606,94.329332,0.8038837052667025
1128,C:\Users\joshy\OneDrive\Documents\Kravitz Lab\freezeData\\0318\20260317231320-b94.68-f4.png,2026-03-17 23:13:20,4.0,58.76931294476395,7.44684955294846,408.11137043953596,94.49998,0.852593189723387
1129,C:\Users\joshy\OneDrive\Documents\Kravitz Lab\freezeData\\0318\20260317231337-b94.56-f6.png,2026-03-17 23:13:37,6.0,59.11689491907017,7.437807061012309,410.549940666736,94.379704,0.7837630071116873
1130,C:\Users\joshy\OneDrive\Documents\Kravitz Lab\freezeData\\0318\20260317231356-b94.42-f8.png,2026-03-17 23:13:56,8.0,59.32428890204875,7.426909789241017,437.908212539376,94.250516,0.7079809154084119
1131,C:\Users\joshy\OneDrive\Documents\Kravitz Lab\freezeData\\0318\20260317231415-b93.89-f10.png,2026-03-17 23:14:15,10.0,59.61154262370334,7.414144105107825,496.906804428224,93.72832,0.640587857363753
1132,C:\Users\joshy\OneDrive\Documents\Kravitz Lab\freezeData\\0318\20260317231434-b94.09-f0.png,2026-03-17 23:14:34,0.0,57.84832383927596,7.437778010689318,422.793380227056,93.914484,0.7446705858983759
1133,C:\Users\joshy\OneDrive\Documents\Kravitz Lab\freezeData\\0318\20260317231452-b94.14-f2.png,2026-03-17 23:14:52,2.0,58.29028254832341,7.442388032764044,436.28007586609596,93.937932,0.8027985804935065
1134,C:\Users\joshy\OneDrive\Documents\Kravitz Lab\freezeData\\0318\20260317231511-b95.08-f4.png,2026-03-17 23:15:11,4.0,58.81167165887751,7.45076794121325,386.675847143424,94.887872,0.8508780046117991
1135,C:\Users\joshy\OneDrive\Documents\Kravitz Lab\freezeData\\0318\20260317231528-b94.88-f6.png,2026-03-17 23:15:28,6.0,59.172092471317725,7.441796300497094,423.16428648689606,94.708232,0.7838797516633504
1136,C:\Users\joshy\OneDrive\Documents\Kravitz Lab\freezeData\\0318\20260317231548-b94.54-f8.png,2026-03-17 23:15:48,8.0,59.38776614568573,7.432073404568968,434.433673784176,94.377688,0.7070980665315219
1137,C:\Users\joshy\OneDrive\Documents\Kravitz Lab\freezeData\\0318\20260317231627-b94.04-f0.png,2026-03-17 23:16:27,0.0,57.81735027134675,7.435884675795142,416.53801300926403,93.86502,0.7452973440397725
1138,C:\Users\joshy\OneDrive\Documents\Kravitz Lab\freezeData\\0318\20260317231607-b93.84-f10.png,2026-03-17 23:16:07,10.0,59.53879578829132,7.416256377019811,486.21864881560003,93.704988,0.640494978569304
1139,C:\Users\joshy\OneDrive\Documents\Kravitz Lab\freezeData\\0318\20260317231645-b94.79-f2.png,2026-03-17 23:16:45,2.0,58.46817197998802,7.449211067469905,438.532453177456,94.593388,0.8033291887620706
1140,C:\Users\joshy\OneDrive\Documents\Kravitz Lab\freezeData\\0318\20260317231705-b94.80-f4.png,2026-03-17 23:17:05,4.0,58.804056977481956,7.44927839883963,403.2477565361759,94.611584,0.8525627174144252
1141,C:\Users\joshy\OneDrive\Documents\Kravitz Lab\freezeData\\0318\20260317231742-b94.58-f8.png,2026-03-17 23:17:42,8.0,59.39229413981245,7.429553919753044,423.87807712966395,94.3991,0.7083545207175559
1142,C:\Users\joshy\OneDrive\Documents\Kravitz Lab\freezeData\\0318\20260317231723-b94.66-f6.png,2026-03-17 23:17:23,6.0,59.013384087327175,7.43638040202686,407.32750849240006,94.48204,0.7875319049947046
1143,C:\Users\joshy\OneDrive\Documents\Kravitz Lab\freezeData\\0318\20260317231800-b93.77-f10.png,2026-03-17 23:18:00,10.0,59.51032602117841,7.41368646566341,490.18652974462395,93.634584,0.642892927545927
1144,C:\Users\joshy\OneDrive\Documents\Kravitz Lab\freezeData\\0318\20260317231819-b94.19-f0.png,2026-03-17 23:18:19,0.0,57.831312000410435,7.435099003144171,417.36449715654396,94.013428,0.7466728711079134
1145,C:\Users\joshy\OneDrive\Documents\Kravitz Lab\freezeData\\0318\20260317231838-b94.25-f2.png,2026-03-17 23:18:38,2.0,58.26840801674829,7.443023693229752,442.07116988921604,94.073588,0.803510570695989
1146,C:\Users\joshy\OneDrive\Documents\Kravitz Lab\freezeData\\0318\20260317231857-b94.83-f4.png,2026-03-17 23:18:57,4.0,58.70521585273445,7.450240790974094,404.1391698496001,94.637316,0.8514734973142738
1147,C:\Users\joshy\OneDrive\Documents\Kravitz Lab\freezeData\\0318\20260317231917-b94.75-f6.png,2026-03-17 23:19:17,6.0,59.15138385221485,7.442752627549296,404.60685831654405,94.569544,0.781173344235209
1148,C:\Users\joshy\OneDrive\Documents\Kravitz Lab\freezeData\\0318\20260317231935-b94.38-f8.png,2026-03-17 23:19:35,8.0,59.35522675769931,7.426183886975845,436.8043025816161,94.216436,0.7100633779342316
1149,C:\Users\joshy\OneDrive\Documents\Kravitz Lab\freezeData\\0318\20260317231954-b94.26-f10.png,2026-03-17 23:19:54,10.0,59.671829851029166,7.420541732874978,476.836652146544,94.115768,0.6436230979217067
1150,C:\Users\joshy\OneDrive\Documents\Kravitz Lab\freezeData\\0318\20260317232014-b94.13-f0.png,2026-03-17 23:20:14,0.0,57.76842235894679,7.437411423298305,420.74576132294396,93.955344,0.7470700314832972
1151,C:\Users\joshy\OneDrive\Documents\Kravitz Lab\freezeData\\0318\20260317232032-b94.66-f2.png,2026-03-17 23:20:32,2.0,58.27696408230353,7.447683168334369,446.1267981436,94.481852,0.8042434807042154
1152,C:\Users\joshy\OneDrive\Documents\Kravitz Lab\freezeData\\0318\20260317232050-b94.46-f4.png,2026-03-17 23:20:50,4.0,58.6285571937395,7.445033277391388,420.41392824934405,94.288696,0.8511812932097917
1153,C:\Users\joshy\OneDrive\Documents\Kravitz Lab\freezeData\\0318\20260317232110-b94.80-f6.png,2026-03-17 23:21:10,6.0,59.10997291476233,7.442318536009066,404.7385997564,94.623992,0.7830990235615787
1154,C:\Users\joshy\OneDrive\Documents\Kravitz Lab\freezeData\\0318\20260317232128-b94.31-f8.png,2026-03-17 23:21:28,8.0,59.36592640307522,7.42712160724238,430.7255833884,94.143284,0.7102655417716589
1155,C:\Users\joshy\OneDrive\Documents\Kravitz Lab\freezeData\\0318\20260317232147-b94.31-f10.png,2026-03-17 23:21:47,10.0,59.688600504180826,7.411778454550651,474.15047851769594,94.162548,0.6428524209536918
1156,C:\Users\joshy\OneDrive\Documents\Kravitz Lab\freezeData\\0318\20260317232206-b94.16-f0.png,2026-03-17 23:22:06,0.0,57.75538429719868,7.440358883153696,441.768589709936,93.997836,0.7468986445823892
1157,C:\Users\joshy\OneDrive\Documents\Kravitz Lab\freezeData\\0318\20260317232226-b94.73-f2.png,2026-03-17 23:22:26,2.0,58.400943901977335,7.4501145182379656,447.85261342590405,94.555564,0.8028492548899118
1158,C:\Users\joshy\OneDrive\Documents\Kravitz Lab\freezeData\\0318\20260317232245-b94.38-f4.png,2026-03-17 23:22:45,4.0,58.757098865147384,7.445905310694268,419.51164998910406,94.212464,0.8528073593461826
1159,C:\Users\joshy\OneDrive\Documents\Kravitz Lab\freezeData\\0318\20260317232304-b94.99-f6.png,2026-03-17 23:23:04,6.0,59.30465869829789,7.446870521320017,424.42259863614396,94.81472,0.784268306769874
1160,C:\Users\joshy\OneDrive\Documents\Kravitz Lab\freezeData\\0318\20260317232322-b94.78-f8.png,2026-03-17 23:23:22,8.0,59.54793504177232,7.428014761237304,440.8414481084001,94.613808,0.7096100370336657
1161,C:\Users\joshy\OneDrive\Documents\Kravitz Lab\freezeData\\0318\20260317232400-b94.45-f0.png,2026-03-17 23:24:00,0.0,57.884350210456574,7.441792334317427,441.89060695193615,94.287904,0.7445251415315097
1162,C:\Users\joshy\OneDrive\Documents\Kravitz Lab\freezeData\\0318\20260317232340-b93.99-f10.png,2026-03-17 23:23:40,10.0,59.5553400262594,7.420473059611485,486.58841183294396,93.842932,0.644354664620862
1163,C:\Users\joshy\OneDrive\Documents\Kravitz Lab\freezeData\\0318\20260317232418-b94.66-f2.png,2026-03-17 23:24:18,2.0,58.3248916140262,7.449815267878722,436.23651491046405,94.486064,0.8020302376999121
1164,C:\Users\joshy\OneDrive\Documents\Kravitz Lab\freezeData\\0318\20260317232437-b94.75-f4.png,2026-03-17 23:24:37,4.0,58.62741740081683,7.442968361717359,409.32714138481595,94.56652,0.8526164782031029
1165,C:\Users\joshy\OneDrive\Documents\Kravitz Lab\freezeData\\0318\20260317232456-b94.49-f6.png,2026-03-17 23:24:56,6.0,59.12458149199522,7.441190616986302,432.4938792476,94.313304,0.7827646789646528
1166,C:\Users\joshy\OneDrive\Documents\Kravitz Lab\freezeData\\0318\20260317232515-b94.38-f8.png,2026-03-17 23:25:15,8.0,59.45745216953394,7.42837761155588,431.622823613696,94.224672,0.7102197169785711
1167,C:\Users\joshy\OneDrive\Documents\Kravitz Lab\freezeData\\0318\20260317232534-b93.80-f10.png,2026-03-17 23:25:34,10.0,59.52121015414925,7.414408443491377,486.962705333104,93.66816,0.6432707888904825
1168,C:\Users\joshy\OneDrive\Documents\Kravitz Lab\freezeData\\0318\20260317232554-b94.40-f0.png,2026-03-17 23:25:54,0.0,57.861652753701534,7.438822008245108,438.015558928496,94.227492,0.744754873865961
1169,C:\Users\joshy\OneDrive\Documents\Kravitz Lab\freezeData\\0318\20260317232613-b94.92-f2.png,2026-03-17 23:26:13,2.0,58.33774878412173,7.450326435505535,435.59526397977606,94.725448,0.8032465861689314
1170,C:\Users\joshy\OneDrive\Documents\Kravitz Lab\freezeData\\0318\20260317232632-b94.59-f4.png,2026-03-17 23:26:32,4.0,58.77990235810536,7.45157713237226,421.39327880697596,94.40654,0.8514076175657006
1171,C:\Users\joshy\OneDrive\Documents\Kravitz Lab\freezeData\\0318\20260317232652-b94.47-f6.png,2026-03-17 23:26:52,6.0,59.06476828090858,7.4371212397464985,437.92188530225593,94.298476,0.7813076821623696
1172,C:\Users\joshy\OneDrive\Documents\Kravitz Lab\freezeData\\0318\20260317232711-b94.16-f8.png,2026-03-17 23:27:11,8.0,59.32168019331293,7.426906953759478,411.75365920639996,93.990048,0.7092843791713025
1173,C:\Users\joshy\OneDrive\Documents\Kravitz Lab\freezeData\\0318\20260317232730-b93.74-f10.png,2026-03-17 23:27:30,10.0,59.63113408840466,7.417110481321028,507.133570638704,93.592948,0.6423848449526858
1174,C:\Users\joshy\OneDrive\Documents\Kravitz Lab\freezeData\\0318\20260317232750-b94.31-f0.png,2026-03-17 23:27:50,0.0,57.89036255485363,7.442835582028912,432.23238397977605,94.13974,0.74724223508115
1175,C:\Users\joshy\OneDrive\Documents\Kravitz Lab\freezeData\\0318\20260317232809-b94.79-f2.png,2026-03-17 23:28:09,2.0,58.323144244955245,7.446365226725418,451.773169928704,94.619488,0.8045936463177922
1176,C:\Users\joshy\OneDrive\Documents\Kravitz Lab\freezeData\\0318\20260317232828-b94.81-f4.png,2026-03-17 23:28:28,4.0,58.70919967713735,7.444949380724439,422.77306379750405,94.627504,0.8531101220438327
1177,C:\Users\joshy\OneDrive\Documents\Kravitz Lab\freezeData\\0318\20260317232847-b94.77-f6.png,2026-03-17 23:28:47,6.0,59.059739236725385,7.439426838666414,418.28254142590396,94.5927,0.7863472901673619
1178,C:\Users\joshy\OneDrive\Documents\Kravitz Lab\freezeData\\0318\20260317232906-b94.28-f8.png,2026-03-17 23:29:06,8.0,59.413680257306936,7.429203547252194,447.239691320944,94.137136,0.7103980978584179
1179,C:\Users\joshy\OneDrive\Documents\Kravitz Lab\freezeData\\0318\20260317232925-b94.22-f10.png,2026-03-17 23:29:25,10.0,59.61674718367838,7.414723590835234,489.44590441926397,94.076624,0.6451426806073022
1180,C:\Users\joshy\OneDrive\Documents\Kravitz Lab\freezeData\\0318\20260317232944-b93.70-f0.png,2026-03-17 23:29:44,0.0,57.800518552857156,7.438485458681584,437.34820663614397,93.532604,0.7457016887930679
1181,C:\Users\joshy\OneDrive\Documents\Kravitz Lab\freezeData\\0318\20260317233003-b94.92-f2.png,2026-03-17 23:30:03,2.0,58.401891593211396,7.455620232797913,449.088774297456,94.748472,0.8023068369102472
1182,C:\Users\joshy\OneDrive\Documents\Kravitz Lab\freezeData\\0318\20260317233022-b94.91-f4.png,2026-03-17 23:30:22,4.0,58.835463203815564,7.4491286925592295,418.638676494336,94.726092,0.8528247815706111
1183,C:\Users\joshy\OneDrive\Documents\Kravitz Lab\freezeData\\0318\20260317233041-b94.63-f6.png,2026-03-17 23:30:41,6.0,59.25461363006476,7.441988731200896,416.01389597977595,94.469088,0.7854461525183792
1184,C:\Users\joshy\OneDrive\Documents\Kravitz Lab\freezeData\\0318\20260317233100-b94.25-f8.png,2026-03-17 23:31:00,8.0,59.38797943678165,7.431269667109348,434.427714396096,94.08858,0.7088403192507907
1185,C:\Users\joshy\OneDrive\Documents\Kravitz Lab\freezeData\\0318\20260317233119-b94.11-f10.png,2026-03-17 23:31:19,10.0,59.62886229867828,7.41194444246846,481.6932900226559,93.945292,0.6436472496918483
1186,C:\Users\joshy\OneDrive\Documents\Kravitz Lab\freezeData\\0318\20260317233138-b94.30-f0.png,2026-03-17 23:31:38,0.0,57.88603611655771,7.439990034423993,429.5526204924,94.119024,0.745422643231093
1187,C:\Users\joshy\OneDrive\Documents\Kravitz Lab\freezeData\\0318\20260317233158-b95.00-f2.png,2026-03-17 23:31:58,2.0,58.39043185633975,7.453657612154524,440.159949629424,94.807512,0.8028300818592945
1188,C:\Users\joshy\OneDrive\Documents\Kravitz Lab\freezeData\\0318\20260317233217-b94.85-f4.png,2026-03-17 23:32:17,4.0,58.78832167617293,7.446532791570136,397.597387496944,94.661104,0.8513964941796653
1189,C:\Users\joshy\OneDrive\Documents\Kravitz Lab\freezeData\\0318\20260317233235-b94.80-f6.png,2026-03-17 23:32:35,6.0,59.174648876420044,7.44202411293108,432.4816106175999,94.63782,0.7833420945102758
1190,C:\Users\joshy\OneDrive\Documents\Kravitz Lab\freezeData\\0318\20260317233255-b94.23-f8.png,2026-03-17 23:32:55,8.0,59.379438259684605,7.428188911335506,444.99529502559994,94.065452,0.7095068124737484
1191,C:\Users\joshy\OneDrive\Documents\Kravitz Lab\freezeData\\0318\20260317233314-b93.70-f10.png,2026-03-17 23:33:14,10.0,59.59655154125131,7.415891589698835,473.1713265984,93.555176,0.6444893824585121
1192,C:\Users\joshy\OneDrive\Documents\Kravitz Lab\freezeData\\0318\20260317233352-b94.39-f2.png,2026-03-17 23:33:52,2.0,58.27344409123854,7.445837584036354,449.547496945664,94.197964,0.8025594205644726
1193,C:\Users\joshy\OneDrive\Documents\Kravitz Lab\freezeData\\0318\20260317233334-b94.48-f0.png,2026-03-17 23:33:34,0.0,57.814767040648015,7.439998631363604,435.0649893436001,94.30566,0.7463292740642526
1194,C:\Users\joshy\OneDrive\Documents\Kravitz Lab\freezeData\\0318\20260317233410-b94.18-f4.png,2026-03-17 23:34:10,4.0,58.57356140948235,7.4424850083062575,405.867586090096,93.99436,0.8515888393493919
1195,C:\Users\joshy\OneDrive\Documents\Kravitz Lab\freezeData\\0318\20260317233429-b94.42-f6.png,2026-03-17 23:34:29,6.0,59.133492239982445,7.439341936377072,426.7459183356,94.241544,0.7872676471260207
1196,C:\Users\joshy\OneDrive\Documents\Kravitz Lab\freezeData\\0318\20260317233448-b94.54-f8.png,2026-03-17 23:34:48,8.0,59.43685610077895,7.426547380629109,437.740720392816,94.380464,0.71050940059509
1197,C:\Users\joshy\OneDrive\Documents\Kravitz Lab\freezeData\\0318\20260317233507-b94.11-f10.png,2026-03-17 23:35:07,10.0,59.62388908236551,7.41448442659296,498.43107806014405,93.955924,0.641643650664713
1198,C:\Users\joshy\OneDrive\Documents\Kravitz Lab\freezeData\\0318\20260317233526-b94.31-f0.png,2026-03-17 23:35:26,0.0,57.834114557637896,7.439859329473602,442.848292404464,94.135504,0.7452277909223959
1199,C:\Users\joshy\OneDrive\Documents\Kravitz Lab\freezeData\\0318\20260317233546-b94.47-f2.png,2026-03-17 23:35:46,2.0,58.41946816432974,7.446183005277743,448.36413444926404,94.290192,0.8022084932563323
1200,C:\Users\joshy\OneDrive\Documents\Kravitz Lab\freezeData\\0318\20260317233604-b94.63-f4.png,2026-03-17 23:36:04,4.0,58.776424342278595,7.445928211380553,415.1116960284,94.45442,0.8521008139151653
1201,C:\Users\joshy\OneDrive\Documents\Kravitz Lab\freezeData\\0318\20260317233623-b94.69-f6.png,2026-03-17 23:36:23,6.0,59.10701999775472,7.438235088182667,427.582351107056,94.531032,0.7828711214665369
1202,C:\Users\joshy\OneDrive\Documents\Kravitz Lab\freezeData\\0318\20260317233641-b94.61-f8.png,2026-03-17 23:36:41,8.0,59.41671700508859,7.4292996154999065,429.636441131264,94.440904,0.7069010175694037
1203,C:\Users\joshy\OneDrive\Documents\Kravitz Lab\freezeData\\0318\20260317233700-b93.76-f10.png,2026-03-17 23:37:00,10.0,59.613373848619034,7.412853322654408,483.13768949809605,93.614028,0.6438933186742996
1204,C:\Users\joshy\OneDrive\Documents\Kravitz Lab\freezeData\\0318\20260317233720-b94.14-f0.png,2026-03-17 23:37:20,0.0,57.70168851768981,7.439091291495853,428.17991416294404,93.963748,0.7475221639349492
1205,C:\Users\joshy\OneDrive\Documents\Kravitz Lab\freezeData\\0318\20260317233739-b94.19-f2.png,2026-03-17 23:37:39,2.0,58.214671693220296,7.442539806217691,442.82013342590403,94.012476,0.8035340493549468
1206,C:\Users\joshy\OneDrive\Documents\Kravitz Lab\freezeData\\0318\20260317233757-b94.49-f4.png,2026-03-17 23:37:57,4.0,58.62026806383417,7.4456646949801675,403.45732287960004,94.286168,0.8504241506937081
1207,C:\Users\joshy\OneDrive\Documents\Kravitz Lab\freezeData\\0318\20260317233817-b94.55-f6.png,2026-03-17 23:38:17,6.0,59.0095633845822,7.439370685330271,414.81540086041605,94.372324,0.7814457650305635
1208,C:\Users\joshy\OneDrive\Documents\Kravitz Lab\freezeData\\0318\20260317233835-b94.47-f8.png,2026-03-17 23:38:35,8.0,59.322405607456616,7.432007881343021,448.46630624710406,94.31962,0.7063293556015771
1209,C:\Users\joshy\OneDrive\Documents\Kravitz Lab\freezeData\\0318\20260317233853-b93.94-f10.png,2026-03-17 23:38:53,10.0,59.40017511696799,7.417422872955532,503.2686846904159,93.790744,0.644232545228534
1210,C:\Users\joshy\OneDrive\Documents\Kravitz Lab\freezeData\\0318\20260317233913-b94.06-f0.png,2026-03-17 23:39:13,0.0,57.91686044280177,7.439017211461877,426.3632124924,93.882032,0.7461112842623325
1211,C:\Users\joshy\OneDrive\Documents\Kravitz Lab\freezeData\\0318\20260317233932-b94.46-f2.png,2026-03-17 23:39:32,2.0,58.193660301362584,7.445290238751988,450.91301945022394,94.286204,0.8022316177771284
1212,C:\Users\joshy\OneDrive\Documents\Kravitz Lab\freezeData\\0318\20260317233951-b94.61-f4.png,2026-03-17 23:39:51,4.0,58.69068551953286,7.445075530020209,410.37799811526406,94.430536,0.8511616329541292
1213,C:\Users\joshy\OneDrive\Documents\Kravitz Lab\freezeData\\0318\20260317234010-b94.46-f6.png,2026-03-17 23:40:10,6.0,59.16108248434621,7.444332509739293,412.60585058041596,94.294128,0.7838592310635505
1214,C:\Users\joshy\OneDrive\Documents\Kravitz Lab\freezeData\\0318\20260317234029-b94.09-f8.png,2026-03-17 23:40:29,8.0,59.35760032000957,7.427078532537542,444.83331835999996,93.9365,0.706756912662879
1215,C:\Users\joshy\OneDrive\Documents\Kravitz Lab\freezeData\\0318\20260317234048-b93.96-f10.png,2026-03-17 23:40:48,10.0,59.52772240061264,7.411759392859168,485.10460108465605,93.82634,0.6460738265994544
1216,C:\Users\joshy\OneDrive\Documents\Kravitz Lab\freezeData\\0318\20260317234108-b94.07-f0.png,2026-03-17 23:41:08,0.0,57.727031811343146,7.434054940866985,426.05802592870396,93.888276,0.7443242706906752
1217,C:\Users\joshy\OneDrive\Documents\Kravitz Lab\freezeData\\0318\20260317234126-b94.42-f2.png,2026-03-17 23:41:26,2.0,58.324891860625,7.445965987463723,437.2742801151359,94.21592,0.8010977254380638
1218,C:\Users\joshy\OneDrive\Documents\Kravitz Lab\freezeData\\0318\20260317234144-b94.90-f4.png,2026-03-17 23:41:44,4.0,58.70091291657205,7.44653882416434,397.605919659456,94.715032,0.8507769991472082
1219,C:\Users\joshy\OneDrive\Documents\Kravitz Lab\freezeData\\0318\20260317234222-b94.45-f8.png,2026-03-17 23:42:22,8.0,59.34321304274058,7.4306420722080775,437.33855551640005,94.285352,0.7067785262475064
1220,C:\Users\joshy\OneDrive\Documents\Kravitz Lab\freezeData\\0318\20260317234203-b94.69-f6.png,2026-03-17 23:42:03,6.0,59.16436785236073,7.439206617647057,424.494037669744,94.519612,0.7823051762742957
1221,C:\Users\joshy\OneDrive\Documents\Kravitz Lab\freezeData\\0318\20260317234240-b94.35-f10.png,2026-03-17 23:42:40,10.0,59.73839621135124,7.411855819556765,479.34825991153605,94.200704,0.6465701505732623
1222,C:\Users\joshy\OneDrive\Documents\Kravitz Lab\freezeData\\0318\20260317234259-b94.12-f0.png,2026-03-17 23:42:59,0.0,57.71669738387518,7.438222955016846,433.93399303039996,93.951224,0.7464159189398789
1223,C:\Users\joshy\OneDrive\Documents\Kravitz Lab\freezeData\\0318\20260317234318-b94.34-f2.png,2026-03-17 23:43:18,2.0,58.199822795205,7.442464563769474,433.06229253617596,94.165356,0.8031589364187262
1224,C:\Users\joshy\OneDrive\Documents\Kravitz Lab\freezeData\\0318\20260317234337-b94.70-f4.png,2026-03-17 23:43:37,4.0,58.61315469276841,7.443378507859184,406.57792784326404,94.51204,0.8516481630143944
1225,C:\Users\joshy\OneDrive\Documents\Kravitz Lab\freezeData\\0318\20260317234356-b94.50-f6.png,2026-03-17 23:43:56,6.0,59.05761343415089,7.435921807802672,427.947793405376,94.32432,0.7874492203893536
1226,C:\Users\joshy\OneDrive\Documents\Kravitz Lab\freezeData\\0318\20260317234415-b94.65-f8.png,2026-03-17 23:44:15,8.0,59.56081514654963,7.434175168990148,432.084151483904,94.478388,0.7035661245061242
1227,C:\Users\joshy\OneDrive\Documents\Kravitz Lab\freezeData\\0318\20260317234452-b94.23-f0.png,2026-03-17 23:44:52,0.0,57.82275435514638,7.440546534735333,434.5731786363999,94.06062,0.7450434286667669
1228,C:\Users\joshy\OneDrive\Documents\Kravitz Lab\freezeData\\0318\20260317234433-b94.10-f10.png,2026-03-17 23:44:33,10.0,59.47940512422242,7.41560740058728,491.750103821936,93.949068,0.6433626740993863
1229,C:\Users\joshy\OneDrive\Documents\Kravitz Lab\freezeData\\0318\20260317234512-b94.59-f2.png,2026-03-17 23:45:12,2.0,58.33635601789279,7.452566139296753,434.301848514304,94.399608,0.8010691272992748
1230,C:\Users\joshy\OneDrive\Documents\Kravitz Lab\freezeData\\0318\20260317234529-b94.69-f4.png,2026-03-17 23:45:29,4.0,58.64713821135814,7.44843835588164,419.7476948554241,94.511816,0.8500986290742422
1231,C:\Users\joshy\OneDrive\Documents\Kravitz Lab\freezeData\\0318\20260317234549-b94.91-f6.png,2026-03-17 23:45:49,6.0,59.15882768932204,7.446236005600985,427.502480015984,94.750652,0.7827263456857629
1232,C:\Users\joshy\OneDrive\Documents\Kravitz Lab\freezeData\\0318\20260317234607-b94.26-f8.png,2026-03-17 23:46:07,8.0,59.37850227757571,7.428423892658068,433.46153019160005,94.102544,0.7045597051719237
1233,C:\Users\joshy\OneDrive\Documents\Kravitz Lab\freezeData\\0318\20260317234627-b93.83-f10.png,2026-03-17 23:46:27,10.0,59.69603740411037,7.4125763448684205,492.760058247104,93.680084,0.6433208426674373
1234,C:\Users\joshy\OneDrive\Documents\Kravitz Lab\freezeData\\0318\20260317234645-b94.44-f0.png,2026-03-17 23:46:45,0.0,58.057899141183675,7.440645537327799,430.90538154840004,94.263012,0.7466737923788375
1235,C:\Users\joshy\OneDrive\Documents\Kravitz Lab\freezeData\\0318\20260317234704-b94.49-f2.png,2026-03-17 23:47:04,2.0,58.4033049157564,7.44845536045343,433.60209441150397,94.298072,0.8000806462047289
1236,C:\Users\joshy\OneDrive\Documents\Kravitz Lab\freezeData\\0318\20260317234723-b94.71-f4.png,2026-03-17 23:47:23,4.0,58.68240435768378,7.446233683174471,405.26569265657605,94.525036,0.8506013907454331
1237,C:\Users\joshy\OneDrive\Documents\Kravitz Lab\freezeData\\0318\20260317234742-b94.89-f6.png,2026-03-17 23:47:42,6.0,59.06533139477283,7.4419371954182045,416.02175878334396,94.708392,0.7857069850035839
1238,C:\Users\joshy\OneDrive\Documents\Kravitz Lab\freezeData\\0318\20260317234800-b94.35-f8.png,2026-03-17 23:48:00,8.0,59.374842405042216,7.428177757660403,446.785081007616,94.20542,0.7071747083828774
1239,C:\Users\joshy\OneDrive\Documents\Kravitz Lab\freezeData\\0318\20260317234820-b93.86-f10.png,2026-03-17 23:48:20,10.0,59.547667460258296,7.4175637612632945,492.1909197148159,93.717136,0.6431785934636776
1240,C:\Users\joshy\OneDrive\Documents\Kravitz Lab\freezeData\\0318\20260317234839-b94.24-f0.png,2026-03-17 23:48:39,0.0,57.73040166424564,7.438573698591724,441.820165789936,94.072192,0.7455121538368669
1241,C:\Users\joshy\OneDrive\Documents\Kravitz Lab\freezeData\\0318\20260317234918-b94.97-f4.png,2026-03-17 23:49:18,4.0,58.65115655768094,7.443132787480546,408.07219147359996,94.79092,0.84930911189442
1242,C:\Users\joshy\OneDrive\Documents\Kravitz Lab\freezeData\\0318\20260317234859-b94.62-f2.png,2026-03-17 23:48:59,2.0,58.310433061917834,7.45036126655864,452.55767965694406,94.45146,0.7993788959987197
1243,C:\Users\joshy\OneDrive\Documents\Kravitz Lab\freezeData\\0318\20260317234958-b94.64-f8.png,2026-03-17 23:49:58,8.0,59.39946118807476,7.42976792872298,457.590564223216,94.48392,0.7048135838470706
1244,C:\Users\joshy\OneDrive\Documents\Kravitz Lab\freezeData\\0318\20260317234937-b94.86-f6.png,2026-03-17 23:49:37,6.0,59.01046285618862,7.439965865351218,422.356946874304,94.690372,0.7806689984802693
1245,C:\Users\joshy\OneDrive\Documents\Kravitz Lab\freezeData\\0318\20260317235016-b93.72-f10.png,2026-03-17 23:50:16,10.0,59.4216144249415,7.412528977692588,493.39522695998403,93.583828,0.6436439258469845
1246,C:\Users\joshy\OneDrive\Documents\Kravitz Lab\freezeData\\0318\20260317235035-b93.97-f0.png,2026-03-17 23:50:35,0.0,57.70220396752623,7.437277026349966,439.949768204736,93.8023,0.745149041697566
1247,C:\Users\joshy\OneDrive\Documents\Kravitz Lab\freezeData\\0318\20260317235054-b94.67-f2.png,2026-03-17 23:50:54,2.0,58.1584011564329,7.4459935708338785,452.4685757564,94.497368,0.7999652574265901
1248,C:\Users\joshy\OneDrive\Documents\Kravitz Lab\freezeData\\0318\20260317235112-b94.92-f4.png,2026-03-17 23:51:12,4.0,58.68690734025353,7.448908138355276,398.7515890515041,94.718364,0.8478784141553367
1249,C:\Users\joshy\OneDrive\Documents\Kravitz Lab\freezeData\\0318\20260317235131-b94.69-f6.png,2026-03-17 23:51:31,6.0,59.18911418968864,7.438616184061559,407.13331384960003,94.5012,0.785017352375997
1250,C:\Users\joshy\OneDrive\Documents\Kravitz Lab\freezeData\\0318\20260317235149-b94.27-f8.png,2026-03-17 23:51:49,8.0,59.267113457216524,7.427635986497275,443.36343323377594,94.111868,0.705361247901058
1251,C:\Users\joshy\OneDrive\Documents\Kravitz Lab\freezeData\\0318\20260317235208-b93.91-f10.png,2026-03-17 23:52:08,10.0,59.59933523597054,7.41178344145958,501.5120783559039,93.77048,0.6443940528325923
1252,C:\Users\joshy\OneDrive\Documents\Kravitz Lab\freezeData\\0318\20260317235227-b93.82-f0.png,2026-03-17 23:52:27,0.0,57.70798550420889,7.432407642567355,433.3692018496,93.650496,0.7436948467835885
1253,C:\Users\joshy\OneDrive\Documents\Kravitz Lab\freezeData\\0318\20260317235246-b94.33-f2.png,2026-03-17 23:52:46,2.0,58.18120826769331,7.451293158646959,457.2727140464,94.142536,0.799732020856429
1254,C:\Users\joshy\OneDrive\Documents\Kravitz Lab\freezeData\\0318\20260317235306-b94.33-f4.png,2026-03-17 23:53:06,4.0,58.747690804126215,7.443713092519746,426.94554687960004,94.159528,0.8495249190951901
1255,C:\Users\joshy\OneDrive\Documents\Kravitz Lab\freezeData\\0318\20260317235325-b94.67-f6.png,2026-03-17 23:53:25,6.0,59.072206654837736,7.441322541409671,433.26577157318405,94.502988,0.7853645864978341
1256,C:\Users\joshy\OneDrive\Documents\Kravitz Lab\freezeData\\0318\20260317235344-b94.07-f8.png,2026-03-17 23:53:44,8.0,59.4197164785691,7.426822084801504,439.495311548864,93.909592,0.7094718844776234
1257,C:\Users\joshy\OneDrive\Documents\Kravitz Lab\freezeData\\0318\20260317235421-b94.20-f0.png,2026-03-17 23:54:21,0.0,57.84174205307499,7.436562222741961,425.10614057982406,94.024744,0.742749997701077
1258,C:\Users\joshy\OneDrive\Documents\Kravitz Lab\freezeData\\0318\20260317235403-b94.05-f10.png,2026-03-17 23:54:03,10.0,59.51092986043138,7.41146484539836,494.72889815294394,93.907896,0.6418762850902257
1259,C:\Users\joshy\OneDrive\Documents\Kravitz Lab\freezeData\\0318\20260317235440-b94.29-f2.png,2026-03-17 23:54:40,2.0,58.238884777881665,7.446718164920237,446.24723450566387,94.109068,0.8002094187145762
1260,C:\Users\joshy\OneDrive\Documents\Kravitz Lab\freezeData\\0318\20260317235459-b94.80-f4.png,2026-03-17 23:54:59,4.0,58.616236862143374,7.441221706641095,423.029259450224,94.625348,0.8498404632443641
1261,C:\Users\joshy\OneDrive\Documents\Kravitz Lab\freezeData\\0318\20260317235518-b94.28-f6.png,2026-03-17 23:55:18,6.0,58.91778032771622,7.434746986570696,421.109790026864,94.112824,0.7860787402160132
1262,C:\Users\joshy\OneDrive\Documents\Kravitz Lab\freezeData\\0318\20260317235538-b93.94-f8.png,2026-03-17 23:55:38,8.0,59.38113844320279,7.426795530201062,447.78778619160005,93.786072,0.7084487030112288
1263,C:\Users\joshy\OneDrive\Documents\Kravitz Lab\freezeData\\0318\20260317235557-b94.10-f10.png,2026-03-17 23:55:57,10.0,59.6165579831578,7.409469383239804,484.6311874416639,93.959972,0.6436948895240872
1264,C:\Users\joshy\OneDrive\Documents\Kravitz Lab\freezeData\\0318\20260317235616-b94.04-f0.png,2026-03-17 23:56:16,0.0,57.759415052544846,7.434160054689116,424.6532769244001,93.865684,0.7452317135806364
1265,C:\Users\joshy\OneDrive\Documents\Kravitz Lab\freezeData\\0318\20260317235655-b94.93-f4.png,2026-03-17 23:56:55,4.0,58.72243067590865,7.445956630510962,424.38677490374397,94.752348,0.8485011243337539
1266,C:\Users\joshy\OneDrive\Documents\Kravitz Lab\freezeData\\0318\20260317235635-b94.29-f2.png,2026-03-17 23:56:35,2.0,58.1092343806903,7.44287745663809,451.18651762942403,94.1113,0.8009205819864537
1267,C:\Users\joshy\OneDrive\Documents\Kravitz Lab\freezeData\\0318\20260317235714-b94.30-f6.png,2026-03-17 23:57:14,6.0,58.9723721835391,7.437082719341483,409.334521528064,94.116512,0.7823243264041528
1268,C:\Users\joshy\OneDrive\Documents\Kravitz Lab\freezeData\\0318\20260317235734-b94.53-f8.png,2026-03-17 23:57:34,8.0,59.347975297274765,7.422618128942721,433.0246556784,94.366508,0.7082308986116757
1269,C:\Users\joshy\OneDrive\Documents\Kravitz Lab\freezeData\\0318\20260317235753-b93.79-f10.png,2026-03-17 23:57:53,10.0,59.43597170779473,7.406979463967335,503.47486096,93.639668,0.6420263063538547
1270,C:\Users\joshy\OneDrive\Documents\Kravitz Lab\freezeData\\0318\20260317235812-b94.18-f0.png,2026-03-17 23:58:12,0.0,57.83167157552768,7.437362098029882,434.11648752254393,94.005548,0.7418612680516826
1271,C:\Users\joshy\OneDrive\Documents\Kravitz Lab\freezeData\\0318\20260317235831-b94.89-f2.png,2026-03-17 23:58:31,2.0,58.313570852675454,7.452577811987302,441.8203939287039,94.7079,0.7982653455916343
1272,C:\Users\joshy\OneDrive\Documents\Kravitz Lab\freezeData\\0318\20260317235851-b94.42-f4.png,2026-03-17 23:58:51,4.0,58.51727523499583,7.443126455387862,414.856302115264,94.239088,0.8502972849915826
1273,C:\Users\joshy\OneDrive\Documents\Kravitz Lab\freezeData\\0318\20260317235928-b94.65-f8.png,2026-03-17 23:59:28,8.0,59.5938402805647,7.428702411164217,447.64852760574394,94.489388,0.7056970978197509
1274,C:\Users\joshy\OneDrive\Documents\Kravitz Lab\freezeData\\0318\20260317235909-b94.48-f6.png,2026-03-17 23:59:09,6.0,58.975410927642855,7.4379681977228636,435.300716344256,94.319108,0.7829427970175036
1275,C:\Users\joshy\OneDrive\Documents\Kravitz Lab\freezeData\\0318\20260317235947-b94.20-f10.png,2026-03-17 23:59:47,10.0,59.32421028327521,7.41056547696482,501.952941043136,94.045588,0.641049956916115
1276,C:\Users\joshy\OneDrive\Documents\Kravitz Lab\freezeData\\0318\20260318000006-b94.36-f0.png,2026-03-18 00:00:06,0.0,57.71962545949708,7.435724458109095,452.99869711462406,94.225124,0.7430068400611383
1277,C:\Users\joshy\OneDrive\Documents\Kravitz Lab\freezeData\\0318\20260318000026-b94.26-f2.png,2026-03-18 00:00:26,2.0,58.283751670732386,7.4451592889903715,463.730109829744,94.10438,0.798488293783684
1278,C:\Users\joshy\OneDrive\Documents\Kravitz Lab\freezeData\\0318\20260318000045-b94.61-f4.png,2026-03-18 00:00:45,4.0,58.62029993109908,7.443038340725983,433.9090469037439,94.456228,0.8500156453195424
1279,C:\Users\joshy\OneDrive\Documents\Kravitz Lab\freezeData\\0318\20260318000105-b94.67-f6.png,2026-03-18 00:01:05,6.0,59.02410603392156,7.439512272658415,432.84296196806395,94.519872,0.7830164331193368
1280,C:\Users\joshy\OneDrive\Documents\Kravitz Lab\freezeData\\0318\20260318000123-b94.10-f8.png,2026-03-18 00:01:23,8.0,59.343381026854345,7.421893024264211,440.31801005630393,93.963172,0.7067915822806383
1281,C:\Users\joshy\OneDrive\Documents\Kravitz Lab\freezeData\\0318\20260318000201-b94.19-f0.png,2026-03-18 00:02:01,0.0,57.77987887979053,7.439186188843876,440.2491385431039,94.042856,0.7417174208247044
1282,C:\Users\joshy\OneDrive\Documents\Kravitz Lab\freezeData\\0318\20260318000142-b93.91-f10.png,2026-03-18 00:01:42,10.0,59.437354502622334,7.4120232786886495,511.691434666944,93.78036,0.6408216544823405
1283,C:\Users\joshy\OneDrive\Documents\Kravitz Lab\freezeData\\0318\20260318000220-b94.88-f2.png,2026-03-18 00:02:20,2.0,58.230667815901135,7.448778108537057,462.6971586361439,94.718224,0.7970827390589483
1284,C:\Users\joshy\OneDrive\Documents\Kravitz Lab\freezeData\\0318\20260318000238-b94.51-f4.png,2026-03-18 00:02:38,4.0,58.58667195352595,7.442420970858011,436.332589177456,94.358956,0.8490469339486316
1285,C:\Users\joshy\OneDrive\Documents\Kravitz Lab\freezeData\\0318\20260318000257-b94.40-f6.png,2026-03-18 00:02:57,6.0,58.91432255949665,7.441197815806552,434.991382104816,94.258328,0.7806725542247086
1286,C:\Users\joshy\OneDrive\Documents\Kravitz Lab\freezeData\\0318\20260318000315-b93.85-f8.png,2026-03-18 00:03:15,8.0,59.08032422941485,7.419286467940618,446.41598119910395,93.701596,0.707235984457177
1287,C:\Users\joshy\OneDrive\Documents\Kravitz Lab\freezeData\\0318\20260318000334-b93.57-f10.png,2026-03-18 00:03:34,10.0,59.28953898730871,7.404568784841211,518.7392305984,93.44918,0.6422941498074077
1288,C:\Users\joshy\OneDrive\Documents\Kravitz Lab\freezeData\\0318\20260318000352-b94.43-f0.png,2026-03-18 00:03:52,0.0,57.812328176440154,7.438841693842175,448.90143348729595,94.277328,0.7436943338860136
1289,C:\Users\joshy\OneDrive\Documents\Kravitz Lab\freezeData\\0318\20260318000411-b94.51-f2.png,2026-03-18 00:04:11,2.0,58.10914555480918,7.446397386457796,440.05542079614406,94.3383,0.7969757908470354
1290,C:\Users\joshy\OneDrive\Documents\Kravitz Lab\freezeData\\0318\20260318000431-b94.29-f4.png,2026-03-18 00:04:31,4.0,58.681996665702634,7.447966129800795,420.49233607014395,94.114592,0.8473001119858032
1291,C:\Users\joshy\OneDrive\Documents\Kravitz Lab\freezeData\\0318\20260318000450-b94.64-f6.png,2026-03-18 00:04:50,6.0,59.16505459950142,7.441731280817742,444.47816940537604,94.501496,0.7813373994883897
1292,C:\Users\joshy\OneDrive\Documents\Kravitz Lab\freezeData\\0318\20260318000509-b94.25-f8.png,2026-03-18 00:05:09,8.0,59.38425615108651,7.428797745764353,457.14902439281593,94.130512,0.7088295690248915
1293,C:\Users\joshy\OneDrive\Documents\Kravitz Lab\freezeData\\0318\20260318000528-b94.02-f10.png,2026-03-18 00:05:28,10.0,59.47661047881448,7.413477604672939,502.157992416496,93.907124,0.6455707760507333
1294,C:\Users\joshy\OneDrive\Documents\Kravitz Lab\freezeData\\0318\20260318000546-b94.32-f0.png,2026-03-18 00:05:46,0.0,57.72091806340035,7.440987897319642,453.9881523824,94.177668,0.7420977110029118
1295,C:\Users\joshy\OneDrive\Documents\Kravitz Lab\freezeData\\0318\20260318000606-b94.73-f2.png,2026-03-18 00:06:06,2.0,58.26529099211983,7.4446795217999115,457.84862982974397,94.58006,0.8001934361982418
1296,C:\Users\joshy\OneDrive\Documents\Kravitz Lab\freezeData\\0318\20260318000624-b94.64-f4.png,2026-03-18 00:06:24,4.0,58.6556943422036,7.4468328314649765,426.4281185628161,94.484728,0.8463002601002186
1297,C:\Users\joshy\OneDrive\Documents\Kravitz Lab\freezeData\\0318\20260318000642-b94.64-f6.png,2026-03-18 00:06:42,6.0,59.031200122103705,7.440501006644534,442.62491172337604,94.493988,0.7782399803436664
1298,C:\Users\joshy\OneDrive\Documents\Kravitz Lab\freezeData\\0318\20260318000702-b94.41-f8.png,2026-03-18 00:07:02,8.0,59.29254655538904,7.429189379606286,448.67129688345597,94.265968,0.7046037943329584
1299,C:\Users\joshy\OneDrive\Documents\Kravitz Lab\freezeData\\0318\20260318000720-b93.90-f10.png,2026-03-18 00:07:20,10.0,59.36904933335295,7.414120931186656,495.940060374464,93.782852,0.6419628950590229
1300,C:\Users\joshy\OneDrive\Documents\Kravitz Lab\freezeData\\0318\20260318000739-b93.95-f0.png,2026-03-18 00:07:39,0.0,57.546921457787256,7.436016376153185,445.78263942681605,93.781792,0.7403896842935552
1301,C:\Users\joshy\OneDrive\Documents\Kravitz Lab\freezeData\\0318\20260318000758-b94.62-f2.png,2026-03-18 00:07:58,2.0,58.20973547405966,7.446730187723239,456.73620590897605,94.4598,0.7949743219074471
1302,C:\Users\joshy\OneDrive\Documents\Kravitz Lab\freezeData\\0318\20260318000817-b95.03-f4.png,2026-03-18 00:08:17,4.0,58.761600559205874,7.453665375344911,415.629175190976,94.858156,0.8434565329623575
1303,C:\Users\joshy\OneDrive\Documents\Kravitz Lab\freezeData\\0318\20260318000835-b95.20-f6.png,2026-03-18 00:08:35,6.0,58.87646426978563,7.447706293198051,454.81391903601605,95.043716,0.7775523353836042
1304,C:\Users\joshy\OneDrive\Documents\Kravitz Lab\freezeData\\0318\20260318000855-b94.20-f8.png,2026-03-18 00:08:55,8.0,59.15427308389763,7.4288826021590255,465.07129476089597,94.055892,0.7058952572340274
1305,C:\Users\joshy\OneDrive\Documents\Kravitz Lab\freezeData\\0318\20260318000914-b93.60-f10.png,2026-03-18 00:09:14,10.0,59.34420373145455,7.4092195517537585,493.33868764665596,93.473704,0.6418835643404018
1306,C:\Users\joshy\OneDrive\Documents\Kravitz Lab\freezeData\\0318\20260318000934-b94.07-f0.png,2026-03-18 00:09:34,0.0,57.50732918181251,7.43109870010801,451.16462783840007,93.929216,0.739147118987946
1307,C:\Users\joshy\OneDrive\Documents\Kravitz Lab\freezeData\\0318\20260318000953-b94.71-f2.png,2026-03-18 00:09:53,2.0,58.063765848995914,7.445781320761606,471.88822900926397,94.536324,0.7942588890238498
1308,C:\Users\joshy\OneDrive\Documents\Kravitz Lab\freezeData\\0318\20260318001013-b94.63-f4.png,2026-03-18 00:10:13,4.0,58.47532703920737,7.44704689682407,408.86643572862397,94.462588,0.844284548007944
1309,C:\Users\joshy\OneDrive\Documents\Kravitz Lab\freezeData\\0318\20260318001032-b94.85-f6.png,2026-03-18 00:10:32,6.0,59.03587752914513,7.440698284738219,432.487502856176,94.683424,0.7810402151696849
1310,C:\Users\joshy\OneDrive\Documents\Kravitz Lab\freezeData\\0318\20260318001052-b94.21-f8.png,2026-03-18 00:10:52,8.0,59.054467010156785,7.42642598506025,445.9060308272641,94.064048,0.7072928883160632
1311,C:\Users\joshy\OneDrive\Documents\Kravitz Lab\freezeData\\0318\20260318001111-b93.73-f10.png,2026-03-18 00:11:11,10.0,59.290637526835084,7.411900616860253,461.733465333104,93.589116,0.6404180500426326
1312,C:\Users\joshy\OneDrive\Documents\Kravitz Lab\freezeData\\0318\20260318001130-b94.41-f0.png,2026-03-18 00:11:30,0.0,57.80760786601515,7.436358570028043,427.11779982206394,94.247032,0.7367846875738253
1313,C:\Users\joshy\OneDrive\Documents\Kravitz Lab\freezeData\\0318\20260318001150-b94.24-f2.png,2026-03-18 00:11:50,2.0,58.132987439629005,7.443083055868111,440.22772575,94.078456,0.7939657830734167
1314,C:\Users\joshy\OneDrive\Documents\Kravitz Lab\freezeData\\0318\20260318001210-b94.58-f4.png,2026-03-18 00:12:10,4.0,58.45157001927651,7.442621221041371,409.7228429759839,94.405204,0.8449856770386559
1315,C:\Users\joshy\OneDrive\Documents\Kravitz Lab\freezeData\\0318\20260318001228-b95.18-f6.png,2026-03-18 00:12:28,6.0,58.93209508456743,7.436607031461585,435.23232546686404,95.029748,0.7809274507436876
1316,C:\Users\joshy\OneDrive\Documents\Kravitz Lab\freezeData\\0318\20260318001247-b94.51-f8.png,2026-03-18 00:12:47,8.0,59.258228308612,7.427917676419913,432.37665927929606,94.345696,0.7065011196707734
1317,C:\Users\joshy\OneDrive\Documents\Kravitz Lab\freezeData\\0318\20260318001306-b93.50-f10.png,2026-03-18 00:13:06,10.0,59.31942207808447,7.4107169195355045,495.555108535664,93.370492,0.6422870091668961
1318,C:\Users\joshy\OneDrive\Documents\Kravitz Lab\freezeData\\0318\20260318001324-b94.04-f0.png,2026-03-18 00:13:24,0.0,57.67390145181039,7.437594602659408,433.831964666736,93.872692,0.7376484109318122
1319,C:\Users\joshy\OneDrive\Documents\Kravitz Lab\freezeData\\0318\20260318001345-b94.58-f2.png,2026-03-18 00:13:45,2.0,58.09727391814401,7.440645128143229,451.532402085376,94.404988,0.7942128390952794
1320,C:\Users\joshy\OneDrive\Documents\Kravitz Lab\freezeData\\0318\20260318001403-b94.55-f4.png,2026-03-18 00:14:03,4.0,58.58394135200547,7.44185992627752,420.0547688176,94.380972,0.8443378340816672
1321,C:\Users\joshy\OneDrive\Documents\Kravitz Lab\freezeData\\0318\20260318001421-b94.27-f6.png,2026-03-18 00:14:21,6.0,58.79300338773327,7.435206551090505,420.93763443039995,94.104272,0.7814390919777803
1322,C:\Users\joshy\OneDrive\Documents\Kravitz Lab\freezeData\\0318\20260318001441-b94.53-f8.png,2026-03-18 00:14:41,8.0,59.32361324849942,7.427743129680529,427.9751043219039,94.363592,0.7064028055572591
1323,C:\Users\joshy\OneDrive\Documents\Kravitz Lab\freezeData\\0318\20260318001459-b93.77-f10.png,2026-03-18 00:14:59,10.0,59.44695337374658,7.418960408277388,522.31086799,93.62286,0.6369236996565989
1324,C:\Users\joshy\OneDrive\Documents\Kravitz Lab\freezeData\\0318\20260318001519-b93.52-f0.png,2026-03-18 00:15:19,0.0,57.426147068781965,7.425561510636502,433.314436753136,93.342568,0.7388302861663808
1325,C:\Users\joshy\OneDrive\Documents\Kravitz Lab\freezeData\\0318\20260318001537-b94.39-f2.png,2026-03-18 00:15:37,2.0,58.05077850421426,7.440593595864218,444.36868674673605,94.205784,0.7942047486451693
1326,C:\Users\joshy\OneDrive\Documents\Kravitz Lab\freezeData\\0318\20260318001556-b94.67-f4.png,2026-03-18 00:15:56,4.0,58.613417303489,7.444766976661352,427.8632842716001,94.500084,0.8463213034297338
1327,C:\Users\joshy\OneDrive\Documents\Kravitz Lab\freezeData\\0318\20260318001617-b94.23-f6.png,2026-03-18 00:16:17,6.0,58.858063625186446,7.434546080817141,416.2826703356001,94.067248,0.7792451544095713
1328,C:\Users\joshy\OneDrive\Documents\Kravitz Lab\freezeData\\0318\20260318001635-b94.50-f8.png,2026-03-18 00:16:35,8.0,59.35385063832661,7.42800702827918,456.426024507904,94.344596,0.6997065306856377
1329,C:\Users\joshy\OneDrive\Documents\Kravitz Lab\freezeData\\0318\20260318001654-b93.58-f10.png,2026-03-18 00:16:54,10.0,59.525853179820956,7.408546498239159,485.246821043136,93.43012,0.6425217495425309
1330,C:\Users\joshy\OneDrive\Documents\Kravitz Lab\freezeData\\0318\20260318001713-b94.08-f0.png,2026-03-18 00:17:13,0.0,57.774210989653305,7.43305552599665,417.08993880159994,93.910532,0.7376372355676918
1331,C:\Users\joshy\OneDrive\Documents\Kravitz Lab\freezeData\\0318\20260318001733-b94.38-f2.png,2026-03-18 00:17:33,2.0,58.0851130036527,7.441596260973505,443.8969426361439,94.204664,0.7929550845048319
1332,C:\Users\joshy\OneDrive\Documents\Kravitz Lab\freezeData\\0318\20260318001752-b94.45-f4.png,2026-03-18 00:17:52,4.0,58.348019867497264,7.438094261888148,416.51690759,94.279488,0.8426773347691782
1333,C:\Users\joshy\OneDrive\Documents\Kravitz Lab\freezeData\\0318\20260318001811-b94.86-f6.png,2026-03-18 00:18:11,6.0,58.98036528856959,7.436063534413426,407.063703282416,94.699836,0.7811652028023093
1334,C:\Users\joshy\OneDrive\Documents\Kravitz Lab\freezeData\\0318\20260318001829-b94.11-f8.png,2026-03-18 00:18:29,8.0,58.9853804314623,7.419564038156454,455.222837818304,93.965892,0.6993838917139222
1335,C:\Users\joshy\OneDrive\Documents\Kravitz Lab\freezeData\\0318\20260318001849-b93.04-f10.png,2026-03-18 00:18:49,10.0,59.13547451961322,7.401511733763587,492.655684535664,92.917724,0.6419314305553822
1336,C:\Users\joshy\OneDrive\Documents\Kravitz Lab\freezeData\\0318\20260318001907-b93.99-f0.png,2026-03-18 00:19:07,0.0,57.72674874945389,7.427642573287508,432.0272771355999,93.825132,0.7356563909490316
1337,C:\Users\joshy\OneDrive\Documents\Kravitz Lab\freezeData\\0318\20260318001926-b93.89-f2.png,2026-03-18 00:19:26,2.0,57.804909797371224,7.432713658518475,456.11949024,93.706076,0.7916742261958778
1338,C:\Users\joshy\OneDrive\Documents\Kravitz Lab\freezeData\\0318\20260318001944-b94.21-f4.png,2026-03-18 00:19:44,4.0,58.451471043166606,7.439609067719142,419.76103161318406,94.032816,0.83942740998549
1339,C:\Users\joshy\OneDrive\Documents\Kravitz Lab\freezeData\\0318\20260318002003-b94.04-f6.png,2026-03-18 00:20:03,6.0,58.63951470436446,7.423382454222662,438.304996360304,93.887932,0.7794472964598762
1340,C:\Users\joshy\OneDrive\Documents\Kravitz Lab\freezeData\\0318\20260318002023-b94.08-f8.png,2026-03-18 00:20:23,8.0,59.00445867666287,7.415339501365195,451.289066661104,93.925272,0.7016447571629033
1341,C:\Users\joshy\OneDrive\Documents\Kravitz Lab\freezeData\\0318\20260318002041-b93.99-f10.png,2026-03-18 00:20:41,10.0,59.12827274925254,7.404810648152158,511.1745690864,93.8613,0.6362848516634845
1342,C:\Users\joshy\OneDrive\Documents\Kravitz Lab\freezeData\\0318\20260318002059-b93.81-f0.png,2026-03-18 00:20:59,0.0,57.55797233077955,7.423261411485905,454.41257236030407,93.644904,0.7349486252763852
1343,C:\Users\joshy\OneDrive\Documents\Kravitz Lab\freezeData\\0318\20260318002119-b94.19-f2.png,2026-03-18 00:21:19,2.0,57.85784624792471,7.434080155412072,438.0059919839841,93.997252,0.7885306556403208
1344,C:\Users\joshy\OneDrive\Documents\Kravitz Lab\freezeData\\0318\20260318002137-b94.11-f4.png,2026-03-18 00:21:37,4.0,58.39851788101626,7.4319604368866985,412.2366522270561,93.938932,0.8367870461440389
1345,C:\Users\joshy\OneDrive\Documents\Kravitz Lab\freezeData\\0318\20260318002156-b94.49-f6.png,2026-03-18 00:21:56,6.0,58.621492295010164,7.431265668207558,436.43229448689596,94.321492,0.7718266867910639
1346,C:\Users\joshy\OneDrive\Documents\Kravitz Lab\freezeData\\0318\20260318002215-b94.46-f8.png,2026-03-18 00:22:15,8.0,59.125760778376666,7.427529743985518,442.8127290695041,94.311224,0.6972449087311386
1347,C:\Users\joshy\OneDrive\Documents\Kravitz Lab\freezeData\\0318\20260318002234-b93.81-f10.png,2026-03-18 00:22:34,10.0,59.15450000897974,7.404277491474474,492.53684834150397,93.675296,0.6361569335222783
1348,C:\Users\joshy\OneDrive\Documents\Kravitz Lab\freezeData\\0318\20260318002252-b94.02-f0.png,2026-03-18 00:22:52,0.0,57.356377491810825,7.426098347913783,451.430261829744,93.857336,0.7312674793549141
1349,C:\Users\joshy\OneDrive\Documents\Kravitz Lab\freezeData\\0318\20260318002312-b94.06-f2.png,2026-03-18 00:23:12,2.0,57.79092223100441,7.429811903271842,448.44015867313595,93.8863,0.7853546299003308
1350,C:\Users\joshy\OneDrive\Documents\Kravitz Lab\freezeData\\0318\20260318002331-b94.64-f4.png,2026-03-18 00:23:31,4.0,58.033183191742985,7.433878488255485,418.97501191166396,94.46344,0.8354721367996975
1351,C:\Users\joshy\OneDrive\Documents\Kravitz Lab\freezeData\\0318\20260318002350-b94.27-f6.png,2026-03-18 00:23:50,6.0,58.39349058476583,7.429227938947702,441.68858627833606,94.122692,0.774955899084682
1352,C:\Users\joshy\OneDrive\Documents\Kravitz Lab\freezeData\\0318\20260318002410-b94.25-f8.png,2026-03-18 00:24:10,8.0,58.729548183135755,7.418687149018484,441.15964219159997,94.106856,0.6950020531951703
1353,C:\Users\joshy\OneDrive\Documents\Kravitz Lab\freezeData\\0318\20260318002429-b94.10-f10.png,2026-03-18 00:24:29,10.0,59.0479959149099,7.410888232774442,523.279963754224,93.972028,0.6302554599237649
1354,C:\Users\joshy\OneDrive\Documents\Kravitz Lab\freezeData\\0318\20260318002448-b94.19-f0.png,2026-03-18 00:24:48,0.0,57.152789958558486,7.425343450459801,453.48603770993594,94.029664,0.7259154085413868
1355,C:\Users\joshy\OneDrive\Documents\Kravitz Lab\freezeData\\0318\20260318002507-b94.52-f2.png,2026-03-18 00:25:07,2.0,57.45480622281398,7.437399238613162,462.6412464868961,94.350836,0.7805554371494006
1356,C:\Users\joshy\OneDrive\Documents\Kravitz Lab\freezeData\\0318\20260318002527-b94.26-f4.png,2026-03-18 00:25:27,4.0,57.98998688706166,7.432286222616547,423.966435911664,94.099804,0.8328487910033412
1357,C:\Users\joshy\OneDrive\Documents\Kravitz Lab\freezeData\\0318\20260318002545-b94.80-f6.png,2026-03-18 00:25:45,6.0,58.52345067480775,7.433820944769408,446.3890224868961,94.640688,0.7683176725193306
1358,C:\Users\joshy\OneDrive\Documents\Kravitz Lab\freezeData\\0318\20260318002607-b94.42-f8.png,2026-03-18 00:26:07,8.0,58.69664147826858,7.422407556693722,443.80568722278394,94.26346,0.6930438407171083
1359,C:\Users\joshy\OneDrive\Documents\Kravitz Lab\freezeData\\0318\20260318002626-b93.96-f10.png,2026-03-18 00:26:26,10.0,58.721289222563904,7.408667856177878,519.6977652090239,93.8198,0.6322386276991443
1360,C:\Users\joshy\OneDrive\Documents\Kravitz Lab\freezeData\\0318\20260318002644-b93.57-f0.png,2026-03-18 00:26:44,0.0,57.12045427600184,7.420935965407397,444.985306654656,93.395428,0.7255335504066401
1361,C:\Users\joshy\OneDrive\Documents\Kravitz Lab\freezeData\\0318\20260318002704-b94.84-f2.png,2026-03-18 00:27:04,2.0,57.63236582042129,7.437666971165481,455.84506986942387,94.663444,0.7812853572878213
1362,C:\Users\joshy\OneDrive\Documents\Kravitz Lab\freezeData\\0318\20260318002723-b94.61-f4.png,2026-03-18 00:27:23,4.0,57.988411082927115,7.4353163224660035,425.25097982039995,94.447884,0.8305837636707546
1363,C:\Users\joshy\OneDrive\Documents\Kravitz Lab\freezeData\\0318\20260318002742-b94.91-f6.png,2026-03-18 00:27:42,6.0,58.49762390687677,7.436056138873423,433.488906392576,94.74636,0.7706060792810354
1364,C:\Users\joshy\OneDrive\Documents\Kravitz Lab\freezeData\\0318\20260318002802-b94.82-f8.png,2026-03-18 00:28:02,8.0,58.87603811742716,7.424848091885245,453.481273025264,94.672208,0.696192461128154
1365,C:\Users\joshy\OneDrive\Documents\Kravitz Lab\freezeData\\0318\20260318002820-b93.30-f10.png,2026-03-18 00:28:20,10.0,58.78581856075209,7.401343912610145,503.13291349809606,93.173344,0.6376168918777572
1366,C:\Users\joshy\OneDrive\Documents\Kravitz Lab\freezeData\\0318\20260318002840-b93.90-f0.png,2026-03-18 00:28:40,0.0,57.11089171918071,7.424826825334498,447.01644881759995,93.744996,0.7292313756192569
1367,C:\Users\joshy\OneDrive\Documents\Kravitz Lab\freezeData\\0318\20260318002917-b94.96-f4.png,2026-03-18 00:29:17,4.0,58.032562960952326,7.439734781049466,414.7105786364,94.790152,0.8330936372856856
1368,C:\Users\joshy\OneDrive\Documents\Kravitz Lab\freezeData\\0318\20260318002937-b93.83-f6.png,2026-03-18 00:29:37,6.0,58.449076275335614,7.434687480253681,443.621303822064,93.6816,0.7661651218299652
1369,C:\Users\joshy\OneDrive\Documents\Kravitz Lab\freezeData\\0318\20260318002859-b94.49-f2.png,2026-03-18 00:28:59,2.0,57.69262320194762,7.441389297183293,476.7658627099999,94.329436,0.7804221385813338
1370,C:\Users\joshy\OneDrive\Documents\Kravitz Lab\freezeData\\0318\20260318002956-b94.72-f8.png,2026-03-18 00:29:56,8.0,58.94876984574806,7.419683397252724,461.02809872766403,94.573032,0.6991866686151139
1371,C:\Users\joshy\OneDrive\Documents\Kravitz Lab\freezeData\\0318\20260318003014-b93.74-f10.png,2026-03-18 00:30:14,10.0,58.90550164674481,7.403907667985405,487.4664577216001,93.602312,0.637357920208066
1372,C:\Users\joshy\OneDrive\Documents\Kravitz Lab\freezeData\\0318\20260318003034-b94.12-f0.png,2026-03-18 00:30:34,0.0,57.21743926190769,7.42926767484142,445.09710503040003,93.971852,0.726705479704724
1373,C:\Users\joshy\OneDrive\Documents\Kravitz Lab\freezeData\\0318\20260318003112-b94.70-f4.png,2026-03-18 00:31:12,4.0,58.31020926894926,7.4447633830428135,409.246028227056,94.523812,0.8324181233883058
1374,C:\Users\joshy\OneDrive\Documents\Kravitz Lab\freezeData\\0318\20260318003054-b94.48-f2.png,2026-03-18 00:30:54,2.0,57.6937030936959,7.439030213154091,462.19414198769596,94.317092,0.7837745643354446
1375,C:\Users\joshy\OneDrive\Documents\Kravitz Lab\freezeData\\0318\20260318003132-b94.90-f6.png,2026-03-18 00:31:32,6.0,58.54987833932652,7.439095447542438,429.82890564959996,94.737492,0.7696908450833749
1376,C:\Users\joshy\OneDrive\Documents\Kravitz Lab\freezeData\\0318\20260318003209-b93.92-f10.png,2026-03-18 00:32:09,10.0,59.09607507707645,7.408933235023048,526.476937036736,93.796888,0.6352987162528403
1377,C:\Users\joshy\OneDrive\Documents\Kravitz Lab\freezeData\\0318\20260318003150-b94.55-f8.png,2026-03-18 00:31:50,8.0,58.89157176776126,7.425608800548279,460.6553754188161,94.400568,0.6945001327420864
1378,C:\Users\joshy\OneDrive\Documents\Kravitz Lab\freezeData\\0318\20260318003227-b94.13-f0.png,2026-03-18 00:32:27,0.0,57.36050561761407,7.4300130287514685,431.50492224,93.955108,0.7300121683493013
1379,C:\Users\joshy\OneDrive\Documents\Kravitz Lab\freezeData\\0318\20260318003247-b94.86-f2.png,2026-03-18 00:32:47,2.0,57.758113694628214,7.450000636409476,452.1458188743039,94.68128,0.7836371265833236
1380,C:\Users\joshy\OneDrive\Documents\Kravitz Lab\freezeData\\0318\20260318003304-b94.46-f4.png,2026-03-18 00:33:04,4.0,58.133747742623164,7.439020320646526,429.51117446425593,94.292584,0.8341327051061975
1381,C:\Users\joshy\OneDrive\Documents\Kravitz Lab\freezeData\\0318\20260318003323-b94.91-f6.png,2026-03-18 00:33:23,6.0,58.60858745654134,7.436242942939185,439.067864249344,94.746212,0.7743179553291958
1382,C:\Users\joshy\OneDrive\Documents\Kravitz Lab\freezeData\\0318\20260318003342-b94.47-f8.png,2026-03-18 00:33:42,8.0,58.889434868273476,7.425636184471587,454.4015939204961,94.310124,0.6974262186531338
1383,C:\Users\joshy\OneDrive\Documents\Kravitz Lab\freezeData\\0318\20260318003401-b94.00-f10.png,2026-03-18 00:34:01,10.0,59.00480752204397,7.409268197288172,498.9471243804,93.861388,0.6378900556230592
1384,C:\Users\joshy\OneDrive\Documents\Kravitz Lab\freezeData\\0318\20260318003420-b93.95-f0.png,2026-03-18 00:34:20,0.0,57.225058944428746,7.4322044781873595,447.16770680160005,93.805216,0.727433258008148
1385,C:\Users\joshy\OneDrive\Documents\Kravitz Lab\freezeData\\0318\20260318003439-b94.48-f2.png,2026-03-18 00:34:39,2.0,57.78188568443519,7.441832874858994,465.0593870538241,94.308692,0.7832617919392934
1386,C:\Users\joshy\OneDrive\Documents\Kravitz Lab\freezeData\\0318\20260318003457-b94.94-f4.png,2026-03-18 00:34:57,4.0,58.17348524619291,7.444206696572197,423.64463653617605,94.765176,0.8324888294977116
1387,C:\Users\joshy\OneDrive\Documents\Kravitz Lab\freezeData\\0318\20260318003518-b94.70-f6.png,2026-03-18 00:35:18,6.0,58.600318801832465,7.4392796555644445,430.6398617500001,94.53894,0.7715761290022091
1388,C:\Users\joshy\OneDrive\Documents\Kravitz Lab\freezeData\\0318\20260318003536-b94.37-f8.png,2026-03-18 00:35:36,8.0,58.89773812077459,7.426204122605534,457.348982545776,94.217716,0.6981507737249099
1389,C:\Users\joshy\OneDrive\Documents\Kravitz Lab\freezeData\\0318\20260318003555-b93.25-f10.png,2026-03-18 00:35:55,10.0,59.00872490536172,7.405503367456686,510.61176865177595,93.116812,0.63646993791811
1390,C:\Users\joshy\OneDrive\Documents\Kravitz Lab\freezeData\\0318\20260318003616-b94.07-f0.png,2026-03-18 00:36:16,0.0,57.40007720632006,7.428498258079246,434.05617433559996,93.917364,0.7286730423289012
1391,C:\Users\joshy\OneDrive\Documents\Kravitz Lab\freezeData\\0318\20260318003634-b94.79-f2.png,2026-03-18 00:36:34,2.0,57.847631116168486,7.439993489810798,456.98426942590396,94.613764,0.7821898328836749
1392,C:\Users\joshy\OneDrive\Documents\Kravitz Lab\freezeData\\0318\20260318003653-b94.44-f4.png,2026-03-18 00:36:53,4.0,58.25298935199271,7.439915233471891,433.948079379904,94.267932,0.8334932689541853
1393,C:\Users\joshy\OneDrive\Documents\Kravitz Lab\freezeData\\0318\20260318003731-b94.63-f8.png,2026-03-18 00:37:31,8.0,58.73793419797479,7.428933969838815,435.101540664944,94.460628,0.6944353603911231
1394,C:\Users\joshy\OneDrive\Documents\Kravitz Lab\freezeData\\0318\20260318003712-b94.84-f6.png,2026-03-18 00:37:12,6.0,58.549667521690196,7.433984105654532,418.94597456177604,94.669756,0.7701058318088295
1395,C:\Users\joshy\OneDrive\Documents\Kravitz Lab\freezeData\\0318\20260318003750-b93.92-f10.png,2026-03-18 00:37:50,10.0,58.894695238788906,7.412896614824411,504.37705069254406,93.785224,0.6349994312034836
1396,C:\Users\joshy\OneDrive\Documents\Kravitz Lab\freezeData\\0318\20260318003809-b94.51-f0.png,2026-03-18 00:38:09,0.0,57.20389048401571,7.431643973260448,450.757808688384,94.355856,0.7295512917140287
1397,C:\Users\joshy\OneDrive\Documents\Kravitz Lab\freezeData\\0318\20260318003828-b94.62-f2.png,2026-03-18 00:38:28,2.0,57.79582798850104,7.441289177189283,466.75766365694403,94.45106,0.7826633545553435
1398,C:\Users\joshy\OneDrive\Documents\Kravitz Lab\freezeData\\0318\20260318003848-b94.57-f4.png,2026-03-18 00:38:48,4.0,58.22185664430498,7.43866454635012,434.344433364224,94.4083,0.8327020047575642
1399,C:\Users\joshy\OneDrive\Documents\Kravitz Lab\freezeData\\0318\20260318003907-b94.92-f6.png,2026-03-18 00:39:07,6.0,58.687588624113154,7.440269470216384,433.15427175161597,94.762308,0.7703724684057719
1400,C:\Users\joshy\OneDrive\Documents\Kravitz Lab\freezeData\\0318\20260318003926-b94.44-f8.png,2026-03-18 00:39:26,8.0,58.743940252263094,7.4259197845120095,455.5606856816,94.288388,0.6964551464533625
1401,C:\Users\joshy\OneDrive\Documents\Kravitz Lab\freezeData\\0318\20260318003946-b93.66-f10.png,2026-03-18 00:39:46,10.0,59.048915021025614,7.413533465261865,506.2404539491839,93.527764,0.6377677647704681
1402,C:\Users\joshy\OneDrive\Documents\Kravitz Lab\freezeData\\0318\20260318004005-b94.09-f0.png,2026-03-18 00:40:05,0.0,57.198718730307796,7.428425681333812,448.45410552806396,93.940944,0.7263887557520515
1403,C:\Users\joshy\OneDrive\Documents\Kravitz Lab\freezeData\\0318\20260318004042-b94.12-f4.png,2026-03-18 00:40:42,4.0,58.12739658239842,7.439283989310707,428.65354658737607,93.949024,0.833071141684453
1404,C:\Users\joshy\OneDrive\Documents\Kravitz Lab\freezeData\\0318\20260318004023-b94.84-f2.png,2026-03-18 00:40:23,2.0,57.67416549409498,7.440687906957297,464.82333050566393,94.672912,0.7816423028863877
1405,C:\Users\joshy\OneDrive\Documents\Kravitz Lab\freezeData\\0318\20260318004100-b94.63-f6.png,2026-03-18 00:41:00,6.0,58.35655909962396,7.4289150174126775,427.002497889216,94.483936,0.771752070876562
1406,C:\Users\joshy\OneDrive\Documents\Kravitz Lab\freezeData\\0318\20260318004120-b94.33-f8.png,2026-03-18 00:41:20,8.0,58.845459179314624,7.423159010678026,454.03789709489604,94.185704,0.6924748302266716
1407,C:\Users\joshy\OneDrive\Documents\Kravitz Lab\freezeData\\0318\20260318004138-b94.15-f10.png,2026-03-18 00:41:38,10.0,59.1424231567749,7.409077676027823,482.22562235889603,94.019676,0.6393843717550866
1408,C:\Users\joshy\OneDrive\Documents\Kravitz Lab\freezeData\\0318\20260318004157-b93.90-f0.png,2026-03-18 00:41:57,0.0,57.28797871234069,7.430155032424836,426.88587848689605,93.74612,0.7281974794505289
1409,C:\Users\joshy\OneDrive\Documents\Kravitz Lab\freezeData\\0318\20260318004216-b94.67-f2.png,2026-03-18 00:42:16,2.0,57.66438338036594,7.442056810911433,446.7045508924,94.494224,0.7821457675003357
1410,C:\Users\joshy\OneDrive\Documents\Kravitz Lab\freezeData\\0318\20260318004235-b94.21-f4.png,2026-03-18 00:42:35,4.0,58.088355405663336,7.440641116638936,433.20485715654394,94.042688,0.8330932371305981
1411,C:\Users\joshy\OneDrive\Documents\Kravitz Lab\freezeData\\0318\20260318004254-b94.72-f6.png,2026-03-18 00:42:54,6.0,58.460346135452056,7.433799606410469,437.021336174064,94.564944,0.7677808285678612
1412,C:\Users\joshy\OneDrive\Documents\Kravitz Lab\freezeData\\0318\20260318004312-b94.47-f8.png,2026-03-18 00:43:12,8.0,58.73928521246325,7.42676742532685,439.58497869209606,94.303336,0.695737803230769
1413,C:\Users\joshy\OneDrive\Documents\Kravitz Lab\freezeData\\0318\20260318004349-b94.18-f0.png,2026-03-18 00:43:49,0.0,57.18010603125531,7.424126539894558,445.026877384816,94.02612,0.7299526756525644
1414,C:\Users\joshy\OneDrive\Documents\Kravitz Lab\freezeData\\0318\20260318004331-b94.06-f10.png,2026-03-18 00:43:31,10.0,59.05407119519615,7.406116346686348,478.81890895999993,93.932448,0.637922283655278
1415,C:\Users\joshy\OneDrive\Documents\Kravitz Lab\freezeData\\0318\20260318004408-b95.06-f2.png,2026-03-18 00:44:08,2.0,57.859670306229575,7.444203968935978,463.690977729984,94.898196,0.7827775554055858
1416,C:\Users\joshy\OneDrive\Documents\Kravitz Lab\freezeData\\0318\20260318004427-b95.08-f4.png,2026-03-18 00:44:27,4.0,58.03758002606242,7.434770566210044,418.60273611513605,94.90572,0.8328459104791299
1417,C:\Users\joshy\OneDrive\Documents\Kravitz Lab\freezeData\\0318\20260318004445-b95.11-f6.png,2026-03-18 00:44:45,6.0,58.37606374231137,7.429157734971297,435.23026378929603,94.94756,0.7704581731181669
1418,C:\Users\joshy\OneDrive\Documents\Kravitz Lab\freezeData\\0318\20260318004503-b94.91-f8.png,2026-03-18 00:45:03,8.0,58.84205989998637,7.424836608464787,454.06943545137597,94.760804,0.6941145425000641
1419,C:\Users\joshy\OneDrive\Documents\Kravitz Lab\freezeData\\0318\20260318004523-b94.07-f10.png,2026-03-18 00:45:23,10.0,59.10443014890792,7.4103270641456245,490.70542045809594,93.945808,0.6378076609907503
1420,C:\Users\joshy\OneDrive\Documents\Kravitz Lab\freezeData\\0318\20260318004541-b94.22-f0.png,2026-03-18 00:45:41,0.0,57.18230448301769,7.428929893799857,440.209323957104,94.076616,0.7264850319852835
1421,C:\Users\joshy\OneDrive\Documents\Kravitz Lab\freezeData\\0318\20260318004601-b94.30-f2.png,2026-03-18 00:46:01,2.0,57.635357451218916,7.440783615830828,458.21775226737606,94.134668,0.7831125759764223
1422,C:\Users\joshy\OneDrive\Documents\Kravitz Lab\freezeData\\0318\20260318004621-b94.70-f4.png,2026-03-18 00:46:21,4.0,57.96412316389593,7.4390483904870335,419.47789149670393,94.534552,0.8322716764138322
1423,C:\Users\joshy\OneDrive\Documents\Kravitz Lab\freezeData\\0318\20260318004638-b94.71-f6.png,2026-03-18 00:46:38,6.0,58.44933090486029,7.433119579483773,444.88765024,94.561488,0.768965800748368
1424,C:\Users\joshy\OneDrive\Documents\Kravitz Lab\freezeData\\0318\20260318004700-b94.51-f8.png,2026-03-18 00:47:00,8.0,58.99269997354127,7.425487784004773,450.6762783099999,94.374088,0.6930433819466802
1425,C:\Users\joshy\OneDrive\Documents\Kravitz Lab\freezeData\\0318\20260318004720-b93.81-f10.png,2026-03-18 00:47:20,10.0,59.121066209191454,7.4106714469202775,506.00211803078406,93.67878,0.6332260696078962
1426,C:\Users\joshy\OneDrive\Documents\Kravitz Lab\freezeData\\0318\20260318004739-b94.06-f0.png,2026-03-18 00:47:39,0.0,57.13695254524252,7.42807775203482,446.255908753136,93.914948,0.7285989165449412
1427,C:\Users\joshy\OneDrive\Documents\Kravitz Lab\freezeData\\0318\20260318004758-b94.76-f2.png,2026-03-18 00:47:58,2.0,57.74125664297583,7.439822143385703,472.179286819824,94.6073,0.7813584850999697
1428,C:\Users\joshy\OneDrive\Documents\Kravitz Lab\freezeData\\0318\20260318004817-b95.07-f4.png,2026-03-18 00:48:17,4.0,58.49439870259032,7.447804600310249,413.68141839,94.88832,0.8308553617615535
1429,C:\Users\joshy\OneDrive\Documents\Kravitz Lab\freezeData\\0318\20260318004835-b94.69-f6.png,2026-03-18 00:48:35,6.0,58.495020010407586,7.437766036902236,447.17544383840004,94.533496,0.7682143300366545
1430,C:\Users\joshy\OneDrive\Documents\Kravitz Lab\freezeData\\0318\20260318004854-b94.48-f8.png,2026-03-18 00:48:54,8.0,59.063246568045145,7.43336337762325,468.7864196460639,94.334952,0.6904026609766214
1431,C:\Users\joshy\OneDrive\Documents\Kravitz Lab\freezeData\\0318\20260318004913-b94.03-f10.png,2026-03-18 00:49:13,10.0,59.05213975295676,7.4170529917001815,487.084814433264,93.893292,0.6350308062625084
1432,C:\Users\joshy\OneDrive\Documents\Kravitz Lab\freezeData\\0318\20260318004932-b94.07-f0.png,2026-03-18 00:49:32,0.0,57.09343746828828,7.4293969167096385,452.34952029382407,93.919216,0.72674326750281
1433,C:\Users\joshy\OneDrive\Documents\Kravitz Lab\freezeData\\0318\20260318004950-b94.69-f2.png,2026-03-18 00:49:50,2.0,57.89952844652178,7.445914467480132,484.625277302256,94.528804,0.7827885921397375
1434,C:\Users\joshy\OneDrive\Documents\Kravitz Lab\freezeData\\0318\20260318005009-b95.21-f4.png,2026-03-18 00:50:09,4.0,58.31951768128114,7.449242667186722,440.4745798204,95.058356,0.8323858841318104
1435,C:\Users\joshy\OneDrive\Documents\Kravitz Lab\freezeData\\0318\20260318005029-b95.06-f6.png,2026-03-18 00:50:29,6.0,58.73904069408543,7.446477966034689,447.35980835953603,94.918524,0.7691956742216373
1436,C:\Users\joshy\OneDrive\Documents\Kravitz Lab\freezeData\\0318\20260318005047-b94.56-f8.png,2026-03-18 00:50:47,8.0,59.027341977378725,7.434520815253323,451.52283615959993,94.400828,0.6924774425617739
1437,C:\Users\joshy\OneDrive\Documents\Kravitz Lab\freezeData\\0318\20260318005105-b93.98-f10.png,2026-03-18 00:51:05,10.0,59.47664449045605,7.424721812250705,493.0676237936,93.858352,0.6346548320079975
1438,C:\Users\joshy\OneDrive\Documents\Kravitz Lab\freezeData\\0318\20260318005125-b93.92-f0.png,2026-03-18 00:51:25,0.0,57.438351847685325,7.433347108060145,449.96699726078407,93.760248,0.7269272325437495
1439,C:\Users\joshy\OneDrive\Documents\Kravitz Lab\freezeData\\0318\20260318005143-b94.78-f2.png,2026-03-18 00:51:43,2.0,57.932832070183345,7.44668671096528,479.888239690224,94.614544,0.779966257170741
1440,C:\Users\joshy\OneDrive\Documents\Kravitz Lab\freezeData\\0318\20260318005202-b95.15-f4.png,2026-03-18 00:52:02,4.0,58.56738928306079,7.4517166308005836,437.476919332864,94.990804,0.8309600726028158
1441,C:\Users\joshy\OneDrive\Documents\Kravitz Lab\freezeData\\0318\20260318005221-b94.67-f6.png,2026-03-18 00:52:21,6.0,58.851905669740205,7.4477385294222245,435.94877558999997,94.5152,0.7650737172400172
1442,C:\Users\joshy\OneDrive\Documents\Kravitz Lab\freezeData\\0318\20260318005240-b94.49-f8.png,2026-03-18 00:52:40,8.0,59.23117584675637,7.439262236262117,463.809256,94.341432,0.6917790158878117
1443,C:\Users\joshy\OneDrive\Documents\Kravitz Lab\freezeData\\0318\20260318005259-b93.94-f10.png,2026-03-18 00:52:59,10.0,59.40468612690753,7.424925127108623,515.249447569776,93.81806,0.631011918053169
1444,C:\Users\joshy\OneDrive\Documents\Kravitz Lab\freezeData\\0318\20260318005318-b94.33-f0.png,2026-03-18 00:53:18,0.0,57.51550984346827,7.432980137796192,452.116973669744,94.180852,0.7254371259025699
1445,C:\Users\joshy\OneDrive\Documents\Kravitz Lab\freezeData\\0318\20260318005338-b94.58-f2.png,2026-03-18 00:53:38,2.0,58.00658032133595,7.4520758413098775,499.55775178929605,94.42162,0.7794494068436207
1446,C:\Users\joshy\OneDrive\Documents\Kravitz Lab\freezeData\\0318\20260318005357-b94.75-f4.png,2026-03-18 00:53:57,4.0,58.52934350528801,7.451786282383997,432.93039133286396,94.5778,0.826822145843494
1447,C:\Users\joshy\OneDrive\Documents\Kravitz Lab\freezeData\\0318\20260318005415-b94.57-f6.png,2026-03-18 00:54:15,6.0,59.02768184247103,7.446194113299583,432.587143351664,94.413004,0.76772127047622
1448,C:\Users\joshy\OneDrive\Documents\Kravitz Lab\freezeData\\0318\20260318005435-b94.42-f8.png,2026-03-18 00:54:35,8.0,59.33659524033094,7.440776492152774,479.6293624576,94.276444,0.6865450438829387
1449,C:\Users\joshy\OneDrive\Documents\Kravitz Lab\freezeData\\0318\20260318005453-b93.91-f10.png,2026-03-18 00:54:53,10.0,59.45599574854452,7.425408209864238,499.088031740144,93.781584,0.6316987700692203
1450,C:\Users\joshy\OneDrive\Documents\Kravitz Lab\freezeData\\0318\20260318005513-b93.97-f0.png,2026-03-18 00:55:13,0.0,57.42754639025575,7.432829575934157,456.595458392576,93.833532,0.7237555671685569
1451,C:\Users\joshy\OneDrive\Documents\Kravitz Lab\freezeData\\0318\20260318005533-b94.62-f2.png,2026-03-18 00:55:33,2.0,58.067649880477994,7.445772530135809,491.391301507696,94.467668,0.7782202811574175
1452,C:\Users\joshy\OneDrive\Documents\Kravitz Lab\freezeData\\0318\20260318005551-b94.71-f4.png,2026-03-18 00:55:51,4.0,58.480736383530605,7.451045629382644,433.73771549694396,94.5498,0.8263679419102532
1453,C:\Users\joshy\OneDrive\Documents\Kravitz Lab\freezeData\\0318\20260318005609-b94.65-f6.png,2026-03-18 00:56:09,6.0,58.97542145775862,7.445201170971809,451.01830643039995,94.522088,0.7649669606832792
1454,C:\Users\joshy\OneDrive\Documents\Kravitz Lab\freezeData\\0318\20260318005629-b94.29-f8.png,2026-03-18 00:56:29,8.0,59.1456596248382,7.42868948053692,462.876911581424,94.155472,0.6913773745111182
1455,C:\Users\joshy\OneDrive\Documents\Kravitz Lab\freezeData\\0318\20260318005648-b93.48-f10.png,2026-03-18 00:56:48,10.0,59.338255279611985,7.4145141830941785,497.763662969456,93.37346,0.6326069495243727
1456,C:\Users\joshy\OneDrive\Documents\Kravitz Lab\freezeData\\0318\20260318005707-b94.02-f0.png,2026-03-18 00:57:07,0.0,57.420534966974174,7.427230750860633,445.906512860416,93.870864,0.7227710464711173
1457,C:\Users\joshy\OneDrive\Documents\Kravitz Lab\freezeData\\0318\20260318005727-b94.50-f2.png,2026-03-18 00:57:27,2.0,58.01268324214629,7.446903044617345,481.261856860416,94.34408,0.7791945676677287
1458,C:\Users\joshy\OneDrive\Documents\Kravitz Lab\freezeData\\0318\20260318005746-b94.76-f4.png,2026-03-18 00:57:46,4.0,58.523920813968026,7.445523243988436,432.93322004759995,94.61098,0.8290127908249284
1459,C:\Users\joshy\OneDrive\Documents\Kravitz Lab\freezeData\\0318\20260318005805-b94.43-f6.png,2026-03-18 00:58:05,6.0,58.798311891196334,7.439648306166785,456.719572126976,94.30384,0.7643526429824168
1460,C:\Users\joshy\OneDrive\Documents\Kravitz Lab\freezeData\\0318\20260318005824-b93.51-f8.png,2026-03-18 00:58:24,8.0,59.17724364855882,7.431919779973831,460.1248861578241,93.390848,0.6909824961509891
1461,C:\Users\joshy\OneDrive\Documents\Kravitz Lab\freezeData\\0318\20260318005843-b93.40-f10.png,2026-03-18 00:58:43,10.0,59.42686408046785,7.417625822116505,501.867290558064,93.30704,0.6311423720634282
1462,C:\Users\joshy\OneDrive\Documents\Kravitz Lab\freezeData\\0318\20260318005902-b93.85-f0.png,2026-03-18 00:59:02,0.0,57.3818676544033,7.427296017556298,469.25860308934404,93.729888,0.7269807652002106
1463,C:\Users\joshy\OneDrive\Documents\Kravitz Lab\freezeData\\0318\20260318005922-b94.56-f2.png,2026-03-18 00:59:22,2.0,57.80834381739716,7.443384017234681,506.972466580416,94.41836,0.7782715177548188
1464,C:\Users\joshy\OneDrive\Documents\Kravitz Lab\freezeData\\0318\20260318005942-b93.92-f4.png,2026-03-18 00:59:42,4.0,58.10625063137824,7.434986508346167,441.60949145022397,93.787384,0.8303856237000362
1465,C:\Users\joshy\OneDrive\Documents\Kravitz Lab\freezeData\\0318\20260318010000-b93.87-f6.png,2026-03-18 01:00:00,6.0,58.73066777520024,7.439796549960775,433.491631386096,93.754084,0.7671934270155809
1466,C:\Users\joshy\OneDrive\Documents\Kravitz Lab\freezeData\\0318\20260318010019-b93.61-f8.png,2026-03-18 01:00:19,8.0,59.1501882902591,7.428370283491978,441.61671505854395,93.474836,0.6887366844410929
1467,C:\Users\joshy\OneDrive\Documents\Kravitz Lab\freezeData\\0318\20260318010040-b92.97-f10.png,2026-03-18 01:00:40,10.0,59.25361540015934,7.40452534194357,493.2229236124159,92.8701,0.6316021691180522
1468,C:\Users\joshy\OneDrive\Documents\Kravitz Lab\freezeData\\0318\20260318010058-b93.02-f0.png,2026-03-18 01:00:58,0.0,57.1627739564596,7.426590504679285,452.62324526078396,92.900052,0.72509099135112
1469,C:\Users\joshy\OneDrive\Documents\Kravitz Lab\freezeData\\0318\20260318010117-b93.28-f2.png,2026-03-18 01:01:17,2.0,57.73033529441089,7.443527232301956,453.2852716902241,93.106164,0.7786018966520556
1470,C:\Users\joshy\OneDrive\Documents\Kravitz Lab\freezeData\\0318\20260318010137-b93.58-f4.png,2026-03-18 01:01:37,4.0,58.125733974895354,7.441306107178522,405.007887888896,93.417236,0.829491382389397
1471,C:\Users\joshy\OneDrive\Documents\Kravitz Lab\freezeData\\0318\20260318010156-b93.48-f6.png,2026-03-18 01:01:56,6.0,58.552141594934135,7.43625884482089,425.00806793574407,93.328528,0.7648944102439443
1472,C:\Users\joshy\OneDrive\Documents\Kravitz Lab\freezeData\\0318\20260318010217-b93.12-f8.png,2026-03-18 01:02:17,8.0,58.921631869034854,7.415124257070151,422.909052852336,92.976044,0.6908406749457061
1473,C:\Users\joshy\OneDrive\Documents\Kravitz Lab\freezeData\\0318\20260318010237-b92.19-f10.png,2026-03-18 01:02:37,10.0,59.100379183921184,7.404399150460469,487.122454112256,92.067144,0.6299828149560093
1474,C:\Users\joshy\OneDrive\Documents\Kravitz Lab\freezeData\\0318\20260318010255-b92.83-f0.png,2026-03-18 01:02:55,0.0,56.965421968725416,7.418539066924971,445.68401835462396,92.688584,0.7256901815957585
1475,C:\Users\joshy\OneDrive\Documents\Kravitz Lab\freezeData\\0318\20260318010314-b93.63-f2.png,2026-03-18 01:03:14,2.0,57.52674523547961,7.436895453367062,462.40244903039996,93.469168,0.7814536759755306
1476,C:\Users\joshy\OneDrive\Documents\Kravitz Lab\freezeData\\0318\20260318010333-b93.46-f4.png,2026-03-18 01:03:33,4.0,57.956360951096855,7.431413292834283,425.273039379904,93.302776,0.8299290669236092
1477,C:\Users\joshy\OneDrive\Documents\Kravitz Lab\freezeData\\0318\20260318010351-b93.10-f6.png,2026-03-18 01:03:51,6.0,58.272534526255164,7.420530375021062,420.507858085376,92.95692,0.7660726498247341
1478,C:\Users\joshy\OneDrive\Documents\Kravitz Lab\freezeData\\0318\20260318010411-b92.85-f8.png,2026-03-18 01:04:11,8.0,58.71116669886913,7.408050981994345,425.361832507904,92.71024,0.6905444881921441
1479,C:\Users\joshy\OneDrive\Documents\Kravitz Lab\freezeData\\0318\20260318010429-b91.91-f10.png,2026-03-18 01:04:29,10.0,58.972259167371774,7.389887232446304,503.99771645849603,91.781156,0.6314248789281438
1480,C:\Users\joshy\OneDrive\Documents\Kravitz Lab\freezeData\\0318\20260318010448-b93.12-f0.png,2026-03-18 01:04:48,0.0,56.94375321987493,7.413072094291631,443.5000449668959,92.984728,0.7263690508141868
1481,C:\Users\joshy\OneDrive\Documents\Kravitz Lab\freezeData\\0318\20260318010507-b93.60-f2.png,2026-03-18 01:05:07,2.0,57.51693478647484,7.429739094752095,470.47841456177605,93.43678,0.7792455344667751
1482,C:\Users\joshy\OneDrive\Documents\Kravitz Lab\freezeData\\0318\20260318010525-b93.35-f4.png,2026-03-18 01:05:25,4.0,57.935801883179494,7.422505229931452,427.4010810303999,93.198676,0.8291772800744996
1483,C:\Users\joshy\OneDrive\Documents\Kravitz Lab\freezeData\\0318\20260318010544-b93.00-f6.png,2026-03-18 01:05:44,6.0,58.18774443402336,7.412181008853602,429.24996823640004,92.844972,0.7664905889307572
1484,C:\Users\joshy\OneDrive\Documents\Kravitz Lab\freezeData\\0318\20260318010604-b92.97-f8.png,2026-03-18 01:06:04,8.0,58.6668394761845,7.403167436978862,452.22117032638397,92.83234,0.6884980915307048
1485,C:\Users\joshy\OneDrive\Documents\Kravitz Lab\freezeData\\0318\20260318010624-b91.72-f10.png,2026-03-18 01:06:24,10.0,58.83057875026231,7.382876592518331,483.75344737305596,91.583928,0.6323558786938894
1486,C:\Users\joshy\OneDrive\Documents\Kravitz Lab\freezeData\\0318\20260318010643-b92.82-f0.png,2026-03-18 01:06:43,0.0,56.72925563239779,7.399395346652779,439.721540092656,92.678492,0.7276807650327377
1487,C:\Users\joshy\OneDrive\Documents\Kravitz Lab\freezeData\\0318\20260318010701-b93.52-f2.png,2026-03-18 01:07:01,2.0,57.27729948599896,7.420583600367346,460.1719792301441,93.356572,0.7804623982943772
1488,C:\Users\joshy\OneDrive\Documents\Kravitz Lab\freezeData\\0318\20260318010721-b93.51-f4.png,2026-03-18 01:07:21,4.0,57.67493214152797,7.416733118285623,403.937716536176,93.342512,0.8279511162573884
1489,C:\Users\joshy\OneDrive\Documents\Kravitz Lab\freezeData\\0318\20260318010739-b93.22-f6.png,2026-03-18 01:07:39,6.0,58.20265506612962,7.412614668333124,426.842984450544,93.062444,0.7650608648980842
1490,C:\Users\joshy\OneDrive\Documents\Kravitz Lab\freezeData\\0318\20260318010757-b92.70-f8.png,2026-03-18 01:07:57,8.0,58.6436681153464,7.394135824122405,428.51509786239995,92.538652,0.6935708483222197
1491,C:\Users\joshy\OneDrive\Documents\Kravitz Lab\freezeData\\0318\20260318010817-b91.62-f10.png,2026-03-18 01:08:17,10.0,58.79639432833805,7.378164078683346,485.96773203705607,91.494524,0.6308635925261246
1492,C:\Users\joshy\OneDrive\Documents\Kravitz Lab\freezeData\\0318\20260318010836-b93.07-f0.png,2026-03-18 01:08:36,0.0,56.79238713263727,7.404524587111584,451.298962831216,92.922284,0.7254852029250113
1493,C:\Users\joshy\OneDrive\Documents\Kravitz Lab\freezeData\\0318\20260318010853-b93.39-f2.png,2026-03-18 01:08:53,2.0,57.25397206109899,7.421757839450455,492.8272405996641,93.224836,0.7795385498066886
1494,C:\Users\joshy\OneDrive\Documents\Kravitz Lab\freezeData\\0318\20260318010914-b93.54-f4.png,2026-03-18 01:09:14,4.0,57.81337529682916,7.415817969618034,410.32512359000003,93.368772,0.8291208069022847
1495,C:\Users\joshy\OneDrive\Documents\Kravitz Lab\freezeData\\0318\20260318010934-b93.31-f6.png,2026-03-18 01:09:34,6.0,58.267121262319314,7.414050868364991,430.201017809856,93.149224,0.7663983019488385
1496,C:\Users\joshy\OneDrive\Documents\Kravitz Lab\freezeData\\0318\20260318010952-b92.42-f8.png,2026-03-18 01:09:52,8.0,58.44662825081646,7.397304385891167,448.9466628376159,92.276308,0.6910682003594797
1497,C:\Users\joshy\OneDrive\Documents\Kravitz Lab\freezeData\\0318\20260318011012-b92.10-f10.png,2026-03-18 01:10:12,10.0,58.82412351893342,7.386264865692419,491.965732844656,91.966292,0.6277490308842638
1498,C:\Users\joshy\OneDrive\Documents\Kravitz Lab\freezeData\\0318\20260318011029-b93.13-f0.png,2026-03-18 01:10:29,0.0,56.92051778452322,7.410851348928529,429.284855000304,92.968076,0.7273578347119928
1499,C:\Users\joshy\OneDrive\Documents\Kravitz Lab\freezeData\\0318\20260318011048-b93.89-f2.png,2026-03-18 01:10:48,2.0,57.35919984359043,7.4172732051898835,462.30327931710406,93.722084,0.7798028557471256
1500,C:\Users\joshy\OneDrive\Documents\Kravitz Lab\freezeData\\0318\20260318011127-b92.95-f6.png,2026-03-18 01:11:27,6.0,58.11394704847448,7.403325910911197,398.0427183736161,92.781152,0.7667181185376613
1501,C:\Users\joshy\OneDrive\Documents\Kravitz Lab\freezeData\\0318\20260318011108-b93.74-f4.png,2026-03-18 01:11:08,4.0,57.75988418851048,7.420001033320304,407.78546314342395,93.572184,0.8274592490653169
1502,C:\Users\joshy\OneDrive\Documents\Kravitz Lab\freezeData\\0318\20260318011145-b92.60-f8.png,2026-03-18 01:11:45,8.0,58.569393245433034,7.398465294217187,423.8075618524,92.452768,0.6912198006818837
1503,C:\Users\joshy\OneDrive\Documents\Kravitz Lab\freezeData\\0318\20260318011203-b91.64-f10.png,2026-03-18 01:12:03,10.0,58.89326433470014,7.381929283042714,483.37875871025597,91.500056,0.6307310557970974
1504,C:\Users\joshy\OneDrive\Documents\Kravitz Lab\freezeData\\0318\20260318011224-b92.90-f0.png,2026-03-18 01:12:24,0.0,56.741841446463475,7.405792711309973,424.99518719513594,92.73738,0.7262026728465892
1505,C:\Users\joshy\OneDrive\Documents\Kravitz Lab\freezeData\\0318\20260318011241-b93.72-f2.png,2026-03-18 01:12:41,2.0,57.343687197807576,7.420634832360848,460.371456047856,93.5384,0.7782843062197915
1506,C:\Users\joshy\OneDrive\Documents\Kravitz Lab\freezeData\\0318\20260318011300-b93.23-f4.png,2026-03-18 01:13:00,4.0,57.7119157382239,7.417514905549089,416.28789034033605,93.076012,0.8274457271475534
1507,C:\Users\joshy\OneDrive\Documents\Kravitz Lab\freezeData\\0318\20260318011321-b93.09-f6.png,2026-03-18 01:13:21,6.0,58.129128447290526,7.413583857651551,407.73790560921606,92.92672,0.7643607516338314
1508,C:\Users\joshy\OneDrive\Documents\Kravitz Lab\freezeData\\0318\20260318011338-b92.87-f8.png,2026-03-18 01:13:38,8.0,58.48797401967909,7.398301561062611,436.6298588666239,92.725688,0.690157186945635
1509,C:\Users\joshy\OneDrive\Documents\Kravitz Lab\freezeData\\0318\20260318011356-b91.98-f10.png,2026-03-18 01:13:56,10.0,58.76130754507575,7.381250972854603,502.24628696945604,91.853032,0.6290700782640831
1510,C:\Users\joshy\OneDrive\Documents\Kravitz Lab\freezeData\\0318\20260318011416-b93.21-f0.png,2026-03-18 01:14:16,0.0,56.774219158963334,7.405921295649067,421.43616330929603,93.0417,0.7250010305855433
1511,C:\Users\joshy\OneDrive\Documents\Kravitz Lab\freezeData\\0318\20260318011434-b93.52-f2.png,2026-03-18 01:14:34,2.0,57.20121317803796,7.417000796597439,471.616954654656,93.339716,0.7772887810993504
1512,C:\Users\joshy\OneDrive\Documents\Kravitz Lab\freezeData\\0318\20260318011452-b93.20-f4.png,2026-03-18 01:14:52,4.0,57.99686244198746,7.417900926996086,412.95287207014405,93.020072,0.8274813648239437
1513,C:\Users\joshy\OneDrive\Documents\Kravitz Lab\freezeData\\0318\20260318011511-b93.24-f6.png,2026-03-18 01:15:11,6.0,58.08279082996629,7.4082627613796905,399.5817708016,93.081372,0.7631404365713604
1514,C:\Users\joshy\OneDrive\Documents\Kravitz Lab\freezeData\\0318\20260318011529-b92.69-f8.png,2026-03-18 01:15:29,8.0,58.47947773400497,7.393615901679095,436.5560313535999,92.536496,0.6939695686029592
1515,C:\Users\joshy\OneDrive\Documents\Kravitz Lab\freezeData\\0318\20260318011547-b92.17-f10.png,2026-03-18 01:15:47,10.0,58.90795995180875,7.382400509592248,461.75981515974405,92.020936,0.6317412136860903
1516,C:\Users\joshy\OneDrive\Documents\Kravitz Lab\freezeData\\0318\20260318011606-b93.38-f0.png,2026-03-18 01:16:06,0.0,56.78433317113811,7.403138497619344,437.10936227833605,93.233928,0.7257695527077153
1517,C:\Users\joshy\OneDrive\Documents\Kravitz Lab\freezeData\\0318\20260318011624-b93.84-f2.png,2026-03-18 01:16:24,2.0,57.4846110319762,7.42019557117807,461.22280960921603,93.66032,0.7794756398030777
1518,C:\Users\joshy\OneDrive\Documents\Kravitz Lab\freezeData\\0318\20260318011643-b93.40-f4.png,2026-03-18 01:16:43,4.0,57.61893574979823,7.413552459929378,410.957258587376,93.221068,0.8281055429427581
1519,C:\Users\joshy\OneDrive\Documents\Kravitz Lab\freezeData\\0318\20260318011702-b93.26-f6.png,2026-03-18 01:17:02,6.0,58.1879778785874,7.407558817827909,409.9804397056001,93.100032,0.7649880107509835
1520,C:\Users\joshy\OneDrive\Documents\Kravitz Lab\freezeData\\0318\20260318011721-b92.48-f8.png,2026-03-18 01:17:21,8.0,58.525939039150835,7.385133982951677,410.9938510602241,92.31684,0.6925359241031778
1521,C:\Users\joshy\OneDrive\Documents\Kravitz Lab\freezeData\\0318\20260318011739-b91.94-f10.png,2026-03-18 01:17:39,10.0,58.97905951628595,7.372351560575351,480.7451332917761,91.80588,0.629308713001749
1522,C:\Users\joshy\OneDrive\Documents\Kravitz Lab\freezeData\\0318\20260318011758-b92.64-f0.png,2026-03-18 01:17:58,0.0,56.73246498893007,7.398363772099129,430.84650934359985,92.478268,0.7247543219349685
1523,C:\Users\joshy\OneDrive\Documents\Kravitz Lab\freezeData\\0318\20260318011816-b93.55-f2.png,2026-03-18 01:18:16,2.0,57.302546167876905,7.4213082733327385,469.07819554353597,93.370344,0.7784175399067469
1524,C:\Users\joshy\OneDrive\Documents\Kravitz Lab\freezeData\\0318\20260318011836-b93.23-f4.png,2026-03-18 01:18:36,4.0,57.903482207796934,7.412549856951217,419.86036747360004,93.073812,0.8270873935340735
1525,C:\Users\joshy\OneDrive\Documents\Kravitz Lab\freezeData\\0318\20260318011855-b93.27-f6.png,2026-03-18 01:18:55,6.0,58.20323152304051,7.4066754779416115,427.51030252439995,93.115188,0.7622295202681874
1526,C:\Users\joshy\OneDrive\Documents\Kravitz Lab\freezeData\\0318\20260318011914-b92.57-f8.png,2026-03-18 01:19:14,8.0,58.57062336571452,7.393669553457739,418.3411479038559,92.407704,0.691025555941887
1527,C:\Users\joshy\OneDrive\Documents\Kravitz Lab\freezeData\\0318\20260318011933-b91.77-f10.png,2026-03-18 01:19:33,10.0,58.8249267143453,7.377779210054889,493.392431655024,91.632352,0.6273838137143638
1528,C:\Users\joshy\OneDrive\Documents\Kravitz Lab\freezeData\\0318\20260318011952-b92.99-f0.png,2026-03-18 01:19:52,0.0,56.89888555704071,7.408982485079166,440.990408470464,92.823528,0.7233229398700479
1529,C:\Users\joshy\OneDrive\Documents\Kravitz Lab\freezeData\\0318\20260318012011-b93.93-f2.png,2026-03-18 01:20:11,2.0,57.43817879176309,7.420213740513625,452.50834416,93.753884,0.7784615590741341
1530,C:\Users\joshy\OneDrive\Documents\Kravitz Lab\freezeData\\0318\20260318012029-b93.20-f4.png,2026-03-18 01:20:29,4.0,57.72732383603439,7.41404703132996,427.58809838999997,93.036204,0.8245124418276534
1531,C:\Users\joshy\OneDrive\Documents\Kravitz Lab\freezeData\\0318\20260318012048-b93.08-f6.png,2026-03-18 01:20:48,6.0,58.30399495779122,7.411620017277774,430.2026749464959,92.921184,0.7642478309301699
1532,C:\Users\joshy\OneDrive\Documents\Kravitz Lab\freezeData\\0318\20260318012107-b92.78-f8.png,2026-03-18 01:21:07,8.0,58.74791295039224,7.3902919435272745,423.32006965105603,92.622556,0.6899729589523826
1533,C:\Users\joshy\OneDrive\Documents\Kravitz Lab\freezeData\\0318\20260318012126-b91.75-f10.png,2026-03-18 01:21:26,10.0,58.96677016981968,7.376224641068692,476.89797059160003,91.616892,0.6314161309264326
1534,C:\Users\joshy\OneDrive\Documents\Kravitz Lab\freezeData\\0318\20260318012146-b92.83-f0.png,2026-03-18 01:21:46,0.0,56.89949432252754,7.404175702315541,436.5022644704639,92.679716,0.7230734403342673
1535,C:\Users\joshy\OneDrive\Documents\Kravitz Lab\freezeData\\0318\20260318012223-b93.32-f4.png,2026-03-18 01:22:23,4.0,58.07771403688337,7.417094278232146,421.33197441478393,93.1515,0.8269601650471285
1536,C:\Users\joshy\OneDrive\Documents\Kravitz Lab\freezeData\\0318\20260318012205-b94.03-f2.png,2026-03-18 01:22:05,2.0,57.46193360287403,7.421660686698368,486.628894115264,93.860836,0.7760480073391586
1537,C:\Users\joshy\OneDrive\Documents\Kravitz Lab\freezeData\\0318\20260318012242-b93.01-f6.png,2026-03-18 01:22:42,6.0,58.40756396508603,7.415666951636735,434.7371001896961,92.858128,0.7608188218877268
1538,C:\Users\joshy\OneDrive\Documents\Kravitz Lab\freezeData\\0318\20260318012302-b92.63-f8.png,2026-03-18 01:23:02,8.0,58.946120337267324,7.394728698155046,446.36626651641603,92.47938,0.6888264641325558
1539,C:\Users\joshy\OneDrive\Documents\Kravitz Lab\freezeData\\0318\20260318012319-b92.23-f10.png,2026-03-18 01:23:19,10.0,59.099260001220856,7.380895725966767,477.219152818944,92.106936,0.6284245639474485
1540,C:\Users\joshy\OneDrive\Documents\Kravitz Lab\freezeData\\0318\20260318012338-b92.75-f0.png,2026-03-18 01:23:38,0.0,56.91707237834975,7.401716959473991,449.238884316016,92.613736,0.7243840892374632
1541,C:\Users\joshy\OneDrive\Documents\Kravitz Lab\freezeData\\0318\20260318012358-b93.75-f2.png,2026-03-18 01:23:58,2.0,57.53945162556501,7.428511389324124,491.95604492440003,93.566292,0.7748436398511269
1542,C:\Users\joshy\OneDrive\Documents\Kravitz Lab\freezeData\\0318\20260318012416-b93.26-f4.png,2026-03-18 01:24:16,4.0,57.964015036415,7.4225342335410245,414.95493271040004,93.081516,0.8243009291098475
1543,C:\Users\joshy\OneDrive\Documents\Kravitz Lab\freezeData\\0318\20260318012434-b93.24-f6.png,2026-03-18 01:24:34,6.0,58.390778326389864,7.41369877027779,426.2574407315841,93.08128,0.7602410636205663
1544,C:\Users\joshy\OneDrive\Documents\Kravitz Lab\freezeData\\0318\20260318012454-b92.41-f8.png,2026-03-18 01:24:54,8.0,58.68433064661865,7.397526349894347,452.32319564606405,92.255344,0.6860772576750642
1545,C:\Users\joshy\OneDrive\Documents\Kravitz Lab\freezeData\\0318\20260318012513-b91.77-f10.png,2026-03-18 01:25:13,10.0,59.01625363593538,7.385477169984247,487.385700054896,91.621288,0.628387232467073
1546,C:\Users\joshy\OneDrive\Documents\Kravitz Lab\freezeData\\0318\20260318012531-b92.69-f0.png,2026-03-18 01:25:31,0.0,56.79167590056219,7.403479032449185,438.320577072576,92.539248,0.7207746708113802
1547,C:\Users\joshy\OneDrive\Documents\Kravitz Lab\freezeData\\0318\20260318012552-b93.31-f2.png,2026-03-18 01:25:52,2.0,57.433178916886845,7.428124098639473,490.796105487296,93.128808,0.7745230254973882
1548,C:\Users\joshy\OneDrive\Documents\Kravitz Lab\freezeData\\0318\20260318012610-b93.53-f4.png,2026-03-18 01:26:10,4.0,58.14982766283264,7.419862219757792,414.981000412784,93.368308,0.8212791262230563
1549,C:\Users\joshy\OneDrive\Documents\Kravitz Lab\freezeData\\0318\20260318012628-b92.93-f6.png,2026-03-18 01:26:28,6.0,58.50781254755764,7.418414776050737,433.77715653617605,92.775316,0.7601598947639394
1550,C:\Users\joshy\OneDrive\Documents\Kravitz Lab\freezeData\\0318\20260318012648-b92.66-f8.png,2026-03-18 01:26:48,8.0,58.76790769803683,7.391804817200434,446.99618666110405,92.508532,0.6888891914312056
1551,C:\Users\joshy\OneDrive\Documents\Kravitz Lab\freezeData\\0318\20260318012724-b92.79-f0.png,2026-03-18 01:27:24,0.0,56.99893743378113,7.4108831121344325,431.721094315456,92.625648,0.7221818378208439
1552,C:\Users\joshy\OneDrive\Documents\Kravitz Lab\freezeData\\0318\20260318012706-b91.55-f10.png,2026-03-18 01:27:06,10.0,59.023050335573,7.383308491798755,482.6967592275039,91.425696,0.6293614567690872
1553,C:\Users\joshy\OneDrive\Documents\Kravitz Lab\freezeData\\0318\20260318012744-b93.49-f2.png,2026-03-18 01:27:44,2.0,57.553815979860936,7.427386863824303,477.0791298496,93.311548,0.7740101945687666
1554,C:\Users\joshy\OneDrive\Documents\Kravitz Lab\freezeData\\0318\20260318012802-b93.12-f4.png,2026-03-18 01:28:02,4.0,57.992820877837495,7.42099600644661,430.017920951024,92.968084,0.8213625221466551
1555,C:\Users\joshy\OneDrive\Documents\Kravitz Lab\freezeData\\0318\20260318012820-b92.98-f6.png,2026-03-18 01:28:20,6.0,58.37269157478953,7.411202894742875,433.7868839357441,92.843136,0.7593951279229988
1556,C:\Users\joshy\OneDrive\Documents\Kravitz Lab\freezeData\\0318\20260318012840-b92.02-f8.png,2026-03-18 01:28:40,8.0,58.646962201749005,7.3972261121401734,461.28570467518404,91.880432,0.683937798640927
1557,C:\Users\joshy\OneDrive\Documents\Kravitz Lab\freezeData\\0318\20260318012859-b91.66-f10.png,2026-03-18 01:28:59,10.0,59.07731870432361,7.381625965329316,497.5686439644,91.536424,0.6272820279732816
1558,C:\Users\joshy\OneDrive\Documents\Kravitz Lab\freezeData\\0318\20260318012917-b92.97-f0.png,2026-03-18 01:29:17,0.0,57.00707296829403,7.41512192299208,429.577161405376,92.82374,0.7203978251515674
1559,C:\Users\joshy\OneDrive\Documents\Kravitz Lab\freezeData\\0318\20260318012955-b93.42-f4.png,2026-03-18 01:29:55,4.0,58.05055709341354,7.426538768351155,435.31449873406405,93.260156,0.8207112593114714
1560,C:\Users\joshy\OneDrive\Documents\Kravitz Lab\freezeData\\0318\20260318012936-b93.53-f2.png,2026-03-18 01:29:36,2.0,57.57010228800515,7.430671214441469,500.561933177456,93.370932,0.7736657616812174
1561,C:\Users\joshy\OneDrive\Documents\Kravitz Lab\freezeData\\0318\20260318013014-b93.02-f6.png,2026-03-18 01:30:14,6.0,58.47801318099308,7.414303440411178,418.93140136422414,92.85494,0.7571923175132651
1562,C:\Users\joshy\OneDrive\Documents\Kravitz Lab\freezeData\\0318\20260318013032-b92.13-f8.png,2026-03-18 01:30:32,8.0,58.73274492480582,7.397493314901163,450.436369920496,92.001264,0.6864058489195517
1563,C:\Users\joshy\OneDrive\Documents\Kravitz Lab\freezeData\\0318\20260318013051-b91.59-f10.png,2026-03-18 01:30:51,10.0,59.15862046317929,7.384558427886578,492.08804214470405,91.457752,0.625383149205736
1564,C:\Users\joshy\OneDrive\Documents\Kravitz Lab\freezeData\\0318\20260318013110-b93.12-f0.png,2026-03-18 01:31:10,0.0,56.94261862923425,7.41253707955523,422.853578765056,92.964172,0.7207803880210446
1565,C:\Users\joshy\OneDrive\Documents\Kravitz Lab\freezeData\\0318\20260318013129-b93.26-f2.png,2026-03-18 01:31:29,2.0,57.46872718842637,7.4331198369465445,486.21838966974394,93.086668,0.771765894605775
1566,C:\Users\joshy\OneDrive\Documents\Kravitz Lab\freezeData\\0318\20260318013148-b93.42-f4.png,2026-03-18 01:31:48,4.0,57.983243530371766,7.41948623016337,415.592363383296,93.24324,0.8214856533574152
1567,C:\Users\joshy\OneDrive\Documents\Kravitz Lab\freezeData\\0318\20260318013206-b92.94-f6.png,2026-03-18 01:32:06,6.0,58.436259131509914,7.4161983919357155,432.94837578929605,92.788532,0.7575476532992155
1568,C:\Users\joshy\OneDrive\Documents\Kravitz Lab\freezeData\\0318\20260318013224-b92.64-f8.png,2026-03-18 01:32:24,8.0,58.89996628000719,7.40038293353691,446.65559295550395,92.495504,0.683944664514241
1569,C:\Users\joshy\OneDrive\Documents\Kravitz Lab\freezeData\\0318\20260318013243-b91.93-f10.png,2026-03-18 01:32:43,10.0,59.14719975023115,7.385735191531958,475.830650719216,91.795516,0.6292957658868781
1570,C:\Users\joshy\OneDrive\Documents\Kravitz Lab\freezeData\\0318\20260318013303-b92.56-f0.png,2026-03-18 01:33:03,0.0,56.822409606947296,7.412867266350502,450.5626679571041,92.414452,0.7194052957995528
1571,C:\Users\joshy\OneDrive\Documents\Kravitz Lab\freezeData\\0318\20260318013322-b93.75-f2.png,2026-03-18 01:33:22,2.0,57.497468573077754,7.433548000806316,500.70001756870397,93.584544,0.7706985332246913
1572,C:\Users\joshy\OneDrive\Documents\Kravitz Lab\freezeData\\0318\20260318013341-b93.37-f4.png,2026-03-18 01:33:41,4.0,57.97331788479952,7.424303511720412,414.5730543154559,93.196228,0.8219863369460784
1573,C:\Users\joshy\OneDrive\Documents\Kravitz Lab\freezeData\\0318\20260318013359-b92.89-f6.png,2026-03-18 01:33:59,6.0,58.328500423364225,7.416674568572946,431.12933326078394,92.73296,0.7613083002585792
1574,C:\Users\joshy\OneDrive\Documents\Kravitz Lab\freezeData\\0318\20260318013418-b92.42-f8.png,2026-03-18 01:34:18,8.0,58.79596635380914,7.398392545954215,445.88950585239996,92.251588,0.6822179092623365
1575,C:\Users\joshy\OneDrive\Documents\Kravitz Lab\freezeData\\0318\20260318013454-b92.76-f0.png,2026-03-18 01:34:54,0.0,57.0099843091589,7.419531396355377,447.540329568704,92.608116,0.7180526844767906
1576,C:\Users\joshy\OneDrive\Documents\Kravitz Lab\freezeData\\0318\20260318013437-b91.56-f10.png,2026-03-18 01:34:37,10.0,59.12438160141191,7.380816518638135,487.44471843686404,91.426432,0.6256034029415324
1577,C:\Users\joshy\OneDrive\Documents\Kravitz Lab\freezeData\\0318\20260318013512-b93.53-f2.png,2026-03-18 01:35:12,2.0,57.527559234917106,7.428110101615082,480.93216558897603,93.362652,0.7707985239442043
1578,C:\Users\joshy\OneDrive\Documents\Kravitz Lab\freezeData\\0318\20260318013531-b93.16-f4.png,2026-03-18 01:35:31,4.0,58.03289200312513,7.425046389608225,416.21144132017594,92.985796,0.81926078746493
1579,C:\Users\joshy\OneDrive\Documents\Kravitz Lab\freezeData\\0318\20260318013610-b92.21-f8.png,2026-03-18 01:36:10,8.0,58.81201449325592,7.402417846324564,431.87344441329606,92.053584,0.6865637911370979
1580,C:\Users\joshy\OneDrive\Documents\Kravitz Lab\freezeData\\0318\20260318013551-b92.61-f6.png,2026-03-18 01:35:51,6.0,58.309773911586525,7.414332390994153,424.727719177584,92.451892,0.7586443232608511
1581,C:\Users\joshy\OneDrive\Documents\Kravitz Lab\freezeData\\0318\20260318013629-b91.81-f10.png,2026-03-18 01:36:29,10.0,59.14593376867951,7.393291694067821,497.96620688318404,91.675176,0.6252527800889193
1582,C:\Users\joshy\OneDrive\Documents\Kravitz Lab\freezeData\\0318\20260318013648-b92.99-f0.png,2026-03-18 01:36:48,0.0,56.85796917016519,7.4138855597079925,450.245055979776,92.843112,0.7193359413476192
1583,C:\Users\joshy\OneDrive\Documents\Kravitz Lab\freezeData\\0318\20260318013706-b93.75-f2.png,2026-03-18 01:37:06,2.0,57.631803644329025,7.440593621223797,490.4260906364,93.590248,0.7695429826580317
1584,C:\Users\joshy\OneDrive\Documents\Kravitz Lab\freezeData\\0318\20260318013725-b93.66-f4.png,2026-03-18 01:37:25,4.0,58.05350374404136,7.433254699583484,422.768465528304,93.480024,0.8181025886651403
1585,C:\Users\joshy\OneDrive\Documents\Kravitz Lab\freezeData\\0318\20260318013745-b93.17-f6.png,2026-03-18 01:37:45,6.0,58.469455113921626,7.42201399576288,425.8839592856961,93.014652,0.7584587604175201
1586,C:\Users\joshy\OneDrive\Documents\Kravitz Lab\freezeData\\0318\20260318013803-b92.67-f8.png,2026-03-18 01:38:03,8.0,58.81008450665569,7.406851453911897,445.01148038169606,92.540004,0.6849022741672018
1587,C:\Users\joshy\OneDrive\Documents\Kravitz Lab\freezeData\\0318\20260318013822-b91.86-f10.png,2026-03-18 01:38:22,10.0,59.098270066480154,7.393734668623987,519.3112245744001,91.745624,0.6205928373757167
1588,C:\Users\joshy\OneDrive\Documents\Kravitz Lab\freezeData\\0318\20260318013842-b93.58-f0.png,2026-03-18 01:38:42,0.0,57.00675652081897,7.422513054734871,451.89433690310403,93.436008,0.7178500136245355
1589,C:\Users\joshy\OneDrive\Documents\Kravitz Lab\freezeData\\0318\20260318013900-b94.08-f2.png,2026-03-18 01:39:00,2.0,57.453506182912804,7.437080973592875,502.18771356870394,93.9227,0.7711805131334912
1590,C:\Users\joshy\OneDrive\Documents\Kravitz Lab\freezeData\\0318\20260318013919-b93.55-f4.png,2026-03-18 01:39:19,4.0,57.95886361006055,7.436571383884683,420.724060111296,93.36952,0.8179963104417313
1591,C:\Users\joshy\OneDrive\Documents\Kravitz Lab\freezeData\\0318\20260318013939-b93.18-f6.png,2026-03-18 01:39:39,6.0,58.490035116485814,7.42966617956061,438.719854220784,93.028984,0.7578059290667493
1592,C:\Users\joshy\OneDrive\Documents\Kravitz Lab\freezeData\\0318\20260318013958-b92.38-f8.png,2026-03-18 01:39:58,8.0,58.75498033677145,7.408645120873196,452.8432881277439,92.23016,0.6863831551183744
1593,C:\Users\joshy\OneDrive\Documents\Kravitz Lab\freezeData\\0318\20260318014016-b91.92-f10.png,2026-03-18 01:40:16,10.0,58.98221615245653,7.394169734803642,494.48537675160003,91.806336,0.6216948181004341
1594,C:\Users\joshy\OneDrive\Documents\Kravitz Lab\freezeData\\0318\20260318014036-b93.28-f0.png,2026-03-18 01:40:36,0.0,56.900747532660766,7.425332272384457,454.443684881776,93.13338,0.7164746718657972
1595,C:\Users\joshy\OneDrive\Documents\Kravitz Lab\freezeData\\0318\20260318014054-b94.07-f2.png,2026-03-18 01:40:54,2.0,57.4158460871504,7.437379342767805,491.191907911664,93.912284,0.7683176459106983
1596,C:\Users\joshy\OneDrive\Documents\Kravitz Lab\freezeData\\0318\20260318014113-b93.79-f4.png,2026-03-18 01:41:13,4.0,58.07143726822418,7.435553754040158,403.044022215616,93.599948,0.8153268904107744
1597,C:\Users\joshy\OneDrive\Documents\Kravitz Lab\freezeData\\0318\20260318014132-b93.57-f6.png,2026-03-18 01:41:32,6.0,58.522565833469194,7.431935595672342,421.002684623344,93.414208,0.7551675384116106
1598,C:\Users\joshy\OneDrive\Documents\Kravitz Lab\freezeData\\0318\20260318014150-b92.77-f8.png,2026-03-18 01:41:50,8.0,58.81843923538264,7.408236056950704,432.518651903856,92.63056,0.6855058558876583
1599,C:\Users\joshy\OneDrive\Documents\Kravitz Lab\freezeData\\0318\20260318014209-b92.08-f10.png,2026-03-18 01:42:09,10.0,59.16269977869827,7.399640053930411,492.572629519616,91.949296,0.6236938281981009
1600,C:\Users\joshy\OneDrive\Documents\Kravitz Lab\freezeData\\0318\20260318014228-b93.49-f0.png,2026-03-18 01:42:28,0.0,56.9379205300705,7.420500142398948,444.33432847046384,93.347876,0.7183499881855484
1601,C:\Users\joshy\OneDrive\Documents\Kravitz Lab\freezeData\\0318\20260318014247-b94.27-f2.png,2026-03-18 01:42:47,2.0,57.49158008882692,7.441235148753624,475.08389257982395,94.0983,0.7683004272087037
1602,C:\Users\joshy\OneDrive\Documents\Kravitz Lab\freezeData\\0318\20260318014305-b93.57-f4.png,2026-03-18 01:43:05,4.0,57.99933916024906,7.437188129348042,432.754381554176,93.40412,0.8161690619233138
1603,C:\Users\joshy\OneDrive\Documents\Kravitz Lab\freezeData\\0318\20260318014325-b93.23-f6.png,2026-03-18 01:43:25,6.0,58.37370708803079,7.430039616654413,435.884859539456,93.074972,0.7519156003585842
1604,C:\Users\joshy\OneDrive\Documents\Kravitz Lab\freezeData\\0318\20260318014343-b92.75-f8.png,2026-03-18 01:43:43,8.0,58.95734481938019,7.417664514005408,439.4935582507361,92.611552,0.6833440416092648
1605,C:\Users\joshy\OneDrive\Documents\Kravitz Lab\freezeData\\0318\20260318014401-b91.83-f10.png,2026-03-18 01:44:01,10.0,59.11601292264559,7.398513569521758,494.913231556864,91.70036,0.6213030502680856
1606,C:\Users\joshy\OneDrive\Documents\Kravitz Lab\freezeData\\0318\20260318014421-b93.49-f0.png,2026-03-18 01:44:21,0.0,56.92592786446612,7.425056469706677,430.03494804760004,93.33764,0.7161324903054747
1607,C:\Users\joshy\OneDrive\Documents\Kravitz Lab\freezeData\\0318\20260318014457-b93.91-f4.png,2026-03-18 01:44:57,4.0,58.02042079024398,7.439985382140346,418.8606870111841,93.735532,0.8138569328416047
1608,C:\Users\joshy\OneDrive\Documents\Kravitz Lab\freezeData\\0318\20260318014439-b94.03-f2.png,2026-03-18 01:44:39,2.0,57.44134380043642,7.438719276323249,490.70061275313606,93.849992,0.7670655663727018
1609,C:\Users\joshy\OneDrive\Documents\Kravitz Lab\freezeData\\0318\20260318014517-b93.44-f6.png,2026-03-18 01:45:17,6.0,58.44993042748448,7.432240638070375,413.96950757318393,93.283332,0.7522777854591588
1610,C:\Users\joshy\OneDrive\Documents\Kravitz Lab\freezeData\\0318\20260318014535-b92.90-f8.png,2026-03-18 01:45:35,8.0,58.744028686326104,7.4181133933268555,453.24543775934404,92.767936,0.6790081349749008
1611,C:\Users\joshy\OneDrive\Documents\Kravitz Lab\freezeData\\0318\20260318014552-b92.00-f10.png,2026-03-18 01:45:52,10.0,59.07204800069068,7.405624138468539,511.80857905240003,91.875064,0.6188805021476311
1612,C:\Users\joshy\OneDrive\Documents\Kravitz Lab\freezeData\\0318\20260318014612-b93.78-f0.png,2026-03-18 01:46:12,0.0,56.81797544382109,7.42709077504611,433.07751014359997,93.632312,0.7151932544729077
1613,C:\Users\joshy\OneDrive\Documents\Kravitz Lab\freezeData\\0318\20260318014631-b94.02-f2.png,2026-03-18 01:46:31,2.0,57.43968040863737,7.442373951633247,484.22183048689595,93.84744,0.7660251443204523
1614,C:\Users\joshy\OneDrive\Documents\Kravitz Lab\freezeData\\0318\20260318014650-b93.54-f4.png,2026-03-18 01:46:50,4.0,57.963249430105485,7.438647084235499,427.10381829054404,93.381124,0.8134429535866076
1615,C:\Users\joshy\OneDrive\Documents\Kravitz Lab\freezeData\\0318\20260318014710-b93.55-f6.png,2026-03-18 01:47:10,6.0,58.344150265386645,7.433100931575893,414.3744623356001,93.380728,0.7519492161928074
1616,C:\Users\joshy\OneDrive\Documents\Kravitz Lab\freezeData\\0318\20260318014728-b93.00-f8.png,2026-03-18 01:47:28,8.0,58.73220004268473,7.413723486684805,434.70833046065593,92.868508,0.6826438144430597
1617,C:\Users\joshy\OneDrive\Documents\Kravitz Lab\freezeData\\0318\20260318014747-b92.33-f10.png,2026-03-18 01:47:47,10.0,58.909665848705544,7.4032307751639825,480.120837949184,92.204816,0.6226446078107538
1618,C:\Users\joshy\OneDrive\Documents\Kravitz Lab\freezeData\\0318\20260318014807-b93.60-f0.png,2026-03-18 01:48:07,0.0,56.85566784424926,7.427000867379335,436.653560860416,93.45938,0.7157762773836778
1619,C:\Users\joshy\OneDrive\Documents\Kravitz Lab\freezeData\\0318\20260318014826-b93.94-f2.png,2026-03-18 01:48:26,2.0,57.41752680370689,7.4410530056729245,485.970557709936,93.77116,0.7651432533300796
1620,C:\Users\joshy\OneDrive\Documents\Kravitz Lab\freezeData\\0318\20260318014845-b93.96-f4.png,2026-03-18 01:48:45,4.0,57.8791368239823,7.4411118110285575,427.528844602624,93.792644,0.8125898893298794
1621,C:\Users\joshy\OneDrive\Documents\Kravitz Lab\freezeData\\0318\20260318014904-b93.44-f6.png,2026-03-18 01:49:04,6.0,58.39661475633669,7.432629330593509,431.70821098240003,93.295,0.7537000706805141
1622,C:\Users\joshy\OneDrive\Documents\Kravitz Lab\freezeData\\0318\20260318014923-b93.19-f8.png,2026-03-18 01:49:23,8.0,58.805893748554965,7.417933039319723,444.69351578598406,93.045392,0.6830565867840848
1623,C:\Users\joshy\OneDrive\Documents\Kravitz Lab\freezeData\\0318\20260318014943-b92.18-f10.png,2026-03-18 01:49:43,10.0,58.808657962319934,7.400318185574157,488.44287283505594,92.063692,0.623896303397614
1624,C:\Users\joshy\OneDrive\Documents\Kravitz Lab\freezeData\\0318\20260318015001-b93.63-f0.png,2026-03-18 01:50:01,0.0,56.663714618921475,7.422847586300366,442.42971577457587,93.487132,0.7142238664025897
1625,C:\Users\joshy\OneDrive\Documents\Kravitz Lab\freezeData\\0318\20260318015019-b94.03-f2.png,2026-03-18 01:50:19,2.0,57.38097368283323,7.443773657641079,480.0774576495999,93.8711,0.7664749960840884
1626,C:\Users\joshy\OneDrive\Documents\Kravitz Lab\freezeData\\0318\20260318015038-b93.89-f4.png,2026-03-18 01:50:38,4.0,57.751840400038645,7.439767383630976,434.414188666736,93.725092,0.813617399559299
1627,C:\Users\joshy\OneDrive\Documents\Kravitz Lab\freezeData\\0318\20260318015057-b93.70-f6.png,2026-03-18 01:50:57,6.0,58.22766637847833,7.4278103957852935,431.005689729984,93.557932,0.7533463234619578
1628,C:\Users\joshy\OneDrive\Documents\Kravitz Lab\freezeData\\0318\20260318015116-b92.93-f8.png,2026-03-18 01:51:16,8.0,58.544433624547565,7.416297866607095,424.33222306878395,92.789212,0.6823111664880145
1629,C:\Users\joshy\OneDrive\Documents\Kravitz Lab\freezeData\\0318\20260318015135-b92.26-f10.png,2026-03-18 01:51:35,10.0,58.74201314163824,7.39497083033069,484.9266980572159,92.12474,0.6229893548049509
1630,C:\Users\joshy\OneDrive\Documents\Kravitz Lab\freezeData\\0318\20260318015153-b93.34-f0.png,2026-03-18 01:51:53,0.0,56.70767059817371,7.423226868963099,436.3024814464,93.197968,0.7169790325058458
1631,C:\Users\joshy\OneDrive\Documents\Kravitz Lab\freezeData\\0318\20260318015213-b94.33-f2.png,2026-03-18 01:52:13,2.0,57.30645874535805,7.439331959173568,473.8455850304,94.170476,0.7663805002817068
1632,C:\Users\joshy\OneDrive\Documents\Kravitz Lab\freezeData\\0318\20260318015232-b94.15-f4.png,2026-03-18 01:52:32,4.0,57.72341179812627,7.440724524079483,432.94681988959996,93.998456,0.8122728873317824
1633,C:\Users\joshy\OneDrive\Documents\Kravitz Lab\freezeData\\0318\20260318015250-b93.35-f6.png,2026-03-18 01:52:50,6.0,58.17781421868306,7.430400941711651,437.172418354624,93.20942,0.7550632235836293
1634,C:\Users\joshy\OneDrive\Documents\Kravitz Lab\freezeData\\0318\20260318015310-b93.37-f8.png,2026-03-18 01:53:10,8.0,58.544229379794416,7.419463424119237,433.750023483904,93.240496,0.6814437981335241
1635,C:\Users\joshy\OneDrive\Documents\Kravitz Lab\freezeData\\0318\20260318015329-b92.35-f10.png,2026-03-18 01:53:29,10.0,58.75166544346126,7.400670448081949,496.80355844990396,92.22986,0.6223305148801777
1636,C:\Users\joshy\OneDrive\Documents\Kravitz Lab\freezeData\\0318\20260318015348-b94.02-f0.png,2026-03-18 01:53:48,0.0,56.65373270071796,7.420858540929944,443.47132797977605,93.87766,0.7182488320253361
1637,C:\Users\joshy\OneDrive\Documents\Kravitz Lab\freezeData\\0318\20260318015407-b93.83-f2.png,2026-03-18 01:54:07,2.0,57.01837286752206,7.425871732908999,477.381101093616,93.682832,0.7648914558507093
1638,C:\Users\joshy\OneDrive\Documents\Kravitz Lab\freezeData\\0318\20260318015426-b94.17-f4.png,2026-03-18 01:54:26,4.0,57.589248734360275,7.4341906182312165,432.5203309278559,94.014772,0.8118899472823214
1639,C:\Users\joshy\OneDrive\Documents\Kravitz Lab\freezeData\\0318\20260318015504-b92.82-f8.png,2026-03-18 01:55:04,8.0,58.53019060011461,7.413388870780274,447.21662011129604,92.685484,0.6835105007113355
1640,C:\Users\joshy\OneDrive\Documents\Kravitz Lab\freezeData\\0318\20260318015445-b93.55-f6.png,2026-03-18 01:54:45,6.0,58.09179631081263,7.428731062647217,439.13599427833594,93.407084,0.7501515443163453
1641,C:\Users\joshy\OneDrive\Documents\Kravitz Lab\freezeData\\0318\20260318015522-b92.43-f10.png,2026-03-18 01:55:22,10.0,58.734322844483366,7.398416298668539,492.42835283505593,92.316,0.6225514740560942
1642,C:\Users\joshy\OneDrive\Documents\Kravitz Lab\freezeData\\0318\20260318015541-b93.46-f0.png,2026-03-18 01:55:41,0.0,56.60264040681847,7.4185686123555,433.2084614259039,93.32958,0.7168882319029449
1643,C:\Users\joshy\OneDrive\Documents\Kravitz Lab\freezeData\\0318\20260318015559-b93.92-f2.png,2026-03-18 01:55:59,2.0,57.079091228415884,7.4360197380533375,496.89309470999996,93.768776,0.7653770694311491
1644,C:\Users\joshy\OneDrive\Documents\Kravitz Lab\freezeData\\0318\20260318015618-b93.96-f4.png,2026-03-18 01:56:18,4.0,57.6663561973335,7.43489233304358,423.17387681766405,93.791484,0.8130267504650963
1645,C:\Users\joshy\OneDrive\Documents\Kravitz Lab\freezeData\\0318\20260318015638-b93.39-f6.png,2026-03-18 01:56:38,6.0,58.06497320512476,7.421369011749307,444.2750051356,93.262988,0.753436806297007
1646,C:\Users\joshy\OneDrive\Documents\Kravitz Lab\freezeData\\0318\20260318015657-b92.68-f8.png,2026-03-18 01:56:57,8.0,58.37419332891767,7.406416577424048,443.91897431,92.539512,0.6819928837863081
1647,C:\Users\joshy\OneDrive\Documents\Kravitz Lab\freezeData\\0318\20260318015734-b93.73-f0.png,2026-03-18 01:57:34,0.0,56.6930689969539,7.423471051792488,436.25302905150403,93.569568,0.7165417299488376
1648,C:\Users\joshy\OneDrive\Documents\Kravitz Lab\freezeData\\0318\20260318015715-b92.06-f10.png,2026-03-18 01:57:15,10.0,58.61244106066219,7.388036397581662,486.01361986758405,91.93348,0.6221760255443348
1649,C:\Users\joshy\OneDrive\Documents\Kravitz Lab\freezeData\\0318\20260318015754-b93.94-f2.png,2026-03-18 01:57:54,2.0,57.059562588023546,7.431441874989219,478.41364606590406,93.776632,0.7654583331328072
1650,C:\Users\joshy\OneDrive\Documents\Kravitz Lab\freezeData\\0318\20260318015811-b93.41-f4.png,2026-03-18 01:58:11,4.0,57.46038867650848,7.427264497802182,410.687319751616,93.246976,0.8138926606554129
1651,C:\Users\joshy\OneDrive\Documents\Kravitz Lab\freezeData\\0318\20260318015849-b93.03-f8.png,2026-03-18 01:58:49,8.0,58.45484552098463,7.413039379344744,455.48497619390395,92.901232,0.6805212216196195
1652,C:\Users\joshy\OneDrive\Documents\Kravitz Lab\freezeData\\0318\20260318015829-b93.58-f6.png,2026-03-18 01:58:29,6.0,57.97622367958562,7.421057356949001,439.43760778929595,93.444216,0.7532106500873582
1653,C:\Users\joshy\OneDrive\Documents\Kravitz Lab\freezeData\\0318\20260318015907-b92.30-f10.png,2026-03-18 01:59:07,10.0,58.65237436968758,7.3921311124395475,486.235603873776,92.181496,0.623485797066844
1654,C:\Users\joshy\OneDrive\Documents\Kravitz Lab\freezeData\\0318\20260318015924-b93.68-f0.png,2026-03-18 01:59:24,0.0,56.481805131690464,7.417084820860772,438.389142464256,93.529412,0.7147812324556319
1655,C:\Users\joshy\OneDrive\Documents\Kravitz Lab\freezeData\\0318\20260318020002-b93.88-f4.png,2026-03-18 02:00:02,4.0,57.497799386558654,7.427845925413338,440.09285135639993,93.727916,0.811543022392209
1656,C:\Users\joshy\OneDrive\Documents\Kravitz Lab\freezeData\\0318\20260318015945-b94.06-f2.png,2026-03-18 01:59:45,2.0,57.1986836076574,7.435258802338629,489.5992725580161,93.892848,0.7655640815697116
1657,C:\Users\joshy\OneDrive\Documents\Kravitz Lab\freezeData\\0318\20260318020021-b93.29-f6.png,2026-03-18 02:00:21,6.0,57.88907787745581,7.421394154365651,437.658380374784,93.148184,0.7497063272286708
1658,C:\Users\joshy\OneDrive\Documents\Kravitz Lab\freezeData\\0318\20260318020040-b92.84-f8.png,2026-03-18 02:00:40,8.0,58.313858484802736,7.401764737065134,458.879644976624,92.71512,0.6810883735189376
1659,C:\Users\joshy\OneDrive\Documents\Kravitz Lab\freezeData\\0318\20260318020059-b91.98-f10.png,2026-03-18 02:00:59,10.0,58.51888936343081,7.389356514452868,509.1482687676001,91.895388,0.6240034351712174
1660,C:\Users\joshy\OneDrive\Documents\Kravitz Lab\freezeData\\0318\20260318020119-b93.69-f0.png,2026-03-18 02:01:19,0.0,56.507471317455504,7.417167215633383,430.87588224,93.549288,0.7151177513747948
1661,C:\Users\joshy\OneDrive\Documents\Kravitz Lab\freezeData\\0318\20260318020138-b94.36-f2.png,2026-03-18 02:01:38,2.0,56.974029194255024,7.4291237238859935,484.952892579824,94.198276,0.7637917525212884
1662,C:\Users\joshy\OneDrive\Documents\Kravitz Lab\freezeData\\0318\20260318020157-b93.94-f4.png,2026-03-18 02:01:57,4.0,57.496697914502874,7.429903208401478,422.0708957056,93.77278,0.8109093050827338
1663,C:\Users\joshy\OneDrive\Documents\Kravitz Lab\freezeData\\0318\20260318020216-b93.34-f6.png,2026-03-18 02:02:16,6.0,57.92034027296607,7.421180980717314,441.11720811121603,93.197268,0.7482070577903379
1664,C:\Users\joshy\OneDrive\Documents\Kravitz Lab\freezeData\\0318\20260318020235-b92.32-f8.png,2026-03-18 02:02:35,8.0,58.18520203053914,7.4010009599810065,470.2837904281441,92.192688,0.6796392336229178
1665,C:\Users\joshy\OneDrive\Documents\Kravitz Lab\freezeData\\0318\20260318020253-b91.71-f10.png,2026-03-18 02:02:53,10.0,58.53316736190434,7.385688529240746,516.1093248767361,91.606464,0.623034870118067
1666,C:\Users\joshy\OneDrive\Documents\Kravitz Lab\freezeData\\0318\20260318020313-b93.39-f0.png,2026-03-18 02:03:13,0.0,56.36328362076063,7.41064114791589,437.69298978993595,93.252736,0.7153632921437603
1667,C:\Users\joshy\OneDrive\Documents\Kravitz Lab\freezeData\\0318\20260318020331-b93.72-f2.png,2026-03-18 02:03:31,2.0,56.83914568420606,7.42531824071763,479.901678411504,93.55836,0.7632080779554632
1668,C:\Users\joshy\OneDrive\Documents\Kravitz Lab\freezeData\\0318\20260318020349-b93.57-f4.png,2026-03-18 02:03:49,4.0,57.57909416828007,7.430438759614283,441.7771873564,93.403156,0.8138247925199882
1669,C:\Users\joshy\OneDrive\Documents\Kravitz Lab\freezeData\\0318\20260318020409-b93.38-f6.png,2026-03-18 02:04:09,6.0,57.91297569101888,7.420137795277232,449.88626342040004,93.251616,0.7522334686590565
1670,C:\Users\joshy\OneDrive\Documents\Kravitz Lab\freezeData\\0318\20260318020427-b93.12-f8.png,2026-03-18 02:04:27,8.0,58.260166829255276,7.404797179877782,454.51032441329596,92.992188,0.6765137333948332
1671,C:\Users\joshy\OneDrive\Documents\Kravitz Lab\freezeData\\0318\20260318020445-b91.90-f10.png,2026-03-18 02:04:45,10.0,58.507305103566814,7.386681993339711,501.29446259840006,91.780488,0.6242492065519577
1672,C:\Users\joshy\OneDrive\Documents\Kravitz Lab\freezeData\\0318\20260318020504-b93.34-f0.png,2026-03-18 02:05:04,0.0,56.509335099811466,7.408890899053136,445.686991797504,93.220904,0.7177946838004168
1673,C:\Users\joshy\OneDrive\Documents\Kravitz Lab\freezeData\\0318\20260318020524-b93.91-f2.png,2026-03-18 02:05:24,2.0,56.84535170332589,7.428270846855872,495.72283640446403,93.744928,0.7642189180649581
1674,C:\Users\joshy\OneDrive\Documents\Kravitz Lab\freezeData\\0318\20260318020541-b93.58-f4.png,2026-03-18 02:05:41,4.0,57.40858643426448,7.423649904148718,430.23697716273585,93.422672,0.8125912941071086
1675,C:\Users\joshy\OneDrive\Documents\Kravitz Lab\freezeData\\0318\20260318020602-b93.10-f6.png,2026-03-18 02:06:02,6.0,57.90988521244365,7.419314423132206,448.753581908976,92.97896,0.7507418144958548
1676,C:\Users\joshy\OneDrive\Documents\Kravitz Lab\freezeData\\0318\20260318020620-b92.88-f8.png,2026-03-18 02:06:20,8.0,58.247665640770734,7.405341155945399,460.08511519,92.747676,0.6778289508277631
1677,C:\Users\joshy\OneDrive\Documents\Kravitz Lab\freezeData\\0318\20260318020638-b91.64-f10.png,2026-03-18 02:06:38,10.0,58.473967065394014,7.388317250181233,546.610888248176,91.534404,0.6172250251482693
1678,C:\Users\joshy\OneDrive\Documents\Kravitz Lab\freezeData\\0318\20260318020659-b93.56-f0.png,2026-03-18 02:06:59,0.0,56.55096962251014,7.4162646946288024,455.950593364224,93.429044,0.7167629115149475
1679,C:\Users\joshy\OneDrive\Documents\Kravitz Lab\freezeData\\0318\20260318020717-b94.04-f2.png,2026-03-18 02:07:17,2.0,56.918353383097646,7.420459332833341,458.74988644926407,93.874604,0.7647504335896741
1680,C:\Users\joshy\OneDrive\Documents\Kravitz Lab\freezeData\\0318\20260318020736-b93.71-f4.png,2026-03-18 02:07:36,4.0,57.36486081364528,7.424265929674458,433.81209092785605,93.552152,0.8116254933373501
1681,C:\Users\joshy\OneDrive\Documents\Kravitz Lab\freezeData\\0318\20260318020755-b93.24-f6.png,2026-03-18 02:07:55,6.0,57.82406786088644,7.416386027645509,448.23500710705605,93.07486,0.7494519277448677
1682,C:\Users\joshy\OneDrive\Documents\Kravitz Lab\freezeData\\0318\20260318020814-b92.78-f8.png,2026-03-18 02:08:14,8.0,58.180897451960846,7.403847234524245,453.0968774686559,92.649304,0.6796787230263281
1683,C:\Users\joshy\OneDrive\Documents\Kravitz Lab\freezeData\\0318\20260318020834-b91.92-f10.png,2026-03-18 02:08:34,10.0,58.47634054628398,7.389745921403722,520.94345884,91.811468,0.6198986479128477
1684,C:\Users\joshy\OneDrive\Documents\Kravitz Lab\freezeData\\0318\20260318020853-b93.61-f0.png,2026-03-18 02:08:53,0.0,56.46078304273097,7.413266532679617,459.4189433799039,93.472392,0.7151732289854389
1685,C:\Users\joshy\OneDrive\Documents\Kravitz Lab\freezeData\\0318\20260318020911-b93.79-f2.png,2026-03-18 02:09:11,2.0,56.89412729430074,7.427009014277391,469.093256514304,93.624352,0.7639183514312488
1686,C:\Users\joshy\OneDrive\Documents\Kravitz Lab\freezeData\\0318\20260318020932-b93.50-f4.png,2026-03-18 02:09:32,4.0,57.28972754393877,7.424159657790263,446.069782806976,93.340708,0.8104829533251326
1687,C:\Users\joshy\OneDrive\Documents\Kravitz Lab\freezeData\\0318\20260318020950-b93.18-f6.png,2026-03-18 02:09:50,6.0,57.7593159890712,7.4154474604680045,448.80719110705604,93.042432,0.7506850859377733
1688,C:\Users\joshy\OneDrive\Documents\Kravitz Lab\freezeData\\0318\20260318021008-b92.92-f8.png,2026-03-18 02:10:08,8.0,58.206034582166964,7.403346203084477,461.0316812543999,92.802328,0.6773245003595888
1689,C:\Users\joshy\OneDrive\Documents\Kravitz Lab\freezeData\\0318\20260318021027-b91.93-f10.png,2026-03-18 02:10:27,10.0,58.46645708642124,7.385998394026353,483.86561321969594,91.812608,0.6216967985279997
1690,C:\Users\joshy\OneDrive\Documents\Kravitz Lab\freezeData\\0318\20260318021047-b93.29-f0.png,2026-03-18 02:10:47,0.0,56.38492557963896,7.410683130988973,431.133256470464,93.148524,0.714345373689894
1691,C:\Users\joshy\OneDrive\Documents\Kravitz Lab\freezeData\\0318\20260318021105-b93.72-f2.png,2026-03-18 02:11:05,2.0,56.77336715256885,7.41686815400693,467.5231136496,93.558704,0.7620756185119418
1692,C:\Users\joshy\OneDrive\Documents\Kravitz Lab\freezeData\\0318\20260318021124-b93.79-f4.png,2026-03-18 02:11:24,4.0,57.41663805090298,7.424494107120133,414.51635745049595,93.61646,0.8072481976298503
1693,C:\Users\joshy\OneDrive\Documents\Kravitz Lab\freezeData\\0318\20260318021142-b93.21-f6.png,2026-03-18 02:11:42,6.0,57.780867045055665,7.417280073484707,423.602531195136,93.05596,0.7505660185459191
1694,C:\Users\joshy\OneDrive\Documents\Kravitz Lab\freezeData\\0318\20260318021200-b92.78-f8.png,2026-03-18 02:12:00,8.0,58.099924219477046,7.404546189578226,469.88875691454405,92.647532,0.6736728923089397
1695,C:\Users\joshy\OneDrive\Documents\Kravitz Lab\freezeData\\0318\20260318021238-b93.38-f0.png,2026-03-18 02:12:38,0.0,56.465700118331796,7.412281419039686,441.65472302398393,93.234568,0.7158210771925866
1696,C:\Users\joshy\OneDrive\Documents\Kravitz Lab\freezeData\\0318\20260318021221-b91.68-f10.png,2026-03-18 02:12:21,10.0,58.251468133859085,7.380686238439658,489.13998983793607,91.5595,0.6187975712266747
1697,C:\Users\joshy\OneDrive\Documents\Kravitz Lab\freezeData\\0318\20260318021256-b93.75-f2.png,2026-03-18 02:12:56,2.0,56.764217205405025,7.420459483496963,475.81653732294404,93.57476,0.7631425099739546
1698,C:\Users\joshy\OneDrive\Documents\Kravitz Lab\freezeData\\0318\20260318021316-b93.77-f4.png,2026-03-18 02:13:16,4.0,57.23258719873202,7.42188759624201,418.84385897598406,93.585244,0.8101279579450075
1699,C:\Users\joshy\OneDrive\Documents\Kravitz Lab\freezeData\\0318\20260318021334-b93.44-f6.png,2026-03-18 02:13:34,6.0,57.6526702208619,7.417209926867651,432.3270591600001,93.283112,0.7478033087712529
1700,C:\Users\joshy\OneDrive\Documents\Kravitz Lab\freezeData\\0318\20260318021352-b92.73-f8.png,2026-03-18 02:13:52,8.0,58.06936175459675,7.396442920644663,469.469968629616,92.595924,0.6740207567891988
1701,C:\Users\joshy\OneDrive\Documents\Kravitz Lab\freezeData\\0318\20260318021411-b91.91-f10.png,2026-03-18 02:14:11,10.0,58.27799154376465,7.385602476156683,470.185616729024,91.778664,0.6203351768974973
1702,C:\Users\joshy\OneDrive\Documents\Kravitz Lab\freezeData\\0318\20260318021430-b93.29-f0.png,2026-03-18 02:14:30,0.0,56.31923556290515,7.40960117762162,439.57009616,93.1481,0.7144573074699373
1703,C:\Users\joshy\OneDrive\Documents\Kravitz Lab\freezeData\\0318\20260318021448-b93.81-f2.png,2026-03-18 02:14:48,2.0,56.83658590209359,7.4220083529764596,476.78290975000004,93.659044,0.7637493179374768
1704,C:\Users\joshy\OneDrive\Documents\Kravitz Lab\freezeData\\0318\20260318021508-b93.87-f4.png,2026-03-18 02:15:08,4.0,57.18973538384958,7.418395979379361,432.303940656576,93.710292,0.8064054378676859
1705,C:\Users\joshy\OneDrive\Documents\Kravitz Lab\freezeData\\0318\20260318021526-b93.62-f6.png,2026-03-18 02:15:26,6.0,57.664964972551715,7.416388443398926,434.9164387099999,93.470628,0.7507185379134674
1706,C:\Users\joshy\OneDrive\Documents\Kravitz Lab\freezeData\\0318\20260318021546-b92.66-f8.png,2026-03-18 02:15:46,8.0,57.92039750294413,7.4006031002343065,471.4059439174241,92.519212,0.6752538517879859
1707,C:\Users\joshy\OneDrive\Documents\Kravitz Lab\freezeData\\0318\20260318021606-b91.77-f10.png,2026-03-18 02:16:06,10.0,58.16796640659187,7.380216365135515,501.8719449599999,91.66096,0.6196236502387837
1708,C:\Users\joshy\OneDrive\Documents\Kravitz Lab\freezeData\\0318\20260318021625-b93.61-f0.png,2026-03-18 02:16:25,0.0,56.30924521595011,7.40662918060082,439.94066178993603,93.4561,0.7158068281548203
1709,C:\Users\joshy\OneDrive\Documents\Kravitz Lab\freezeData\\0318\20260318021644-b93.59-f2.png,2026-03-18 02:16:44,2.0,56.77980180431193,7.422146035380747,480.213200774656,93.417084,0.762818743922409
1710,C:\Users\joshy\OneDrive\Documents\Kravitz Lab\freezeData\\0318\20260318021705-b93.75-f4.png,2026-03-18 02:17:05,4.0,57.20996682977692,7.4173113360302745,423.10649677465585,93.575732,0.8088481817461449
1711,C:\Users\joshy\OneDrive\Documents\Kravitz Lab\freezeData\\0318\20260318021722-b93.41-f6.png,2026-03-18 02:17:22,6.0,57.59990376427016,7.413825717389171,426.3337318384,93.257896,0.7491485814161546
1712,C:\Users\joshy\OneDrive\Documents\Kravitz Lab\freezeData\\0318\20260318021740-b92.56-f8.png,2026-03-18 02:17:40,8.0,57.90166524188042,7.3963364516337515,437.41637241329596,92.425904,0.678810231316554
1713,C:\Users\joshy\OneDrive\Documents\Kravitz Lab\freezeData\\0318\20260318021800-b91.83-f10.png,2026-03-18 02:18:00,10.0,58.06340850352015,7.380530832068217,523.048689001584,91.730688,0.6186735508102773
1714,C:\Users\joshy\OneDrive\Documents\Kravitz Lab\freezeData\\0318\20260318021818-b93.51-f0.png,2026-03-18 02:18:18,0.0,56.16336787261091,7.407084895903392,428.686258190576,93.350076,0.7133882412656866
1715,C:\Users\joshy\OneDrive\Documents\Kravitz Lab\freezeData\\0318\20260318021836-b93.82-f2.png,2026-03-18 02:18:36,2.0,56.73708141853066,7.420267337465894,469.42076216294396,93.658468,0.7628502702445631
1716,C:\Users\joshy\OneDrive\Documents\Kravitz Lab\freezeData\\0318\20260318021857-b93.96-f4.png,2026-03-18 02:18:57,4.0,57.120875155536474,7.416952573092774,420.189092316016,93.778204,0.8104534202805042
1717,C:\Users\joshy\OneDrive\Documents\Kravitz Lab\freezeData\\0318\20260318021915-b93.30-f6.png,2026-03-18 02:19:15,6.0,57.51076200337311,7.406177980681773,425.06550698240005,93.137876,0.7503155913847797
1718,C:\Users\joshy\OneDrive\Documents\Kravitz Lab\freezeData\\0318\20260318021934-b92.42-f8.png,2026-03-18 02:19:34,8.0,57.87751778009544,7.39408315696871,450.93722122366404,92.275644,0.6779108690882232
1719,C:\Users\joshy\OneDrive\Documents\Kravitz Lab\freezeData\\0318\20260318021954-b91.74-f10.png,2026-03-18 02:19:54,10.0,58.14082933677929,7.380933536714311,486.15485999000003,91.617252,0.6194123957294632
1720,C:\Users\joshy\OneDrive\Documents\Kravitz Lab\freezeData\\0318\20260318022013-b93.18-f0.png,2026-03-18 02:20:13,0.0,56.14615706888997,7.404593860192158,434.82027416294414,93.027756,0.7138097393288754
1721,C:\Users\joshy\OneDrive\Documents\Kravitz Lab\freezeData\\0318\20260318022031-b93.50-f2.png,2026-03-18 02:20:31,2.0,56.58323640106621,7.4160021597107235,472.308354201536,93.344416,0.7630553598861969
1722,C:\Users\joshy\OneDrive\Documents\Kravitz Lab\freezeData\\0318\20260318022051-b93.57-f4.png,2026-03-18 02:20:51,4.0,57.044537167537996,7.41447336480817,428.9338608390241,93.399624,0.8078561496960699
1723,C:\Users\joshy\OneDrive\Documents\Kravitz Lab\freezeData\\0318\20260318022109-b93.64-f6.png,2026-03-18 02:21:09,6.0,57.52619745422206,7.411115744813319,435.26002736889603,93.493184,0.7484789127581093
1724,C:\Users\joshy\OneDrive\Documents\Kravitz Lab\freezeData\\0318\20260318022128-b92.51-f8.png,2026-03-18 02:21:28,8.0,57.83093558379647,7.3987898721664,454.68178853937604,92.370472,0.6783765035470473
1725,C:\Users\joshy\OneDrive\Documents\Kravitz Lab\freezeData\\0318\20260318022146-b91.85-f10.png,2026-03-18 02:21:46,10.0,58.21281063657051,7.380724149094912,496.829590274816,91.722472,0.6206150567021463
1726,C:\Users\joshy\OneDrive\Documents\Kravitz Lab\freezeData\\0318\20260318022205-b93.20-f0.png,2026-03-18 02:22:05,0.0,56.24074324960921,7.402893240121391,448.5313619287039,93.069244,0.7166918270510914
1727,C:\Users\joshy\OneDrive\Documents\Kravitz Lab\freezeData\\0318\20260318022224-b94.05-f2.png,2026-03-18 02:22:24,2.0,56.65278061136982,7.417904958164748,471.14623089239984,93.885,0.7618569933677861
1728,C:\Users\joshy\OneDrive\Documents\Kravitz Lab\freezeData\\0318\20260318022243-b93.63-f4.png,2026-03-18 02:22:43,4.0,57.190029180283375,7.419530520675346,432.3350150479359,93.480344,0.8092989956277313
1729,C:\Users\joshy\OneDrive\Documents\Kravitz Lab\freezeData\\0318\20260318022301-b93.74-f6.png,2026-03-18 02:23:01,6.0,57.45724713836624,7.411707275986216,431.354150746736,93.605448,0.7455671853625357
1730,C:\Users\joshy\OneDrive\Documents\Kravitz Lab\freezeData\\0318\20260318022320-b92.82-f8.png,2026-03-18 02:23:20,8.0,57.769762337388926,7.398406625378057,461.90245109753596,92.68104,0.6774536485716102
1731,C:\Users\joshy\OneDrive\Documents\Kravitz Lab\freezeData\\0318\20260318022339-b91.86-f10.png,2026-03-18 02:23:39,10.0,58.089473711824375,7.379695737810335,512.879832500464,91.740208,0.6219822203329395
1732,C:\Users\joshy\OneDrive\Documents\Kravitz Lab\freezeData\\0318\20260318022357-b93.42-f0.png,2026-03-18 02:23:57,0.0,56.13444735515261,7.403789490486489,435.104803089344,93.27354,0.7160592925577238
1733,C:\Users\joshy\OneDrive\Documents\Kravitz Lab\freezeData\\0318\20260318022415-b93.73-f2.png,2026-03-18 02:24:15,2.0,56.63588345766652,7.4177046442795795,468.7329506731359,93.558796,0.7630964732773798
1734,C:\Users\joshy\OneDrive\Documents\Kravitz Lab\freezeData\\0318\20260318022435-b93.75-f4.png,2026-03-18 02:24:35,4.0,56.97592129745744,7.41829985196453,440.2490133436,93.583044,0.8092784216788921
1735,C:\Users\joshy\OneDrive\Documents\Kravitz Lab\freezeData\\0318\20260318022453-b93.51-f6.png,2026-03-18 02:24:53,6.0,57.47601202365578,7.414370152664028,445.35527162353594,93.372024,0.7458607279207369
1736,C:\Users\joshy\OneDrive\Documents\Kravitz Lab\freezeData\\0318\20260318022512-b92.74-f8.png,2026-03-18 02:25:12,8.0,57.76081082320143,7.395990185394685,449.7640245079039,92.606344,0.6773180068522364
1737,C:\Users\joshy\OneDrive\Documents\Kravitz Lab\freezeData\\0318\20260318022531-b91.80-f10.png,2026-03-18 02:25:31,10.0,58.065881339041084,7.3839498461260344,504.11360996959996,91.68302,0.6190880354834514
1738,C:\Users\joshy\OneDrive\Documents\Kravitz Lab\freezeData\\0318\20260318022550-b93.43-f0.png,2026-03-18 02:25:50,0.0,56.05048459474026,7.403211932677744,450.900441568704,93.313472,0.7145172348400205
1739,C:\Users\joshy\OneDrive\Documents\Kravitz Lab\freezeData\\0318\20260318022608-b93.89-f2.png,2026-03-18 02:26:08,2.0,56.59517891180753,7.417925712662968,479.23347536889605,93.736364,0.761223762233694
1740,C:\Users\joshy\OneDrive\Documents\Kravitz Lab\freezeData\\0318\20260318022628-b93.70-f4.png,2026-03-18 02:26:28,4.0,56.95314714458459,7.414896351553041,442.32065972862404,93.554464,0.8087552243444436
1741,C:\Users\joshy\OneDrive\Documents\Kravitz Lab\freezeData\\0318\20260318022646-b93.66-f6.png,2026-03-18 02:26:46,6.0,57.40112648582431,7.410948461370184,452.119385027824,93.51828,0.7457390596719842
1742,C:\Users\joshy\OneDrive\Documents\Kravitz Lab\freezeData\\0318\20260318022705-b92.70-f8.png,2026-03-18 02:27:05,8.0,57.6923735757717,7.397542067661316,457.518331665856,92.57456,0.6762153207011886
1743,C:\Users\joshy\OneDrive\Documents\Kravitz Lab\freezeData\\0318\20260318022724-b91.84-f10.png,2026-03-18 02:27:24,10.0,58.03195917435344,7.383562844808704,496.08635439640005,91.717776,0.6187490818671542
1744,C:\Users\joshy\OneDrive\Documents\Kravitz Lab\freezeData\\0318\20260318022743-b93.51-f0.png,2026-03-18 02:27:43,0.0,56.051399306507946,7.40264510705387,436.4315313564,93.36232,0.7153705666813859
1745,C:\Users\joshy\OneDrive\Documents\Kravitz Lab\freezeData\\0318\20260318022801-b93.61-f2.png,2026-03-18 02:28:01,2.0,56.499893618528375,7.415176027197949,467.27622773990396,93.442824,0.7627692512002934
1746,C:\Users\joshy\OneDrive\Documents\Kravitz Lab\freezeData\\0318\20260318022819-b93.76-f4.png,2026-03-18 02:28:19,4.0,56.99785196755836,7.420994710924337,431.704535332864,93.595452,0.8100540229965292
1747,C:\Users\joshy\OneDrive\Documents\Kravitz Lab\freezeData\\0318\20260318022838-b93.57-f6.png,2026-03-18 02:28:38,6.0,57.38779119492382,7.41093009442068,451.73265170681606,93.436268,0.7442450087335429
1748,C:\Users\joshy\OneDrive\Documents\Kravitz Lab\freezeData\\0318\20260318022858-b92.71-f8.png,2026-03-18 02:28:58,8.0,57.750591209434525,7.397098467140464,464.94032774999994,92.589972,0.6774322710655213
1749,C:\Users\joshy\OneDrive\Documents\Kravitz Lab\freezeData\\0318\20260318022917-b92.02-f10.png,2026-03-18 02:29:17,10.0,57.94067930372429,7.380920106754666,477.78864010745605,91.903824,0.6218322086326846
1750,C:\Users\joshy\OneDrive\Documents\Kravitz Lab\freezeData\\0318\20260318022936-b93.12-f0.png,2026-03-18 02:29:36,0.0,56.00099509477938,7.401777423497363,454.42882729977595,92.983136,0.714991391446772
1751,C:\Users\joshy\OneDrive\Documents\Kravitz Lab\freezeData\\0318\20260318022955-b94.02-f2.png,2026-03-18 02:29:55,2.0,56.487849694803,7.4122589744991405,480.03993744639996,93.865312,0.764343877832146
1752,C:\Users\joshy\OneDrive\Documents\Kravitz Lab\freezeData\\0318\20260318023014-b93.79-f4.png,2026-03-18 02:30:14,4.0,57.040735316154546,7.416840862230412,419.62683233817603,93.62882,0.8099558271961672
1753,C:\Users\joshy\OneDrive\Documents\Kravitz Lab\freezeData\\0318\20260318023032-b93.34-f6.png,2026-03-18 02:30:32,6.0,57.505271086719134,7.4134892560783126,447.31126790342404,93.214712,0.7439647901960441
1754,C:\Users\joshy\OneDrive\Documents\Kravitz Lab\freezeData\\0318\20260318023050-b92.92-f8.png,2026-03-18 02:30:50,8.0,57.71417656282602,7.396622264149848,462.5860181020161,92.817288,0.674798353819731
1755,C:\Users\joshy\OneDrive\Documents\Kravitz Lab\freezeData\\0318\20260318023109-b92.07-f10.png,2026-03-18 02:31:09,10.0,57.98241128704104,7.380060525414518,494.54824679678404,91.956304,0.6201572248783592
1756,C:\Users\joshy\OneDrive\Documents\Kravitz Lab\freezeData\\0318\20260318023127-b93.29-f0.png,2026-03-18 02:31:27,0.0,56.174898797539235,7.404821329714097,424.36626241150395,93.134332,0.7145751150824189
1757,C:\Users\joshy\OneDrive\Documents\Kravitz Lab\freezeData\\0318\20260318023146-b93.55-f2.png,2026-03-18 02:31:46,2.0,56.54300963458609,7.412602296592703,455.62555762942395,93.389848,0.7635665290716466
1758,C:\Users\joshy\OneDrive\Documents\Kravitz Lab\freezeData\\0318\20260318023205-b93.97-f4.png,2026-03-18 02:32:05,4.0,57.0248320224754,7.415413601025684,439.427671411696,93.825092,0.8076830302698571
1759,C:\Users\joshy\OneDrive\Documents\Kravitz Lab\freezeData\\0318\20260318023223-b93.55-f6.png,2026-03-18 02:32:23,6.0,57.30929848170888,7.4095165161145955,447.365889349616,93.40188,0.7441375377195666
1760,C:\Users\joshy\OneDrive\Documents\Kravitz Lab\freezeData\\0318\20260318023243-b92.97-f8.png,2026-03-18 02:32:43,8.0,57.65997446570368,7.401035561602349,451.38843089560004,92.83488,0.6784816588623122
1761,C:\Users\joshy\OneDrive\Documents\Kravitz Lab\freezeData\\0318\20260318023301-b92.05-f10.png,2026-03-18 02:33:01,10.0,57.89190421036724,7.379380646081899,492.09373167537603,91.941392,0.6193322628163095
1762,C:\Users\joshy\OneDrive\Documents\Kravitz Lab\freezeData\\0318\20260318023319-b93.66-f0.png,2026-03-18 02:33:19,0.0,56.03492678274878,7.402407683334313,433.94901655801596,93.525228,0.7154064599679575
1763,C:\Users\joshy\OneDrive\Documents\Kravitz Lab\freezeData\\0318\20260318023340-b93.80-f2.png,2026-03-18 02:33:40,2.0,56.40880977858334,7.412913302977203,473.7305957728641,93.65306,0.7622264707430186
1764,C:\Users\joshy\OneDrive\Documents\Kravitz Lab\freezeData\\0318\20260318023358-b93.59-f4.png,2026-03-18 02:33:58,4.0,56.798933550760125,7.409381108003341,443.60547919097604,93.431156,0.8059460683404325
1765,C:\Users\joshy\OneDrive\Documents\Kravitz Lab\freezeData\\0318\20260318023417-b93.14-f6.png,2026-03-18 02:34:17,6.0,57.29181676331781,7.407237605164626,427.6021810963839,92.989804,0.745970626082221
1766,C:\Users\joshy\OneDrive\Documents\Kravitz Lab\freezeData\\0318\20260318023436-b92.76-f8.png,2026-03-18 02:34:36,8.0,57.59011265261411,7.3942086601233274,461.9234352122239,92.637596,0.6749305705838503
1767,C:\Users\joshy\OneDrive\Documents\Kravitz Lab\freezeData\\0318\20260318023455-b92.10-f10.png,2026-03-18 02:34:55,10.0,58.01066684918022,7.3743341698579545,498.078137036736,91.985868,0.620575868323451
1768,C:\Users\joshy\OneDrive\Documents\Kravitz Lab\freezeData\\0318\20260318023513-b93.09-f0.png,2026-03-18 02:35:13,0.0,55.90513978930581,7.392902458295511,433.86836944640004,92.943776,0.7173249816206761
1769,C:\Users\joshy\OneDrive\Documents\Kravitz Lab\freezeData\\0318\20260318023532-b93.45-f2.png,2026-03-18 02:35:32,2.0,56.525930780881225,7.409743514014939,469.595866910464,93.298532,0.7634170360296678
1770,C:\Users\joshy\OneDrive\Documents\Kravitz Lab\freezeData\\0318\20260318023551-b93.68-f4.png,2026-03-18 02:35:51,4.0,56.877653413422884,7.4099766595729015,428.285945568704,93.517612,0.8071446587150995
1771,C:\Users\joshy\OneDrive\Documents\Kravitz Lab\freezeData\\0318\20260318023610-b93.36-f6.png,2026-03-18 02:36:10,6.0,57.270621154849856,7.406768395418791,433.459116817344,93.223608,0.7448409170769289
1772,C:\Users\joshy\OneDrive\Documents\Kravitz Lab\freezeData\\0318\20260318023629-b92.92-f8.png,2026-03-18 02:36:29,8.0,57.61072383367527,7.391528234280616,458.1954169510241,92.8044,0.6740836326932639
1773,C:\Users\joshy\OneDrive\Documents\Kravitz Lab\freezeData\\0318\20260318023648-b92.32-f10.png,2026-03-18 02:36:48,10.0,57.914835084506635,7.38205241151764,503.541866493376,92.18812,0.6183298392287775
1774,C:\Users\joshy\OneDrive\Documents\Kravitz Lab\freezeData\\0318\20260318023707-b93.17-f0.png,2026-03-18 02:37:07,0.0,55.85206016597146,7.3930699225223115,428.1041297299841,93.028552,0.7138787367219832
1775,C:\Users\joshy\OneDrive\Documents\Kravitz Lab\freezeData\\0318\20260318023727-b93.78-f2.png,2026-03-18 02:37:27,2.0,56.374695182579075,7.405880562278151,457.799502819824,93.622536,0.7618083273582585
1776,C:\Users\joshy\OneDrive\Documents\Kravitz Lab\freezeData\\0318\20260318023745-b93.40-f4.png,2026-03-18 02:37:45,4.0,56.61533311850718,7.402700057955835,427.686540182384,93.233092,0.8098981511955036
1777,C:\Users\joshy\OneDrive\Documents\Kravitz Lab\freezeData\\0318\20260318023805-b93.02-f6.png,2026-03-18 02:38:05,6.0,57.131295895491256,7.400154516938162,455.28352189169595,92.882232,0.7454513453104514
1778,C:\Users\joshy\OneDrive\Documents\Kravitz Lab\freezeData\\0318\20260318023824-b92.90-f8.png,2026-03-18 02:38:24,8.0,57.57233648866789,7.390006036963597,451.6520861318241,92.76566,0.676428412034966
1779,C:\Users\joshy\OneDrive\Documents\Kravitz Lab\freezeData\\0318\20260318023843-b92.03-f10.png,2026-03-18 02:38:43,10.0,57.83595450184198,7.374633999728378,514.8114504064,91.911192,0.6174256683398051
1780,C:\Users\joshy\OneDrive\Documents\Kravitz Lab\freezeData\\0318\20260318023902-b93.17-f0.png,2026-03-18 02:39:02,0.0,55.83159660063108,7.392485740698779,445.114254449264,93.03838,0.7158229596884129
1781,C:\Users\joshy\OneDrive\Documents\Kravitz Lab\freezeData\\0318\20260318023920-b93.26-f2.png,2026-03-18 02:39:20,2.0,56.339428344101044,7.4028898839227475,470.843663317104,93.109352,0.764485027079291
1782,C:\Users\joshy\OneDrive\Documents\Kravitz Lab\freezeData\\0318\20260318023940-b93.76-f4.png,2026-03-18 02:39:40,4.0,56.724090250654534,7.411287219381895,435.90129638239995,93.61566,0.8075346053118831
1783,C:\Users\joshy\OneDrive\Documents\Kravitz Lab\freezeData\\0318\20260318024000-b93.34-f6.png,2026-03-18 02:40:00,6.0,57.101498024089835,7.402275029776652,453.6578078872161,93.222808,0.7410839223213331
1784,C:\Users\joshy\OneDrive\Documents\Kravitz Lab\freezeData\\0318\20260318024018-b92.54-f8.png,2026-03-18 02:40:18,8.0,57.56626800142945,7.385809227607885,448.90246318359993,92.41626,0.6768727834611007
1785,C:\Users\joshy\OneDrive\Documents\Kravitz Lab\freezeData\\0318\20260318024035-b91.68-f10.png,2026-03-18 02:40:35,10.0,57.815634372072616,7.372946931220063,526.3904573331041,91.568104,0.6159698409877723
1786,C:\Users\joshy\OneDrive\Documents\Kravitz Lab\freezeData\\0318\20260318024055-b92.93-f0.png,2026-03-18 02:40:55,0.0,55.92851106730247,7.3985345271848155,449.53731439257604,92.797432,0.7147763651652034
1787,C:\Users\joshy\OneDrive\Documents\Kravitz Lab\freezeData\\0318\20260318024114-b93.56-f2.png,2026-03-18 02:41:14,2.0,56.27631907000087,7.402177051147379,431.17244574999995,93.386616,0.7610716952675691
1788,C:\Users\joshy\OneDrive\Documents\Kravitz Lab\freezeData\\0318\20260318024133-b93.64-f4.png,2026-03-18 02:41:33,4.0,56.78037266656146,7.404375369964481,420.8598204044641,93.47408,0.805826375914269
1789,C:\Users\joshy\OneDrive\Documents\Kravitz Lab\freezeData\\0318\20260318024152-b93.26-f6.png,2026-03-18 02:41:52,6.0,57.28952610814874,7.400276326412192,429.88591533439995,93.121088,0.7487088662299508
1790,C:\Users\joshy\OneDrive\Documents\Kravitz Lab\freezeData\\0318\20260318024211-b92.51-f8.png,2026-03-18 02:42:11,8.0,57.5229675248305,7.3858751758799075,438.995103613696,92.363036,0.6741466973960283
1791,C:\Users\joshy\OneDrive\Documents\Kravitz Lab\freezeData\\0318\20260318024231-b92.20-f10.png,2026-03-18 02:42:31,10.0,57.84401261089691,7.371436656644802,489.03144224710405,92.07948,0.6188566318456635
1792,C:\Users\joshy\OneDrive\Documents\Kravitz Lab\freezeData\\0318\20260318024249-b93.15-f0.png,2026-03-18 02:42:49,0.0,55.70529680156098,7.389275440077457,442.5750114032641,93.0155,0.7145008435701714
1793,C:\Users\joshy\OneDrive\Documents\Kravitz Lab\freezeData\\0318\20260318024307-b93.57-f2.png,2026-03-18 02:43:07,2.0,56.249828988721376,7.403173089874593,443.1025504492641,93.42414,0.7635887552860905
1794,C:\Users\joshy\OneDrive\Documents\Kravitz Lab\freezeData\\0318\20260318024327-b93.43-f4.png,2026-03-18 02:43:27,4.0,56.690071457054415,7.406660092732958,423.587320731584,93.253492,0.8073510585450028
1795,C:\Users\joshy\OneDrive\Documents\Kravitz Lab\freezeData\\0318\20260318024345-b93.47-f6.png,2026-03-18 02:43:45,6.0,57.11547938181718,7.401622017654098,441.6958518384001,93.328096,0.7465206870394633
1796,C:\Users\joshy\OneDrive\Documents\Kravitz Lab\freezeData\\0318\20260318024403-b92.30-f8.png,2026-03-18 02:44:03,8.0,57.46308630750353,7.3843400513523925,474.938227833856,92.17642,0.6719672832976629
1797,C:\Users\joshy\OneDrive\Documents\Kravitz Lab\freezeData\\0318\20260318024422-b92.06-f10.png,2026-03-18 02:44:22,10.0,57.76248901075244,7.371645431977665,489.20696578559995,91.945052,0.6206064223519854
1798,C:\Users\joshy\OneDrive\Documents\Kravitz Lab\freezeData\\0318\20260318024440-b92.57-f0.png,2026-03-18 02:44:40,0.0,55.82764884431384,7.387563057718716,438.25262986942397,92.430772,0.7166295631702883
1799,C:\Users\joshy\OneDrive\Documents\Kravitz Lab\freezeData\\0318\20260318024459-b93.45-f2.png,2026-03-18 02:44:59,2.0,56.32065186607755,7.404022076126688,463.592878297456,93.292064,0.7610338513272196
1800,C:\Users\joshy\OneDrive\Documents\Kravitz Lab\freezeData\\0318\20260318024518-b93.64-f4.png,2026-03-18 02:45:18,4.0,56.7482847613735,7.404297408300311,424.1092488176,93.475492,0.8055214500950665
1801,C:\Users\joshy\OneDrive\Documents\Kravitz Lab\freezeData\\0318\20260318024536-b93.34-f6.png,2026-03-18 02:45:36,6.0,57.154939391961705,7.3960123798943,448.81980434425594,93.209072,0.7470005778549184
1802,C:\Users\joshy\OneDrive\Documents\Kravitz Lab\freezeData\\0318\20260318024555-b92.79-f8.png,2026-03-18 02:45:55,8.0,57.45256021950131,7.3858223457970285,479.27434913638393,92.661976,0.6719577585610582
1803,C:\Users\joshy\OneDrive\Documents\Kravitz Lab\freezeData\\0318\20260318024615-b91.95-f10.png,2026-03-18 02:46:15,10.0,57.6743292616375,7.37153197968313,481.68347155686394,91.822168,0.6190192403803378
1804,C:\Users\joshy\OneDrive\Documents\Kravitz Lab\freezeData\\0318\20260318024633-b92.97-f0.png,2026-03-18 02:46:33,0.0,55.786892310060935,7.386400001343949,443.65780367360003,92.823392,0.7151540840366989
1805,C:\Users\joshy\OneDrive\Documents\Kravitz Lab\freezeData\\0318\20260318024651-b93.66-f2.png,2026-03-18 02:46:51,2.0,56.22205089698326,7.400671222724423,446.46739874673597,93.500968,0.7631360324308555
1806,C:\Users\joshy\OneDrive\Documents\Kravitz Lab\freezeData\\0318\20260318024711-b93.67-f4.png,2026-03-18 02:47:11,4.0,56.73143626763208,7.401018182102888,407.293000249344,93.49046,0.8078645635190634
1807,C:\Users\joshy\OneDrive\Documents\Kravitz Lab\freezeData\\0318\20260318024729-b93.56-f6.png,2026-03-18 02:47:29,6.0,57.1813344305676,7.400527758684165,435.48405552254405,93.402672,0.7453002538209068
1808,C:\Users\joshy\OneDrive\Documents\Kravitz Lab\freezeData\\0318\20260318024748-b92.32-f8.png,2026-03-18 02:47:48,8.0,57.53235694034737,7.383990447848989,450.47736919289605,92.195092,0.676370316343717
1809,C:\Users\joshy\OneDrive\Documents\Kravitz Lab\freezeData\\0318\20260318024807-b91.62-f10.png,2026-03-18 02:48:07,10.0,57.65944475691302,7.368100198838511,496.868848341504,91.514364,0.6174123093687509
1810,C:\Users\joshy\OneDrive\Documents\Kravitz Lab\freezeData\\0318\20260318024826-b93.05-f0.png,2026-03-18 02:48:26,0.0,55.802655913298466,7.389446558561098,446.255513928704,92.903496,0.7159267847754833
1811,C:\Users\joshy\OneDrive\Documents\Kravitz Lab\freezeData\\0318\20260318024846-b93.89-f2.png,2026-03-18 02:48:46,2.0,56.2566457942091,7.3959823328253735,460.1617530553439,93.726336,0.7621496015141046
1812,C:\Users\joshy\OneDrive\Documents\Kravitz Lab\freezeData\\0318\20260318024905-b93.43-f4.png,2026-03-18 02:49:05,4.0,56.68533038576961,7.404909057250478,440.28648404759997,93.294012,0.807658848117664
1813,C:\Users\joshy\OneDrive\Documents\Kravitz Lab\freezeData\\0318\20260318024924-b93.28-f6.png,2026-03-18 02:49:24,6.0,57.19930203552851,7.400172568038619,446.644421204416,93.147128,0.7422913298124201
1814,C:\Users\joshy\OneDrive\Documents\Kravitz Lab\freezeData\\0318\20260318024943-b92.63-f8.png,2026-03-18 02:49:43,8.0,57.417105018308824,7.387772116475024,475.180845083584,92.503364,0.6696943589102282
1815,C:\Users\joshy\OneDrive\Documents\Kravitz Lab\freezeData\\0318\20260318025002-b92.02-f10.png,2026-03-18 02:50:02,10.0,57.70592446057455,7.366617741838797,520.2129957859839,91.924408,0.6166483520772694
1816,C:\Users\joshy\OneDrive\Documents\Kravitz Lab\freezeData\\0318\20260318025021-b92.75-f0.png,2026-03-18 02:50:21,0.0,55.81602696670568,7.386672783658497,435.173269829744,92.600228,0.7141268324711538
1817,C:\Users\joshy\OneDrive\Documents\Kravitz Lab\freezeData\\0318\20260318025042-b93.34-f2.png,2026-03-18 02:50:42,2.0,56.30226151985016,7.40027151930661,466.8347410140159,93.18752,0.7628577384084151
1818,C:\Users\joshy\OneDrive\Documents\Kravitz Lab\freezeData\\0318\20260318025101-b93.38-f4.png,2026-03-18 02:51:01,4.0,56.63802726956524,7.400097907651992,417.0589418621439,93.214772,0.8068283255795466
1819,C:\Users\joshy\OneDrive\Documents\Kravitz Lab\freezeData\\0318\20260318025119-b93.29-f6.png,2026-03-18 02:51:19,6.0,57.095336829599105,7.394649125758551,433.29651664377604,93.147568,0.7429063557634711
1820,C:\Users\joshy\OneDrive\Documents\Kravitz Lab\freezeData\\0318\20260318025139-b92.64-f8.png,2026-03-18 02:51:39,8.0,57.41922104968419,7.383862131939766,451.31859967839995,92.503748,0.6721353943301771
1821,C:\Users\joshy\OneDrive\Documents\Kravitz Lab\freezeData\\0318\20260318025158-b91.99-f10.png,2026-03-18 02:51:58,10.0,57.749560634232495,7.369137199174679,501.1430145984,91.882652,0.6159364741036298
1822,C:\Users\joshy\OneDrive\Documents\Kravitz Lab\freezeData\\0318\20260318025216-b93.03-f0.png,2026-03-18 02:52:16,0.0,55.71044008020845,7.3886592350073075,437.79555364960004,92.873248,0.7133501591547319
1823,C:\Users\joshy\OneDrive\Documents\Kravitz Lab\freezeData\\0318\20260318025237-b93.40-f2.png,2026-03-18 02:52:37,2.0,56.27435924948769,7.396684205028054,451.281998561776,93.23186,0.7622603651862819
1824,C:\Users\joshy\OneDrive\Documents\Kravitz Lab\freezeData\\0318\20260318025256-b93.56-f4.png,2026-03-18 02:52:56,4.0,56.72591697143576,7.4047129774112195,442.3905045143041,93.402924,0.8034738379553286
1825,C:\Users\joshy\OneDrive\Documents\Kravitz Lab\freezeData\\0318\20260318025314-b93.28-f6.png,2026-03-18 02:53:14,6.0,57.06763987157121,7.395109218888056,435.754804344256,93.131284,0.7395880784548261
1826,C:\Users\joshy\OneDrive\Documents\Kravitz Lab\freezeData\\0318\20260318025334-b92.40-f8.png,2026-03-18 02:53:34,8.0,57.385869587298366,7.385354601203343,463.99554038553606,92.279828,0.671841896646826
1827,C:\Users\joshy\OneDrive\Documents\Kravitz Lab\freezeData\\0318\20260318025352-b91.65-f10.png,2026-03-18 02:53:52,10.0,57.58152586836858,7.367399580207394,516.920822209776,91.53948,0.6164774922986224
1828,C:\Users\joshy\OneDrive\Documents\Kravitz Lab\freezeData\\0318\20260318025411-b92.82-f0.png,2026-03-18 02:54:11,0.0,55.681354972121284,7.384308896256497,421.57459461760004,92.650932,0.7134264073541405
1829,C:\Users\joshy\OneDrive\Documents\Kravitz Lab\freezeData\\0318\20260318025431-b93.06-f2.png,2026-03-18 02:54:31,2.0,56.169966761292784,7.401043013187273,460.14684443545593,92.887208,0.7606552126539456
1830,C:\Users\joshy\OneDrive\Documents\Kravitz Lab\freezeData\\0318\20260318025449-b93.67-f4.png,2026-03-18 02:54:49,4.0,56.67387971347647,7.400474138610345,440.9380566016,93.51668,0.8054991973909333
1831,C:\Users\joshy\OneDrive\Documents\Kravitz Lab\freezeData\\0318\20260318025508-b93.20-f6.png,2026-03-18 02:55:08,6.0,57.05753013842783,7.3930404586575165,462.696014084544,93.06032,0.7376055170164801
1832,C:\Users\joshy\OneDrive\Documents\Kravitz Lab\freezeData\\0318\20260318025526-b92.63-f8.png,2026-03-18 02:55:26,8.0,57.43348823329832,7.38599742595747,469.71912835825594,92.508328,0.6689243805236248
1833,C:\Users\joshy\OneDrive\Documents\Kravitz Lab\freezeData\\0318\20260318025545-b91.72-f10.png,2026-03-18 02:55:45,10.0,57.706871203634805,7.368638754762518,508.715116458096,91.608848,0.6169759596397419
1834,C:\Users\joshy\OneDrive\Documents\Kravitz Lab\freezeData\\0318\20260318025604-b92.88-f0.png,2026-03-18 02:56:04,0.0,55.76366691500479,7.387441383394123,444.65149425918395,92.75618,0.7132576485780892
1835,C:\Users\joshy\OneDrive\Documents\Kravitz Lab\freezeData\\0318\20260318025624-b93.14-f2.png,2026-03-18 02:56:24,2.0,56.05863885343546,7.396591302695077,464.9749289456639,92.992936,0.7605437894852967
1836,C:\Users\joshy\OneDrive\Documents\Kravitz Lab\freezeData\\0318\20260318025644-b93.40-f4.png,2026-03-18 02:56:44,4.0,56.678735395098435,7.400188657975012,435.8574133436,93.240304,0.8024582682554234
1837,C:\Users\joshy\OneDrive\Documents\Kravitz Lab\freezeData\\0318\20260318025702-b93.09-f6.png,2026-03-18 02:57:02,6.0,56.93030734430735,7.394534067644666,439.925311887216,92.954948,0.7413194445626352
1838,C:\Users\joshy\OneDrive\Documents\Kravitz Lab\freezeData\\0318\20260318025720-b92.33-f8.png,2026-03-18 02:57:20,8.0,57.351252361146706,7.381439812653232,468.15374482118403,92.211992,0.6678970332850611
1839,C:\Users\joshy\OneDrive\Documents\Kravitz Lab\freezeData\\0318\20260318025758-b92.70-f0.png,2026-03-18 02:57:58,0.0,55.740736780513984,7.385103865255925,446.03938138481607,92.561116,0.7123525841384425
1840,C:\Users\joshy\OneDrive\Documents\Kravitz Lab\freezeData\\0318\20260318025740-b91.73-f10.png,2026-03-18 02:57:40,10.0,57.642108441312246,7.363574491225565,495.773142209776,91.6262,0.6182653528126667
1841,C:\Users\joshy\OneDrive\Documents\Kravitz Lab\freezeData\\0318\20260318025818-b93.55-f2.png,2026-03-18 02:58:18,2.0,56.31448651972726,7.399371461178818,459.18998362353597,93.395616,0.7602676421822284
1842,C:\Users\joshy\OneDrive\Documents\Kravitz Lab\freezeData\\0318\20260318025837-b93.24-f4.png,2026-03-18 02:58:37,4.0,56.686843038394585,7.400133259026704,435.58763563633596,93.081304,0.8018755032486755
1843,C:\Users\joshy\OneDrive\Documents\Kravitz Lab\freezeData\\0318\20260318025855-b92.85-f6.png,2026-03-18 02:58:55,6.0,56.94931481187811,7.392226425656864,464.30406025190405,92.71976,0.7403338799523693
1844,C:\Users\joshy\OneDrive\Documents\Kravitz Lab\freezeData\\0318\20260318025914-b92.46-f8.png,2026-03-18 02:59:14,8.0,57.370575048289126,7.378370108421021,453.2639214381441,92.340932,0.6700780847566056
1845,C:\Users\joshy\OneDrive\Documents\Kravitz Lab\freezeData\\0318\20260318025934-b91.85-f10.png,2026-03-18 02:59:34,10.0,57.69725941497048,7.364565934877433,504.44659583294396,91.75004,0.6167615429796613
1846,C:\Users\joshy\OneDrive\Documents\Kravitz Lab\freezeData\\0318\20260318025952-b92.96-f0.png,2026-03-18 02:59:52,0.0,55.75241626582668,7.386608811891096,455.349530316544,92.807728,0.7111847121674567
1847,C:\Users\joshy\OneDrive\Documents\Kravitz Lab\freezeData\\0318\20260318030030-b93.39-f4.png,2026-03-18 03:00:30,4.0,56.59563346031551,7.402888020493307,442.067465568704,93.248204,0.8030150790481543
1848,C:\Users\joshy\OneDrive\Documents\Kravitz Lab\freezeData\\0318\20260318030010-b93.36-f2.png,2026-03-18 03:00:10,2.0,56.20623272675385,7.3951229797737055,451.28146658041595,93.218272,0.7580524533866326
1849,C:\Users\joshy\OneDrive\Documents\Kravitz Lab\freezeData\\0318\20260318030050-b93.31-f6.png,2026-03-18 03:00:50,6.0,57.0346089665093,7.396419187017668,458.29782448062394,93.176624,0.7353939108408027
1850,C:\Users\joshy\OneDrive\Documents\Kravitz Lab\freezeData\\0318\20260318030108-b92.74-f8.png,2026-03-18 03:01:08,8.0,57.4593845008676,7.381585906589448,453.620388871104,92.624116,0.6701607524328104
1851,C:\Users\joshy\OneDrive\Documents\Kravitz Lab\freezeData\\0318\20260318030128-b91.94-f10.png,2026-03-18 03:01:28,10.0,57.65435298501497,7.364814870264262,493.088827713984,91.838464,0.6146985641113261
1852,C:\Users\joshy\OneDrive\Documents\Kravitz Lab\freezeData\\0318\20260318030149-b92.73-f0.png,2026-03-18 03:01:49,0.0,55.62266972604246,7.3821010003353305,432.84084243039996,92.60074,0.7106708616871386
1853,C:\Users\joshy\OneDrive\Documents\Kravitz Lab\freezeData\\0318\20260318030208-b93.18-f2.png,2026-03-18 03:02:08,2.0,56.158947394071554,7.397256522256003,472.3113604806239,93.041852,0.7568360291981321
1854,C:\Users\joshy\OneDrive\Documents\Kravitz Lab\freezeData\\0318\20260318030228-b93.31-f4.png,2026-03-18 03:02:28,4.0,56.61169764941857,7.402925259930309,439.84448475313604,93.155104,0.8030082020809762
1855,C:\Users\joshy\OneDrive\Documents\Kravitz Lab\freezeData\\0318\20260318030248-b93.29-f6.png,2026-03-18 03:02:48,6.0,57.0380833813558,7.398129799284892,459.34891715065606,93.154752,0.7366587065169204
1856,C:\Users\joshy\OneDrive\Documents\Kravitz Lab\freezeData\\0318\20260318030305-b92.43-f8.png,2026-03-18 03:03:05,8.0,57.37125289581729,7.380376123334265,466.67957719289603,92.319276,0.6695719291919027
1857,C:\Users\joshy\OneDrive\Documents\Kravitz Lab\freezeData\\0318\20260318030324-b91.80-f10.png,2026-03-18 03:03:24,10.0,57.62095377608545,7.367213308609227,503.76644538046395,91.683668,0.6139221766736631
1858,C:\Users\joshy\OneDrive\Documents\Kravitz Lab\freezeData\\0318\20260318030343-b92.85-f0.png,2026-03-18 03:03:43,0.0,55.73486748612219,7.387192026546714,441.77151033560006,92.70862,0.7113370059066393
1859,C:\Users\joshy\OneDrive\Documents\Kravitz Lab\freezeData\\0318\20260318030402-b93.57-f2.png,2026-03-18 03:04:02,2.0,56.13974629217699,7.399976014536373,472.558343386096,93.4175,0.7549113950959989
1860,C:\Users\joshy\OneDrive\Documents\Kravitz Lab\freezeData\\0318\20260318030421-b93.23-f4.png,2026-03-18 03:04:21,4.0,56.5524085087284,7.399696281214724,424.354621093616,93.084852,0.8012658754005136
1861,C:\Users\joshy\OneDrive\Documents\Kravitz Lab\freezeData\\0318\20260318030440-b93.57-f6.png,2026-03-18 03:04:40,6.0,56.99899242359865,7.396880936469689,445.605145968064,93.430612,0.7381543738357379
1862,C:\Users\joshy\OneDrive\Documents\Kravitz Lab\freezeData\\0318\20260318030458-b92.82-f8.png,2026-03-18 03:04:58,8.0,57.33604365637503,7.387943191108077,481.69517716273594,92.700484,0.6628385105531902
1863,C:\Users\joshy\OneDrive\Documents\Kravitz Lab\freezeData\\0318\20260318030518-b91.83-f10.png,2026-03-18 03:05:18,10.0,57.70452472811733,7.368899611715097,498.19667087678397,91.721436,0.6123920174778089
1864,C:\Users\joshy\OneDrive\Documents\Kravitz Lab\freezeData\\0318\20260318030536-b92.99-f0.png,2026-03-18 03:05:36,0.0,55.75664764063076,7.390900934727062,453.28315775000004,92.846612,0.7102301781874352
1865,C:\Users\joshy\OneDrive\Documents\Kravitz Lab\freezeData\\0318\20260318030555-b93.60-f2.png,2026-03-18 03:05:55,2.0,56.152932621461396,7.399049289958456,468.62587896446394,93.446204,0.7554046427827651
1866,C:\Users\joshy\OneDrive\Documents\Kravitz Lab\freezeData\\0318\20260318030614-b93.43-f4.png,2026-03-18 03:06:14,4.0,56.6239244893307,7.403559043137766,424.90506795710405,93.274524,0.8008018654033604
1867,C:\Users\joshy\OneDrive\Documents\Kravitz Lab\freezeData\\0318\20260318030633-b93.33-f6.png,2026-03-18 03:06:33,6.0,57.04825860484423,7.39784017788762,447.061600916464,93.181896,0.7364037879677189
1868,C:\Users\joshy\OneDrive\Documents\Kravitz Lab\freezeData\\0318\20260318030652-b92.47-f8.png,2026-03-18 03:06:52,8.0,57.42508884626983,7.384233577740296,480.606596656576,92.343504,0.6659664621881694
1869,C:\Users\joshy\OneDrive\Documents\Kravitz Lab\freezeData\\0318\20260318030712-b91.91-f10.png,2026-03-18 03:07:12,10.0,57.68647737004353,7.372505894338422,494.80250639609596,91.791384,0.6100523875225642
1870,C:\Users\joshy\OneDrive\Documents\Kravitz Lab\freezeData\\0318\20260318030730-b93.12-f0.png,2026-03-18 03:07:30,0.0,55.68182157143339,7.386308233885821,440.28476360678405,92.985084,0.7079092951400339
1871,C:\Users\joshy\OneDrive\Documents\Kravitz Lab\freezeData\\0318\20260318030750-b93.65-f2.png,2026-03-18 03:07:50,2.0,56.224489089705955,7.400668597161725,473.3573706176,93.496744,0.7543471972469769
1872,C:\Users\joshy\OneDrive\Documents\Kravitz Lab\freezeData\\0318\20260318030812-b93.74-f4.png,2026-03-18 03:08:12,4.0,56.5833011768569,7.403736237086672,430.75075067313605,93.573348,0.7973478889564874
1873,C:\Users\joshy\OneDrive\Documents\Kravitz Lab\freezeData\\0318\20260318030830-b93.52-f6.png,2026-03-18 03:08:30,6.0,57.0368599493491,7.404257866954129,452.03736481734404,93.374656,0.7382659538644313
1874,C:\Users\joshy\OneDrive\Documents\Kravitz Lab\freezeData\\0318\20260318030849-b92.85-f8.png,2026-03-18 03:08:49,8.0,57.35837180902541,7.389437880374084,482.65856388960003,92.73224,0.6620908289014751
1875,C:\Users\joshy\OneDrive\Documents\Kravitz Lab\freezeData\\0318\20260318030909-b92.01-f10.png,2026-03-18 03:09:09,10.0,57.61732365488352,7.369825927630463,508.49663556959996,91.90478,0.611869826153433
1876,C:\Users\joshy\OneDrive\Documents\Kravitz Lab\freezeData\\0318\20260318030929-b92.99-f0.png,2026-03-18 03:09:29,0.0,55.69657497533707,7.387706498890469,453.192556405184,92.852284,0.7078655952976254
1877,C:\Users\joshy\OneDrive\Documents\Kravitz Lab\freezeData\\0318\20260318030947-b93.57-f2.png,2026-03-18 03:09:47,2.0,56.168733647399385,7.398510158747925,474.71005147161605,93.403748,0.7532816828237978
1878,C:\Users\joshy\OneDrive\Documents\Kravitz Lab\freezeData\\0318\20260318031007-b93.54-f4.png,2026-03-18 03:10:07,4.0,56.55502120508685,7.402088041045024,422.83533012422396,93.383276,0.7986176096727897
1879,C:\Users\joshy\OneDrive\Documents\Kravitz Lab\freezeData\\0318\20260318031024-b93.44-f6.png,2026-03-18 03:10:24,6.0,57.035894838642236,7.398980551016566,433.065113191024,93.295188,0.734983552083608
1880,C:\Users\joshy\OneDrive\Documents\Kravitz Lab\freezeData\\0318\20260318031042-b92.38-f8.png,2026-03-18 03:10:42,8.0,57.27119269100947,7.383980256651667,454.30933756,92.246292,0.6656440070499908
1881,C:\Users\joshy\OneDrive\Documents\Kravitz Lab\freezeData\\0318\20260318031101-b92.13-f10.png,2026-03-18 03:11:01,10.0,57.68454763750916,7.372669249424451,470.634717075056,92.004456,0.6097145532511661
1882,C:\Users\joshy\OneDrive\Documents\Kravitz Lab\freezeData\\0318\20260318031119-b93.08-f0.png,2026-03-18 03:11:19,0.0,55.66652844972476,7.387760672189526,416.087311789296,92.915772,0.7056670378887401
1883,C:\Users\joshy\OneDrive\Documents\Kravitz Lab\freezeData\\0318\20260318031137-b93.64-f2.png,2026-03-18 03:11:37,2.0,56.05311499422468,7.398764609231991,453.777642201536,93.468832,0.7515830223684608
1884,C:\Users\joshy\OneDrive\Documents\Kravitz Lab\freezeData\\0318\20260318031157-b93.51-f4.png,2026-03-18 03:11:57,4.0,56.503888434404224,7.4001660466054755,412.02275713560005,93.33382,0.7968604476844551
1885,C:\Users\joshy\OneDrive\Documents\Kravitz Lab\freezeData\\0318\20260318031217-b93.43-f6.png,2026-03-18 03:12:17,6.0,56.96421328394858,7.40016555997425,415.207944420336,93.272604,0.7347617993149616
1886,C:\Users\joshy\OneDrive\Documents\Kravitz Lab\freezeData\\0318\20260318031235-b92.72-f8.png,2026-03-18 03:12:35,8.0,57.36066308514699,7.386842861958085,455.28838276089596,92.576016,0.6665105603869944
1887,C:\Users\joshy\OneDrive\Documents\Kravitz Lab\freezeData\\0318\20260318031254-b92.10-f10.png,2026-03-18 03:12:54,10.0,57.690171921699665,7.374799568837986,503.47820485062397,91.976856,0.609177103758009
1888,C:\Users\joshy\OneDrive\Documents\Kravitz Lab\freezeData\\0318\20260318031314-b93.05-f0.png,2026-03-18 03:13:14,0.0,55.66316256853482,7.389051589356937,426.92424168985605,92.898192,0.7054506504213248
1889,C:\Users\joshy\OneDrive\Documents\Kravitz Lab\freezeData\\0318\20260318031332-b93.44-f2.png,2026-03-18 03:13:32,2.0,56.06646893352212,7.396980061493487,475.053169729984,93.27292,0.7525133910708354
1890,C:\Users\joshy\OneDrive\Documents\Kravitz Lab\freezeData\\0318\20260318031351-b93.65-f4.png,2026-03-18 03:13:51,4.0,56.602171497407554,7.402522581688754,418.4316735280639,93.470508,0.7948245049543614
1891,C:\Users\joshy\OneDrive\Documents\Kravitz Lab\freezeData\\0318\20260318031411-b93.66-f6.png,2026-03-18 03:14:11,6.0,56.97606317274664,7.3977114584425925,412.38342049561595,93.492428,0.7348898594042992
1892,C:\Users\joshy\OneDrive\Documents\Kravitz Lab\freezeData\\0318\20260318031429-b92.82-f8.png,2026-03-18 03:14:29,8.0,57.382921630597934,7.390619002374649,467.85823007217596,92.682716,0.6599661630167517
1893,C:\Users\joshy\OneDrive\Documents\Kravitz Lab\freezeData\\0318\20260318031448-b92.26-f10.png,2026-03-18 03:14:48,10.0,57.650465453937144,7.375990133783884,498.3169415324,92.11962,0.6091932919456795
1894,C:\Users\joshy\OneDrive\Documents\Kravitz Lab\freezeData\\0318\20260318031507-b93.37-f0.png,2026-03-18 03:15:07,0.0,55.70235614104078,7.390405052392656,431.522651124736,93.217284,0.7037213617578868
1895,C:\Users\joshy\OneDrive\Documents\Kravitz Lab\freezeData\\0318\20260318031525-b93.70-f2.png,2026-03-18 03:15:25,2.0,56.165011894771496,7.403261931295112,483.30221485617596,93.532724,0.75053294533099
1896,C:\Users\joshy\OneDrive\Documents\Kravitz Lab\freezeData\\0318\20260318031543-b93.73-f4.png,2026-03-18 03:15:43,4.0,56.61210487963662,7.405228259682321,430.91166370559995,93.560968,0.7954111474511343
1897,C:\Users\joshy\OneDrive\Documents\Kravitz Lab\freezeData\\0318\20260318031603-b93.52-f6.png,2026-03-18 03:16:03,6.0,57.05430446802063,7.40039538414317,436.154033027824,93.36448,0.7353207818669599
1898,C:\Users\joshy\OneDrive\Documents\Kravitz Lab\freezeData\\0318\20260318031621-b92.93-f8.png,2026-03-18 03:16:21,8.0,57.349411585723665,7.387342243143544,438.60872444,92.783208,0.6642733086055193
1899,C:\Users\joshy\OneDrive\Documents\Kravitz Lab\freezeData\\0318\20260318031640-b92.29-f10.png,2026-03-18 03:16:40,10.0,57.64669428236953,7.375359097063146,490.5589510236,92.186468,0.6108656421206118
1900,C:\Users\joshy\OneDrive\Documents\Kravitz Lab\freezeData\\0318\20260318031659-b93.36-f0.png,2026-03-18 03:16:59,0.0,55.66794896543525,7.391829510394692,447.85205378993595,93.229264,0.7031625648219578
1901,C:\Users\joshy\OneDrive\Documents\Kravitz Lab\freezeData\\0318\20260318031718-b93.69-f2.png,2026-03-18 03:17:18,2.0,56.21420447345045,7.401626031095113,463.45333418225596,93.523652,0.7501912275424861
1902,C:\Users\joshy\OneDrive\Documents\Kravitz Lab\freezeData\\0318\20260318031737-b93.71-f4.png,2026-03-18 03:17:37,4.0,56.66945363611913,7.406139465680513,418.962783000304,93.526088,0.7935381415835341
1903,C:\Users\joshy\OneDrive\Documents\Kravitz Lab\freezeData\\0318\20260318031756-b93.55-f6.png,2026-03-18 03:17:56,6.0,57.037921709122465,7.402110137335896,437.498938268144,93.388004,0.732194082327337
1904,C:\Users\joshy\OneDrive\Documents\Kravitz Lab\freezeData\\0318\20260318031814-b92.73-f8.png,2026-03-18 03:18:14,8.0,57.38002069362317,7.385972824400092,440.689550779504,92.591876,0.6643801914950334
1905,C:\Users\joshy\OneDrive\Documents\Kravitz Lab\freezeData\\0318\20260318031832-b92.06-f10.png,2026-03-18 03:18:32,10.0,57.68909945999795,7.372608822320516,493.89845734240004,91.941592,0.6094619648712252
1906,C:\Users\joshy\OneDrive\Documents\Kravitz Lab\freezeData\\0318\20260318031852-b93.33-f0.png,2026-03-18 03:18:52,0.0,55.73228098108686,7.393600325912346,447.413853384816,93.189928,0.7025994528800406
1907,C:\Users\joshy\OneDrive\Documents\Kravitz Lab\freezeData\\0318\20260318031910-b93.66-f2.png,2026-03-18 03:19:10,2.0,56.160441952815866,7.402979743563701,489.857613833216,93.47738,0.7474540866672129
1908,C:\Users\joshy\OneDrive\Documents\Kravitz Lab\freezeData\\0318\20260318031928-b93.68-f4.png,2026-03-18 03:19:28,4.0,56.647118966727476,7.404747445908319,436.39537930929595,93.518132,0.7941000959310927
1909,C:\Users\joshy\OneDrive\Documents\Kravitz Lab\freezeData\\0318\20260318031948-b93.48-f6.png,2026-03-18 03:19:48,6.0,57.08100445833461,7.4039279844519985,440.223589257664,93.320328,0.734363739995372
1910,C:\Users\joshy\OneDrive\Documents\Kravitz Lab\freezeData\\0318\20260318032006-b92.96-f8.png,2026-03-18 03:20:06,8.0,57.3824880326883,7.386391381511416,462.862791240816,92.839628,0.6649491125566699
1911,C:\Users\joshy\OneDrive\Documents\Kravitz Lab\freezeData\\0318\20260318032026-b92.34-f10.png,2026-03-18 03:20:26,10.0,57.73217016663676,7.372696394302684,499.6070393983999,92.231136,0.6109538075727848
1912,C:\Users\joshy\OneDrive\Documents\Kravitz Lab\freezeData\\0318\20260318032045-b93.22-f0.png,2026-03-18 03:20:45,0.0,55.73826087985968,7.392580617366674,453.71262994840004,93.078448,0.7023828448136555
1913,C:\Users\joshy\OneDrive\Documents\Kravitz Lab\freezeData\\0318\20260318032106-b93.68-f2.png,2026-03-18 03:21:06,2.0,56.171087180838654,7.404660193695577,491.76922870214395,93.524432,0.7479654205716093
1914,C:\Users\joshy\OneDrive\Documents\Kravitz Lab\freezeData\\0318\20260318032126-b93.77-f4.png,2026-03-18 03:21:26,4.0,56.62239018175054,7.40583888524926,433.223381302256,93.60584,0.794574864177838
1915,C:\Users\joshy\OneDrive\Documents\Kravitz Lab\freezeData\\0318\20260318032144-b93.69-f6.png,2026-03-18 03:21:44,6.0,57.113826931681466,7.404163749163853,436.0150067276161,93.542956,0.7329039685536232
1916,C:\Users\joshy\OneDrive\Documents\Kravitz Lab\freezeData\\0318\20260318032203-b92.91-f8.png,2026-03-18 03:22:03,8.0,57.440716176453236,7.387314286775781,463.64451765105593,92.785988,0.6636790819949723
1917,C:\Users\joshy\OneDrive\Documents\Kravitz Lab\freezeData\\0318\20260318032222-b92.01-f10.png,2026-03-18 03:22:22,10.0,57.63181623494911,7.374219804412023,530.8715825075041,91.909416,0.6056313166582062
1918,C:\Users\joshy\OneDrive\Documents\Kravitz Lab\freezeData\\0318\20260318032240-b93.05-f0.png,2026-03-18 03:22:40,0.0,55.683067308175325,7.394282991698857,456.6336221436,92.907096,0.7015121985201146
1919,C:\Users\joshy\OneDrive\Documents\Kravitz Lab\freezeData\\0318\20260318032258-b93.44-f2.png,2026-03-18 03:22:58,2.0,56.176123518118835,7.405419241517058,514.497808047856,93.272416,0.7469751229667047
1920,C:\Users\joshy\OneDrive\Documents\Kravitz Lab\freezeData\\0318\20260318032317-b93.82-f4.png,2026-03-18 03:23:17,4.0,56.69814306432534,7.407566849037526,420.3092054668639,93.651964,0.7926666263261819
1921,C:\Users\joshy\OneDrive\Documents\Kravitz Lab\freezeData\\0318\20260318032336-b93.51-f6.png,2026-03-18 03:23:36,6.0,57.07182801536619,7.398978942733508,456.5788145791359,93.364092,0.7306548043848548
1922,C:\Users\joshy\OneDrive\Documents\Kravitz Lab\freezeData\\0318\20260318032354-b93.11-f8.png,2026-03-18 03:23:54,8.0,57.48704276463001,7.387180079320756,456.854869346416,92.98076,0.6620520936590147
1923,C:\Users\joshy\OneDrive\Documents\Kravitz Lab\freezeData\\0318\20260318032412-b91.97-f10.png,2026-03-18 03:24:12,10.0,57.681933757902534,7.375964478877376,513.0158429599838,91.853788,0.6048826297962271
1924,C:\Users\joshy\OneDrive\Documents\Kravitz Lab\freezeData\\0318\20260318032433-b93.16-f0.png,2026-03-18 03:24:33,0.0,55.69192665777991,7.393620189031866,457.354391556336,93.020908,0.7000260558268224
1925,C:\Users\joshy\OneDrive\Documents\Kravitz Lab\freezeData\\0318\20260318032452-b93.54-f2.png,2026-03-18 03:24:52,2.0,56.22314160313292,7.405298389872294,508.440419195136,93.373492,0.7447644416263026
1926,C:\Users\joshy\OneDrive\Documents\Kravitz Lab\freezeData\\0318\20260318032511-b93.68-f4.png,2026-03-18 03:25:11,4.0,56.635519343120926,7.402559450228507,419.62188068838395,93.497824,0.792204499356875
1927,C:\Users\joshy\OneDrive\Documents\Kravitz Lab\freezeData\\0318\20260318032529-b93.45-f6.png,2026-03-18 03:25:29,6.0,57.10319378947781,7.402900586786034,459.2866126437759,93.306312,0.730807019474454
1928,C:\Users\joshy\OneDrive\Documents\Kravitz Lab\freezeData\\0318\20260318032549-b92.74-f8.png,2026-03-18 03:25:49,8.0,57.43206768097405,7.387163235645898,463.7730270400001,92.611004,0.6629834925900582
1929,C:\Users\joshy\OneDrive\Documents\Kravitz Lab\freezeData\\0318\20260318032608-b92.18-f10.png,2026-03-18 03:26:08,10.0,57.75319644230459,7.372069904737601,504.3517886131039,92.077024,0.607592997004062
1930,C:\Users\joshy\OneDrive\Documents\Kravitz Lab\freezeData\\0318\20260318032626-b93.15-f0.png,2026-03-18 03:26:26,0.0,55.76587568312062,7.392988162784701,462.24581808537596,93.010644,0.6999818952525894
1931,C:\Users\joshy\OneDrive\Documents\Kravitz Lab\freezeData\\0318\20260318032647-b93.49-f2.png,2026-03-18 03:26:47,2.0,56.26684001292072,7.405441634033221,490.9219624680959,93.324128,0.7460812166786207
1932,C:\Users\joshy\OneDrive\Documents\Kravitz Lab\freezeData\\0318\20260318032705-b93.74-f4.png,2026-03-18 03:27:05,4.0,56.74634785648232,7.403610344072965,437.491369487296,93.582152,0.7905369036898822
1933,C:\Users\joshy\OneDrive\Documents\Kravitz Lab\freezeData\\0318\20260318032725-b93.63-f6.png,2026-03-18 03:27:25,6.0,57.09728403998649,7.399169548206594,447.28018620439997,93.483652,0.7286855914033081
1934,C:\Users\joshy\OneDrive\Documents\Kravitz Lab\freezeData\\0318\20260318032744-b92.88-f8.png,2026-03-18 03:27:44,8.0,57.47964018822331,7.388329197379443,448.70553822105603,92.761128,0.6622597389818777
1935,C:\Users\joshy\OneDrive\Documents\Kravitz Lab\freezeData\\0318\20260318032804-b91.92-f10.png,2026-03-18 03:28:04,10.0,57.721760088068145,7.369427322411951,515.3800783588958,91.818252,0.6069719841037422
1936,C:\Users\joshy\OneDrive\Documents\Kravitz Lab\freezeData\\0318\20260318032822-b93.21-f0.png,2026-03-18 03:28:22,0.0,55.79729653671762,7.3941670574975324,458.9430020464,93.07544,0.6984030617238971
1937,C:\Users\joshy\OneDrive\Documents\Kravitz Lab\freezeData\\0318\20260318032841-b93.29-f2.png,2026-03-18 03:28:41,2.0,56.19370151471198,7.4044018777994784,506.314936510576,93.121384,0.7448741974778548
1938,C:\Users\joshy\OneDrive\Documents\Kravitz Lab\freezeData\\0318\20260318032900-b93.63-f4.png,2026-03-18 03:29:00,4.0,56.74247532510452,7.406175102301454,453.25594280697595,93.485648,0.7905179893750931
1939,C:\Users\joshy\OneDrive\Documents\Kravitz Lab\freezeData\\0318\20260318032919-b93.30-f6.png,2026-03-18 03:29:19,6.0,57.13684750600285,7.3982363230585095,446.65521427865593,93.152424,0.7294005421984752
1940,C:\Users\joshy\OneDrive\Documents\Kravitz Lab\freezeData\\0318\20260318032938-b92.74-f8.png,2026-03-18 03:29:38,8.0,57.50844436234192,7.385750822504026,471.85267895345606,92.616632,0.6600228576586539
1941,C:\Users\joshy\OneDrive\Documents\Kravitz Lab\freezeData\\0318\20260318032958-b92.10-f10.png,2026-03-18 03:29:58,10.0,57.80795358506634,7.372478751966384,530.6313846047841,91.987104,0.604325343093292
1942,C:\Users\joshy\OneDrive\Documents\Kravitz Lab\freezeData\\0318\20260318033017-b93.11-f0.png,2026-03-18 03:30:17,0.0,55.80240647583235,7.3922548984911955,443.147627957104,92.953272,0.6985024411124203
1943,C:\Users\joshy\OneDrive\Documents\Kravitz Lab\freezeData\\0318\20260318033036-b93.51-f2.png,2026-03-18 03:30:36,2.0,56.3023804039545,7.406048002447321,512.207151107056,93.35478,0.7452620191433645
1944,C:\Users\joshy\OneDrive\Documents\Kravitz Lab\freezeData\\0318\20260318033056-b93.55-f4.png,2026-03-18 03:30:56,4.0,56.71815475717115,7.405095529430785,451.729716182384,93.398172,0.7899404135601951
1945,C:\Users\joshy\OneDrive\Documents\Kravitz Lab\freezeData\\0318\20260318033114-b93.39-f6.png,2026-03-18 03:31:14,6.0,57.14169055837757,7.397947237293889,419.30629793790405,93.221432,0.7309998533509567
1946,C:\Users\joshy\OneDrive\Documents\Kravitz Lab\freezeData\\0318\20260318033132-b92.68-f8.png,2026-03-18 03:31:32,8.0,57.49547302387012,7.384889161609637,450.844160507904,92.553868,0.6603334330616776
1947,C:\Users\joshy\OneDrive\Documents\Kravitz Lab\freezeData\\0318\20260318033151-b91.97-f10.png,2026-03-18 03:31:51,10.0,57.86931180041263,7.373554019733351,483.41717632190404,91.834568,0.6062879206747508
1948,C:\Users\joshy\OneDrive\Documents\Kravitz Lab\freezeData\\0318\20260318033211-b93.08-f0.png,2026-03-18 03:32:11,0.0,55.82171564821575,7.39085340259039,437.766634874304,92.919588,0.697622663635683
1949,C:\Users\joshy\OneDrive\Documents\Kravitz Lab\freezeData\\0318\20260318033229-b93.30-f2.png,2026-03-18 03:32:29,2.0,56.27812812917089,7.403124363637503,509.76537218969605,93.127068,0.7454643642274317
1950,C:\Users\joshy\OneDrive\Documents\Kravitz Lab\freezeData\\0318\20260318033249-b93.63-f4.png,2026-03-18 03:32:49,4.0,56.77547137701717,7.407561782335901,449.5442391775841,93.463752,0.7905485070856337
1951,C:\Users\joshy\OneDrive\Documents\Kravitz Lab\freezeData\\0318\20260318033309-b93.40-f6.png,2026-03-18 03:33:09,6.0,57.12367303042605,7.4005970449649485,458.045776629104,93.253676,0.7299699890416388
1952,C:\Users\joshy\OneDrive\Documents\Kravitz Lab\freezeData\\0318\20260318033327-b92.74-f8.png,2026-03-18 03:33:27,8.0,57.51284713333479,7.387151033367851,459.673696467184,92.603608,0.6582124193396307
1953,C:\Users\joshy\OneDrive\Documents\Kravitz Lab\freezeData\\0318\20260318033348-b92.05-f10.png,2026-03-18 03:33:48,10.0,57.795593196824136,7.373107381442185,535.8270641074561,91.941596,0.6033848834579676
1954,C:\Users\joshy\OneDrive\Documents\Kravitz Lab\freezeData\\0318\20260318033407-b92.95-f0.png,2026-03-18 03:34:07,0.0,55.83253643265425,7.391254885743897,447.812581669744,92.806156,0.6978009621193908
1955,C:\Users\joshy\OneDrive\Documents\Kravitz Lab\freezeData\\0318\20260318033426-b93.49-f2.png,2026-03-18 03:34:26,2.0,56.382551492591254,7.405722840716464,503.257472888304,93.322036,0.7424263172950586
1956,C:\Users\joshy\OneDrive\Documents\Kravitz Lab\freezeData\\0318\20260318033445-b93.46-f4.png,2026-03-18 03:34:45,4.0,56.80998547506183,7.402747523828373,446.70173253617605,93.294792,0.78917529353865
1957,C:\Users\joshy\OneDrive\Documents\Kravitz Lab\freezeData\\0318\20260318033506-b93.57-f6.png,2026-03-18 03:35:06,6.0,57.207645303529006,7.403990484004022,458.168253856704,93.426796,0.72664350179225
1958,C:\Users\joshy\OneDrive\Documents\Kravitz Lab\freezeData\\0318\20260318033525-b92.66-f8.png,2026-03-18 03:35:25,8.0,57.43410902312304,7.385263722156836,463.30450079,92.534996,0.6625737420675267
1959,C:\Users\joshy\OneDrive\Documents\Kravitz Lab\freezeData\\0318\20260318033543-b91.85-f10.png,2026-03-18 03:35:43,10.0,57.827904149713056,7.375049447164876,516.2512112064001,91.73246,0.6044995509157339
1960,C:\Users\joshy\OneDrive\Documents\Kravitz Lab\freezeData\\0318\20260318033602-b92.99-f0.png,2026-03-18 03:36:02,0.0,55.807483156585945,7.393733093345805,465.48450740326405,92.855876,0.6968235287909215
1961,C:\Users\joshy\OneDrive\Documents\Kravitz Lab\freezeData\\0318\20260318033624-b93.37-f2.png,2026-03-18 03:36:24,2.0,56.39442491447268,7.408483792242564,501.6622648883039,93.210852,0.742574548184393
1962,C:\Users\joshy\OneDrive\Documents\Kravitz Lab\freezeData\\0318\20260318033642-b93.73-f4.png,2026-03-18 03:36:42,4.0,56.84133229557956,7.409144995004089,445.0017140463999,93.575252,0.7874368230329049
1963,C:\Users\joshy\OneDrive\Documents\Kravitz Lab\freezeData\\0318\20260318033700-b93.39-f6.png,2026-03-18 03:37:00,6.0,57.16084233614631,7.405191943562621,448.333198106624,93.241668,0.7279647734718487
1964,C:\Users\joshy\OneDrive\Documents\Kravitz Lab\freezeData\\0318\20260318033719-b92.56-f8.png,2026-03-18 03:37:19,8.0,57.42764994157626,7.385142234799093,445.94465272753604,92.421424,0.660668607602427
1965,C:\Users\joshy\OneDrive\Documents\Kravitz Lab\freezeData\\0318\20260318033738-b92.05-f10.png,2026-03-18 03:37:38,10.0,57.81014115102381,7.3746901417159325,507.9045531644,91.924052,0.6070372196958361
1966,C:\Users\joshy\OneDrive\Documents\Kravitz Lab\freezeData\\0318\20260318033757-b93.24-f0.png,2026-03-18 03:37:57,0.0,55.91698002707643,7.393847217064152,442.66822100926396,93.090756,0.6959787157261181
1967,C:\Users\joshy\OneDrive\Documents\Kravitz Lab\freezeData\\0318\20260318033816-b93.36-f2.png,2026-03-18 03:38:16,2.0,56.3282016104716,7.40520196492357,489.076608142704,93.192508,0.7447670499728449
1968,C:\Users\joshy\OneDrive\Documents\Kravitz Lab\freezeData\\0318\20260318033834-b93.56-f4.png,2026-03-18 03:38:34,4.0,56.74797793636549,7.409244532074822,444.9584806016,93.389076,0.7892201705224805
1969,C:\Users\joshy\OneDrive\Documents\Kravitz Lab\freezeData\\0318\20260318033852-b93.28-f6.png,2026-03-18 03:38:52,6.0,57.1179953840421,7.408059369236767,470.640982781184,93.145888,0.7248066545266363
1970,C:\Users\joshy\OneDrive\Documents\Kravitz Lab\freezeData\\0318\20260318033912-b92.69-f8.png,2026-03-18 03:39:12,8.0,57.505403394616756,7.390254209146287,457.45309160960005,92.56168,0.6580184645097525
1971,C:\Users\joshy\OneDrive\Documents\Kravitz Lab\freezeData\\0318\20260318033929-b91.98-f10.png,2026-03-18 03:39:29,10.0,57.776721289848766,7.375396928452619,533.173924690416,91.866056,0.6032830153302301
1972,C:\Users\joshy\OneDrive\Documents\Kravitz Lab\freezeData\\0318\20260318033951-b93.15-f0.png,2026-03-18 03:39:51,0.0,55.90650662525771,7.397484168920812,447.65200323014403,93.004996,0.6961614280006275
1973,C:\Users\joshy\OneDrive\Documents\Kravitz Lab\freezeData\\0318\20260318034009-b93.54-f2.png,2026-03-18 03:40:09,2.0,56.35935512052223,7.408141196728904,505.5125074375039,93.380692,0.7425646825800031
1974,C:\Users\joshy\OneDrive\Documents\Kravitz Lab\freezeData\\0318\20260318034028-b93.56-f4.png,2026-03-18 03:40:28,4.0,56.8227233952525,7.407759825282139,443.985032204736,93.409568,0.7884405971132914
1975,C:\Users\joshy\OneDrive\Documents\Kravitz Lab\freezeData\\0318\20260318034048-b93.64-f6.png,2026-03-18 03:40:48,6.0,57.218259453136106,7.402010729362523,447.91603207960003,93.50756,0.7288737574183908
1976,C:\Users\joshy\OneDrive\Documents\Kravitz Lab\freezeData\\0318\20260318034108-b92.97-f8.png,2026-03-18 03:41:08,8.0,57.51810979833756,7.391898804901934,454.379561989104,92.847628,0.6575146943986998
1977,C:\Users\joshy\OneDrive\Documents\Kravitz Lab\freezeData\\0318\20260318034127-b91.90-f10.png,2026-03-18 03:41:27,10.0,57.821703257469544,7.376637212447054,500.12014791153604,91.766444,0.60276841376817
1978,C:\Users\joshy\OneDrive\Documents\Kravitz Lab\freezeData\\0318\20260318034146-b93.10-f0.png,2026-03-18 03:41:46,0.0,56.01880560480253,7.396937917840235,442.573334411504,92.951188,0.6954276227852736
1979,C:\Users\joshy\OneDrive\Documents\Kravitz Lab\freezeData\\0318\20260318034205-b93.67-f2.png,2026-03-18 03:42:05,2.0,56.453984936027176,7.4103666478131975,514.410699706816,93.504104,0.7400096156974193
1980,C:\Users\joshy\OneDrive\Documents\Kravitz Lab\freezeData\\0318\20260318034225-b93.65-f4.png,2026-03-18 03:42:25,4.0,56.83443813794366,7.4117504709538515,447.131647142384,93.482984,0.7868085291075604
1981,C:\Users\joshy\OneDrive\Documents\Kravitz Lab\freezeData\\0318\20260318034243-b93.51-f6.png,2026-03-18 03:42:43,6.0,57.40308415952578,7.408733821597801,445.003878579136,93.34588,0.7270980826576201
1982,C:\Users\joshy\OneDrive\Documents\Kravitz Lab\freezeData\\0318\20260318034301-b92.69-f8.png,2026-03-18 03:43:01,8.0,57.587537624221305,7.392207435250146,451.13629244000003,92.565836,0.6565638568996922
1983,C:\Users\joshy\OneDrive\Documents\Kravitz Lab\freezeData\\0318\20260318034321-b92.08-f10.png,2026-03-18 03:43:21,10.0,57.92370893798829,7.377545239074169,488.641887460976,91.961596,0.6043404158699898
1984,C:\Users\joshy\OneDrive\Documents\Kravitz Lab\freezeData\\0318\20260318034339-b92.90-f0.png,2026-03-18 03:43:39,0.0,56.027233159166585,7.398899123280172,461.26471400729605,92.752128,0.6938167107356716
1985,C:\Users\joshy\OneDrive\Documents\Kravitz Lab\freezeData\\0318\20260318034357-b93.43-f2.png,2026-03-18 03:43:57,2.0,56.41209430753104,7.407380631347105,484.83757846809596,93.272668,0.7418617042827272
1986,C:\Users\joshy\OneDrive\Documents\Kravitz Lab\freezeData\\0318\20260318034417-b93.47-f4.png,2026-03-18 03:44:17,4.0,56.917915982899444,7.408936284458387,423.56862432894394,93.30694,0.7860839332102586
1987,C:\Users\joshy\OneDrive\Documents\Kravitz Lab\freezeData\\0318\20260318034435-b93.29-f6.png,2026-03-18 03:44:35,6.0,57.33204044266082,7.407250241158966,461.904830084544,93.139652,0.7228150270256931
1988,C:\Users\joshy\OneDrive\Documents\Kravitz Lab\freezeData\\0318\20260318034453-b92.78-f8.png,2026-03-18 03:44:53,8.0,57.58856490955878,7.392016672518849,459.008655126256,92.658744,0.6584207292991694
1989,C:\Users\joshy\OneDrive\Documents\Kravitz Lab\freezeData\\0318\20260318034513-b92.02-f10.png,2026-03-18 03:45:13,10.0,57.8857464564438,7.375257434228463,511.472436001216,91.905548,0.6012976978013482
1990,C:\Users\joshy\OneDrive\Documents\Kravitz Lab\freezeData\\0318\20260318034531-b93.01-f0.png,2026-03-18 03:45:31,0.0,55.91205617493873,7.396900013882926,445.63532246809604,92.873864,0.6944865125541512
1991,C:\Users\joshy\OneDrive\Documents\Kravitz Lab\freezeData\\0318\20260318034550-b93.41-f2.png,2026-03-18 03:45:50,2.0,56.452401005133524,7.408701450127355,509.88243756640003,93.24834,0.7400354819879452
1992,C:\Users\joshy\OneDrive\Documents\Kravitz Lab\freezeData\\0318\20260318034609-b93.57-f4.png,2026-03-18 03:46:09,4.0,56.92851948288541,7.4101996820504095,446.5935099089759,93.405356,0.785675994672726
1993,C:\Users\joshy\OneDrive\Documents\Kravitz Lab\freezeData\\0318\20260318034629-b93.09-f6.png,2026-03-18 03:46:29,6.0,57.34359559377364,7.407837277271211,464.023202182896,92.932588,0.7240130812543608
1994,C:\Users\joshy\OneDrive\Documents\Kravitz Lab\freezeData\\0318\20260318034646-b92.56-f8.png,2026-03-18 03:46:46,8.0,57.70137394415159,7.394297518507401,462.520565651056,92.416928,0.6569778771178122
1995,C:\Users\joshy\OneDrive\Documents\Kravitz Lab\freezeData\\0318\20260318034705-b91.92-f10.png,2026-03-18 03:47:05,10.0,58.00011455599155,7.381266584766823,499.571440885616,91.818684,0.6040037459459326
1996,C:\Users\joshy\OneDrive\Documents\Kravitz Lab\freezeData\\0318\20260318034724-b92.84-f0.png,2026-03-18 03:47:24,0.0,55.98440534732879,7.399987771542323,442.03326726502394,92.696728,0.6938668020979062
1997,C:\Users\joshy\OneDrive\Documents\Kravitz Lab\freezeData\\0318\20260318034743-b93.18-f2.png,2026-03-18 03:47:43,2.0,56.47342617213714,7.410866158109514,491.29569024000006,93.022724,0.74240485487787
1998,C:\Users\joshy\OneDrive\Documents\Kravitz Lab\freezeData\\0318\20260318034802-b93.36-f4.png,2026-03-18 03:48:02,4.0,56.90120434608406,7.4144704497944005,446.7919257500001,93.215072,0.7886751310938723
1999,C:\Users\joshy\OneDrive\Documents\Kravitz Lab\freezeData\\0318\20260318034822-b93.11-f6.png,2026-03-18 03:48:22,6.0,57.26151401476912,7.407614368716353,462.1436826076,92.96558,0.724565995985073
2000,C:\Users\joshy\OneDrive\Documents\Kravitz Lab\freezeData\\0318\20260318034840-b92.74-f8.png,2026-03-18 03:48:40,8.0,57.70523525833143,7.396923166981096,463.49528035825597,92.616068,0.656423366161902
2001,C:\Users\joshy\OneDrive\Documents\Kravitz Lab\freezeData\\0318\20260318034859-b91.97-f10.png,2026-03-18 03:48:59,10.0,57.9961062917986,7.379297090803031,517.3838233884,91.86852,0.6026413364331935
2002,C:\Users\joshy\OneDrive\Documents\Kravitz Lab\freezeData\\0318\20260318034919-b92.86-f0.png,2026-03-18 03:49:19,0.0,55.969435211328125,7.400397422401067,450.66115540326393,92.704788,0.6959767933117177
2003,C:\Users\joshy\OneDrive\Documents\Kravitz Lab\freezeData\\0318\20260318034936-b93.16-f2.png,2026-03-18 03:49:36,2.0,56.48661669480303,7.410407844355748,489.92382081734394,93.01088,0.7455153938374902
2004,C:\Users\joshy\OneDrive\Documents\Kravitz Lab\freezeData\\0318\20260318034954-b93.38-f4.png,2026-03-18 03:49:54,4.0,57.076440256032086,7.414714799223008,447.2926783356001,93.21886,0.7878420858839476
2005,C:\Users\joshy\OneDrive\Documents\Kravitz Lab\freezeData\\0318\20260318035014-b93.20-f6.png,2026-03-18 03:50:14,6.0,57.347368122152425,7.4104485499180415,444.241997096384,93.061656,0.7254674017572491
2006,C:\Users\joshy\OneDrive\Documents\Kravitz Lab\freezeData\\0318\20260318035032-b92.76-f8.png,2026-03-18 03:50:32,8.0,57.76314030520155,7.396556025818731,464.8626455541761,92.62396,0.6579764562230457
2007,C:\Users\joshy\OneDrive\Documents\Kravitz Lab\freezeData\\0318\20260318035050-b91.92-f10.png,2026-03-18 03:50:50,10.0,57.9370196958206,7.382163217006461,515.8494536815999,91.816564,0.6024300759176937
2008,C:\Users\joshy\OneDrive\Documents\Kravitz Lab\freezeData\\0318\20260318035110-b92.83-f0.png,2026-03-18 03:51:10,0.0,55.97806550512213,7.402497474161216,438.437539368896,92.677984,0.6976084782219326
2009,C:\Users\joshy\OneDrive\Documents\Kravitz Lab\freezeData\\0318\20260318035128-b93.47-f2.png,2026-03-18 03:51:28,2.0,56.51290131672505,7.412205483814583,488.83597588721597,93.308436,0.743998084016696
2010,C:\Users\joshy\OneDrive\Documents\Kravitz Lab\freezeData\\0318\20260318035147-b93.44-f4.png,2026-03-18 03:51:47,4.0,56.97425561613821,7.41390870413697,427.06528606590405,93.270712,0.7896141989028503
2011,C:\Users\joshy\OneDrive\Documents\Kravitz Lab\freezeData\\0318\20260318035225-b92.41-f8.png,2026-03-18 03:52:25,8.0,57.671289190512674,7.396284073202538,472.23370479089596,92.277984,0.65697625500742
2012,C:\Users\joshy\OneDrive\Documents\Kravitz Lab\freezeData\\0318\20260318035206-b93.15-f6.png,2026-03-18 03:52:06,6.0,57.36028007461316,7.41126031209312,466.71695489329596,93.020044,0.7237694265378417
2013,C:\Users\joshy\OneDrive\Documents\Kravitz Lab\freezeData\\0318\20260318035244-b91.90-f10.png,2026-03-18 03:52:44,10.0,57.997055492812734,7.385204963287925,532.363081266176,91.78194,0.6005686849983561
2014,C:\Users\joshy\OneDrive\Documents\Kravitz Lab\freezeData\\0318\20260318035304-b92.92-f0.png,2026-03-18 03:53:04,0.0,56.04726755656785,7.400392483034708,455.526496426496,92.792136,0.6988851676917581
2015,C:\Users\joshy\OneDrive\Documents\Kravitz Lab\freezeData\\0318\20260318035323-b93.55-f2.png,2026-03-18 03:53:23,2.0,56.53623559706381,7.412491525878198,487.222916525504,93.396036,0.746330506864027
2016,C:\Users\joshy\OneDrive\Documents\Kravitz Lab\freezeData\\0318\20260318035342-b93.48-f4.png,2026-03-18 03:53:42,4.0,56.9734903490402,7.414996677578382,451.0904530092639,93.316268,0.7896028339032088
2017,C:\Users\joshy\OneDrive\Documents\Kravitz Lab\freezeData\\0318\20260318035401-b93.07-f6.png,2026-03-18 03:54:01,6.0,57.33693559105844,7.408662843804897,443.42704266366405,92.922896,0.727651049984773
2018,C:\Users\joshy\OneDrive\Documents\Kravitz Lab\freezeData\\0318\20260318035420-b92.84-f8.png,2026-03-18 03:54:20,8.0,57.80822348641881,7.403397035924545,481.501712358256,92.707984,0.6523747998845917
2019,C:\Users\joshy\OneDrive\Documents\Kravitz Lab\freezeData\\0318\20260318035459-b93.04-f0.png,2026-03-18 03:54:59,0.0,56.04868262064685,7.402723248275942,462.97158142590393,92.8943,0.6981758276711848
2020,C:\Users\joshy\OneDrive\Documents\Kravitz Lab\freezeData\\0318\20260318035441-b91.73-f10.png,2026-03-18 03:54:41,10.0,57.95330644577526,7.3822937697345585,501.20757660478415,91.609508,0.6026973939842641
2021,C:\Users\joshy\OneDrive\Documents\Kravitz Lab\freezeData\\0318\20260318035517-b93.17-f2.png,2026-03-18 03:55:17,2.0,56.58971600832873,7.412365404526941,474.718381150656,93.001448,0.7454652287070413
2022,C:\Users\joshy\OneDrive\Documents\Kravitz Lab\freezeData\\0318\20260318035537-b93.66-f4.png,2026-03-18 03:55:37,4.0,56.9960983301705,7.417343599151258,446.3832779484,93.493744,0.7890340541280456
2023,C:\Users\joshy\OneDrive\Documents\Kravitz Lab\freezeData\\0318\20260318035556-b93.36-f6.png,2026-03-18 03:55:56,6.0,57.35264850694852,7.411089390346942,457.907489553904,93.225196,0.7292220637888686
2024,C:\Users\joshy\OneDrive\Documents\Kravitz Lab\freezeData\\0318\20260318035613-b92.36-f8.png,2026-03-18 03:56:13,8.0,57.71026948541828,7.399465428304908,459.01651135486395,92.22698,0.6557593572337124
2025,C:\Users\joshy\OneDrive\Documents\Kravitz Lab\freezeData\\0318\20260318035633-b91.82-f10.png,2026-03-18 03:56:33,10.0,57.95068091995068,7.382097315539705,510.202149818304,91.708492,0.6043543277921133
2026,C:\Users\joshy\OneDrive\Documents\Kravitz Lab\freezeData\\0318\20260318035651-b92.98-f0.png,2026-03-18 03:56:51,0.0,56.06921170298637,7.4049662224189765,446.5539099484,92.837264,0.7003277458570013
2027,C:\Users\joshy\OneDrive\Documents\Kravitz Lab\freezeData\\0318\20260318035709-b93.25-f2.png,2026-03-18 03:57:09,2.0,56.58959206697373,7.415863536012054,494.8152407315841,93.092248,0.7438452110460344
2028,C:\Users\joshy\OneDrive\Documents\Kravitz Lab\freezeData\\0318\20260318035728-b93.42-f4.png,2026-03-18 03:57:28,4.0,56.87459201871345,7.41832433385852,453.467623332864,93.263664,0.7902114014233212
2029,C:\Users\joshy\OneDrive\Documents\Kravitz Lab\freezeData\\0318\20260318035746-b93.19-f6.png,2026-03-18 03:57:46,6.0,57.37247919885087,7.41160605886325,450.9890934399999,93.040132,0.7293225913878049
2030,C:\Users\joshy\OneDrive\Documents\Kravitz Lab\freezeData\\0318\20260318035804-b92.64-f8.png,2026-03-18 03:58:04,8.0,57.66307916442214,7.400205688434114,466.82648326937596,92.507828,0.6571242000669142
2031,C:\Users\joshy\OneDrive\Documents\Kravitz Lab\freezeData\\0318\20260318035822-b91.92-f10.png,2026-03-18 03:58:22,10.0,57.9965756631877,7.387339706185586,528.8535286047841,91.806012,0.6000319111816613
2032,C:\Users\joshy\OneDrive\Documents\Kravitz Lab\freezeData\\0318\20260318035841-b92.97-f0.png,2026-03-18 03:58:41,0.0,56.0074712619509,7.403015671885528,445.5014779089761,92.821588,0.701112485511952
2033,C:\Users\joshy\OneDrive\Documents\Kravitz Lab\freezeData\\0318\20260318035859-b93.06-f2.png,2026-03-18 03:58:59,2.0,56.53277399300324,7.413519982804647,505.1740278384,92.917996,0.7469492316614157
2034,C:\Users\joshy\OneDrive\Documents\Kravitz Lab\freezeData\\0318\20260318035918-b93.38-f4.png,2026-03-18 03:59:18,4.0,56.9444851390354,7.414574426486227,440.92952606590404,93.224776,0.7910664473340814
2035,C:\Users\joshy\OneDrive\Documents\Kravitz Lab\freezeData\\0318\20260318035938-b93.06-f6.png,2026-03-18 03:59:38,6.0,57.305915902580246,7.410492291967544,471.9106889724,92.91608,0.7263101372353431
2036,C:\Users\joshy\OneDrive\Documents\Kravitz Lab\freezeData\\0318\20260318035955-b92.50-f8.png,2026-03-18 03:59:55,8.0,57.68679982744669,7.400700649434548,474.07617279,92.361936,0.6580586236807328
2037,C:\Users\joshy\OneDrive\Documents\Kravitz Lab\freezeData\\0318\20260318040014-b91.96-f10.png,2026-03-18 04:00:14,10.0,58.090444710083744,7.385878359109312,499.19428888313604,91.854448,0.6014814693537202
2038,C:\Users\joshy\OneDrive\Documents\Kravitz Lab\freezeData\\0318\20260318040035-b92.84-f0.png,2026-03-18 04:00:35,0.0,56.04367307206607,7.405386459356842,459.49065983840006,92.712124,0.6996163757356568
2039,C:\Users\joshy\OneDrive\Documents\Kravitz Lab\freezeData\\0318\20260318040053-b93.20-f2.png,2026-03-18 04:00:53,2.0,56.58892732622508,7.414617824367355,507.56285456177596,93.063404,0.7449874138385365
2040,C:\Users\joshy\OneDrive\Documents\Kravitz Lab\freezeData\\0318\20260318040111-b93.64-f4.png,2026-03-18 04:01:11,4.0,57.012502200372296,7.41703294822655,411.06708370681594,93.464888,0.7896434952833069
2041,C:\Users\joshy\OneDrive\Documents\Kravitz Lab\freezeData\\0318\20260318040131-b93.15-f6.png,2026-03-18 04:01:31,6.0,57.41215208723895,7.413986711670242,430.41168533657594,93.004088,0.7265019147307945
2042,C:\Users\joshy\OneDrive\Documents\Kravitz Lab\freezeData\\0318\20260318040149-b92.63-f8.png,2026-03-18 04:01:49,8.0,57.77287697218258,7.398950830454138,446.3004526022239,92.512584,0.658915637086616
2043,C:\Users\joshy\OneDrive\Documents\Kravitz Lab\freezeData\\0318\20260318040208-b91.91-f10.png,2026-03-18 04:02:08,10.0,58.05372227621928,7.386597095935269,507.32410035737604,91.80734,0.6031965012473166
2044,C:\Users\joshy\OneDrive\Documents\Kravitz Lab\freezeData\\0318\20260318040227-b92.88-f0.png,2026-03-18 04:02:27,0.0,56.15384288551742,7.403869493477058,442.267061908976,92.744068,0.6994302089696967
2045,C:\Users\joshy\OneDrive\Documents\Kravitz Lab\freezeData\\0318\20260318040246-b93.15-f2.png,2026-03-18 04:02:46,2.0,56.59506899167467,7.417386215918204,484.1575626546561,92.995328,0.7476230360532343
2046,C:\Users\joshy\OneDrive\Documents\Kravitz Lab\freezeData\\0318\20260318040305-b93.30-f4.png,2026-03-18 04:03:05,4.0,57.11545906105898,7.419263701707605,450.146692796144,93.154364,0.7887064578960306
2047,C:\Users\joshy\OneDrive\Documents\Kravitz Lab\freezeData\\0318\20260318040324-b93.27-f6.png,2026-03-18 04:03:24,6.0,57.43638327372795,7.414341022394812,452.9805213496161,93.119132,0.7243857473969726
2048,C:\Users\joshy\OneDrive\Documents\Kravitz Lab\freezeData\\0318\20260318040343-b92.64-f8.png,2026-03-18 04:03:43,8.0,57.71792111171019,7.399072486533637,456.7162518338561,92.52132,0.6577382335709843
2049,C:\Users\joshy\OneDrive\Documents\Kravitz Lab\freezeData\\0318\20260318040402-b91.84-f10.png,2026-03-18 04:04:02,10.0,58.031490801892865,7.383193138145661,508.0974051516,91.729232,0.6011074061685371
2050,C:\Users\joshy\OneDrive\Documents\Kravitz Lab\freezeData\\0318\20260318040420-b92.73-f0.png,2026-03-18 04:04:20,0.0,56.1164555388383,7.403769590064421,454.49677196793596,92.587828,0.6990574770281759
2051,C:\Users\joshy\OneDrive\Documents\Kravitz Lab\freezeData\\0318\20260318040458-b93.34-f4.png,2026-03-18 04:04:58,4.0,56.99111120878764,7.417230474829575,451.7508812815359,93.19374,0.7913203895174875
2052,C:\Users\joshy\OneDrive\Documents\Kravitz Lab\freezeData\\0318\20260318040440-b93.21-f2.png,2026-03-18 04:04:40,2.0,56.62786174668438,7.4152319934972715,493.134842543104,93.06772,0.746068145538669
2053,C:\Users\joshy\OneDrive\Documents\Kravitz Lab\freezeData\\0318\20260318040517-b93.07-f6.png,2026-03-18 04:05:17,6.0,57.45678500770108,7.415396711781906,437.9088464624001,92.921104,0.725468877839579
2054,C:\Users\joshy\OneDrive\Documents\Kravitz Lab\freezeData\\0318\20260318040536-b92.53-f8.png,2026-03-18 04:05:36,8.0,57.76185591007256,7.4017107047090756,465.87621810201597,92.396996,0.6579333195670976
2055,C:\Users\joshy\OneDrive\Documents\Kravitz Lab\freezeData\\0318\20260318040554-b91.95-f10.png,2026-03-18 04:05:54,10.0,58.23100628594619,7.387894272163146,501.0988946044,91.838436,0.6030123837853243
2056,C:\Users\joshy\OneDrive\Documents\Kravitz Lab\freezeData\\0318\20260318040613-b92.94-f0.png,2026-03-18 04:06:13,0.0,56.21589444018992,7.404413122811035,434.50300501401597,92.801868,0.7009631120380048
2057,C:\Users\joshy\OneDrive\Documents\Kravitz Lab\freezeData\\0318\20260318040633-b93.17-f2.png,2026-03-18 04:06:33,2.0,56.68762235337926,7.418837900645012,491.71945358897597,93.005284,0.7448895000183975
2058,C:\Users\joshy\OneDrive\Documents\Kravitz Lab\freezeData\\0318\20260318040651-b93.45-f4.png,2026-03-18 04:06:51,4.0,57.03501793922397,7.419908654150241,436.3974669278561,93.30082,0.7883545051055615
2059,C:\Users\joshy\OneDrive\Documents\Kravitz Lab\freezeData\\0318\20260318040730-b92.66-f8.png,2026-03-18 04:07:30,8.0,57.80325237138478,7.400324380909506,453.86331284439996,92.5427,0.6552615467314371
2060,C:\Users\joshy\OneDrive\Documents\Kravitz Lab\freezeData\\0318\20260318040710-b93.14-f6.png,2026-03-18 04:07:10,6.0,57.49302547328272,7.413064142484992,433.99528636160005,93.005092,0.7238728382393326
2061,C:\Users\joshy\OneDrive\Documents\Kravitz Lab\freezeData\\0318\20260318040748-b91.80-f10.png,2026-03-18 04:07:48,10.0,58.114461762014315,7.385466092273549,497.087303460976,91.702124,0.6015306255968352
2062,C:\Users\joshy\OneDrive\Documents\Kravitz Lab\freezeData\\0318\20260318040806-b92.93-f0.png,2026-03-18 04:08:06,0.0,56.15932919083574,7.4083329814825545,456.528135142384,92.800188,0.7003977518357941
2063,C:\Users\joshy\OneDrive\Documents\Kravitz Lab\freezeData\\0318\20260318040827-b93.14-f2.png,2026-03-18 04:08:27,2.0,56.64738567325415,7.416834609540426,479.82003274558394,92.97684,0.7440326862008988
2064,C:\Users\joshy\OneDrive\Documents\Kravitz Lab\freezeData\\0318\20260318040845-b93.38-f4.png,2026-03-18 04:08:45,4.0,57.07635548680045,7.41835637795532,451.876688514304,93.236872,0.7898336524266043
2065,C:\Users\joshy\OneDrive\Documents\Kravitz Lab\freezeData\\0318\20260318040903-b93.32-f6.png,2026-03-18 04:09:03,6.0,57.43466497477286,7.414219378174518,455.8077944124001,93.19066,0.7248818624937172
2066,C:\Users\joshy\OneDrive\Documents\Kravitz Lab\freezeData\\0318\20260318040922-b92.53-f8.png,2026-03-18 04:09:22,8.0,57.78218047374689,7.400430841698225,464.53751755417596,92.414188,0.6536508637260344
2067,C:\Users\joshy\OneDrive\Documents\Kravitz Lab\freezeData\\0318\20260318040942-b91.89-f10.png,2026-03-18 04:09:42,10.0,58.181057426083825,7.389766523511243,521.317630135024,91.786644,0.5996313730206633
2068,C:\Users\joshy\OneDrive\Documents\Kravitz Lab\freezeData\\0318\20260318041000-b93.03-f0.png,2026-03-18 04:10:00,0.0,56.19544493124674,7.408335486383648,444.70919332294403,92.902404,0.6992740717104065
2069,C:\Users\joshy\OneDrive\Documents\Kravitz Lab\freezeData\\0318\20260318041018-b93.27-f2.png,2026-03-18 04:10:18,2.0,56.63832193248314,7.4139815440932395,464.869200047856,93.10082,0.744962032549675
2070,C:\Users\joshy\OneDrive\Documents\Kravitz Lab\freezeData\\0318\20260318041038-b93.48-f4.png,2026-03-18 04:10:38,4.0,57.1601395816181,7.420278524517787,439.92432919833607,93.341044,0.7868896121558747
2071,C:\Users\joshy\OneDrive\Documents\Kravitz Lab\freezeData\\0318\20260318041114-b92.48-f8.png,2026-03-18 04:11:14,8.0,57.75872958588684,7.3966623688827475,418.9017879452159,92.34838,0.6560622252575825
2072,C:\Users\joshy\OneDrive\Documents\Kravitz Lab\freezeData\\0318\20260318041056-b93.22-f6.png,2026-03-18 04:10:56,6.0,57.428079594405936,7.4144304961808,443.9613266728959,93.086476,0.7249534148764589
2073,C:\Users\joshy\OneDrive\Documents\Kravitz Lab\freezeData\\0318\20260318041134-b91.58-f10.png,2026-03-18 04:11:34,10.0,58.12934205327138,7.3874747997392,493.05407649894397,91.450924,0.5983284132783016
2074,C:\Users\joshy\OneDrive\Documents\Kravitz Lab\freezeData\\0318\20260318041152-b93.02-f0.png,2026-03-18 04:11:52,0.0,56.22402146103048,7.408248819641086,432.766828839024,92.880172,0.6979566653990823
2075,C:\Users\joshy\OneDrive\Documents\Kravitz Lab\freezeData\\0318\20260318041210-b93.18-f2.png,2026-03-18 04:12:10,2.0,56.62566610214432,7.418232945797273,463.10293444926396,93.029908,0.7446974738378781
2076,C:\Users\joshy\OneDrive\Documents\Kravitz Lab\freezeData\\0318\20260318041229-b93.60-f4.png,2026-03-18 04:12:29,4.0,57.13649271791807,7.420641605008997,434.773054951936,93.439536,0.787248804020583
2077,C:\Users\joshy\OneDrive\Documents\Kravitz Lab\freezeData\\0318\20260318041248-b93.09-f6.png,2026-03-18 04:12:48,6.0,57.54566262744687,7.414989926282208,444.4428541504,92.951992,0.7231422362803499
2078,C:\Users\joshy\OneDrive\Documents\Kravitz Lab\freezeData\\0318\20260318041305-b92.53-f8.png,2026-03-18 04:13:05,8.0,57.820113833848644,7.402792944274102,451.8186569456,92.415028,0.6547685200011516
2079,C:\Users\joshy\OneDrive\Documents\Kravitz Lab\freezeData\\0318\20260318041325-b91.83-f10.png,2026-03-18 04:13:25,10.0,58.224184914990225,7.386727336494012,494.6483044448641,91.718968,0.6013098902094131
2080,C:\Users\joshy\OneDrive\Documents\Kravitz Lab\freezeData\\0318\20260318041343-b92.68-f0.png,2026-03-18 04:13:43,0.0,56.182140448997636,7.40591792748521,440.68806303601605,92.538348,0.6992506001728271
2081,C:\Users\joshy\OneDrive\Documents\Kravitz Lab\freezeData\\0318\20260318041401-b93.12-f2.png,2026-03-18 04:14:01,2.0,56.618363244348345,7.416427107044374,473.5772402673761,92.957532,0.7428265376859879
2082,C:\Users\joshy\OneDrive\Documents\Kravitz Lab\freezeData\\0318\20260318041420-b93.17-f4.png,2026-03-18 04:14:20,4.0,57.03754902894043,7.423121479057376,437.462876448496,93.023596,0.7883931202910769
2083,C:\Users\joshy\OneDrive\Documents\Kravitz Lab\freezeData\\0318\20260318041439-b93.10-f6.png,2026-03-18 04:14:39,6.0,57.49266897406326,7.416843444722825,449.16873429958406,92.964472,0.7224867677007407
2084,C:\Users\joshy\OneDrive\Documents\Kravitz Lab\freezeData\\0318\20260318041457-b92.67-f8.png,2026-03-18 04:14:57,8.0,57.85931457737452,7.403077100424012,448.6445084943361,92.531696,0.6525778124106639
2085,C:\Users\joshy\OneDrive\Documents\Kravitz Lab\freezeData\\0318\20260318041516-b91.56-f10.png,2026-03-18 04:15:16,10.0,58.06932265345357,7.3855517240311555,487.41508971582397,91.461652,0.6019546042377554
2086,C:\Users\joshy\OneDrive\Documents\Kravitz Lab\freezeData\\0318\20260318041534-b92.77-f0.png,2026-03-18 04:15:34,0.0,56.15001032092514,7.406793299342637,440.47260184960004,92.6236,0.699461895211441
2087,C:\Users\joshy\OneDrive\Documents\Kravitz Lab\freezeData\\0318\20260318041552-b93.25-f2.png,2026-03-18 04:15:52,2.0,56.71632415898279,7.4211799677921,493.3500998056959,93.097928,0.7433682928229022
2088,C:\Users\joshy\OneDrive\Documents\Kravitz Lab\freezeData\\0318\20260318041611-b93.47-f4.png,2026-03-18 04:16:11,4.0,57.185677722830704,7.423813464037063,414.56686840446395,93.292888,0.7872610478322474
2089,C:\Users\joshy\OneDrive\Documents\Kravitz Lab\freezeData\\0318\20260318041631-b93.07-f6.png,2026-03-18 04:16:31,6.0,57.527759404657644,7.415725265429721,438.44528241239993,92.921732,0.7217347572193387
2090,C:\Users\joshy\OneDrive\Documents\Kravitz Lab\freezeData\\0318\20260318041649-b92.35-f8.png,2026-03-18 04:16:49,8.0,57.89754104584629,7.400775053670533,458.548505785584,92.218112,0.6530143687829911
2091,C:\Users\joshy\OneDrive\Documents\Kravitz Lab\freezeData\\0318\20260318041709-b91.89-f10.png,2026-03-18 04:17:09,10.0,58.281497442724785,7.392554078430226,484.3106869596161,91.770392,0.6032117095707077
2092,C:\Users\joshy\OneDrive\Documents\Kravitz Lab\freezeData\\0318\20260318041727-b92.75-f0.png,2026-03-18 04:17:27,0.0,56.15454978023974,7.405556938061975,419.46739790897595,92.598524,0.6999899245161839
2093,C:\Users\joshy\OneDrive\Documents\Kravitz Lab\freezeData\\0318\20260318041746-b93.02-f2.png,2026-03-18 04:17:46,2.0,56.70270981765862,7.4180371193451515,479.175523018176,92.84312,0.7441406625860157
2094,C:\Users\joshy\OneDrive\Documents\Kravitz Lab\freezeData\\0318\20260318041805-b93.42-f4.png,2026-03-18 04:18:05,4.0,57.211404216877455,7.426365120869621,445.09377624934405,93.269584,0.7876894823879806
2095,C:\Users\joshy\OneDrive\Documents\Kravitz Lab\freezeData\\0318\20260318041824-b93.00-f6.png,2026-03-18 04:18:24,6.0,57.53995150417852,7.419122825185321,443.0226370963841,92.858972,0.7230094664864708
2096,C:\Users\joshy\OneDrive\Documents\Kravitz Lab\freezeData\\0318\20260318041843-b92.53-f8.png,2026-03-18 04:18:43,8.0,57.91076118582051,7.40577761772829,469.83938913638394,92.399308,0.6498636995181196
2097,C:\Users\joshy\OneDrive\Documents\Kravitz Lab\freezeData\\0318\20260318041901-b91.82-f10.png,2026-03-18 04:19:01,10.0,58.08347296779985,7.389274160655344,487.96470085062396,91.719308,0.6012707614226821
2098,C:\Users\joshy\OneDrive\Documents\Kravitz Lab\freezeData\\0318\20260318041920-b92.58-f0.png,2026-03-18 04:19:20,0.0,56.25209630626457,7.407252362009803,440.687798673136,92.447644,0.6992121106030098
2099,C:\Users\joshy\OneDrive\Documents\Kravitz Lab\freezeData\\0318\20260318041938-b93.10-f2.png,2026-03-18 04:19:38,2.0,56.66991721068863,7.417478688992197,486.437260788736,92.938264,0.7457314294363304
2100,C:\Users\joshy\OneDrive\Documents\Kravitz Lab\freezeData\\0318\20260318041957-b93.47-f4.png,2026-03-18 04:19:57,4.0,57.177637827520506,7.424151884455766,438.89947802686396,93.316336,0.7885483309984561
2101,C:\Users\joshy\OneDrive\Documents\Kravitz Lab\freezeData\\0318\20260318042015-b93.15-f6.png,2026-03-18 04:20:15,6.0,57.5568881901305,7.417524743960193,447.2256606144001,93.011396,0.7243585417637416
2102,C:\Users\joshy\OneDrive\Documents\Kravitz Lab\freezeData\\0318\20260318042035-b92.35-f8.png,2026-03-18 04:20:35,8.0,57.79152923782516,7.403034719600739,483.7538658876,92.21756,0.6500769711231015
2103,C:\Users\joshy\OneDrive\Documents\Kravitz Lab\freezeData\\0318\20260318042112-b92.69-f0.png,2026-03-18 04:21:12,0.0,56.17831421210416,7.40524781945259,426.734658124224,92.531564,0.6998203772626178
2104,C:\Users\joshy\OneDrive\Documents\Kravitz Lab\freezeData\\0318\20260318042053-b91.68-f10.png,2026-03-18 04:20:53,10.0,58.07291487797264,7.3835916357197,503.88937802265605,91.581912,0.6029000027688007
2105,C:\Users\joshy\OneDrive\Documents\Kravitz Lab\freezeData\\0318\20260318042132-b93.04-f2.png,2026-03-18 04:21:32,2.0,56.72223563294733,7.419796218981315,475.31599715065596,92.87998,0.744559655197006
2106,C:\Users\joshy\OneDrive\Documents\Kravitz Lab\freezeData\\0318\20260318042151-b93.36-f4.png,2026-03-18 04:21:51,4.0,57.119025564145474,7.422754943102676,432.021552174064,93.197136,0.7878580173131516
2107,C:\Users\joshy\OneDrive\Documents\Kravitz Lab\freezeData\\0318\20260318042209-b92.89-f6.png,2026-03-18 04:22:09,6.0,57.50132839357366,7.416280879251854,459.6306703616,92.75412,0.7241465979555843
2108,C:\Users\joshy\OneDrive\Documents\Kravitz Lab\freezeData\\0318\20260318042228-b92.60-f8.png,2026-03-18 04:22:28,8.0,57.90960296165313,7.402756877649099,465.78789804230405,92.455764,0.6524496519074287
2109,C:\Users\joshy\OneDrive\Documents\Kravitz Lab\freezeData\\0318\20260318042248-b91.68-f10.png,2026-03-18 04:22:48,10.0,58.07490697634371,7.38894407049417,525.856550950256,91.582968,0.5983108930238549
2110,C:\Users\joshy\OneDrive\Documents\Kravitz Lab\freezeData\\0318\20260318042306-b92.57-f0.png,2026-03-18 04:23:06,0.0,56.23120483266266,7.40428611600969,454.6574346176,92.447056,0.6994929184566223
2111,C:\Users\joshy\OneDrive\Documents\Kravitz Lab\freezeData\\0318\20260318042324-b93.19-f2.png,2026-03-18 04:23:24,2.0,56.72739310317018,7.42070732132232,479.400503983984,93.03072,0.7452374047700434
2112,C:\Users\joshy\OneDrive\Documents\Kravitz Lab\freezeData\\0318\20260318042344-b93.06-f4.png,2026-03-18 04:23:44,4.0,57.028199799883424,7.4212070452317125,446.929480514304,92.908024,0.7896216077983575
2113,C:\Users\joshy\OneDrive\Documents\Kravitz Lab\freezeData\\0318\20260318042402-b92.91-f6.png,2026-03-18 04:24:02,6.0,57.56785645238578,7.415319189169416,458.9534668422239,92.771248,0.7231913356491455
2114,C:\Users\joshy\OneDrive\Documents\Kravitz Lab\freezeData\\0318\20260318042421-b92.49-f8.png,2026-03-18 04:24:21,8.0,57.95732807395675,7.4063440396438365,445.0384017343841,92.354912,0.6541300380624433
2115,C:\Users\joshy\OneDrive\Documents\Kravitz Lab\freezeData\\0318\20260318042440-b91.51-f10.png,2026-03-18 04:24:40,10.0,58.14470897311239,7.386890492808217,517.1741658183041,91.402008,0.598830389449184
2116,C:\Users\joshy\OneDrive\Documents\Kravitz Lab\freezeData\\0318\20260318042459-b92.59-f0.png,2026-03-18 04:24:59,0.0,56.28457104461875,7.405795659511901,457.354954162944,92.455208,0.6987199232263822
2117,C:\Users\joshy\OneDrive\Documents\Kravitz Lab\freezeData\\0318\20260318042517-b92.87-f2.png,2026-03-18 04:25:17,2.0,56.684371707653746,7.420014294577579,481.9728693365759,92.695888,0.7450131993792783
2118,C:\Users\joshy\OneDrive\Documents\Kravitz Lab\freezeData\\0318\20260318042536-b93.09-f4.png,2026-03-18 04:25:36,4.0,57.19730103561181,7.427792640257457,456.645414562816,92.92196,0.7881150971998537
2119,C:\Users\joshy\OneDrive\Documents\Kravitz Lab\freezeData\\0318\20260318042554-b93.04-f6.png,2026-03-18 04:25:54,6.0,57.65037107626976,7.415525808072275,460.359647123904,92.88822,0.7203404359021062
2120,C:\Users\joshy\OneDrive\Documents\Kravitz Lab\freezeData\\0318\20260318042613-b92.22-f8.png,2026-03-18 04:26:13,8.0,57.908701388648524,7.403448870044944,448.30408729790395,92.088156,0.653950426464621
2121,C:\Users\joshy\OneDrive\Documents\Kravitz Lab\freezeData\\0318\20260318042632-b91.48-f10.png,2026-03-18 04:26:32,10.0,58.16537476656008,7.3891108781318176,511.77002494559997,91.378204,0.600556602704709
2122,C:\Users\joshy\OneDrive\Documents\Kravitz Lab\freezeData\\0318\20260318042650-b92.55-f0.png,2026-03-18 04:26:50,0.0,56.2278335744816,7.406811985974205,455.45777535166394,92.41198,0.700456628468016
2123,C:\Users\joshy\OneDrive\Documents\Kravitz Lab\freezeData\\0318\20260318042709-b92.79-f2.png,2026-03-18 04:27:09,2.0,56.81849905642196,7.418478984161694,483.48314831359994,92.645124,0.7457210429768917
2124,C:\Users\joshy\OneDrive\Documents\Kravitz Lab\freezeData\\0318\20260318042728-b93.14-f4.png,2026-03-18 04:27:28,4.0,57.170457841003866,7.42222489443725,445.1791436594561,92.9775,0.7890580307554652
2125,C:\Users\joshy\OneDrive\Documents\Kravitz Lab\freezeData\\0318\20260318042747-b93.03-f6.png,2026-03-18 04:27:47,6.0,57.625267667305664,7.417605022886833,445.85633512390405,92.877876,0.7223511686900475
2126,C:\Users\joshy\OneDrive\Documents\Kravitz Lab\freezeData\\0318\20260318042805-b92.37-f8.png,2026-03-18 04:28:05,8.0,58.0460322999516,7.406591726554369,467.71069177798404,92.261324,0.6532536744066145
2127,C:\Users\joshy\OneDrive\Documents\Kravitz Lab\freezeData\\0318\20260318042824-b91.52-f10.png,2026-03-18 04:28:24,10.0,58.16153499705303,7.385252650953533,503.65139357873596,91.405476,0.6001751218028303
2128,C:\Users\joshy\OneDrive\Documents\Kravitz Lab\freezeData\\0318\20260318042844-b92.55-f0.png,2026-03-18 04:28:44,0.0,56.28249014454126,7.408162645628064,452.71260383839996,92.413796,0.6995306739081382
2129,C:\Users\joshy\OneDrive\Documents\Kravitz Lab\freezeData\\0318\20260318042901-b93.06-f2.png,2026-03-18 04:29:01,2.0,56.802236527854994,7.421885203506708,485.8537845700959,92.900796,0.7438210090665156
2130,C:\Users\joshy\OneDrive\Documents\Kravitz Lab\freezeData\\0318\20260318042920-b93.36-f4.png,2026-03-18 04:29:20,4.0,57.251765336323245,7.424779597114027,451.46704815999993,93.200524,0.7873827600040876
2131,C:\Users\joshy\OneDrive\Documents\Kravitz Lab\freezeData\\0318\20260318042941-b92.95-f6.png,2026-03-18 04:29:41,6.0,57.61877026982912,7.41847372009971,457.5132587004,92.809284,0.72061315107597
2132,C:\Users\joshy\OneDrive\Documents\Kravitz Lab\freezeData\\0318\20260318042959-b92.35-f8.png,2026-03-18 04:29:59,8.0,57.97587482856641,7.404091537118501,471.75808400070406,92.23432,0.6532987700846734
2133,C:\Users\joshy\OneDrive\Documents\Kravitz Lab\freezeData\\0318\20260318043017-b91.80-f10.png,2026-03-18 04:30:17,10.0,58.29948998310349,7.388528902228523,478.99533019160003,91.682504,0.600466018113497
2134,C:\Users\joshy\OneDrive\Documents\Kravitz Lab\freezeData\\0318\20260318043036-b92.53-f0.png,2026-03-18 04:30:36,0.0,56.234546577348695,7.403757609139821,450.570426468096,92.4018,0.7009559200923727
2135,C:\Users\joshy\OneDrive\Documents\Kravitz Lab\freezeData\\0318\20260318043055-b93.06-f2.png,2026-03-18 04:30:55,2.0,56.844072804119165,7.418239020851658,485.128686964464,92.8948,0.7459791539486408
2136,C:\Users\joshy\OneDrive\Documents\Kravitz Lab\freezeData\\0318\20260318043114-b93.12-f4.png,2026-03-18 04:31:14,4.0,57.19613736705107,7.423268781210313,423.023016774656,92.948132,0.7876272809929799
2137,C:\Users\joshy\OneDrive\Documents\Kravitz Lab\freezeData\\0318\20260318043133-b92.76-f6.png,2026-03-18 04:31:33,6.0,57.63406268200776,7.419851282491791,446.8398258684,92.61108,0.7210703358501185
2138,C:\Users\joshy\OneDrive\Documents\Kravitz Lab\freezeData\\0318\20260318043151-b92.40-f8.png,2026-03-18 04:31:51,8.0,57.9291977508985,7.405528775517613,439.9185722867041,92.263036,0.6528892127370698
2139,C:\Users\joshy\OneDrive\Documents\Kravitz Lab\freezeData\\0318\20260318043209-b91.76-f10.png,2026-03-18 04:32:09,10.0,58.30156921495283,7.393823021330022,500.8364786556,91.676508,0.6000817150037062
2140,C:\Users\joshy\OneDrive\Documents\Kravitz Lab\freezeData\\0318\20260318043229-b92.28-f0.png,2026-03-18 04:32:29,0.0,56.28780970073346,7.407906134106263,451.302578765056,92.144496,0.700351520718927
2141,C:\Users\joshy\OneDrive\Documents\Kravitz Lab\freezeData\\0318\20260318043247-b93.11-f2.png,2026-03-18 04:32:47,2.0,56.87129364248364,7.420649867598654,479.63050560369595,92.92952,0.7440906148830165
2142,C:\Users\joshy\OneDrive\Documents\Kravitz Lab\freezeData\\0318\20260318043305-b93.18-f4.png,2026-03-18 04:33:05,4.0,57.249186442166184,7.420587271360503,452.367314654656,93.035436,0.7868346358168901
2143,C:\Users\joshy\OneDrive\Documents\Kravitz Lab\freezeData\\0318\20260318043324-b92.62-f6.png,2026-03-18 04:33:24,6.0,57.59873396192399,7.414925988998414,449.21801818289595,92.480252,0.7223844560224189
2144,C:\Users\joshy\OneDrive\Documents\Kravitz Lab\freezeData\\0318\20260318043343-b92.29-f8.png,2026-03-18 04:33:43,8.0,57.958496774654186,7.403737204642286,470.04695326782405,92.16832,0.6493366485402088
2145,C:\Users\joshy\OneDrive\Documents\Kravitz Lab\freezeData\\0318\20260318043402-b91.52-f10.png,2026-03-18 04:34:02,10.0,58.216759074943354,7.388928996056511,519.3307422253439,91.4141,0.5982908620944642
2146,C:\Users\joshy\OneDrive\Documents\Kravitz Lab\freezeData\\0318\20260318043420-b92.56-f0.png,2026-03-18 04:34:20,0.0,56.27852352618714,7.405338915376936,448.44013065465606,92.43818,0.7000460255832917
2147,C:\Users\joshy\OneDrive\Documents\Kravitz Lab\freezeData\\0318\20260318043438-b92.67-f2.png,2026-03-18 04:34:38,2.0,56.81401367370286,7.4188542919569125,503.5576712476,92.520452,0.7440054681050982
2148,C:\Users\joshy\OneDrive\Documents\Kravitz Lab\freezeData\\0318\20260318043457-b93.17-f4.png,2026-03-18 04:34:57,4.0,57.2592202121176,7.423020456841727,443.17563814360005,93.002168,0.7867198850878232
2149,C:\Users\joshy\OneDrive\Documents\Kravitz Lab\freezeData\\0318\20260318043516-b92.85-f6.png,2026-03-18 04:35:16,6.0,57.57223375167943,7.417946261631619,443.30305261440003,92.722272,0.7236725327053282
2150,C:\Users\joshy\OneDrive\Documents\Kravitz Lab\freezeData\\0318\20260318043534-b92.14-f8.png,2026-03-18 04:35:34,8.0,57.92078853570845,7.406229802352871,482.2482728444,92.006588,0.6483923147666281
2151,C:\Users\joshy\OneDrive\Documents\Kravitz Lab\freezeData\\0318\20260318043553-b91.37-f10.png,2026-03-18 04:35:53,10.0,58.194699425786055,7.3866838113762,512.5378882508641,91.262196,0.5985341188021542
2152,C:\Users\joshy\OneDrive\Documents\Kravitz Lab\freezeData\\0318\20260318043613-b92.49-f0.png,2026-03-18 04:36:13,0.0,56.28145093919538,7.405428598739366,439.2262678384001,92.353712,0.6997824367405475
2153,C:\Users\joshy\OneDrive\Documents\Kravitz Lab\freezeData\\0318\20260318043632-b93.00-f2.png,2026-03-18 04:36:32,2.0,56.780797435809234,7.420921157789501,508.804884702144,92.84744,0.7434512699495502
2154,C:\Users\joshy\OneDrive\Documents\Kravitz Lab\freezeData\\0318\20260318043650-b93.16-f4.png,2026-03-18 04:36:50,4.0,57.25902977032831,7.424173376398126,448.39809986609606,93.010284,0.7881115069550572
2155,C:\Users\joshy\OneDrive\Documents\Kravitz Lab\freezeData\\0318\20260318043709-b92.87-f6.png,2026-03-18 04:37:09,6.0,57.7143030561214,7.418182249307541,443.85877680305595,92.727224,0.7223184239728171
2156,C:\Users\joshy\OneDrive\Documents\Kravitz Lab\freezeData\\0318\20260318043728-b92.27-f8.png,2026-03-18 04:37:28,8.0,58.07034561025446,7.409854598747324,461.56954897760005,92.15084,0.6492287781855074
2157,C:\Users\joshy\OneDrive\Documents\Kravitz Lab\freezeData\\0318\20260318043747-b91.47-f10.png,2026-03-18 04:37:47,10.0,58.30882341310837,7.389012581831616,473.968077750016,91.353712,0.6010655836911738
2158,C:\Users\joshy\OneDrive\Documents\Kravitz Lab\freezeData\\0318\20260318043806-b92.40-f0.png,2026-03-18 04:38:06,0.0,56.31255931885306,7.404216418555855,454.6041893022559,92.285284,0.7006866305419862
2159,C:\Users\joshy\OneDrive\Documents\Kravitz Lab\freezeData\\0318\20260318043826-b92.63-f2.png,2026-03-18 04:38:26,2.0,56.8265080336336,7.421884792019367,508.3102310716,92.468876,0.7435958264159369
2160,C:\Users\joshy\OneDrive\Documents\Kravitz Lab\freezeData\\0318\20260318043845-b93.38-f4.png,2026-03-18 04:38:45,4.0,57.36966793538537,7.424973177349044,459.27676562942395,93.238296,0.7855968378428079
2161,C:\Users\joshy\OneDrive\Documents\Kravitz Lab\freezeData\\0318\20260318043903-b92.81-f6.png,2026-03-18 04:39:03,6.0,57.786190276597544,7.415130011811213,451.72458915065585,92.670192,0.7229966130253905
2162,C:\Users\joshy\OneDrive\Documents\Kravitz Lab\freezeData\\0318\20260318043922-b92.22-f8.png,2026-03-18 04:39:22,8.0,58.144030970417724,7.406465976116321,460.70401442814403,92.097152,0.6528683993674163
2163,C:\Users\joshy\OneDrive\Documents\Kravitz Lab\freezeData\\0318\20260318043942-b91.58-f10.png,2026-03-18 04:39:42,10.0,58.30958713243976,7.388854096058862,526.1348771991039,91.494304,0.5980489533370847
2164,C:\Users\joshy\OneDrive\Documents\Kravitz Lab\freezeData\\0318\20260318044001-b92.26-f0.png,2026-03-18 04:40:01,0.0,56.30909700235713,7.403666017152882,436.55022658041605,92.126944,0.6991345767379696
2165,C:\Users\joshy\OneDrive\Documents\Kravitz Lab\freezeData\\0318\20260318044019-b92.74-f2.png,2026-03-18 04:40:19,2.0,56.89198147017009,7.419271130809846,490.91738281982396,92.578768,0.7424904308418399
2166,C:\Users\joshy\OneDrive\Documents\Kravitz Lab\freezeData\\0318\20260318044037-b92.99-f4.png,2026-03-18 04:40:37,4.0,57.28321555996088,7.423744797183675,445.5524608817759,92.828084,0.786091418911305
2167,C:\Users\joshy\OneDrive\Documents\Kravitz Lab\freezeData\\0318\20260318044057-b92.85-f6.png,2026-03-18 04:40:57,6.0,57.68650427582466,7.418516056670852,451.06249338854394,92.712792,0.7186424538933344
2168,C:\Users\joshy\OneDrive\Documents\Kravitz Lab\freezeData\\0318\20260318044114-b92.29-f8.png,2026-03-18 04:41:14,8.0,58.095584183906574,7.40869876996352,431.25673419134404,92.146432,0.6510253247103995
2169,C:\Users\joshy\OneDrive\Documents\Kravitz Lab\freezeData\\0318\20260318044133-b91.47-f10.png,2026-03-18 04:41:33,10.0,58.34812302298897,7.387874476853873,484.64398592049594,91.356488,0.5991800573746238
2170,C:\Users\joshy\OneDrive\Documents\Kravitz Lab\freezeData\\0318\20260318044152-b92.27-f0.png,2026-03-18 04:41:52,0.0,56.368575167010356,7.4057254748599,439.482634085376,92.129652,0.6973999027812574
2171,C:\Users\joshy\OneDrive\Documents\Kravitz Lab\freezeData\\0318\20260318044211-b92.74-f2.png,2026-03-18 04:42:11,2.0,56.86544206912581,7.41931979986935,470.43595998398405,92.577164,0.7432338239647843
2172,C:\Users\joshy\OneDrive\Documents\Kravitz Lab\freezeData\\0318\20260318044229-b92.74-f4.png,2026-03-18 04:42:29,4.0,57.348577524584655,7.42462174214412,443.97615798769596,92.576052,0.7862612644435949
2173,C:\Users\joshy\OneDrive\Documents\Kravitz Lab\freezeData\\0318\20260318044249-b92.78-f6.png,2026-03-18 04:42:49,6.0,57.714525210780835,7.420630169797723,455.114914392176,92.643512,0.7193877727743927
2174,C:\Users\joshy\OneDrive\Documents\Kravitz Lab\freezeData\\0318\20260318044307-b92.17-f8.png,2026-03-18 04:43:07,8.0,58.04932168074401,7.4032827081957615,444.518361580016,92.039248,0.6535668388370568
2175,C:\Users\joshy\OneDrive\Documents\Kravitz Lab\freezeData\\0318\20260318044325-b91.48-f10.png,2026-03-18 04:43:25,10.0,58.29810828947903,7.387533960314532,491.79057942470405,91.371276,0.6013887704251707
2176,C:\Users\joshy\OneDrive\Documents\Kravitz Lab\freezeData\\0318\20260318044345-b92.41-f0.png,2026-03-18 04:43:45,0.0,56.42033028930249,7.405973806154979,449.35032370681597,92.275496,0.698498172011388
2177,C:\Users\joshy\OneDrive\Documents\Kravitz Lab\freezeData\\0318\20260318044403-b92.86-f2.png,2026-03-18 04:44:03,2.0,56.92974653519547,7.418506774597893,493.0505973365759,92.70628,0.74281525727238
2178,C:\Users\joshy\OneDrive\Documents\Kravitz Lab\freezeData\\0318\20260318044421-b92.89-f4.png,2026-03-18 04:44:21,4.0,57.34285750957809,7.424470478634062,432.5277697299841,92.728168,0.7856877021712045
2179,C:\Users\joshy\OneDrive\Documents\Kravitz Lab\freezeData\\0318\20260318044459-b92.12-f8.png,2026-03-18 04:44:59,8.0,58.1417568791861,7.405076221487064,462.58280062961603,91.995204,0.6501262248017732
2180,C:\Users\joshy\OneDrive\Documents\Kravitz Lab\freezeData\\0318\20260318044441-b92.79-f6.png,2026-03-18 04:44:41,6.0,57.73822384173742,7.415949085752052,437.748494341056,92.631132,0.7200805991707288
2181,C:\Users\joshy\OneDrive\Documents\Kravitz Lab\freezeData\\0318\20260318044518-b91.76-f10.png,2026-03-18 04:45:18,10.0,58.45192263152876,7.390554584821713,484.64135836,91.636076,0.598937826225495
2182,C:\Users\joshy\OneDrive\Documents\Kravitz Lab\freezeData\\0318\20260318044537-b92.46-f0.png,2026-03-18 04:45:37,0.0,56.343986320481655,7.401380882463214,442.7246184303999,92.311624,0.6985432380224054
2183,C:\Users\joshy\OneDrive\Documents\Kravitz Lab\freezeData\\0318\20260318044555-b92.66-f2.png,2026-03-18 04:45:55,2.0,56.89481359239923,7.419688159718073,506.506122468096,92.501512,0.7432821844577265
2184,C:\Users\joshy\OneDrive\Documents\Kravitz Lab\freezeData\\0318\20260318044613-b92.99-f4.png,2026-03-18 04:46:13,4.0,57.358852105320246,7.421615777530384,428.4141958203999,92.8346,0.7882526368552193
2185,C:\Users\joshy\OneDrive\Documents\Kravitz Lab\freezeData\\0318\20260318044632-b92.60-f6.png,2026-03-18 04:46:32,6.0,57.82577371369815,7.417170811621997,453.424249914864,92.468276,0.7183324003425449
2186,C:\Users\joshy\OneDrive\Documents\Kravitz Lab\freezeData\\0318\20260318044651-b92.01-f8.png,2026-03-18 04:46:51,8.0,58.13199885720167,7.405206771739276,445.717636223216,91.884048,0.6517707073707223
2187,C:\Users\joshy\OneDrive\Documents\Kravitz Lab\freezeData\\0318\20260318044709-b91.47-f10.png,2026-03-18 04:47:09,10.0,58.24339208173356,7.382783826272349,497.26393792049606,91.349884,0.5991823552113331
2188,C:\Users\joshy\OneDrive\Documents\Kravitz Lab\freezeData\\0318\20260318044729-b92.26-f0.png,2026-03-18 04:47:29,0.0,56.48091722360267,7.406215535509628,447.29519117758394,92.132112,0.6968624450615549
2189,C:\Users\joshy\OneDrive\Documents\Kravitz Lab\freezeData\\0318\20260318044747-b92.72-f2.png,2026-03-18 04:47:47,2.0,56.946099316114854,7.412834221801616,466.168272716656,92.566428,0.7430823710622412
2190,C:\Users\joshy\OneDrive\Documents\Kravitz Lab\freezeData\\0318\20260318044805-b92.66-f4.png,2026-03-18 04:48:05,4.0,57.40641734440442,7.423890944370903,448.53288811513596,92.519992,0.7870052522507218
2191,C:\Users\joshy\OneDrive\Documents\Kravitz Lab\freezeData\\0318\20260318044823-b92.57-f6.png,2026-03-18 04:48:23,6.0,57.81285785657637,7.420251840210506,451.3080932576641,92.419536,0.7191168630510959
2192,C:\Users\joshy\OneDrive\Documents\Kravitz Lab\freezeData\\0318\20260318044842-b92.14-f8.png,2026-03-18 04:48:42,8.0,58.11374466449864,7.404554865149164,465.857438215616,92.016884,0.6504501356120089
2193,C:\Users\joshy\OneDrive\Documents\Kravitz Lab\freezeData\\0318\20260318044900-b91.25-f10.png,2026-03-18 04:49:00,10.0,58.3613457954809,7.383667816387194,500.9970551571839,91.159452,0.6003425557736305
2194,C:\Users\joshy\OneDrive\Documents\Kravitz Lab\freezeData\\0318\20260318044920-b92.23-f0.png,2026-03-18 04:49:20,0.0,56.42847304469629,7.402716551561689,451.33779018225596,92.107228,0.6988635819291869
2195,C:\Users\joshy\OneDrive\Documents\Kravitz Lab\freezeData\\0318\20260318044939-b92.61-f2.png,2026-03-18 04:49:39,2.0,56.91053469105473,7.417374894799829,495.240964673024,92.466516,0.7442730487051931
2196,C:\Users\joshy\OneDrive\Documents\Kravitz Lab\freezeData\\0318\20260318044957-b92.68-f4.png,2026-03-18 04:49:57,4.0,57.3521038236403,7.418378778448136,444.04812246809604,92.518628,0.7844620248609155
2197,C:\Users\joshy\OneDrive\Documents\Kravitz Lab\freezeData\\0318\20260318045016-b92.68-f6.png,2026-03-18 04:50:16,6.0,57.797629684595336,7.417215711059115,453.51816233073606,92.533628,0.7174490717953149
2198,C:\Users\joshy\OneDrive\Documents\Kravitz Lab\freezeData\\0318\20260318045035-b92.03-f8.png,2026-03-18 04:50:35,8.0,58.14263814063398,7.401258861870936,463.890632790896,91.919464,0.652525383564367
2199,C:\Users\joshy\OneDrive\Documents\Kravitz Lab\freezeData\\0318\20260318045055-b91.39-f10.png,2026-03-18 04:50:55,10.0,58.38490527773781,7.387922451785995,524.480081647344,91.279828,0.5970971582076122
2200,C:\Users\joshy\OneDrive\Documents\Kravitz Lab\freezeData\\0318\20260318045115-b92.03-f0.png,2026-03-18 04:51:15,0.0,56.33946886189113,7.400207738932101,433.16865514238407,91.8794,0.6981917174262264
2201,C:\Users\joshy\OneDrive\Documents\Kravitz Lab\freezeData\\0318\20260318045135-b92.60-f2.png,2026-03-18 04:51:35,2.0,56.953019680927056,7.4164103579168,500.40986793574405,92.443456,0.7418215603599744
2202,C:\Users\joshy\OneDrive\Documents\Kravitz Lab\freezeData\\0318\20260318045153-b92.78-f4.png,2026-03-18 04:51:53,4.0,57.29689571491984,7.416546793889195,436.126849609216,92.62344,0.7873253269782965
2203,C:\Users\joshy\OneDrive\Documents\Kravitz Lab\freezeData\\0318\20260318045211-b92.63-f6.png,2026-03-18 04:52:11,6.0,57.78952647234147,7.418795794359189,433.632545701744,92.472612,0.7196559917679758
2204,C:\Users\joshy\OneDrive\Documents\Kravitz Lab\freezeData\\0318\20260318045232-b92.03-f8.png,2026-03-18 04:52:32,8.0,58.11508663843577,7.402630793511559,457.6086609766241,91.921152,0.6522335298365817
2205,C:\Users\joshy\OneDrive\Documents\Kravitz Lab\freezeData\\0318\20260318045252-b91.33-f10.png,2026-03-18 04:52:52,10.0,58.43279996633069,7.389956173692562,507.4828743964,91.211528,0.5972815640888237
2206,C:\Users\joshy\OneDrive\Documents\Kravitz Lab\freezeData\\0318\20260318045311-b92.05-f0.png,2026-03-18 04:53:11,0.0,56.349212255219186,7.399266205035216,432.569913322944,91.913016,0.6995348344828229
2207,C:\Users\joshy\OneDrive\Documents\Kravitz Lab\freezeData\\0318\20260318045330-b92.36-f2.png,2026-03-18 04:53:30,2.0,56.95251436034845,7.411066551582053,506.740542819824,92.207952,0.7425857470853418
2208,C:\Users\joshy\OneDrive\Documents\Kravitz Lab\freezeData\\0318\20260318045349-b92.56-f4.png,2026-03-18 04:53:49,4.0,57.42698592963054,7.419322413074492,451.94085686041603,92.401496,0.785975801738607
2209,C:\Users\joshy\OneDrive\Documents\Kravitz Lab\freezeData\\0318\20260318045408-b92.52-f6.png,2026-03-18 04:54:08,6.0,57.70248684676196,7.413048423748959,454.519661640704,92.391208,0.7219878948857337
2210,C:\Users\joshy\OneDrive\Documents\Kravitz Lab\freezeData\\0318\20260318045426-b91.85-f8.png,2026-03-18 04:54:26,8.0,58.07855067700764,7.400853357962108,472.449006064896,91.718484,0.6487507644656775
2211,C:\Users\joshy\OneDrive\Documents\Kravitz Lab\freezeData\\0318\20260318045444-b91.29-f10.png,2026-03-18 04:54:44,10.0,58.4729232016837,7.388598075075927,508.9916453376,91.1765,0.5963746681527754
2212,C:\Users\joshy\OneDrive\Documents\Kravitz Lab\freezeData\\0318\20260318045504-b92.16-f0.png,2026-03-18 04:55:04,0.0,56.378286105911236,7.402360511022856,455.549138468096,92.029996,0.6990815484678387
2213,C:\Users\joshy\OneDrive\Documents\Kravitz Lab\freezeData\\0318\20260318045522-b92.53-f2.png,2026-03-18 04:55:22,2.0,56.93976742873528,7.413226239558704,490.2863158384,92.383256,0.7446786750304718
2214,C:\Users\joshy\OneDrive\Documents\Kravitz Lab\freezeData\\0318\20260318045541-b92.75-f4.png,2026-03-18 04:55:41,4.0,57.37977605646868,7.421436776740521,440.62981681760004,92.588248,0.7872139610211363
2215,C:\Users\joshy\OneDrive\Documents\Kravitz Lab\freezeData\\0318\20260318045559-b92.57-f6.png,2026-03-18 04:55:59,6.0,57.76041888308374,7.414063305272473,457.19787812857606,92.437052,0.7202839944407613
2216,C:\Users\joshy\OneDrive\Documents\Kravitz Lab\freezeData\\0318\20260318045618-b91.84-f8.png,2026-03-18 04:56:18,8.0,58.07699968652306,7.40239983396651,463.3326687640959,91.71454,0.6487427755049194
2217,C:\Users\joshy\OneDrive\Documents\Kravitz Lab\freezeData\\0318\20260318045637-b90.96-f10.png,2026-03-18 04:56:37,10.0,58.34534922063968,7.383645568360632,495.89104202265594,90.85404,0.5990111308757942
2218,C:\Users\joshy\OneDrive\Documents\Kravitz Lab\freezeData\\0318\20260318045656-b92.07-f0.png,2026-03-18 04:56:56,0.0,56.338614007477176,7.3972672510878414,464.12090698240013,91.946636,0.699025692630998
2219,C:\Users\joshy\OneDrive\Documents\Kravitz Lab\freezeData\\0318\20260318045715-b92.34-f2.png,2026-03-18 04:57:15,2.0,56.85530694259399,7.411535542749439,487.92966076000005,92.173368,0.7431499460530333
2220,C:\Users\joshy\OneDrive\Documents\Kravitz Lab\freezeData\\0318\20260318045733-b92.62-f4.png,2026-03-18 04:57:33,4.0,57.38645216559044,7.416772901878397,446.0782576496,92.47592,0.7853131071869778
2221,C:\Users\joshy\OneDrive\Documents\Kravitz Lab\freezeData\\0318\20260318045753-b92.06-f6.png,2026-03-18 04:57:53,6.0,57.77083968560956,7.409907797837364,444.47607744,91.92486,0.7204826481157813
2222,C:\Users\joshy\OneDrive\Documents\Kravitz Lab\freezeData\\0318\20260318045813-b91.97-f8.png,2026-03-18 04:58:13,8.0,58.06595953331349,7.400948459833467,463.34804616550406,91.85234,0.6488960212854791
2223,C:\Users\joshy\OneDrive\Documents\Kravitz Lab\freezeData\\0318\20260318045832-b91.20-f10.png,2026-03-18 04:58:32,10.0,58.4829220001544,7.382292793695169,504.94185884,91.092684,0.5988698503583081
2224,C:\Users\joshy\OneDrive\Documents\Kravitz Lab\freezeData\\0318\20260318045850-b91.96-f0.png,2026-03-18 04:58:50,0.0,56.36134386254622,7.39904072148334,464.944300126976,91.848732,0.6993673697739334
2225,C:\Users\joshy\OneDrive\Documents\Kravitz Lab\freezeData\\0318\20260318045910-b92.04-f2.png,2026-03-18 04:59:10,2.0,56.908411247656524,7.410685963636937,495.488223623536,91.88974,0.7430900129439483
2226,C:\Users\joshy\OneDrive\Documents\Kravitz Lab\freezeData\\0318\20260318045929-b92.50-f4.png,2026-03-18 04:59:29,4.0,57.323721305525865,7.41807175857924,465.2389599344001,92.34808,0.7863150457140695
2227,C:\Users\joshy\OneDrive\Documents\Kravitz Lab\freezeData\\0318\20260318045948-b92.27-f6.png,2026-03-18 04:59:48,6.0,57.812387124702745,7.409874767862977,456.950169937904,92.154748,0.7209711637535866
2228,C:\Users\joshy\OneDrive\Documents\Kravitz Lab\freezeData\\0318\20260318050007-b91.78-f8.png,2026-03-18 05:00:07,8.0,58.12849683690656,7.401006359815455,453.35423952497604,91.663412,0.6523187298032486
2229,C:\Users\joshy\OneDrive\Documents\Kravitz Lab\freezeData\\0318\20260318050025-b91.08-f10.png,2026-03-18 05:00:25,10.0,58.38644991892636,7.3821907621573155,519.247960392816,90.984448,0.5985378553884746
2230,C:\Users\joshy\OneDrive\Documents\Kravitz Lab\freezeData\\0318\20260318050043-b91.79-f0.png,2026-03-18 05:00:43,0.0,56.49547475090288,7.402814267366235,456.93475400729596,91.659564,0.6985440011313153
2231,C:\Users\joshy\OneDrive\Documents\Kravitz Lab\freezeData\\0318\20260318050103-b92.65-f2.png,2026-03-18 05:01:03,2.0,56.92591194973565,7.41047425099722,488.72960714238394,92.508288,0.7430828866067206
2232,C:\Users\joshy\OneDrive\Documents\Kravitz Lab\freezeData\\0318\20260318050120-b92.32-f4.png,2026-03-18 05:01:20,4.0,57.27287748781491,7.4165043850987535,454.242204404464,92.170588,0.7861491880507161
2233,C:\Users\joshy\OneDrive\Documents\Kravitz Lab\freezeData\\0318\20260318050138-b92.10-f6.png,2026-03-18 05:01:38,6.0,57.6588591483135,7.4102903583990845,452.812381204416,91.982288,0.7212084103322981
2234,C:\Users\joshy\OneDrive\Documents\Kravitz Lab\freezeData\\0318\20260318050158-b91.83-f8.png,2026-03-18 05:01:58,8.0,58.15790838244099,7.404421952320074,458.94508068350393,91.70214,0.64935528215353
2235,C:\Users\joshy\OneDrive\Documents\Kravitz Lab\freezeData\\0318\20260318050217-b91.04-f10.png,2026-03-18 05:02:17,10.0,58.42101510201629,7.381551281437646,494.620642247104,90.929272,0.5971023369465637
2236,C:\Users\joshy\OneDrive\Documents\Kravitz Lab\freezeData\\0318\20260318050235-b91.85-f0.png,2026-03-18 05:02:35,0.0,56.419212904825116,7.395752356609396,465.95022391960003,91.724996,0.6982804113342047
2237,C:\Users\joshy\OneDrive\Documents\Kravitz Lab\freezeData\\0318\20260318050254-b92.27-f2.png,2026-03-18 05:02:54,2.0,56.91981020690775,7.408842714783495,510.0949963136,92.12936,0.7427299832077497
2238,C:\Users\joshy\OneDrive\Documents\Kravitz Lab\freezeData\\0318\20260318050313-b92.36-f4.png,2026-03-18 05:03:13,4.0,57.35010876403622,7.412296959559095,441.277478819824,92.207096,0.7869615229655565
2239,C:\Users\joshy\OneDrive\Documents\Kravitz Lab\freezeData\\0318\20260318050332-b92.18-f6.png,2026-03-18 05:03:32,6.0,57.768213782602764,7.410546715754342,462.213597833216,92.048748,0.7181048157045281
2240,C:\Users\joshy\OneDrive\Documents\Kravitz Lab\freezeData\\0318\20260318050353-b91.63-f8.png,2026-03-18 05:03:53,8.0,58.25980898519665,7.40167760597743,469.6260560836961,91.51578,0.6496362191805745
2241,C:\Users\joshy\OneDrive\Documents\Kravitz Lab\freezeData\\0318\20260318050430-b91.56-f0.png,2026-03-18 05:04:30,0.0,56.35340711082516,7.396030076650364,462.475302964464,91.42504,0.6980753430265716
2242,C:\Users\joshy\OneDrive\Documents\Kravitz Lab\freezeData\\0318\20260318050412-b91.00-f10.png,2026-03-18 05:04:12,10.0,58.5549811714597,7.379489942905384,485.283392604784,90.8751,0.5995551496808863
2243,C:\Users\joshy\OneDrive\Documents\Kravitz Lab\freezeData\\0318\20260318050449-b92.26-f2.png,2026-03-18 05:04:49,2.0,56.89684104361507,7.407471036789878,507.073229466864,92.10976,0.7437413417607815
2244,C:\Users\joshy\OneDrive\Documents\Kravitz Lab\freezeData\\0318\20260318050508-b92.43-f4.png,2026-03-18 05:05:08,4.0,57.420283569032435,7.4170182629614425,462.358152860416,92.292648,0.7852017888765247
2245,C:\Users\joshy\OneDrive\Documents\Kravitz Lab\freezeData\\0318\20260318050527-b92.16-f6.png,2026-03-18 05:05:27,6.0,57.725847134191106,7.409525559636376,452.8874131776001,92.0308,0.7190767997859682
2246,C:\Users\joshy\OneDrive\Documents\Kravitz Lab\freezeData\\0318\20260318050545-b91.40-f8.png,2026-03-18 05:05:45,8.0,58.11983389273496,7.39572437849964,475.32783806489607,91.280664,0.6494162492115253
2247,C:\Users\joshy\OneDrive\Documents\Kravitz Lab\freezeData\\0318\20260318050605-b90.74-f10.png,2026-03-18 05:06:05,10.0,58.524865905248994,7.38119702965589,524.8327305275999,90.638068,0.5965890965355473
2248,C:\Users\joshy\OneDrive\Documents\Kravitz Lab\freezeData\\0318\20260318050624-b91.72-f0.png,2026-03-18 05:06:24,0.0,56.49417526654428,7.395927020679319,458.094502856176,91.598676,0.6976903573466379
2249,C:\Users\joshy\OneDrive\Documents\Kravitz Lab\freezeData\\0318\20260318050643-b92.21-f2.png,2026-03-18 05:06:43,2.0,56.96972406378321,7.407937958824253,499.72003393790413,92.06158,0.7436906770147744
2250,C:\Users\joshy\OneDrive\Documents\Kravitz Lab\freezeData\\0318\20260318050702-b92.17-f4.png,2026-03-18 05:07:02,4.0,57.304148495907555,7.415019092507578,455.67271683902396,92.010824,0.786371396624653
2251,C:\Users\joshy\OneDrive\Documents\Kravitz Lab\freezeData\\0318\20260318050720-b92.08-f6.png,2026-03-18 05:07:20,6.0,57.758318022943016,7.408343862935985,452.334564374784,91.954976,0.721670636417511
2252,C:\Users\joshy\OneDrive\Documents\Kravitz Lab\freezeData\\0318\20260318050740-b91.49-f8.png,2026-03-18 05:07:40,8.0,58.168735428342124,7.397171292030354,457.762850042304,91.366244,0.6513712628011085
2253,C:\Users\joshy\OneDrive\Documents\Kravitz Lab\freezeData\\0318\20260318050758-b90.89-f10.png,2026-03-18 05:07:58,10.0,58.4762053346899,7.382037244528801,509.4501479679841,90.787572,0.5982643669904754
2254,C:\Users\joshy\OneDrive\Documents\Kravitz Lab\freezeData\\0318\20260318050816-b91.86-f0.png,2026-03-18 05:08:16,0.0,56.503831991821585,7.397340426123441,452.42263364959996,91.7168,0.6988143220292394
2255,C:\Users\joshy\OneDrive\Documents\Kravitz Lab\freezeData\\0318\20260318050836-b92.25-f2.png,2026-03-18 05:08:36,2.0,56.89488369066744,7.408919652659161,527.356732930496,92.102868,0.7413467087978268
2256,C:\Users\joshy\OneDrive\Documents\Kravitz Lab\freezeData\\0318\20260318050854-b92.48-f4.png,2026-03-18 05:08:54,4.0,57.27862729399635,7.417694380604018,466.146487386096,92.323616,0.7862799629966394
2257,C:\Users\joshy\OneDrive\Documents\Kravitz Lab\freezeData\\0318\20260318050912-b92.13-f6.png,2026-03-18 05:09:12,6.0,57.695510721185364,7.410724795291294,453.166785960816,91.993172,0.7210854212442879
2258,C:\Users\joshy\OneDrive\Documents\Kravitz Lab\freezeData\\0318\20260318050951-b90.99-f10.png,2026-03-18 05:09:51,10.0,58.41861225363177,7.381642324533152,522.7451851644,90.883268,0.5963556628922136
2259,C:\Users\joshy\OneDrive\Documents\Kravitz Lab\freezeData\\0318\20260318050932-b91.53-f8.png,2026-03-18 05:09:32,8.0,58.166188895280534,7.398201895020526,470.33018473726406,91.423388,0.6511246315237633
2260,C:\Users\joshy\OneDrive\Documents\Kravitz Lab\freezeData\\0318\20260318051009-b91.90-f0.png,2026-03-18 05:10:09,0.0,56.37487231049223,7.399111230645289,460.2091694872959,91.764764,0.6975138870244315
2261,C:\Users\joshy\OneDrive\Documents\Kravitz Lab\freezeData\\0318\20260318051029-b92.27-f2.png,2026-03-18 05:10:29,2.0,56.960078713256706,7.407216235375342,501.72152851057604,92.13214,0.7418682197974121
2262,C:\Users\joshy\OneDrive\Documents\Kravitz Lab\freezeData\\0318\20260318051048-b92.56-f4.png,2026-03-18 05:10:48,4.0,57.37927207500632,7.419211776706396,444.5550658496,92.38868,0.7863526120846235
2263,C:\Users\joshy\OneDrive\Documents\Kravitz Lab\freezeData\\0318\20260318051106-b92.42-f6.png,2026-03-18 05:11:06,6.0,57.78509476298731,7.412453019393567,438.6797899264,92.265976,0.7195405730425423
2264,C:\Users\joshy\OneDrive\Documents\Kravitz Lab\freezeData\\0318\20260318051125-b91.75-f8.png,2026-03-18 05:11:25,8.0,58.17276723589154,7.3990921212372145,446.7305180144,91.609472,0.650708006389465
2265,C:\Users\joshy\OneDrive\Documents\Kravitz Lab\freezeData\\0318\20260318051144-b91.13-f10.png,2026-03-18 05:11:44,10.0,58.520753076924905,7.38051699499561,471.1031079296,91.004828,0.5996433303247174
2266,C:\Users\joshy\OneDrive\Documents\Kravitz Lab\freezeData\\0318\20260318051202-b91.96-f0.png,2026-03-18 05:12:02,0.0,56.439113277610446,7.400816791420423,451.20535364959994,91.822584,0.6975950138996948
2267,C:\Users\joshy\OneDrive\Documents\Kravitz Lab\freezeData\\0318\20260318051222-b92.16-f2.png,2026-03-18 05:12:22,2.0,56.91360012495066,7.41417190442945,509.43156387097605,91.999096,0.7419613389308389
2268,C:\Users\joshy\OneDrive\Documents\Kravitz Lab\freezeData\\0318\20260318051241-b92.38-f4.png,2026-03-18 05:12:41,4.0,57.31154003184475,7.41828428874532,442.383878026864,92.216516,0.7863318127708739
2269,C:\Users\joshy\OneDrive\Documents\Kravitz Lab\freezeData\\0318\20260318051258-b92.08-f6.png,2026-03-18 05:12:58,6.0,57.85039284508011,7.415135284541183,456.02518486001605,91.936852,0.7207172682931253
2270,C:\Users\joshy\OneDrive\Documents\Kravitz Lab\freezeData\\0318\20260318051319-b91.54-f8.png,2026-03-18 05:13:19,8.0,58.07148902340714,7.398983212904086,452.321125811136,91.399548,0.6507652755342181
2271,C:\Users\joshy\OneDrive\Documents\Kravitz Lab\freezeData\\0318\20260318051338-b91.04-f10.png,2026-03-18 05:13:38,10.0,58.4821868548044,7.381337894329867,526.083472191424,90.927912,0.5957409471778379
2272,C:\Users\joshy\OneDrive\Documents\Kravitz Lab\freezeData\\0318\20260318051356-b91.86-f0.png,2026-03-18 05:13:56,0.0,56.48320473157294,7.4008579180889225,458.076528420336,91.713596,0.6974980806042536
2273,C:\Users\joshy\OneDrive\Documents\Kravitz Lab\freezeData\\0318\20260318051415-b92.34-f2.png,2026-03-18 05:14:15,2.0,56.938217694687424,7.412001580370536,489.23233575640006,92.168872,0.7411812280666285
2274,C:\Users\joshy\OneDrive\Documents\Kravitz Lab\freezeData\\0318\20260318051434-b92.42-f4.png,2026-03-18 05:14:34,4.0,57.407724907543795,7.418138920045403,445.607710660864,92.245424,0.7855119356843009
2275,C:\Users\joshy\OneDrive\Documents\Kravitz Lab\freezeData\\0318\20260318051453-b92.48-f6.png,2026-03-18 05:14:53,6.0,57.814786307280805,7.416627883160163,454.889829994944,92.327616,0.7176302520424638
2276,C:\Users\joshy\OneDrive\Documents\Kravitz Lab\freezeData\\0318\20260318051513-b91.61-f8.png,2026-03-18 05:15:13,8.0,58.11370448449832,7.400732762267171,449.9422307584,91.48378,0.649517931983295
2277,C:\Users\joshy\OneDrive\Documents\Kravitz Lab\freezeData\\0318\20260318051533-b90.85-f10.png,2026-03-18 05:15:33,10.0,58.42343820111432,7.379902907272354,508.20852351639996,90.745024,0.5983085446346225
2278,C:\Users\joshy\OneDrive\Documents\Kravitz Lab\freezeData\\0318\20260318051551-b91.85-f0.png,2026-03-18 05:15:51,0.0,56.45824691277263,7.401612114646158,443.17659529977595,91.69558,0.697163954857211
2279,C:\Users\joshy\OneDrive\Documents\Kravitz Lab\freezeData\\0318\20260318051610-b92.13-f2.png,2026-03-18 05:16:10,2.0,56.95172883649998,7.411602112240845,485.95288283801597,91.964076,0.742130107887161
2280,C:\Users\joshy\OneDrive\Documents\Kravitz Lab\freezeData\\0318\20260318051630-b92.51-f4.png,2026-03-18 05:16:30,4.0,57.43942212894333,7.419489288672814,457.019029384816,92.364584,0.7847912431023181
2281,C:\Users\joshy\OneDrive\Documents\Kravitz Lab\freezeData\\0318\20260318051648-b92.28-f6.png,2026-03-18 05:16:48,6.0,57.837186087841445,7.413091170384937,456.57548124439995,92.13602,0.7187565908594717
2282,C:\Users\joshy\OneDrive\Documents\Kravitz Lab\freezeData\\0318\20260318051706-b91.67-f8.png,2026-03-18 05:17:06,8.0,58.2063519058467,7.398327118723718,450.01751532640003,91.534144,0.6518129777864482
2283,C:\Users\joshy\OneDrive\Documents\Kravitz Lab\freezeData\\0318\20260318051726-b90.91-f10.png,2026-03-18 05:17:26,10.0,58.50233107095806,7.3790598392262945,506.12761942470394,90.783004,0.5971369086354505
2284,C:\Users\joshy\OneDrive\Documents\Kravitz Lab\freezeData\\0318\20260318051746-b91.97-f0.png,2026-03-18 05:17:46,0.0,56.48317128585172,7.396812755928373,445.46258420529597,91.832556,0.6971296070463945
2285,C:\Users\joshy\OneDrive\Documents\Kravitz Lab\freezeData\\0318\20260318051823-b92.46-f4.png,2026-03-18 05:18:23,4.0,57.40506982196691,7.417072415451021,458.36741475840006,92.296848,0.7842712698023449
2286,C:\Users\joshy\OneDrive\Documents\Kravitz Lab\freezeData\\0318\20260318051804-b92.33-f2.png,2026-03-18 05:18:04,2.0,56.992296205158254,7.412772399392244,492.0008394204001,92.175252,0.7423891662447883
2287,C:\Users\joshy\OneDrive\Documents\Kravitz Lab\freezeData\\0318\20260318051843-b92.24-f6.png,2026-03-18 05:18:43,6.0,57.75555088861454,7.412652773625594,463.93912910999995,92.095716,0.7182065016599872
2288,C:\Users\joshy\OneDrive\Documents\Kravitz Lab\freezeData\\0318\20260318051901-b91.55-f8.png,2026-03-18 05:19:01,8.0,58.175423016231726,7.397980707004985,446.30204174182404,91.437864,0.6516565337119086
2289,C:\Users\joshy\OneDrive\Documents\Kravitz Lab\freezeData\\0318\20260318051920-b91.12-f10.png,2026-03-18 05:19:20,10.0,58.48421815162706,7.37777736544983,500.841615893744,91.015336,0.5986402146834456
2290,C:\Users\joshy\OneDrive\Documents\Kravitz Lab\freezeData\\0318\20260318051941-b91.74-f0.png,2026-03-18 05:19:41,0.0,56.46715324511495,7.397545334184083,442.57486285617597,91.597552,0.6973071368605125
2291,C:\Users\joshy\OneDrive\Documents\Kravitz Lab\freezeData\\0318\20260318051959-b92.27-f2.png,2026-03-18 05:19:59,2.0,56.941282624363005,7.404915117471243,503.43047622086397,92.125304,0.741848507557506
2292,C:\Users\joshy\OneDrive\Documents\Kravitz Lab\freezeData\\0318\20260318052017-b92.57-f4.png,2026-03-18 05:20:17,4.0,57.385910829894264,7.417126744830935,441.33466809265593,92.416632,0.7844462447746163
2293,C:\Users\joshy\OneDrive\Documents\Kravitz Lab\freezeData\\0318\20260318052036-b92.06-f6.png,2026-03-18 05:20:36,6.0,57.783915149307774,7.414031698060329,477.1400567166559,91.92724,0.7175407263271374
2294,C:\Users\joshy\OneDrive\Documents\Kravitz Lab\freezeData\\0318\20260318052056-b91.37-f8.png,2026-03-18 05:20:56,8.0,58.14786608904922,7.398408197582324,476.73460008369597,91.2577,0.6492742441967483
2295,C:\Users\joshy\OneDrive\Documents\Kravitz Lab\freezeData\\0318\20260318052114-b90.94-f10.png,2026-03-18 05:21:14,10.0,58.42275070804509,7.373814113996154,478.887263807424,90.816796,0.5989408457330013
2296,C:\Users\joshy\OneDrive\Documents\Kravitz Lab\freezeData\\0318\20260318052133-b92.05-f0.png,2026-03-18 05:21:33,0.0,56.520155857095794,7.396989422938657,453.655771640256,91.90836,0.6965662788465523
2297,C:\Users\joshy\OneDrive\Documents\Kravitz Lab\freezeData\\0318\20260318052210-b92.51-f4.png,2026-03-18 05:22:10,4.0,57.363651878697546,7.416722051880942,450.4220487315841,92.35414,0.7852472308910594
2298,C:\Users\joshy\OneDrive\Documents\Kravitz Lab\freezeData\\0318\20260318052152-b92.20-f2.png,2026-03-18 05:21:52,2.0,57.005584320359354,7.412908797603029,499.97504509638406,92.04712,0.7408640080988949
2299,C:\Users\joshy\OneDrive\Documents\Kravitz Lab\freezeData\\0318\20260318052228-b92.00-f6.png,2026-03-18 05:22:28,6.0,57.902359352150754,7.41438523312229,466.437741123584,91.85612,0.7184112956121087
2300,C:\Users\joshy\OneDrive\Documents\Kravitz Lab\freezeData\\0318\20260318052248-b91.51-f8.png,2026-03-18 05:22:48,8.0,58.136863771964855,7.396732980812995,465.0264120560641,91.3874,0.6520487654806639
2301,C:\Users\joshy\OneDrive\Documents\Kravitz Lab\freezeData\\0318\20260318052306-b90.73-f10.png,2026-03-18 05:23:06,10.0,58.4274727907194,7.375629101879663,516.8915715164,90.630412,0.5972892671011204
2302,C:\Users\joshy\OneDrive\Documents\Kravitz Lab\freezeData\\0318\20260318052324-b91.81-f0.png,2026-03-18 05:23:24,0.0,56.45953351993182,7.395011696013351,460.9384687021439,91.673236,0.6960006934529104
2303,C:\Users\joshy\OneDrive\Documents\Kravitz Lab\freezeData\\0318\20260318052344-b92.03-f2.png,2026-03-18 05:23:44,2.0,57.03979726996778,7.412341925031274,502.035696267376,91.872676,0.7409512730949006
2304,C:\Users\joshy\OneDrive\Documents\Kravitz Lab\freezeData\\0318\20260318052403-b92.42-f4.png,2026-03-18 05:24:03,4.0,57.39904331126309,7.417938903924757,461.12711875840006,92.255912,0.7844486123044981
2305,C:\Users\joshy\OneDrive\Documents\Kravitz Lab\freezeData\\0318\20260318052421-b91.91-f6.png,2026-03-18 05:24:21,6.0,57.80873137747965,7.4086112203055245,450.816781713856,91.74708,0.7184795481683793
2306,C:\Users\joshy\OneDrive\Documents\Kravitz Lab\freezeData\\0318\20260318052439-b91.41-f8.png,2026-03-18 05:24:39,8.0,58.23031013334812,7.397662992937684,477.9932310111839,91.277564,0.6475011755726112
2307,C:\Users\joshy\OneDrive\Documents\Kravitz Lab\freezeData\\0318\20260318052459-b91.07-f10.png,2026-03-18 05:24:59,10.0,58.59779676492679,7.378255639568152,509.797812357376,90.956156,0.5989098877095465
2308,C:\Users\joshy\OneDrive\Documents\Kravitz Lab\freezeData\\0318\20260318052517-b91.75-f0.png,2026-03-18 05:25:17,0.0,56.49502918397136,7.395479838930188,444.1329073344,91.603332,0.6955167110252413
2309,C:\Users\joshy\OneDrive\Documents\Kravitz Lab\freezeData\\0318\20260318052535-b92.21-f2.png,2026-03-18 05:25:35,2.0,56.925070795760426,7.408249120303645,511.22299550559995,92.058608,0.7410092599208503
2310,C:\Users\joshy\OneDrive\Documents\Kravitz Lab\freezeData\\0318\20260318052614-b91.98-f6.png,2026-03-18 05:26:14,6.0,57.821241912821066,7.412066793320874,449.08165002878405,91.834532,0.7188155076456518
2311,C:\Users\joshy\OneDrive\Documents\Kravitz Lab\freezeData\\0318\20260318052555-b92.20-f4.png,2026-03-18 05:25:55,4.0,57.41034200165389,7.416024885973379,467.141396666736,92.062444,0.7841600583937275
2312,C:\Users\joshy\OneDrive\Documents\Kravitz Lab\freezeData\\0318\20260318052633-b91.62-f8.png,2026-03-18 05:26:33,8.0,57.994033945263716,7.390076061140531,467.7729709926239,91.49834,0.6510079777754993
2313,C:\Users\joshy\OneDrive\Documents\Kravitz Lab\freezeData\\0318\20260318052710-b91.65-f0.png,2026-03-18 05:27:10,0.0,56.446433420424924,7.394391395558681,443.22896140537597,91.504256,0.6967524706249587
2314,C:\Users\joshy\OneDrive\Documents\Kravitz Lab\freezeData\\0318\20260318052652-b90.75-f10.png,2026-03-18 05:26:52,10.0,58.51931041168056,7.377272024064287,509.8469053721441,90.650376,0.5981845713130222
2315,C:\Users\joshy\OneDrive\Documents\Kravitz Lab\freezeData\\0318\20260318052729-b92.04-f2.png,2026-03-18 05:27:29,2.0,56.91738376756879,7.407971089235691,506.06341276000006,91.905464,0.740565281859102
2316,C:\Users\joshy\OneDrive\Documents\Kravitz Lab\freezeData\\0318\20260318052748-b92.45-f4.png,2026-03-18 05:27:48,4.0,57.3996386836288,7.413839635342426,447.64366905150393,92.296808,0.78502892605602
2317,C:\Users\joshy\OneDrive\Documents\Kravitz Lab\freezeData\\0318\20260318052807-b91.99-f6.png,2026-03-18 05:28:07,6.0,57.84720647805133,7.410213485458989,461.9753330690559,91.852736,0.7163783119560513
2318,C:\Users\joshy\OneDrive\Documents\Kravitz Lab\freezeData\\0318\20260318052826-b91.31-f8.png,2026-03-18 05:28:26,8.0,58.19440825751478,7.393413374920854,467.840244494336,91.196264,0.6522166979968265
2319,C:\Users\joshy\OneDrive\Documents\Kravitz Lab\freezeData\\0318\20260318052845-b90.77-f10.png,2026-03-18 05:28:45,10.0,58.54346719746126,7.3758730781586745,509.829631613696,90.659576,0.5992553321979833
2320,C:\Users\joshy\OneDrive\Documents\Kravitz Lab\freezeData\\0318\20260318052903-b91.58-f0.png,2026-03-18 05:29:03,0.0,56.38829795536858,7.392093405424928,466.4445525700959,91.452024,0.6966784857384399
2321,C:\Users\joshy\OneDrive\Documents\Kravitz Lab\freezeData\\0318\20260318052921-b92.12-f2.png,2026-03-18 05:29:21,2.0,57.04470400131588,7.410951749683691,498.968216480624,91.973516,0.7397108087584412
2322,C:\Users\joshy\OneDrive\Documents\Kravitz Lab\freezeData\\0318\20260318052940-b92.19-f4.png,2026-03-18 05:29:40,4.0,57.38160498467207,7.412517552512156,463.142933346304,92.032084,0.7858119919269063
2323,C:\Users\joshy\OneDrive\Documents\Kravitz Lab\freezeData\\0318\20260318052959-b91.70-f6.png,2026-03-18 05:29:59,6.0,57.73214819962466,7.408323210840083,479.2162308679039,91.577976,0.7169032553843684
2324,C:\Users\joshy\OneDrive\Documents\Kravitz Lab\freezeData\\0318\20260318053016-b91.26-f8.png,2026-03-18 05:30:16,8.0,58.25825842986026,7.394646161117403,457.76979745049596,91.128704,0.6501254143675763
2325,C:\Users\joshy\OneDrive\Documents\Kravitz Lab\freezeData\\0318\20260318053035-b90.62-f10.png,2026-03-18 05:30:35,10.0,58.5808095312974,7.379218776138449,516.5052326751841,90.518184,0.5965120985754326
2326,C:\Users\joshy\OneDrive\Documents\Kravitz Lab\freezeData\\0318\20260318053055-b91.60-f0.png,2026-03-18 05:30:55,0.0,56.48664586623341,7.395416887790533,466.809814486896,91.463356,0.696116374518337
2327,C:\Users\joshy\OneDrive\Documents\Kravitz Lab\freezeData\\0318\20260318053113-b92.22-f2.png,2026-03-18 05:31:13,2.0,56.949862480207486,7.405315727077697,477.15372972998404,92.053884,0.7408191925502459
2328,C:\Users\joshy\OneDrive\Documents\Kravitz Lab\freezeData\\0318\20260318053132-b92.10-f4.png,2026-03-18 05:31:32,4.0,57.369388223564805,7.415671850989466,456.326044360304,91.942148,0.7838872512211438
2329,C:\Users\joshy\OneDrive\Documents\Kravitz Lab\freezeData\\0318\20260318053152-b92.09-f6.png,2026-03-18 05:31:52,6.0,57.86835421817682,7.4123803623607065,456.05631832038404,91.951296,0.7183667191990883
2330,C:\Users\joshy\OneDrive\Documents\Kravitz Lab\freezeData\\0318\20260318053209-b91.63-f8.png,2026-03-18 05:32:09,8.0,58.198937447589195,7.3928458212495975,467.451817215344,91.52154,0.6501596887033704
2331,C:\Users\joshy\OneDrive\Documents\Kravitz Lab\freezeData\\0318\20260318053228-b90.75-f10.png,2026-03-18 05:32:28,10.0,58.51857577754414,7.372488061423711,512.4036220601439,90.636268,0.597133747447378
2332,C:\Users\joshy\OneDrive\Documents\Kravitz Lab\freezeData\\0318\20260318053248-b91.59-f0.png,2026-03-18 05:32:48,0.0,56.5119244497111,7.3967878781212475,461.91899683902386,91.447512,0.6962315633976085
2333,C:\Users\joshy\OneDrive\Documents\Kravitz Lab\freezeData\\0318\20260318053306-b92.19-f2.png,2026-03-18 05:33:06,2.0,56.94271966298076,7.409788093802751,510.19701273113606,92.049572,0.7404783797940018
2334,C:\Users\joshy\OneDrive\Documents\Kravitz Lab\freezeData\\0318\20260318053326-b92.21-f4.png,2026-03-18 05:33:26,4.0,57.3031377924419,7.4147721202902765,466.23779568254406,92.068696,0.7852311972385029
2335,C:\Users\joshy\OneDrive\Documents\Kravitz Lab\freezeData\\0318\20260318053346-b91.85-f6.png,2026-03-18 05:33:46,6.0,57.83202632837566,7.408934842936762,473.4151187276159,91.718492,0.7175401829305655
2336,C:\Users\joshy\OneDrive\Documents\Kravitz Lab\freezeData\\0318\20260318053404-b91.33-f8.png,2026-03-18 05:34:04,8.0,58.21642496257029,7.392076901521651,459.655365913024,91.209868,0.6499328621251504
2337,C:\Users\joshy\OneDrive\Documents\Kravitz Lab\freezeData\\0318\20260318053423-b90.77-f10.png,2026-03-18 05:34:23,10.0,58.418527740601746,7.369080480991453,508.528825303024,90.657888,0.5979425520879512
2338,C:\Users\joshy\OneDrive\Documents\Kravitz Lab\freezeData\\0318\20260318053442-b91.62-f0.png,2026-03-18 05:34:42,0.0,56.484601766912576,7.392991341573834,458.210593928704,91.468964,0.6956253699450199
2339,C:\Users\joshy\OneDrive\Documents\Kravitz Lab\freezeData\\0318\20260318053501-b92.25-f2.png,2026-03-18 05:35:01,2.0,56.99444620232747,7.40976468025314,499.04440871665594,92.1097,0.738945552228668
2340,C:\Users\joshy\OneDrive\Documents\Kravitz Lab\freezeData\\0318\20260318053520-b91.99-f4.png,2026-03-18 05:35:20,4.0,57.370086266473194,7.411127107544679,467.0958080701441,91.840132,0.7853643101727761
2341,C:\Users\joshy\OneDrive\Documents\Kravitz Lab\freezeData\\0318\20260318053539-b92.00-f6.png,2026-03-18 05:35:39,6.0,57.812410280727654,7.40530993126311,468.687959434496,91.871604,0.7185335853367324
2342,C:\Users\joshy\OneDrive\Documents\Kravitz Lab\freezeData\\0318\20260318053559-b91.31-f8.png,2026-03-18 05:35:59,8.0,58.20962151373067,7.392915401096141,472.226946808576,91.200168,0.6501303725950772
2343,C:\Users\joshy\OneDrive\Documents\Kravitz Lab\freezeData\\0318\20260318053617-b90.74-f10.png,2026-03-18 05:36:17,10.0,58.445635089336,7.369501630675073,493.96500793593606,90.614276,0.5971436348668407
2344,C:\Users\joshy\OneDrive\Documents\Kravitz Lab\freezeData\\0318\20260318053636-b91.56-f0.png,2026-03-18 05:36:36,0.0,56.44743667941084,7.3925992360130905,467.780599623536,91.425352,0.6955957985596849
2345,C:\Users\joshy\OneDrive\Documents\Kravitz Lab\freezeData\\0318\20260318053654-b92.19-f2.png,2026-03-18 05:36:54,2.0,56.940821062949766,7.408531491045501,506.765905349616,92.039556,0.7403334357960704
2346,C:\Users\joshy\OneDrive\Documents\Kravitz Lab\freezeData\\0318\20260318053714-b92.33-f4.png,2026-03-18 05:37:14,4.0,57.329551630913706,7.409058403165857,439.3336246016,92.16272,0.7828462446514874
2347,C:\Users\joshy\OneDrive\Documents\Kravitz Lab\freezeData\\0318\20260318053732-b91.80-f6.png,2026-03-18 05:37:32,6.0,57.78411267127822,7.40945477296478,461.467302967744,91.653032,0.7183907576205882
2348,C:\Users\joshy\OneDrive\Documents\Kravitz Lab\freezeData\\0318\20260318053751-b91.54-f8.png,2026-03-18 05:37:51,8.0,58.06103921098747,7.383771866959042,446.7224516096,91.407276,0.6516878344833119
2349,C:\Users\joshy\OneDrive\Documents\Kravitz Lab\freezeData\\0318\20260318053810-b90.67-f10.png,2026-03-18 05:38:10,10.0,58.44316035009688,7.36776906754269,503.45381617969605,90.584192,0.5983013035888614
2350,C:\Users\joshy\OneDrive\Documents\Kravitz Lab\freezeData\\0318\20260318053828-b91.80-f0.png,2026-03-18 05:38:28,0.0,56.46166028527946,7.39344148359401,468.89551914238405,91.670264,0.6951633040402785
2351,C:\Users\joshy\OneDrive\Documents\Kravitz Lab\freezeData\\0318\20260318053846-b92.23-f2.png,2026-03-18 05:38:46,2.0,56.90648777903623,7.405115836903573,502.132522085376,92.08612,0.7409436413514391
2352,C:\Users\joshy\OneDrive\Documents\Kravitz Lab\freezeData\\0318\20260318053906-b92.29-f4.png,2026-03-18 05:39:06,4.0,57.430900829346704,7.4139114917128515,468.1128562493439,92.134588,0.7836141373291183
2353,C:\Users\joshy\OneDrive\Documents\Kravitz Lab\freezeData\\0318\20260318053924-b91.82-f6.png,2026-03-18 05:39:24,6.0,57.830131522032836,7.4074294882609095,464.91748766822406,91.688128,0.717116468055683
2354,C:\Users\joshy\OneDrive\Documents\Kravitz Lab\freezeData\\0318\20260318053943-b91.07-f8.png,2026-03-18 05:39:43,8.0,58.26299884559379,7.395318769780041,472.39748775000004,90.925344,0.6482969066690424
2355,C:\Users\joshy\OneDrive\Documents\Kravitz Lab\freezeData\\0318\20260318054002-b90.62-f10.png,2026-03-18 05:40:02,10.0,58.396587056325956,7.368988806436681,520.8968702843999,90.527788,0.5962758094176768
2356,C:\Users\joshy\OneDrive\Documents\Kravitz Lab\freezeData\\0318\20260318054020-b91.49-f0.png,2026-03-18 05:40:20,0.0,56.44136819464759,7.393661618865889,464.672395403264,91.358168,0.6941493123726736
2357,C:\Users\joshy\OneDrive\Documents\Kravitz Lab\freezeData\\0318\20260318054040-b91.92-f2.png,2026-03-18 05:40:40,2.0,56.89989946478289,7.405159486833665,505.564328510576,91.78324,0.7393559253765225
2358,C:\Users\joshy\OneDrive\Documents\Kravitz Lab\freezeData\\0318\20260318054058-b92.09-f4.png,2026-03-18 05:40:58,4.0,57.432265551864006,7.411202587681342,463.34457991166397,91.952276,0.7827607080589555
2359,C:\Users\joshy\OneDrive\Documents\Kravitz Lab\freezeData\\0318\20260318054118-b91.73-f6.png,2026-03-18 05:41:18,6.0,57.831308699849984,7.405997919056803,436.641593452784,91.588216,0.7188229746424478
2360,C:\Users\joshy\OneDrive\Documents\Kravitz Lab\freezeData\\0318\20260318054136-b91.26-f8.png,2026-03-18 05:41:36,8.0,58.231689139570726,7.391220937056004,456.55991463640004,91.12218,0.649106412894194
2361,C:\Users\joshy\OneDrive\Documents\Kravitz Lab\freezeData\\0318\20260318054156-b90.57-f10.png,2026-03-18 05:41:56,10.0,58.409349013584325,7.365912654650365,504.157536321904,90.460964,0.5976976266654763
2362,C:\Users\joshy\OneDrive\Documents\Kravitz Lab\freezeData\\0318\20260318054215-b91.68-f0.png,2026-03-18 05:42:15,0.0,56.42565347696894,7.392696499886785,449.50723985470404,91.535968,0.6956730545447222
2363,C:\Users\joshy\OneDrive\Documents\Kravitz Lab\freezeData\\0318\20260318054234-b92.04-f2.png,2026-03-18 05:42:34,2.0,56.976062761040275,7.405361319466648,492.58980894449604,91.8845,0.7392610484946547
2364,C:\Users\joshy\OneDrive\Documents\Kravitz Lab\freezeData\\0318\20260318054254-b92.13-f4.png,2026-03-18 05:42:54,4.0,57.39659353062842,7.4103790597603565,454.539168249344,91.971732,0.7835936706255197
2365,C:\Users\joshy\OneDrive\Documents\Kravitz Lab\freezeData\\0318\20260318054312-b91.77-f6.png,2026-03-18 05:43:12,6.0,57.815606284990004,7.405514748640675,443.0348667004,91.630468,0.7202500205488173
2366,C:\Users\joshy\OneDrive\Documents\Kravitz Lab\freezeData\\0318\20260318054331-b91.27-f8.png,2026-03-18 05:43:31,8.0,58.226657735192596,7.393692520088124,451.542332111296,91.138856,0.6499669127165819
2367,C:\Users\joshy\OneDrive\Documents\Kravitz Lab\freezeData\\0318\20260318054350-b90.51-f10.png,2026-03-18 05:43:50,10.0,58.44352564346528,7.367357592145398,510.4411368156,90.415204,0.597420684789987
2368,C:\Users\joshy\OneDrive\Documents\Kravitz Lab\freezeData\\0318\20260318054409-b91.57-f0.png,2026-03-18 05:44:09,0.0,56.53508675715654,7.395825932961353,463.105193114624,91.435028,0.6940278705632937
2369,C:\Users\joshy\OneDrive\Documents\Kravitz Lab\freezeData\\0318\20260318054427-b91.99-f2.png,2026-03-18 05:44:27,2.0,56.879032810009136,7.404375909632763,488.42644350560005,91.818852,0.7396018894559646
2370,C:\Users\joshy\OneDrive\Documents\Kravitz Lab\freezeData\\0318\20260318054446-b92.11-f4.png,2026-03-18 05:44:46,4.0,57.425027094966175,7.411171852361698,454.38125768985606,91.96368,0.7826595313455581
2371,C:\Users\joshy\OneDrive\Documents\Kravitz Lab\freezeData\\0318\20260318054524-b91.13-f8.png,2026-03-18 05:45:24,8.0,58.31868327130728,7.391872028491105,463.54747284440003,91.005788,0.6477247224936854
2372,C:\Users\joshy\OneDrive\Documents\Kravitz Lab\freezeData\\0318\20260318054505-b91.95-f6.png,2026-03-18 05:45:05,6.0,57.87767285023184,7.409054396727942,466.18004601753603,91.801744,0.7157738494052779
2373,C:\Users\joshy\OneDrive\Documents\Kravitz Lab\freezeData\\0318\20260318054542-b90.46-f10.png,2026-03-18 05:45:42,10.0,58.443207468230696,7.366569927983582,516.244863315696,90.352688,0.5965884599502216
2374,C:\Users\joshy\OneDrive\Documents\Kravitz Lab\freezeData\\0318\20260318054602-b91.60-f0.png,2026-03-18 05:46:02,0.0,56.488778256522984,7.3951722905385235,464.57927340537594,91.472376,0.6941098179320886
2375,C:\Users\joshy\OneDrive\Documents\Kravitz Lab\freezeData\\0318\20260318054639-b92.02-f4.png,2026-03-18 05:46:39,4.0,57.396381262186075,7.411865789215046,461.7635545431039,91.875076,0.7839343094577387
2376,C:\Users\joshy\OneDrive\Documents\Kravitz Lab\freezeData\\0318\20260318054621-b91.98-f2.png,2026-03-18 05:46:21,2.0,56.98721850312528,7.408435552504665,489.381415488624,91.827584,0.7384817855991822
2377,C:\Users\joshy\OneDrive\Documents\Kravitz Lab\freezeData\\0318\20260318054658-b91.88-f6.png,2026-03-18 05:46:58,6.0,57.913517890274434,7.405566031909456,455.896378754544,91.754192,0.7195236677528115
2378,C:\Users\joshy\OneDrive\Documents\Kravitz Lab\freezeData\\0318\20260318054718-b91.13-f8.png,2026-03-18 05:47:18,8.0,58.222587593994824,7.3949088935503005,467.753600629616,91.00314,0.6456685158416724
2379,C:\Users\joshy\OneDrive\Documents\Kravitz Lab\freezeData\\0318\20260318054736-b90.45-f10.png,2026-03-18 05:47:36,10.0,58.52444294460276,7.367880593995354,513.412770992624,90.343456,0.5944696301953198
2380,C:\Users\joshy\OneDrive\Documents\Kravitz Lab\freezeData\\0318\20260318054755-b91.72-f0.png,2026-03-18 05:47:55,0.0,56.40102095821685,7.389799561413521,455.572854709696,91.582528,0.694405594870969
2381,C:\Users\joshy\OneDrive\Documents\Kravitz Lab\freezeData\\0318\20260318054813-b92.13-f2.png,2026-03-18 05:48:13,2.0,56.87808737945312,7.403016136624506,498.76559235953613,91.969536,0.7385147268243749
2382,C:\Users\joshy\OneDrive\Documents\Kravitz Lab\freezeData\\0318\20260318054833-b91.96-f4.png,2026-03-18 05:48:33,4.0,57.36299541255146,7.407420655888006,462.671332002416,91.82386,0.7830542355250174
2383,C:\Users\joshy\OneDrive\Documents\Kravitz Lab\freezeData\\0318\20260318054851-b91.49-f6.png,2026-03-18 05:48:51,6.0,57.865465973960674,7.406756785559581,450.629746051184,91.35858,0.7184553509022096
2384,C:\Users\joshy\OneDrive\Documents\Kravitz Lab\freezeData\\0318\20260318054911-b91.02-f8.png,2026-03-18 05:49:11,8.0,58.27990188948653,7.3930886575488755,443.7372227584,90.880268,0.6483121744261899
2385,C:\Users\joshy\OneDrive\Documents\Kravitz Lab\freezeData\\0318\20260318054950-b91.72-f0.png,2026-03-18 05:49:50,0.0,56.535942239312654,7.3947812758103035,468.620491265024,91.602348,0.6931904632006962
2386,C:\Users\joshy\OneDrive\Documents\Kravitz Lab\freezeData\\0318\20260318054930-b90.75-f10.png,2026-03-18 05:49:30,10.0,58.47738018824359,7.3669395092009475,514.1977744332639,90.671296,0.5971604722414492
2387,C:\Users\joshy\OneDrive\Documents\Kravitz Lab\freezeData\\0318\20260318055008-b91.94-f2.png,2026-03-18 05:50:08,2.0,56.857939737611176,7.404722112421795,514.138165987696,91.803224,0.7393715937202145
2388,C:\Users\joshy\OneDrive\Documents\Kravitz Lab\freezeData\\0318\20260318055026-b91.99-f4.png,2026-03-18 05:50:26,4.0,57.35372631839629,7.409804559977631,464.88187746686407,91.858136,0.7840341511704938
2389,C:\Users\joshy\OneDrive\Documents\Kravitz Lab\freezeData\\0318\20260318055045-b91.59-f6.png,2026-03-18 05:50:45,6.0,57.766269611164475,7.404231625219752,465.040566727616,91.467516,0.7180981669419312
2390,C:\Users\joshy\OneDrive\Documents\Kravitz Lab\freezeData\\0318\20260318055104-b90.93-f8.png,2026-03-18 05:51:04,8.0,58.240840243063936,7.389868755240641,449.4239598617439,90.810148,0.6513482420328454
2391,C:\Users\joshy\OneDrive\Documents\Kravitz Lab\freezeData\\0318\20260318055123-b90.65-f10.png,2026-03-18 05:51:23,10.0,58.51086713115778,7.366471209224518,497.39052986240006,90.5434,0.5960076514746836
2392,C:\Users\joshy\OneDrive\Documents\Kravitz Lab\freezeData\\0318\20260318055143-b91.61-f0.png,2026-03-18 05:51:43,0.0,56.34683312654226,7.389477081173705,453.351312015984,91.46564,0.6949946165393568
2393,C:\Users\joshy\OneDrive\Documents\Kravitz Lab\freezeData\\0318\20260318055200-b91.91-f2.png,2026-03-18 05:52:00,2.0,56.88824605535186,7.407284104813348,507.42381582206394,91.775588,0.7399000329095766
2394,C:\Users\joshy\OneDrive\Documents\Kravitz Lab\freezeData\\0318\20260318055219-b91.84-f4.png,2026-03-18 05:52:19,4.0,57.36854365512516,7.409684054001591,449.4396502015359,91.6783,0.7841762364348377
2395,C:\Users\joshy\OneDrive\Documents\Kravitz Lab\freezeData\\0318\20260318055239-b91.78-f6.png,2026-03-18 05:52:39,6.0,57.890718542292916,7.406934247611466,472.67891478999996,91.645968,0.7158790153640406
2396,C:\Users\joshy\OneDrive\Documents\Kravitz Lab\freezeData\\0318\20260318055256-b91.07-f8.png,2026-03-18 05:52:56,8.0,58.26202314177221,7.39174620181652,477.9729917056,90.95674,0.6486150299735756
2397,C:\Users\joshy\OneDrive\Documents\Kravitz Lab\freezeData\\0318\20260318055315-b90.75-f10.png,2026-03-18 05:53:15,10.0,58.608840760239715,7.370766144577994,506.18165200121604,90.643808,0.5966347800116313
2398,C:\Users\joshy\OneDrive\Documents\Kravitz Lab\freezeData\\0318\20260318055335-b91.73-f0.png,2026-03-18 05:53:35,0.0,56.30745456375737,7.385057360688911,473.50321196793595,91.60752,0.694250264482098
2399,C:\Users\joshy\OneDrive\Documents\Kravitz Lab\freezeData\\0318\20260318055353-b91.94-f2.png,2026-03-18 05:53:53,2.0,56.970806340520895,7.410379492456604,516.8658276735999,91.798692,0.7385941567436729
2400,C:\Users\joshy\OneDrive\Documents\Kravitz Lab\freezeData\\0318\20260318055411-b91.96-f4.png,2026-03-18 05:54:11,4.0,57.38579399214631,7.410689161977851,442.45471172337596,91.791712,0.7823715694071702
2401,C:\Users\joshy\OneDrive\Documents\Kravitz Lab\freezeData\\0318\20260318055432-b91.82-f6.png,2026-03-18 05:54:32,6.0,57.90254641311603,7.410641090126482,468.321454727616,91.681788,0.7150396026598661
2402,C:\Users\joshy\OneDrive\Documents\Kravitz Lab\freezeData\\0318\20260318055449-b91.25-f8.png,2026-03-18 05:54:49,8.0,58.28479010779742,7.395640102789144,482.052883214704,91.1297,0.6460985092269126
2403,C:\Users\joshy\OneDrive\Documents\Kravitz Lab\freezeData\\0318\20260318055507-b90.78-f10.png,2026-03-18 05:55:07,10.0,58.491394321053555,7.3693623374720385,500.22897326841604,90.685468,0.5985315627560676
2404,C:\Users\joshy\OneDrive\Documents\Kravitz Lab\freezeData\\0318\20260318055527-b91.47-f0.png,2026-03-18 05:55:27,0.0,56.53055159976262,7.396417193111465,459.72383742590404,91.324524,0.692584794865001
2405,C:\Users\joshy\OneDrive\Documents\Kravitz Lab\freezeData\\0318\20260318055546-b91.94-f2.png,2026-03-18 05:55:46,2.0,56.96226521970137,7.408247440380161,510.902180673024,91.80102,0.7389659471231357
2406,C:\Users\joshy\OneDrive\Documents\Kravitz Lab\freezeData\\0318\20260318055605-b91.97-f4.png,2026-03-18 05:56:05,4.0,57.3372158380912,7.407521456363072,469.8844427650561,91.835988,0.783542894272291
2407,C:\Users\joshy\OneDrive\Documents\Kravitz Lab\freezeData\\0318\20260318055624-b91.42-f6.png,2026-03-18 05:56:24,6.0,57.83193741455058,7.404218326826397,458.50615424702397,91.295748,0.7177570818327447
2408,C:\Users\joshy\OneDrive\Documents\Kravitz Lab\freezeData\\0318\20260318055643-b90.85-f8.png,2026-03-18 05:56:43,8.0,58.22077832938684,7.391622154189037,481.12999895193605,90.74302,0.6467709849385812
2409,C:\Users\joshy\OneDrive\Documents\Kravitz Lab\freezeData\\0318\20260318055701-b90.46-f10.png,2026-03-18 05:57:01,10.0,58.487624444207476,7.36733983076277,508.81912649414403,90.349312,0.5950965864675326
2410,C:\Users\joshy\OneDrive\Documents\Kravitz Lab\freezeData\\0318\20260318055720-b91.53-f0.png,2026-03-18 05:57:20,0.0,56.52376389993801,7.394943835816859,461.06695553945593,91.400992,0.6925238922929168
2411,C:\Users\joshy\OneDrive\Documents\Kravitz Lab\freezeData\\0318\20260318055738-b91.82-f2.png,2026-03-18 05:57:38,2.0,56.978395940613275,7.41008334017075,508.9708681584,91.683052,0.7378677164884314
2412,C:\Users\joshy\OneDrive\Documents\Kravitz Lab\freezeData\\0318\20260318055757-b91.86-f4.png,2026-03-18 05:57:57,4.0,57.40501177850395,7.4123661089833215,454.2332151423841,91.704232,0.7818805227773966
2413,C:\Users\joshy\OneDrive\Documents\Kravitz Lab\freezeData\\0318\20260318055816-b91.55-f6.png,2026-03-18 05:58:16,6.0,57.912533446358566,7.406829881914543,458.149793725936,91.41838,0.7188594079062745
2414,C:\Users\joshy\OneDrive\Documents\Kravitz Lab\freezeData\\0318\20260318055835-b91.12-f8.png,2026-03-18 05:58:35,8.0,58.07994486202947,7.3812050623422705,481.670039354864,91.008296,0.6480156772180202
2415,C:\Users\joshy\OneDrive\Documents\Kravitz Lab\freezeData\\0318\20260318055854-b90.59-f10.png,2026-03-18 05:58:54,10.0,58.510874166695686,7.366208327171305,506.88863645809596,90.493348,0.5971789472703366
2416,C:\Users\joshy\OneDrive\Documents\Kravitz Lab\freezeData\\0318\20260318055914-b91.60-f0.png,2026-03-18 05:59:14,0.0,56.445205286858375,7.389223103696145,456.98666926078397,91.454304,0.6927909369542772
2417,C:\Users\joshy\OneDrive\Documents\Kravitz Lab\freezeData\\0318\20260318055931-b91.87-f2.png,2026-03-18 05:59:31,2.0,57.04351909564837,7.412029940939692,506.40487596793605,91.72062,0.7371833906369212
2418,C:\Users\joshy\OneDrive\Documents\Kravitz Lab\freezeData\\0318\20260318055950-b91.75-f4.png,2026-03-18 05:59:50,4.0,57.41258474823791,7.410713222829468,468.75598926078396,91.60292,0.7832661727519408
2419,C:\Users\joshy\OneDrive\Documents\Kravitz Lab\freezeData\\0318\20260318060010-b91.72-f6.png,2026-03-18 06:00:10,6.0,57.91584517951971,7.402845640185226,450.455661856704,91.595148,0.7172987879510626
2420,C:\Users\joshy\OneDrive\Documents\Kravitz Lab\freezeData\\0318\20260318060027-b91.03-f8.png,2026-03-18 06:00:27,8.0,58.17165125183833,7.382474883274075,455.04899429054393,90.903136,0.6506802121221464
2421,C:\Users\joshy\OneDrive\Documents\Kravitz Lab\freezeData\\0318\20260318060045-b90.35-f10.png,2026-03-18 06:00:45,10.0,58.519251466561876,7.367102923920929,536.2243908935039,90.261036,0.594728856037663
2422,C:\Users\joshy\OneDrive\Documents\Kravitz Lab\freezeData\\0318\20260318060104-b91.49-f0.png,2026-03-18 06:01:04,0.0,56.325857664003664,7.385327138096345,455.41446439000003,91.36012,0.69182595118544
2423,C:\Users\joshy\OneDrive\Documents\Kravitz Lab\freezeData\\0318\20260318060124-b92.13-f2.png,2026-03-18 06:01:24,2.0,56.84129063556189,7.399327050871936,488.0686281269761,91.978672,0.7375586641511525
2424,C:\Users\joshy\OneDrive\Documents\Kravitz Lab\freezeData\\0318\20260318060141-b91.76-f4.png,2026-03-18 06:01:41,4.0,57.29588467549354,7.408028998674156,436.410058505664,91.614888,0.7827932987081355
2425,C:\Users\joshy\OneDrive\Documents\Kravitz Lab\freezeData\\0318\20260318060201-b91.58-f6.png,2026-03-18 06:02:01,6.0,57.72650305457569,7.394965759425982,448.522723086064,91.447492,0.7182383409907769
2426,C:\Users\joshy\OneDrive\Documents\Kravitz Lab\freezeData\\0318\20260318060221-b90.71-f8.png,2026-03-18 06:02:21,8.0,58.26408881493148,7.3880056556095495,454.27477391302403,90.594924,0.6487686411272795
2427,C:\Users\joshy\OneDrive\Documents\Kravitz Lab\freezeData\\0318\20260318060238-b90.43-f10.png,2026-03-18 06:02:38,10.0,58.60431140192523,7.368657098874211,514.221431418816,90.327776,0.5974882000465174
2428,C:\Users\joshy\OneDrive\Documents\Kravitz Lab\freezeData\\0318\20260318060256-b91.56-f0.png,2026-03-18 06:02:56,0.0,56.36482186234162,7.387504183339198,467.75841039257597,91.439136,0.6934424150692714
2429,C:\Users\joshy\OneDrive\Documents\Kravitz Lab\freezeData\\0318\20260318060316-b91.68-f2.png,2026-03-18 06:03:16,2.0,56.97015864401489,7.409201872017083,493.15180077438407,91.527424,0.7378064567897435
2430,C:\Users\joshy\OneDrive\Documents\Kravitz Lab\freezeData\\0318\20260318060336-b91.71-f4.png,2026-03-18 06:03:36,4.0,57.415541550851884,7.4078552467511845,465.058513729984,91.56168,0.7818922764254469
2431,C:\Users\joshy\OneDrive\Documents\Kravitz Lab\freezeData\\0318\20260318060414-b90.93-f8.png,2026-03-18 06:04:14,8.0,58.1853001842024,7.380773262301434,450.418103095744,90.819516,0.6494493680174084
2432,C:\Users\joshy\OneDrive\Documents\Kravitz Lab\freezeData\\0318\20260318060354-b91.35-f6.png,2026-03-18 06:03:54,6.0,57.9385844042453,7.401856721880308,454.54908202878397,91.218012,0.7196551478588282
2433,C:\Users\joshy\OneDrive\Documents\Kravitz Lab\freezeData\\0318\20260318060432-b90.30-f10.png,2026-03-18 06:04:32,10.0,58.59139329395061,7.3689737452873905,513.38361119,90.18644,0.5974781512290969
2434,C:\Users\joshy\OneDrive\Documents\Kravitz Lab\freezeData\\0318\20260318060451-b91.53-f0.png,2026-03-18 06:04:51,0.0,56.379832237308555,7.387918872017683,459.347188584896,91.377212,0.6913916417960423
2435,C:\Users\joshy\OneDrive\Documents\Kravitz Lab\freezeData\\0318\20260318060529-b91.62-f4.png,2026-03-18 06:05:29,4.0,57.36985214832808,7.407724853671025,465.7720863356001,91.475824,0.781889068298401
2436,C:\Users\joshy\OneDrive\Documents\Kravitz Lab\freezeData\\0318\20260318060510-b91.92-f2.png,2026-03-18 06:05:10,2.0,56.81543685164432,7.397429747340506,496.49362429822395,91.774604,0.7380026106548797
2437,C:\Users\joshy\OneDrive\Documents\Kravitz Lab\freezeData\\0318\20260318060547-b91.37-f6.png,2026-03-18 06:05:47,6.0,57.84805862860312,7.401217611406157,450.8753380287839,91.244264,0.7188562810123519
2438,C:\Users\joshy\OneDrive\Documents\Kravitz Lab\freezeData\\0318\20260318060606-b90.80-f8.png,2026-03-18 06:06:06,8.0,58.087338998496534,7.376953796800903,476.56601552025603,90.703588,0.6486528218411637
2439,C:\Users\joshy\OneDrive\Documents\Kravitz Lab\freezeData\\0318\20260318060625-b90.28-f10.png,2026-03-18 06:06:25,10.0,58.635371580014734,7.369816887858432,522.365704885616,90.17144,0.5959938367119157
2440,C:\Users\joshy\OneDrive\Documents\Kravitz Lab\freezeData\\0318\20260318060643-b91.47-f0.png,2026-03-18 06:06:43,0.0,56.51175434779621,7.391151476769813,466.0676588743041,91.332344,0.6917491287744181
2441,C:\Users\joshy\OneDrive\Documents\Kravitz Lab\freezeData\\0318\20260318060702-b91.86-f2.png,2026-03-18 06:07:02,2.0,56.885840740655176,7.400358347000617,504.3704112997761,91.716396,0.73674651768237
2442,C:\Users\joshy\OneDrive\Documents\Kravitz Lab\freezeData\\0318\20260318060721-b91.88-f4.png,2026-03-18 06:07:21,4.0,57.504484415424294,7.414497112856206,446.3902233516641,91.716832,0.7799358507553331
2443,C:\Users\joshy\OneDrive\Documents\Kravitz Lab\freezeData\\0318\20260318060739-b91.50-f6.png,2026-03-18 06:07:39,6.0,57.86577536429976,7.39806110580593,455.665374172096,91.37622,0.7172752233811167
2444,C:\Users\joshy\OneDrive\Documents\Kravitz Lab\freezeData\\0318\20260318060758-b90.82-f8.png,2026-03-18 06:07:58,8.0,58.17885823459158,7.377842950583179,459.979118953456,90.718464,0.6501694499862578
2445,C:\Users\joshy\OneDrive\Documents\Kravitz Lab\freezeData\\0318\20260318060817-b90.11-f10.png,2026-03-18 06:08:17,10.0,58.59423726261127,7.364574917843229,502.93732144113596,89.993396,0.5950111100144571
2446,C:\Users\joshy\OneDrive\Documents\Kravitz Lab\freezeData\\0318\20260318060836-b91.19-f0.png,2026-03-18 06:08:36,0.0,56.52522766978143,7.393637377134961,473.81677711000003,91.068124,0.6916131644744173
2447,C:\Users\joshy\OneDrive\Documents\Kravitz Lab\freezeData\\0318\20260318060915-b91.84-f4.png,2026-03-18 06:09:15,4.0,57.49076132945188,7.4079227960965754,457.014906910464,91.6924,0.781063368161697
2448,C:\Users\joshy\OneDrive\Documents\Kravitz Lab\freezeData\\0318\20260318060855-b91.74-f2.png,2026-03-18 06:08:55,2.0,57.10776603521101,7.409937469062457,509.473508584896,91.59526,0.7357281399988508
2449,C:\Users\joshy\OneDrive\Documents\Kravitz Lab\freezeData\\0318\20260318060933-b91.20-f6.png,2026-03-18 06:09:33,6.0,57.92898955048728,7.397542438985153,459.2800106820959,91.075244,0.7192707802456885
2450,C:\Users\joshy\OneDrive\Documents\Kravitz Lab\freezeData\\0318\20260318060952-b90.73-f8.png,2026-03-18 06:09:52,8.0,58.34368500031228,7.386630565046813,472.085624897776,90.630156,0.6485156701297998
2451,C:\Users\joshy\OneDrive\Documents\Kravitz Lab\freezeData\\0318\20260318061031-b91.48-f0.png,2026-03-18 06:10:31,0.0,56.42605388734533,7.386530155552522,443.432514765056,91.33468,0.6919554449587438
2452,C:\Users\joshy\OneDrive\Documents\Kravitz Lab\freezeData\\0318\20260318061013-b89.97-f10.png,2026-03-18 06:10:13,10.0,58.57988463679661,7.3573761500922075,482.006777715824,89.86086,0.5981169002026575
2453,C:\Users\joshy\OneDrive\Documents\Kravitz Lab\freezeData\\0318\20260318061050-b91.83-f2.png,2026-03-18 06:10:50,2.0,56.88262796089,7.401124036018766,491.27776412697597,91.691176,0.7379624166495793
2454,C:\Users\joshy\OneDrive\Documents\Kravitz Lab\freezeData\\0318\20260318061110-b91.63-f4.png,2026-03-18 06:11:10,4.0,57.483172623845185,7.411925808207993,423.15767052440003,91.464096,0.7814257580823587
2455,C:\Users\joshy\OneDrive\Documents\Kravitz Lab\freezeData\\0318\20260318061129-b91.08-f6.png,2026-03-18 06:11:29,6.0,57.89084810034221,7.396881868176784,437.34153359129596,90.925152,0.7172463866715321
2456,C:\Users\joshy\OneDrive\Documents\Kravitz Lab\freezeData\\0318\20260318061147-b90.77-f8.png,2026-03-18 06:11:47,8.0,58.163162959754374,7.373602115776426,430.4606154684,90.632584,0.6500693373672316
2457,C:\Users\joshy\OneDrive\Documents\Kravitz Lab\freezeData\\0318\20260318061206-b89.80-f10.png,2026-03-18 06:12:06,10.0,58.58370489386058,7.357668026907184,499.89424838169606,89.698416,0.5977117156137447
2458,C:\Users\joshy\OneDrive\Documents\Kravitz Lab\freezeData\\0318\20260318061227-b91.26-f0.png,2026-03-18 06:12:27,0.0,56.33596164927067,7.382898439597519,446.9594517399041,91.117648,0.6914089860063043
2459,C:\Users\joshy\OneDrive\Documents\Kravitz Lab\freezeData\\0318\20260318061247-b91.70-f2.png,2026-03-18 06:12:47,2.0,56.85774293556099,7.402481328067034,481.24711628281597,91.555392,0.7369689285103924
2460,C:\Users\joshy\OneDrive\Documents\Kravitz Lab\freezeData\\0318\20260318061306-b91.71-f4.png,2026-03-18 06:13:06,4.0,57.49894132689178,7.411010295281697,454.70786796793595,91.570216,0.7804617046390513
2461,C:\Users\joshy\OneDrive\Documents\Kravitz Lab\freezeData\\0318\20260318061325-b91.01-f6.png,2026-03-18 06:13:25,6.0,57.873208860312005,7.396518879766483,450.73575021510396,90.877052,0.7176180565889332
2462,C:\Users\joshy\OneDrive\Documents\Kravitz Lab\freezeData\\0318\20260318061343-b90.30-f8.png,2026-03-18 06:13:43,8.0,58.39110362127696,7.383598657126945,457.57306118905603,90.179036,0.6479017726390298
2463,C:\Users\joshy\OneDrive\Documents\Kravitz Lab\freezeData\\0318\20260318061402-b90.11-f10.png,2026-03-18 06:14:02,10.0,58.612326336676865,7.363833891582844,535.970764852336,90.007836,0.5927444164912338
2464,C:\Users\joshy\OneDrive\Documents\Kravitz Lab\freezeData\\0318\20260318061421-b91.26-f0.png,2026-03-18 06:14:21,0.0,56.38190136440594,7.384694806418113,442.184099573184,91.12312,0.690322628700601
2465,C:\Users\joshy\OneDrive\Documents\Kravitz Lab\freezeData\\0318\20260318061439-b91.69-f2.png,2026-03-18 06:14:39,2.0,56.94602543486328,7.40093027515956,497.75551288830394,91.537352,0.7350405477525277
2466,C:\Users\joshy\OneDrive\Documents\Kravitz Lab\freezeData\\0318\20260318061458-b91.66-f4.png,2026-03-18 06:14:58,4.0,57.40287798621599,7.404317668133987,455.176103036016,91.52114,0.7802018759584889
2467,C:\Users\joshy\OneDrive\Documents\Kravitz Lab\freezeData\\0318\20260318061519-b91.15-f6.png,2026-03-18 06:15:19,6.0,57.87468425114387,7.394446368098997,436.21995801753604,91.01452,0.7197316842931436
2468,C:\Users\joshy\OneDrive\Documents\Kravitz Lab\freezeData\\0318\20260318061537-b90.63-f8.png,2026-03-18 06:15:37,8.0,58.15667243888825,7.374572331241853,446.31398939846406,90.498316,0.6497255850246361
2469,C:\Users\joshy\OneDrive\Documents\Kravitz Lab\freezeData\\0318\20260318061556-b89.70-f10.png,2026-03-18 06:15:56,10.0,58.5567052830968,7.3555562708402435,512.853895807424,89.600888,0.5970701280158838
2470,C:\Users\joshy\OneDrive\Documents\Kravitz Lab\freezeData\\0318\20260318061616-b91.08-f0.png,2026-03-18 06:16:16,0.0,56.34185218243802,7.3807057251947015,439.67441167359993,90.912452,0.6936070561377322
2471,C:\Users\joshy\OneDrive\Documents\Kravitz Lab\freezeData\\0318\20260318061634-b91.64-f2.png,2026-03-18 06:16:34,2.0,56.80953881348083,7.398446124955765,487.6292643289439,91.486296,0.7368793278769428
2472,C:\Users\joshy\OneDrive\Documents\Kravitz Lab\freezeData\\0318\20260318061652-b91.75-f4.png,2026-03-18 06:16:52,4.0,57.34452770793741,7.397546906312675,451.8244028380161,91.59756,0.781385904111077
2473,C:\Users\joshy\OneDrive\Documents\Kravitz Lab\freezeData\\0318\20260318061712-b91.09-f6.png,2026-03-18 06:17:12,6.0,57.8155256081913,7.382456516039046,432.3691220287839,90.951024,0.7172929342100993
2474,C:\Users\joshy\OneDrive\Documents\Kravitz Lab\freezeData\\0318\20260318061731-b90.39-f8.png,2026-03-18 06:17:31,8.0,58.2784532199164,7.373810376451421,438.466582611904,90.255504,0.6490835490147486
2475,C:\Users\joshy\OneDrive\Documents\Kravitz Lab\freezeData\\0318\20260318061749-b89.56-f10.png,2026-03-18 06:17:49,10.0,58.52168238860547,7.352311051572623,497.23891499262396,89.445572,0.597237807536119
2476,C:\Users\joshy\OneDrive\Documents\Kravitz Lab\freezeData\\0318\20260318061809-b90.94-f0.png,2026-03-18 06:18:09,0.0,56.37650874034326,7.3817462181036815,456.51470793574407,90.8015,0.6920664244875713
2477,C:\Users\joshy\OneDrive\Documents\Kravitz Lab\freezeData\\0318\20260318061827-b91.59-f2.png,2026-03-18 06:18:27,2.0,56.88784442762639,7.3997547865318944,474.54914715999996,91.438776,0.7376795874515585
2478,C:\Users\joshy\OneDrive\Documents\Kravitz Lab\freezeData\\0318\20260318061845-b91.60-f4.png,2026-03-18 06:18:45,4.0,57.382422860071145,7.397718894046664,452.058036731136,91.451228,0.780975098345877
2479,C:\Users\joshy\OneDrive\Documents\Kravitz Lab\freezeData\\0318\20260318061905-b91.10-f6.png,2026-03-18 06:19:05,6.0,57.90579580720341,7.392529797561561,456.30951519000007,90.976592,0.716435029357291
2480,C:\Users\joshy\OneDrive\Documents\Kravitz Lab\freezeData\\0318\20260318061922-b90.20-f8.png,2026-03-18 06:19:22,8.0,58.27219152969608,7.374760235817693,456.6104401151361,90.085804,0.6514401247780593
2481,C:\Users\joshy\OneDrive\Documents\Kravitz Lab\freezeData\\0318\20260318061942-b89.50-f10.png,2026-03-18 06:19:42,10.0,58.614132419560526,7.350950138144414,490.19628503857587,89.403332,0.6003066281762655
2482,C:\Users\joshy\OneDrive\Documents\Kravitz Lab\freezeData\\0318\20260318062000-b90.94-f0.png,2026-03-18 06:20:00,0.0,56.3880569633711,7.376353852656804,463.012335386096,90.824296,0.6928170921019641
2483,C:\Users\joshy\OneDrive\Documents\Kravitz Lab\freezeData\\0318\20260318062019-b91.31-f2.png,2026-03-18 06:20:19,2.0,56.89559993625925,7.402042074843866,491.52657406233595,91.157556,0.7364475966268196
2484,C:\Users\joshy\OneDrive\Documents\Kravitz Lab\freezeData\\0318\20260318062038-b91.41-f4.png,2026-03-18 06:20:38,4.0,57.251334172930356,7.396654846096833,460.6534402673761,91.279384,0.7813677947127188
2485,C:\Users\joshy\OneDrive\Documents\Kravitz Lab\freezeData\\0318\20260318062058-b91.11-f6.png,2026-03-18 06:20:58,6.0,57.79415869817212,7.384333203454746,457.2110745503839,90.983864,0.7210127371309002
2486,C:\Users\joshy\OneDrive\Documents\Kravitz Lab\freezeData\\0318\20260318062117-b90.50-f8.png,2026-03-18 06:21:17,8.0,58.2621740751042,7.376986909629584,445.63754246425606,90.368516,0.6480600010441859
2487,C:\Users\joshy\OneDrive\Documents\Kravitz Lab\freezeData\\0318\20260318062137-b89.47-f10.png,2026-03-18 06:21:37,10.0,58.685807903550234,7.350764605865139,488.138623288256,89.35726,0.5987135600294956
2488,C:\Users\joshy\OneDrive\Documents\Kravitz Lab\freezeData\\0318\20260318062156-b91.10-f0.png,2026-03-18 06:21:56,0.0,56.4326761727609,7.382654166231782,451.619058316544,90.955548,0.6932057187230535
2489,C:\Users\joshy\OneDrive\Documents\Kravitz Lab\freezeData\\0318\20260318062215-b91.56-f2.png,2026-03-18 06:22:15,2.0,56.940951935095576,7.397598559639944,487.099463951856,91.406444,0.735807181796693
2490,C:\Users\joshy\OneDrive\Documents\Kravitz Lab\freezeData\\0318\20260318062234-b91.52-f4.png,2026-03-18 06:22:34,4.0,57.407713491129954,7.398804767972181,454.64819553945597,91.358156,0.7792993908889998
2491,C:\Users\joshy\OneDrive\Documents\Kravitz Lab\freezeData\\0318\20260318062253-b90.96-f6.png,2026-03-18 06:22:53,6.0,57.75608608275584,7.383444587399969,461.236515274096,90.825036,0.7167572733861526
2492,C:\Users\joshy\OneDrive\Documents\Kravitz Lab\freezeData\\0318\20260318062313-b90.52-f8.png,2026-03-18 06:23:13,8.0,58.35273188629633,7.367356974997251,450.4336161151359,90.394504,0.64997263703997
2493,C:\Users\joshy\OneDrive\Documents\Kravitz Lab\freezeData\\0318\20260318062331-b89.77-f10.png,2026-03-18 06:23:31,10.0,58.69385153922356,7.3545427523783715,505.44639941881604,89.660672,0.5957856994717495
2494,C:\Users\joshy\OneDrive\Documents\Kravitz Lab\freezeData\\0318\20260318062351-b90.98-f0.png,2026-03-18 06:23:51,0.0,56.56630919442717,7.379865546209051,450.78101309361597,90.843092,0.6914465412959416
2495,C:\Users\joshy\OneDrive\Documents\Kravitz Lab\freezeData\\0318\20260318062409-b91.49-f2.png,2026-03-18 06:24:09,2.0,57.32240228905624,7.399160218334734,489.65142502782396,91.35546,0.7353657392228418
2496,C:\Users\joshy\OneDrive\Documents\Kravitz Lab\freezeData\\0318\20260318062428-b91.40-f4.png,2026-03-18 06:24:28,4.0,57.473546106330204,7.390372935627432,464.897247386096,91.241756,0.7788423842821754
2497,C:\Users\joshy\OneDrive\Documents\Kravitz Lab\freezeData\\0318\20260318062448-b90.63-f6.png,2026-03-18 06:24:48,6.0,57.99517825746261,7.380466210887202,456.503201191024,90.476444,0.7167129123916497
2498,C:\Users\joshy\OneDrive\Documents\Kravitz Lab\freezeData\\0318\20260318062506-b90.24-f8.png,2026-03-18 06:25:06,8.0,58.43855553048504,7.36574710017799,481.420756924416,90.133804,0.647046730201931
2499,C:\Users\joshy\OneDrive\Documents\Kravitz Lab\freezeData\\0318\20260318062524-b89.44-f10.png,2026-03-18 06:25:24,10.0,58.80752080183472,7.343665951580407,503.46165019160003,89.343076,0.598794656587391
2500,C:\Users\joshy\OneDrive\Documents\Kravitz Lab\freezeData\\0318\20260318062544-b90.86-f0.png,2026-03-18 06:25:44,0.0,56.65987832558542,7.375841126370016,451.5312388924,90.727816,0.69307827684787
2501,C:\Users\joshy\OneDrive\Documents\Kravitz Lab\freezeData\\0318\20260318062602-b91.41-f2.png,2026-03-18 06:26:02,2.0,57.159905684723306,7.3923119573542575,491.881153027824,91.254256,0.7362697775971141
2502,C:\Users\joshy\OneDrive\Documents\Kravitz Lab\freezeData\\0318\20260318062620-b91.58-f4.png,2026-03-18 06:26:20,4.0,57.57767033281858,7.389109323763466,466.610716251904,91.434708,0.7786858613956693
2503,C:\Users\joshy\OneDrive\Documents\Kravitz Lab\freezeData\\0318\20260318062657-b90.27-f8.png,2026-03-18 06:26:57,8.0,58.50655243236662,7.362833716823561,464.79937597297595,90.153644,0.648727205831718
2504,C:\Users\joshy\OneDrive\Documents\Kravitz Lab\freezeData\\0318\20260318062639-b90.67-f6.png,2026-03-18 06:26:39,6.0,58.011937395026415,7.37570790775113,471.40696965297593,90.532244,0.7146629869863171
2505,C:\Users\joshy\OneDrive\Documents\Kravitz Lab\freezeData\\0318\20260318062735-b90.62-f0.png,2026-03-18 06:27:35,0.0,56.688995950663866,7.371022178509376,454.84578878873606,90.483204,0.6912703656397446
2506,C:\Users\joshy\OneDrive\Documents\Kravitz Lab\freezeData\\0318\20260318062715-b89.45-f10.png,2026-03-18 06:27:15,10.0,58.92530793845374,7.349578922997558,492.0675140976,89.33672,0.5987935042045472
2507,C:\Users\joshy\OneDrive\Documents\Kravitz Lab\freezeData\\0318\20260318062754-b91.24-f2.png,2026-03-18 06:27:54,2.0,57.201664186100174,7.3856660612540805,476.14417432038414,91.076068,0.736249071875173
2508,C:\Users\joshy\OneDrive\Documents\Kravitz Lab\freezeData\\0318\20260318062812-b91.30-f4.png,2026-03-18 06:28:12,4.0,57.684614437250566,7.38548624672932,455.13427536889606,91.130588,0.777498119461074
2509,C:\Users\joshy\OneDrive\Documents\Kravitz Lab\freezeData\\0318\20260318062831-b90.83-f6.png,2026-03-18 06:28:31,6.0,58.13794671026062,7.3742969140524375,449.997746371824,90.696164,0.7179431394427678
2510,C:\Users\joshy\OneDrive\Documents\Kravitz Lab\freezeData\\0318\20260318062851-b90.11-f8.png,2026-03-18 06:28:51,8.0,58.58594262889199,7.363813647774738,474.297344683504,89.995724,0.6465647077874823
2511,C:\Users\joshy\OneDrive\Documents\Kravitz Lab\freezeData\\0318\20260318062929-b90.43-f0.png,2026-03-18 06:29:29,0.0,56.709819850061386,7.368848384575126,466.9607551951359,90.301172,0.6919665082488454
2512,C:\Users\joshy\OneDrive\Documents\Kravitz Lab\freezeData\\0318\20260318062910-b89.51-f10.png,2026-03-18 06:29:10,10.0,59.06561532321342,7.346612538727177,508.865185826544,89.405224,0.5982327985826084
2513,C:\Users\joshy\OneDrive\Documents\Kravitz Lab\freezeData\\0318\20260318063007-b91.23-f4.png,2026-03-18 06:30:07,4.0,57.68586455816072,7.388414237352254,457.27687324,91.073744,0.776799484781331
2514,C:\Users\joshy\OneDrive\Documents\Kravitz Lab\freezeData\\0318\20260318062949-b91.04-f2.png,2026-03-18 06:29:49,2.0,57.31817045660477,7.385298723862564,489.592879690224,90.90274,0.7366309096785815
2515,C:\Users\joshy\OneDrive\Documents\Kravitz Lab\freezeData\\0318\20260318063045-b90.14-f8.png,2026-03-18 06:30:45,8.0,58.685079997580445,7.359294220876325,479.72230337990396,90.032828,0.6466563917718169
2516,C:\Users\joshy\OneDrive\Documents\Kravitz Lab\freezeData\\0318\20260318063026-b90.53-f6.png,2026-03-18 06:30:26,6.0,58.06978094351119,7.371242346456677,466.069449323504,90.413068,0.71620084859686
2517,C:\Users\joshy\OneDrive\Documents\Kravitz Lab\freezeData\\0318\20260318063103-b89.24-f10.png,2026-03-18 06:31:03,10.0,59.080938464268016,7.336333859637876,515.660051060224,89.145376,0.5967926899778419
2518,C:\Users\joshy\OneDrive\Documents\Kravitz Lab\freezeData\\0318\20260318063123-b90.37-f0.png,2026-03-18 06:31:23,0.0,56.66607137843187,7.369851517282013,446.67646623999997,90.248408,0.6910056335698261
2519,C:\Users\joshy\OneDrive\Documents\Kravitz Lab\freezeData\\0318\20260318063141-b91.27-f2.png,2026-03-18 06:31:41,2.0,57.24475182931619,7.3823047451745225,458.55308501401595,91.114,0.7360576665973966
2520,C:\Users\joshy\OneDrive\Documents\Kravitz Lab\freezeData\\0318\20260318063159-b91.03-f4.png,2026-03-18 06:31:59,4.0,57.75523988421913,7.3799806896080336,451.51546743750407,90.878452,0.777433055954396
2521,C:\Users\joshy\OneDrive\Documents\Kravitz Lab\freezeData\\0318\20260318063218-b90.64-f6.png,2026-03-18 06:32:18,6.0,58.24283219275533,7.368582042983508,448.67685399494394,90.508612,0.7166762593271783
2522,C:\Users\joshy\OneDrive\Documents\Kravitz Lab\freezeData\\0318\20260318063236-b89.94-f8.png,2026-03-18 06:32:36,8.0,58.80631301723991,7.355113323940535,469.96986624062396,89.82072,0.649567742171466
2523,C:\Users\joshy\OneDrive\Documents\Kravitz Lab\freezeData\\0318\20260318063255-b89.41-f10.png,2026-03-18 06:32:55,10.0,59.23355576520647,7.338646019531923,502.903065662576,89.320224,0.6003170939833674
2524,C:\Users\joshy\OneDrive\Documents\Kravitz Lab\freezeData\\0318\20260318063314-b90.41-f0.png,2026-03-18 06:33:14,0.0,56.843136575523346,7.366266130836724,441.08794162942394,90.26258,0.6906375605798926
2525,C:\Users\joshy\OneDrive\Documents\Kravitz Lab\freezeData\\0318\20260318063335-b90.97-f2.png,2026-03-18 06:33:35,2.0,57.30355054453977,7.382896176564561,485.694064359536,90.825624,0.735591694324048
2526,C:\Users\joshy\OneDrive\Documents\Kravitz Lab\freezeData\\0318\20260318063352-b91.25-f4.png,2026-03-18 06:33:52,4.0,57.842505458318456,7.379035230749371,459.5248712476,91.10862,0.7769645692663913
2527,C:\Users\joshy\OneDrive\Documents\Kravitz Lab\freezeData\\0318\20260318063410-b90.73-f6.png,2026-03-18 06:34:10,6.0,58.269396731402665,7.370536761605851,444.40809043249607,90.59172,0.7164290324232739
2528,C:\Users\joshy\OneDrive\Documents\Kravitz Lab\freezeData\\0318\20260318063430-b89.87-f8.png,2026-03-18 06:34:30,8.0,58.73552302543993,7.353444459952579,467.710243682544,89.758996,0.65001385807
2529,C:\Users\joshy\OneDrive\Documents\Kravitz Lab\freezeData\\0318\20260318063449-b89.16-f10.png,2026-03-18 06:34:49,10.0,59.10398601766903,7.339805800531343,532.766892068336,89.065428,0.5943713067162469
2530,C:\Users\joshy\OneDrive\Documents\Kravitz Lab\freezeData\\0318\20260318063506-b90.53-f0.png,2026-03-18 06:35:06,0.0,56.76291834596582,7.3669038973096646,462.89769531710397,90.395096,0.6906008289093258
2531,C:\Users\joshy\OneDrive\Documents\Kravitz Lab\freezeData\\0318\20260318063546-b91.03-f4.png,2026-03-18 06:35:46,4.0,57.76889542814347,7.379916995672939,466.4229564656,90.880832,0.776496217357827
2532,C:\Users\joshy\OneDrive\Documents\Kravitz Lab\freezeData\\0318\20260318063526-b90.99-f2.png,2026-03-18 06:35:26,2.0,57.32903974795657,7.382627045881056,485.65760243039995,90.845904,0.7358061372548138
2533,C:\Users\joshy\OneDrive\Documents\Kravitz Lab\freezeData\\0318\20260318063625-b89.76-f8.png,2026-03-18 06:36:25,8.0,58.839132784254524,7.351189899735249,468.94576077465604,89.634808,0.6490463613370402
2534,C:\Users\joshy\OneDrive\Documents\Kravitz Lab\freezeData\\0318\20260318063606-b90.59-f6.png,2026-03-18 06:36:06,6.0,58.28078869523219,7.361991951701814,459.925766850816,90.464264,0.717674621313024
2535,C:\Users\joshy\OneDrive\Documents\Kravitz Lab\freezeData\\0318\20260318063644-b89.05-f10.png,2026-03-18 06:36:44,10.0,59.13163348439696,7.335197478830401,522.201071872256,88.959288,0.5967749842085783
2536,C:\Users\joshy\OneDrive\Documents\Kravitz Lab\freezeData\\0318\20260318063703-b90.18-f0.png,2026-03-18 06:37:03,0.0,56.69560514151071,7.361313449853861,445.9376150716,90.046148,0.689707010732234
2537,C:\Users\joshy\OneDrive\Documents\Kravitz Lab\freezeData\\0318\20260318063741-b91.01-f4.png,2026-03-18 06:37:41,4.0,57.653652331053586,7.376064508145395,439.9047679839841,90.8517,0.7750642054064575
2538,C:\Users\joshy\OneDrive\Documents\Kravitz Lab\freezeData\\0318\20260318063722-b90.75-f2.png,2026-03-18 06:37:22,2.0,57.21906050147402,7.377104491462295,473.853026392176,90.613716,0.7338918575910542
2539,C:\Users\joshy\OneDrive\Documents\Kravitz Lab\freezeData\\0318\20260318063800-b90.40-f6.png,2026-03-18 06:38:00,6.0,58.31813022850154,7.362647490419847,455.668214850816,90.284244,0.7159085962723211
2540,C:\Users\joshy\OneDrive\Documents\Kravitz Lab\freezeData\\0318\20260318063818-b89.59-f8.png,2026-03-18 06:38:18,8.0,58.76065336992556,7.344842172785663,455.15694096689595,89.494384,0.6494163434204989
2541,C:\Users\joshy\OneDrive\Documents\Kravitz Lab\freezeData\\0318\20260318063838-b89.12-f10.png,2026-03-18 06:38:38,10.0,59.32205277824617,7.327559367449604,511.74346926841594,89.027824,0.596845763201914
2542,C:\Users\joshy\OneDrive\Documents\Kravitz Lab\freezeData\\0318\20260318063858-b90.12-f0.png,2026-03-18 06:38:58,0.0,56.78733840086764,7.357117358470647,462.886755471616,89.997688,0.6901563912458105
2543,C:\Users\joshy\OneDrive\Documents\Kravitz Lab\freezeData\\0318\20260318063915-b90.43-f2.png,2026-03-18 06:39:15,2.0,57.266343026958374,7.37356782871209,474.39442098630417,90.291356,0.7342983573326862
2544,C:\Users\joshy\OneDrive\Documents\Kravitz Lab\freezeData\\0318\20260318063934-b90.77-f4.png,2026-03-18 06:39:34,4.0,57.700010086708446,7.370520418644954,459.36595978929597,90.626412,0.7735921339603262
2545,C:\Users\joshy\OneDrive\Documents\Kravitz Lab\freezeData\\0318\20260318064012-b89.50-f8.png,2026-03-18 06:40:12,8.0,58.759431665657765,7.343873883285158,450.094162340336,89.396664,0.6489260676894617
2546,C:\Users\joshy\OneDrive\Documents\Kravitz Lab\freezeData\\0318\20260318063954-b90.00-f6.png,2026-03-18 06:39:54,6.0,58.19164134553085,7.360510860358889,465.99287085081596,89.872652,0.7116103349293663
2547,C:\Users\joshy\OneDrive\Documents\Kravitz Lab\freezeData\\0318\20260318064031-b88.81-f10.png,2026-03-18 06:40:31,10.0,59.17893887182757,7.317873282644203,494.8166545984,88.699364,0.5969081924340207
2548,C:\Users\joshy\OneDrive\Documents\Kravitz Lab\freezeData\\0318\20260318064050-b89.67-f0.png,2026-03-18 06:40:50,0.0,56.74354504822201,7.351911526314083,456.596763195136,89.54098,0.6896379984397446
2549,C:\Users\joshy\OneDrive\Documents\Kravitz Lab\freezeData\\0318\20260318064110-b90.40-f2.png,2026-03-18 06:41:10,2.0,57.27248062605984,7.3696419700575015,464.72330144000006,90.24376,0.7315038758275528
2550,C:\Users\joshy\OneDrive\Documents\Kravitz Lab\freezeData\\0318\20260318064128-b90.11-f4.png,2026-03-18 06:41:28,4.0,57.709855563124194,7.363285137133215,443.14474537560005,89.973188,0.7708020978046857
2551,C:\Users\joshy\OneDrive\Documents\Kravitz Lab\freezeData\\0318\20260318064146-b90.09-f6.png,2026-03-18 06:41:46,6.0,58.34329077341798,7.357161308835671,440.9579893104,89.94722,0.7127482272913112
2552,C:\Users\joshy\OneDrive\Documents\Kravitz Lab\freezeData\\0318\20260318064206-b89.19-f8.png,2026-03-18 06:42:06,8.0,58.797451449584585,7.336938264733539,466.885070855424,89.086412,0.6460410980433106
2553,C:\Users\joshy\OneDrive\Documents\Kravitz Lab\freezeData\\0318\20260318064224-b88.54-f10.png,2026-03-18 06:42:24,10.0,59.33866419905268,7.315429210433306,500.77166488561596,88.442008,0.596953072268619
2554,C:\Users\joshy\OneDrive\Documents\Kravitz Lab\freezeData\\0318\20260318064242-b89.25-f0.png,2026-03-18 06:42:42,0.0,56.730308027789306,7.347681316577686,450.48180443545596,89.128012,0.6903213797551345
2555,C:\Users\joshy\OneDrive\Documents\Kravitz Lab\freezeData\\0318\20260318064302-b89.79-f2.png,2026-03-18 06:43:02,2.0,57.269163101330406,7.361112428711669,479.8619766876,89.657904,0.7316504363960564
2556,C:\Users\joshy\OneDrive\Documents\Kravitz Lab\freezeData\\0318\20260318064321-b90.22-f4.png,2026-03-18 06:43:21,4.0,57.81049596559629,7.362818546532719,449.404177603696,90.065576,0.770003333519636
2557,C:\Users\joshy\OneDrive\Documents\Kravitz Lab\freezeData\\0318\20260318064339-b89.51-f6.png,2026-03-18 06:43:39,6.0,58.29433226383505,7.348184799342427,462.019303630336,89.38056,0.7094872807746501
2558,C:\Users\joshy\OneDrive\Documents\Kravitz Lab\freezeData\\0318\20260318064359-b89.15-f8.png,2026-03-18 06:43:59,8.0,58.94901603016287,7.33567511345239,464.123639190976,89.04734,0.6466851350694502
2559,C:\Users\joshy\OneDrive\Documents\Kravitz Lab\freezeData\\0318\20260318064417-b87.96-f10.png,2026-03-18 06:44:17,10.0,59.30213630365287,7.3120909449785,499.45526743806397,87.846176,0.5929877446369939
2560,C:\Users\joshy\OneDrive\Documents\Kravitz Lab\freezeData\\0318\20260318064436-b88.60-f0.png,2026-03-18 06:44:36,0.0,56.722526414929725,7.337867131568323,456.73641943750397,88.47726,0.6871704499747624
2561,C:\Users\joshy\OneDrive\Documents\Kravitz Lab\freezeData\\0318\20260318064456-b89.75-f2.png,2026-03-18 06:44:56,2.0,57.40628028982069,7.360754718167965,481.89139881625607,89.611388,0.7294376128632383
2562,C:\Users\joshy\OneDrive\Documents\Kravitz Lab\freezeData\\0318\20260318064514-b90.00-f4.png,2026-03-18 06:45:14,4.0,57.94547879720025,7.355984422951802,443.92013657009596,89.850404,0.7673994926715213
2563,C:\Users\joshy\OneDrive\Documents\Kravitz Lab\freezeData\\0318\20260318064533-b89.72-f6.png,2026-03-18 06:45:33,6.0,58.355690959098204,7.347352087686648,456.81611922560006,89.590668,0.7084756205845717
2564,C:\Users\joshy\OneDrive\Documents\Kravitz Lab\freezeData\\0318\20260318064552-b88.75-f8.png,2026-03-18 06:45:52,8.0,58.827356626543605,7.331023397348743,464.78045200241604,88.635116,0.6448134685520508
2565,C:\Users\joshy\OneDrive\Documents\Kravitz Lab\freezeData\\0318\20260318064611-b88.17-f10.png,2026-03-18 06:46:11,10.0,59.44243543908342,7.315499261089152,475.8849627663359,88.07052,0.5962332766399974
2566,C:\Users\joshy\OneDrive\Documents\Kravitz Lab\freezeData\\0318\20260318064630-b89.08-f0.png,2026-03-18 06:46:30,0.0,56.88138853024234,7.349453819973736,456.71328707159995,88.947704,0.6863420179414729
2567,C:\Users\joshy\OneDrive\Documents\Kravitz Lab\freezeData\\0318\20260318064649-b89.72-f2.png,2026-03-18 06:46:49,2.0,57.53893587023465,7.3599598162093995,474.717045284096,89.594968,0.728052494444804
2568,C:\Users\joshy\OneDrive\Documents\Kravitz Lab\freezeData\\0318\20260318064707-b89.87-f4.png,2026-03-18 06:47:07,4.0,58.006472425568376,7.3608991900711445,441.80819676,89.731924,0.7651048326054986
2569,C:\Users\joshy\OneDrive\Documents\Kravitz Lab\freezeData\\0318\20260318064726-b89.11-f6.png,2026-03-18 06:47:26,6.0,58.36146750863881,7.347069778283882,450.079027487344,88.984436,0.7089963212857753
2570,C:\Users\joshy\OneDrive\Documents\Kravitz Lab\freezeData\\0318\20260318064746-b88.83-f8.png,2026-03-18 06:47:46,8.0,59.03420265607604,7.335266872519934,453.6256196825439,88.711312,0.6442190523862609
2571,C:\Users\joshy\OneDrive\Documents\Kravitz Lab\freezeData\\0318\20260318064805-b87.85-f10.png,2026-03-18 06:48:05,10.0,59.607917086447635,7.314687470252617,530.5629447587839,87.747428,0.5929580494023773
2572,C:\Users\joshy\OneDrive\Documents\Kravitz Lab\freezeData\\0318\20260318064824-b89.05-f0.png,2026-03-18 06:48:24,0.0,57.115318902964866,7.351757250820155,451.363475403264,88.921932,0.6855873794223685
2573,C:\Users\joshy\OneDrive\Documents\Kravitz Lab\freezeData\\0318\20260318064843-b89.47-f2.png,2026-03-18 06:48:43,2.0,57.69417603568928,7.356011854390102,471.34340071665605,89.337164,0.7289219339922107
2574,C:\Users\joshy\OneDrive\Documents\Kravitz Lab\freezeData\\0318\20260318064903-b89.50-f4.png,2026-03-18 06:49:03,4.0,58.245720512698405,7.3619834432896045,463.74687573990406,89.367932,0.7629286302733586
2575,C:\Users\joshy\OneDrive\Documents\Kravitz Lab\freezeData\\0318\20260318064922-b89.08-f6.png,2026-03-18 06:49:22,6.0,58.743066982102185,7.350327695887925,457.381714807536,88.951984,0.7088471330403544
2576,C:\Users\joshy\OneDrive\Documents\Kravitz Lab\freezeData\\0318\20260318064941-b88.35-f8.png,2026-03-18 06:49:41,8.0,59.42420587000635,7.3334409636001014,453.99160509361604,88.249152,0.6455815249768211
2577,C:\Users\joshy\OneDrive\Documents\Kravitz Lab\freezeData\\0318\20260318065000-b87.66-f10.png,2026-03-18 06:50:00,10.0,59.91326217083841,7.31315063376653,504.375841069504,87.577872,0.5974321199308174
2578,C:\Users\joshy\OneDrive\Documents\Kravitz Lab\freezeData\\0318\20260318065019-b88.42-f0.png,2026-03-18 06:50:19,0.0,57.30742056909502,7.34132088682542,450.450771903424,88.270192,0.6851354268234775
2579,C:\Users\joshy\OneDrive\Documents\Kravitz Lab\freezeData\\0318\20260318065037-b88.88-f2.png,2026-03-18 06:50:37,2.0,57.910061807024306,7.355720945967473,475.760861150656,88.744568,0.7282761394295819
2580,C:\Users\joshy\OneDrive\Documents\Kravitz Lab\freezeData\\0318\20260318065056-b88.73-f4.png,2026-03-18 06:50:56,4.0,58.38051785120101,7.348922568819286,471.0874925552641,88.60484,0.7630908092637328
2581,C:\Users\joshy\OneDrive\Documents\Kravitz Lab\freezeData\\0318\20260318065117-b88.15-f6.png,2026-03-18 06:51:17,6.0,58.73538616451776,7.329712473071421,432.615347274096,88.000324,0.7097456806043773
2582,C:\Users\joshy\OneDrive\Documents\Kravitz Lab\freezeData\\0318\20260318065135-b87.54-f8.png,2026-03-18 06:51:35,8.0,59.30805262850016,7.312170195802242,483.4133823651839,87.431084,0.6414809079638581
2583,C:\Users\joshy\OneDrive\Documents\Kravitz Lab\freezeData\\0318\20260318065153-b87.22-f10.png,2026-03-18 06:51:53,10.0,59.92027746495959,7.294490991726117,510.1981969145439,87.116484,0.595167552741134
2584,C:\Users\joshy\OneDrive\Documents\Kravitz Lab\freezeData\\0318\20260318065213-b87.37-f0.png,2026-03-18 06:52:13,0.0,57.23934002434843,7.318174060237686,446.646102561776,87.240968,0.6864460743174099
2585,C:\Users\joshy\OneDrive\Documents\Kravitz Lab\freezeData\\0318\20260318065230-b88.05-f2.png,2026-03-18 06:52:30,2.0,57.68187774272138,7.334086369242654,499.628858531056,87.921412,0.7269804432049195
2586,C:\Users\joshy\OneDrive\Documents\Kravitz Lab\freezeData\\0318\20260318065248-b88.33-f4.png,2026-03-18 06:52:48,4.0,58.16614937404112,7.336724515570801,468.0310408030561,88.197856,0.7645562761922192
2587,C:\Users\joshy\OneDrive\Documents\Kravitz Lab\freezeData\\0318\20260318065307-b88.40-f6.png,2026-03-18 06:53:07,6.0,58.83313100328093,7.329925004717091,457.13568592639996,88.287528,0.7093886561107897
2588,C:\Users\joshy\OneDrive\Documents\Kravitz Lab\freezeData\\0318\20260318065327-b87.42-f8.png,2026-03-18 06:53:27,8.0,59.21373458606589,7.307480420578019,478.721498633664,87.311712,0.6416954572741005
2589,C:\Users\joshy\OneDrive\Documents\Kravitz Lab\freezeData\\0318\20260318065345-b87.24-f10.png,2026-03-18 06:53:45,10.0,59.785723750740495,7.2995743629273475,535.1264826611041,87.150012,0.595309384398432
2590,C:\Users\joshy\OneDrive\Documents\Kravitz Lab\freezeData\\0318\20260318065404-b87.79-f0.png,2026-03-18 06:54:04,0.0,57.112273774424914,7.315892221652757,458.5938832650241,87.648944,0.6868543460431261
2591,C:\Users\joshy\OneDrive\Documents\Kravitz Lab\freezeData\\0318\20260318065422-b88.54-f2.png,2026-03-18 06:54:22,2.0,57.65409979784806,7.332626344620857,480.99600098809606,88.409576,0.7274927245276163
2592,C:\Users\joshy\OneDrive\Documents\Kravitz Lab\freezeData\\0318\20260318065441-b88.71-f4.png,2026-03-18 06:54:41,4.0,58.05747228831844,7.34258035273978,454.52055982206394,88.575944,0.7624170695314052
2593,C:\Users\joshy\OneDrive\Documents\Kravitz Lab\freezeData\\0318\20260318065500-b89.08-f6.png,2026-03-18 06:55:00,6.0,58.689234698893664,7.332312236275418,470.26074593790406,88.978776,0.7065642599249589
2594,C:\Users\joshy\OneDrive\Documents\Kravitz Lab\freezeData\\0318\20260318065520-b88.25-f8.png,2026-03-18 06:55:20,8.0,59.268958654900764,7.32320756534496,494.44773713126403,88.152892,0.6398146856534478
2595,C:\Users\joshy\OneDrive\Documents\Kravitz Lab\freezeData\\0318\20260318065538-b87.66-f10.png,2026-03-18 06:55:38,10.0,59.795520314455004,7.300321886376735,535.217331352064,87.58894,0.5933893548117085
2596,C:\Users\joshy\OneDrive\Documents\Kravitz Lab\freezeData\\0318\20260318065557-b88.21-f0.png,2026-03-18 06:55:57,0.0,57.10034545843953,7.326888243891609,455.238436031936,88.077308,0.686819503184781
2597,C:\Users\joshy\OneDrive\Documents\Kravitz Lab\freezeData\\0318\20260318065617-b89.03-f2.png,2026-03-18 06:56:17,2.0,57.70487687743891,7.3525702819799115,465.95578600625606,88.891296,0.7287098278765931
2598,C:\Users\joshy\OneDrive\Documents\Kravitz Lab\freezeData\\0318\20260318065635-b89.27-f4.png,2026-03-18 06:56:35,4.0,58.18601329645756,7.353892201232717,471.8814504303999,89.134092,0.7606592348100629
2599,C:\Users\joshy\OneDrive\Documents\Kravitz Lab\freezeData\\0318\20260318065653-b89.39-f6.png,2026-03-18 06:56:53,6.0,58.84082152144377,7.346643443264744,466.350605785856,89.27896,0.7053223384087602
2600,C:\Users\joshy\OneDrive\Documents\Kravitz Lab\freezeData\\0318\20260318065714-b88.54-f8.png,2026-03-18 06:57:14,8.0,59.22338615946859,7.328713905767018,448.71064565105604,88.415408,0.6432726664096775
2601,C:\Users\joshy\OneDrive\Documents\Kravitz Lab\freezeData\\0318\20260318065732-b87.83-f10.png,2026-03-18 06:57:32,10.0,59.86242915099507,7.311719523923731,522.1908338524,87.733564,0.5918274614269827
2602,C:\Users\joshy\OneDrive\Documents\Kravitz Lab\freezeData\\0318\20260318065750-b88.46-f0.png,2026-03-18 06:57:50,0.0,57.23244884972384,7.336853463865138,457.36460798398406,88.356088,0.6877099580269175
2603,C:\Users\joshy\OneDrive\Documents\Kravitz Lab\freezeData\\0318\20260318065810-b89.22-f2.png,2026-03-18 06:58:10,2.0,57.80946931316647,7.353286436185373,480.583856328944,89.092508,0.7287531058124447
2604,C:\Users\joshy\OneDrive\Documents\Kravitz Lab\freezeData\\0318\20260318065828-b89.64-f4.png,2026-03-18 06:58:28,4.0,58.32535649350611,7.355869596244595,472.39923041150405,89.492132,0.7600805448424252
2605,C:\Users\joshy\OneDrive\Documents\Kravitz Lab\freezeData\\0318\20260318065846-b89.40-f6.png,2026-03-18 06:58:46,6.0,58.808077834147376,7.348077044665346,467.67608640230395,89.300808,0.7064787344336229
2606,C:\Users\joshy\OneDrive\Documents\Kravitz Lab\freezeData\\0318\20260318065906-b88.84-f8.png,2026-03-18 06:59:06,8.0,59.503376372501755,7.331411838907014,477.082187903856,88.73418,0.644027902746767
2607,C:\Users\joshy\OneDrive\Documents\Kravitz Lab\freezeData\\0318\20260318065943-b88.65-f0.png,2026-03-18 06:59:43,0.0,57.41645031590386,7.360775962266092,465.18489133439994,88.523688,0.6884983704408664
2608,C:\Users\joshy\OneDrive\Documents\Kravitz Lab\freezeData\\0318\20260318065924-b87.83-f10.png,2026-03-18 06:59:24,10.0,59.90715016787414,7.311787058077376,535.238429886464,87.733424,0.5913796935171428
2609,C:\Users\joshy\OneDrive\Documents\Kravitz Lab\freezeData\\0318\20260318070003-b89.42-f2.png,2026-03-18 07:00:03,2.0,57.918157925115814,7.356957135048353,471.611516435456,89.286312,0.7281704527663863
2610,C:\Users\joshy\OneDrive\Documents\Kravitz Lab\freezeData\\0318\20260318070020-b89.86-f4.png,2026-03-18 07:00:20,4.0,58.44156310620092,7.36381479638551,457.120700874176,89.733456,0.7610949034320195
2611,C:\Users\joshy\OneDrive\Documents\Kravitz Lab\freezeData\\0318\20260318070038-b89.61-f6.png,2026-03-18 07:00:38,6.0,59.03625833302595,7.348270211109903,454.34364642246396,89.503168,0.7041712867378253
2612,C:\Users\joshy\OneDrive\Documents\Kravitz Lab\freezeData\\0318\20260318070058-b88.44-f8.png,2026-03-18 07:00:58,8.0,59.46274298878248,7.330762037065359,460.20259380217607,88.3365,0.6430304593843946
2613,C:\Users\joshy\OneDrive\Documents\Kravitz Lab\freezeData\\0318\20260318070117-b88.07-f10.png,2026-03-18 07:01:17,10.0,60.075075751733976,7.314493356766436,498.437854225344,87.966632,0.5897007557274612
2614,C:\Users\joshy\OneDrive\Documents\Kravitz Lab\freezeData\\0318\20260318070136-b88.89-f0.png,2026-03-18 07:01:36,0.0,57.618575858559915,7.340892863666047,435.55050966974403,88.757876,0.6874999434458893
2615,C:\Users\joshy\OneDrive\Documents\Kravitz Lab\freezeData\\0318\20260318070154-b89.49-f2.png,2026-03-18 07:01:54,2.0,58.093243684483795,7.359539676947112,457.421524958464,89.347428,0.7269218851973357
2616,C:\Users\joshy\OneDrive\Documents\Kravitz Lab\freezeData\\0318\20260318070214-b89.76-f4.png,2026-03-18 07:02:14,4.0,58.49448932654959,7.36491540414088,444.2717702400001,89.612776,0.7583877346395639
2617,C:\Users\joshy\OneDrive\Documents\Kravitz Lab\freezeData\\0318\20260318070231-b89.42-f6.png,2026-03-18 07:02:31,6.0,58.96120922245255,7.351940614532901,440.0179983203841,89.287776,0.7026722926556435
2618,C:\Users\joshy\OneDrive\Documents\Kravitz Lab\freezeData\\0318\20260318070251-b88.55-f8.png,2026-03-18 07:02:51,8.0,59.599143807600996,7.3369411311342425,444.43355963774405,88.429336,0.6430842326069814
2619,C:\Users\joshy\OneDrive\Documents\Kravitz Lab\freezeData\\0318\20260318070309-b87.80-f10.png,2026-03-18 07:03:09,10.0,60.10569677701294,7.317457040734388,537.0422465457759,87.697076,0.5897354324139837
2620,C:\Users\joshy\OneDrive\Documents\Kravitz Lab\freezeData\\0318\20260318070327-b89.13-f0.png,2026-03-18 07:03:27,0.0,57.65302476612571,7.346166671539743,442.79478138481596,89.003364,0.6868961701547267
2621,C:\Users\joshy\OneDrive\Documents\Kravitz Lab\freezeData\\0318\20260318070347-b89.69-f2.png,2026-03-18 07:03:47,2.0,58.243465421899344,7.365466627839066,466.6310708561759,89.543996,0.7274120545799446
2622,C:\Users\joshy\OneDrive\Documents\Kravitz Lab\freezeData\\0318\20260318070405-b90.00-f4.png,2026-03-18 07:04:05,4.0,58.7003589480213,7.368457289530929,457.1952096496,89.855116,0.7582745223912365
2623,C:\Users\joshy\OneDrive\Documents\Kravitz Lab\freezeData\\0318\20260318070423-b89.63-f6.png,2026-03-18 07:04:23,6.0,59.08341811619378,7.354022226862008,454.364938569584,89.508468,0.7003974988146294
2624,C:\Users\joshy\OneDrive\Documents\Kravitz Lab\freezeData\\0318\20260318070443-b88.57-f8.png,2026-03-18 07:04:43,8.0,59.614781919214096,7.336427067075192,454.342293952496,88.463112,0.6406280248091835
2625,C:\Users\joshy\OneDrive\Documents\Kravitz Lab\freezeData\\0318\20260318070503-b87.73-f10.png,2026-03-18 07:05:03,10.0,60.09101791329496,7.316440179615156,530.2060313536,87.634008,0.5898731027373971
2626,C:\Users\joshy\OneDrive\Documents\Kravitz Lab\freezeData\\0318\20260318070522-b89.22-f0.png,2026-03-18 07:05:22,0.0,57.735922896716566,7.3486942727591344,451.37442004760004,89.08738,0.6881613566488669
2627,C:\Users\joshy\OneDrive\Documents\Kravitz Lab\freezeData\\0318\20260318070541-b89.76-f2.png,2026-03-18 07:05:41,2.0,58.22014097583908,7.361967816649923,464.07612071665596,89.624132,0.7270078720359603
2628,C:\Users\joshy\OneDrive\Documents\Kravitz Lab\freezeData\\0318\20260318070559-b89.77-f4.png,2026-03-18 07:05:59,4.0,58.675131409749945,7.363701745779312,463.31758411121604,89.626024,0.7570513100283687
2629,C:\Users\joshy\OneDrive\Documents\Kravitz Lab\freezeData\\0318\20260318070618-b89.07-f6.png,2026-03-18 07:06:18,6.0,59.16367504871225,7.352479289793804,438.826702709504,88.943372,0.7001303188391321
2630,C:\Users\joshy\OneDrive\Documents\Kravitz Lab\freezeData\\0318\20260318070637-b88.43-f8.png,2026-03-18 07:06:37,8.0,59.75174278071079,7.330631586262289,446.85553798246394,88.318576,0.6408504120899585
2631,C:\Users\joshy\OneDrive\Documents\Kravitz Lab\freezeData\\0318\20260318070654-b87.38-f10.png,2026-03-18 07:06:54,10.0,60.198022623264826,7.3154842537600855,507.7900532416,87.286664,0.5911267560128819
2632,C:\Users\joshy\OneDrive\Documents\Kravitz Lab\freezeData\\0318\20260318070713-b89.17-f0.png,2026-03-18 07:07:13,0.0,57.814091281862275,7.353447734783313,428.802105114624,89.040364,0.6868968515488726
2633,C:\Users\joshy\OneDrive\Documents\Kravitz Lab\freezeData\\0318\20260318070732-b89.74-f2.png,2026-03-18 07:07:32,2.0,58.20466020294375,7.373115073114113,472.77709467313605,89.580316,0.7261614199490444
2634,C:\Users\joshy\OneDrive\Documents\Kravitz Lab\freezeData\\0318\20260318070750-b89.92-f4.png,2026-03-18 07:07:50,4.0,58.74829327970248,7.37110538561653,451.8178389284961,89.779508,0.756705880653076
2635,C:\Users\joshy\OneDrive\Documents\Kravitz Lab\freezeData\\0318\20260318070809-b89.53-f6.png,2026-03-18 07:08:09,6.0,59.160560621505404,7.361382690293056,453.98341107070405,89.423928,0.6997020724456483
2636,C:\Users\joshy\OneDrive\Documents\Kravitz Lab\freezeData\\0318\20260318070828-b88.39-f8.png,2026-03-18 07:08:28,8.0,59.59647182593063,7.340684878351767,464.445688193904,88.295584,0.6389613703848178
2637,C:\Users\joshy\OneDrive\Documents\Kravitz Lab\freezeData\\0318\20260318070847-b87.60-f10.png,2026-03-18 07:08:47,10.0,60.15931373226646,7.319900052527546,509.13402721222394,87.496644,0.5917766204207644
2638,C:\Users\joshy\OneDrive\Documents\Kravitz Lab\freezeData\\0318\20260318070905-b89.28-f0.png,2026-03-18 07:09:05,0.0,57.809484035681756,7.36227169116479,455.55780625918396,89.170984,0.6869082649866791
2639,C:\Users\joshy\OneDrive\Documents\Kravitz Lab\freezeData\\0318\20260318070924-b89.90-f2.png,2026-03-18 07:09:24,2.0,58.27525708153593,7.377899084821092,482.6357350716,89.755664,0.7235896304438326
2640,C:\Users\joshy\OneDrive\Documents\Kravitz Lab\freezeData\\0318\20260318070944-b89.93-f4.png,2026-03-18 07:09:44,4.0,58.7397325153557,7.375510590088339,454.3902949284961,89.799092,0.7561060299462423
2641,C:\Users\joshy\OneDrive\Documents\Kravitz Lab\freezeData\\0318\20260318071003-b89.46-f6.png,2026-03-18 07:10:03,6.0,59.10799555654839,7.368390491374268,446.5013062044,89.335084,0.6954729858788347
2642,C:\Users\joshy\OneDrive\Documents\Kravitz Lab\freezeData\\0318\20260318071021-b88.55-f8.png,2026-03-18 07:10:21,8.0,59.69598652563557,7.341335768544829,438.65330740337606,88.430944,0.6358699937581931
2643,C:\Users\joshy\OneDrive\Documents\Kravitz Lab\freezeData\\0318\20260318071041-b87.55-f10.png,2026-03-18 07:10:41,10.0,60.21050354622071,7.319756687535856,481.0385313264,87.435388,0.591756554798379
2644,C:\Users\joshy\OneDrive\Documents\Kravitz Lab\freezeData\\0318\20260318071059-b89.16-f0.png,2026-03-18 07:10:59,0.0,57.70884333113101,7.356576619418786,439.135250874304,88.998824,0.6862946342886826
2645,C:\Users\joshy\OneDrive\Documents\Kravitz Lab\freezeData\\0318\20260318071118-b89.88-f2.png,2026-03-18 07:11:18,2.0,58.253893795965816,7.379253488680833,443.235623212656,89.707156,0.7238409648088368
2646,C:\Users\joshy\OneDrive\Documents\Kravitz Lab\freezeData\\0318\20260318071137-b90.06-f4.png,2026-03-18 07:11:37,4.0,58.75970863390131,7.380509152963721,422.46831615840006,89.890468,0.7536178693427302
2647,C:\Users\joshy\OneDrive\Documents\Kravitz Lab\freezeData\\0318\20260318071159-b89.60-f6.png,2026-03-18 07:11:59,6.0,59.17946813107005,7.363198901249265,433.078698247024,89.457108,0.6949921581500661
2648,C:\Users\joshy\OneDrive\Documents\Kravitz Lab\freezeData\\0318\20260318071217-b88.24-f8.png,2026-03-18 07:12:17,8.0,59.562369216553364,7.3428128433409,441.15992287959995,88.109824,0.6338286604221653
2649,C:\Users\joshy\OneDrive\Documents\Kravitz Lab\freezeData\\0318\20260318071237-b87.59-f10.png,2026-03-18 07:12:37,10.0,60.250512567310174,7.317456477844948,486.33881190385597,87.48042,0.5917204352868499
2650,C:\Users\joshy\OneDrive\Documents\Kravitz Lab\freezeData\\0318\20260318071256-b89.01-f0.png,2026-03-18 07:12:56,0.0,57.697661110636226,7.361982204435346,440.9216754033761,88.869224,0.6848478998384807
2651,C:\Users\joshy\OneDrive\Documents\Kravitz Lab\freezeData\\0318\20260318071315-b90.00-f2.png,2026-03-18 07:13:15,2.0,58.254502773926205,7.376928614602365,452.0008714204,89.840568,0.7234452839242768
2652,C:\Users\joshy\OneDrive\Documents\Kravitz Lab\freezeData\\0318\20260318071335-b89.90-f4.png,2026-03-18 07:13:35,4.0,58.695938218354286,7.376117319605042,453.159743556336,89.752944,0.7530294682145496
2653,C:\Users\joshy\OneDrive\Documents\Kravitz Lab\freezeData\\0318\20260318071353-b89.11-f6.png,2026-03-18 07:13:53,6.0,59.10075535384312,7.360924698651472,444.3608850963839,88.974928,0.6960800799757941
2654,C:\Users\joshy\OneDrive\Documents\Kravitz Lab\freezeData\\0318\20260318071411-b88.18-f8.png,2026-03-18 07:14:11,8.0,59.63707613880627,7.336537530054855,420.8597836131841,88.061332,0.6369343293830751
2655,C:\Users\joshy\OneDrive\Documents\Kravitz Lab\freezeData\\0318\20260318071430-b87.59-f10.png,2026-03-18 07:14:30,10.0,60.30960064939565,7.319514231659994,509.2521853157759,87.491196,0.5896090474428513
2656,C:\Users\joshy\OneDrive\Documents\Kravitz Lab\freezeData\\0318\20260318071449-b89.18-f0.png,2026-03-18 07:14:49,0.0,57.86157387818274,7.355005039948996,437.661534182256,89.03086,0.6834633665037273
2657,C:\Users\joshy\OneDrive\Documents\Kravitz Lab\freezeData\\0318\20260318071508-b89.86-f2.png,2026-03-18 07:15:08,2.0,58.399701881430865,7.374452722410476,471.9804690415999,89.7304,0.7222198412950092
2658,C:\Users\joshy\OneDrive\Documents\Kravitz Lab\freezeData\\0318\20260318071527-b89.81-f4.png,2026-03-18 07:15:27,4.0,58.744698186471126,7.372051685532878,441.60649865465604,89.661304,0.751772256398037
2659,C:\Users\joshy\OneDrive\Documents\Kravitz Lab\freezeData\\0318\20260318071545-b89.59-f6.png,2026-03-18 07:15:45,6.0,59.27421499706597,7.363753351991231,444.152181713856,89.45604,0.6958856895798609
2660,C:\Users\joshy\OneDrive\Documents\Kravitz Lab\freezeData\\0318\20260318071603-b88.43-f8.png,2026-03-18 07:16:03,8.0,59.78856404800249,7.337620785557689,449.6194656496,88.311148,0.636341013119303
2661,C:\Users\joshy\OneDrive\Documents\Kravitz Lab\freezeData\\0318\20260318071622-b87.46-f10.png,2026-03-18 07:16:22,10.0,60.24761696221234,7.315853803915275,490.4052436096,87.374388,0.5919872506869545
2662,C:\Users\joshy\OneDrive\Documents\Kravitz Lab\freezeData\\0318\20260318071641-b88.86-f0.png,2026-03-18 07:16:41,0.0,57.75750357945205,7.349141019825448,425.45828349694403,88.710172,0.6840211445389259
2663,C:\Users\joshy\OneDrive\Documents\Kravitz Lab\freezeData\\0318\20260318071700-b89.51-f2.png,2026-03-18 07:17:00,2.0,58.329217989607095,7.368504616633892,459.46611900030405,89.385664,0.7219919258955125
2664,C:\Users\joshy\OneDrive\Documents\Kravitz Lab\freezeData\\0318\20260318071719-b89.69-f4.png,2026-03-18 07:17:19,4.0,58.78924115125883,7.368187405119911,427.58630612422394,89.536944,0.7522445048080688
2665,C:\Users\joshy\OneDrive\Documents\Kravitz Lab\freezeData\\0318\20260318071738-b89.08-f6.png,2026-03-18 07:17:38,6.0,59.20834035451411,7.35963739425049,438.5071892044159,88.941996,0.6950684070343839
2666,C:\Users\joshy\OneDrive\Documents\Kravitz Lab\freezeData\\0318\20260318071757-b88.03-f8.png,2026-03-18 07:17:57,8.0,59.750300404967206,7.328807334683148,432.184658587376,87.904724,0.6372212680810035
2667,C:\Users\joshy\OneDrive\Documents\Kravitz Lab\freezeData\\0318\20260318071816-b87.14-f10.png,2026-03-18 07:18:16,10.0,60.32379728081036,7.316667300222857,476.408741285104,87.055764,0.5933970501159119
2668,C:\Users\joshy\OneDrive\Documents\Kravitz Lab\freezeData\\0318\20260318071834-b89.06-f0.png,2026-03-18 07:18:34,0.0,58.03468508470279,7.3690179181418936,432.91944216294394,88.948124,0.6834933815813236
2669,C:\Users\joshy\OneDrive\Documents\Kravitz Lab\freezeData\\0318\20260318071853-b89.45-f2.png,2026-03-18 07:18:53,2.0,58.43279933314768,7.365314575646078,464.4317829284961,89.321064,0.7230764320301679
2670,C:\Users\joshy\OneDrive\Documents\Kravitz Lab\freezeData\\0318\20260318071912-b89.66-f4.png,2026-03-18 07:19:12,4.0,58.821189386880775,7.370155452021006,439.45182623999995,89.527552,0.7526202534888279
2671,C:\Users\joshy\OneDrive\Documents\Kravitz Lab\freezeData\\0318\20260318071930-b89.10-f6.png,2026-03-18 07:19:30,6.0,59.28874390044694,7.359098389727052,450.39611825760005,88.981596,0.6947129173970964
2672,C:\Users\joshy\OneDrive\Documents\Kravitz Lab\freezeData\\0318\20260318071948-b88.11-f8.png,2026-03-18 07:19:48,8.0,59.81334893536138,7.334931098992806,453.735727613184,87.991448,0.6363778842434211
2673,C:\Users\joshy\OneDrive\Documents\Kravitz Lab\freezeData\\0318\20260318072026-b88.63-f0.png,2026-03-18 07:20:26,0.0,57.96086411434529,7.348555052451204,450.870983556336,88.51572,0.6825533503301661
2674,C:\Users\joshy\OneDrive\Documents\Kravitz Lab\freezeData\\0318\20260318072007-b87.18-f10.png,2026-03-18 07:20:07,10.0,60.48210736840918,7.315414016781574,517.238121476464,87.093168,0.5893801340090469
2675,C:\Users\joshy\OneDrive\Documents\Kravitz Lab\freezeData\\0318\20260318072045-b89.50-f2.png,2026-03-18 07:20:45,2.0,58.47751924312796,7.366523135886013,482.8861312997759,89.38236,0.7219217781459287
2676,C:\Users\joshy\OneDrive\Documents\Kravitz Lab\freezeData\\0318\20260318072103-b89.53-f4.png,2026-03-18 07:21:03,4.0,59.028706439266514,7.365274256452632,446.96453559,89.389836,0.7518671604770563
2677,C:\Users\joshy\OneDrive\Documents\Kravitz Lab\freezeData\\0318\20260318072121-b89.10-f6.png,2026-03-18 07:21:21,6.0,59.39277150260547,7.355092560251563,430.1042305018239,88.958464,0.6947381866834976
2678,C:\Users\joshy\OneDrive\Documents\Kravitz Lab\freezeData\\0318\20260318072140-b87.86-f8.png,2026-03-18 07:21:40,8.0,59.850745007017444,7.329740586674868,441.3131099484,87.749676,0.6380580724349257
2679,C:\Users\joshy\OneDrive\Documents\Kravitz Lab\freezeData\\0318\20260318072200-b86.96-f10.png,2026-03-18 07:22:00,10.0,60.46497706374241,7.311144677359029,516.8838068554239,86.889652,0.5886159660956463
2680,C:\Users\joshy\OneDrive\Documents\Kravitz Lab\freezeData\\0318\20260318072218-b88.58-f0.png,2026-03-18 07:22:18,0.0,57.9903111868203,7.344247579046905,437.01919844926397,88.451912,0.683786732520153
2681,C:\Users\joshy\OneDrive\Documents\Kravitz Lab\freezeData\\0318\20260318072236-b89.76-f2.png,2026-03-18 07:22:36,2.0,58.67084126288437,7.365886097863806,475.114971403264,89.642132,0.7225725954246357
2682,C:\Users\joshy\OneDrive\Documents\Kravitz Lab\freezeData\\0318\20260318072255-b89.47-f4.png,2026-03-18 07:22:55,4.0,58.932617630813716,7.368351521193656,456.55148134961587,89.344452,0.7531497126253557
2683,C:\Users\joshy\OneDrive\Documents\Kravitz Lab\freezeData\\0318\20260318072313-b88.78-f6.png,2026-03-18 07:23:13,6.0,59.4006069708753,7.348680954660407,439.969074351344,88.66554,0.6955596766485467
2684,C:\Users\joshy\OneDrive\Documents\Kravitz Lab\freezeData\\0318\20260318072331-b87.97-f8.png,2026-03-18 07:23:31,8.0,60.023652623191,7.329321881839867,447.116140227056,87.841136,0.6367345314589605
2685,C:\Users\joshy\OneDrive\Documents\Kravitz Lab\freezeData\\0318\20260318072351-b86.80-f10.png,2026-03-18 07:23:51,10.0,60.48939629201681,7.30621827455467,496.3825299891039,86.692188,0.5896963203401884
2686,C:\Users\joshy\OneDrive\Documents\Kravitz Lab\freezeData\\0318\20260318072408-b88.76-f0.png,2026-03-18 07:24:08,0.0,57.959546851170465,7.346721541246375,449.272705322944,88.636824,0.6832261751166386
2687,C:\Users\joshy\OneDrive\Documents\Kravitz Lab\freezeData\\0318\20260318072427-b89.49-f2.png,2026-03-18 07:24:27,2.0,58.58375493057249,7.363650573859892,466.25528883159996,89.367568,0.7208272110087175
2688,C:\Users\joshy\OneDrive\Documents\Kravitz Lab\freezeData\\0318\20260318072446-b89.38-f4.png,2026-03-18 07:24:46,4.0,58.99200993355544,7.366125483934278,457.650620643776,89.253464,0.7519810958842625
2689,C:\Users\joshy\OneDrive\Documents\Kravitz Lab\freezeData\\0318\20260318072504-b88.89-f6.png,2026-03-18 07:25:04,6.0,59.43942745553325,7.351719498915722,451.36124297585593,88.77828,0.6947992892547776
2690,C:\Users\joshy\OneDrive\Documents\Kravitz Lab\freezeData\\0318\20260318072522-b87.91-f8.png,2026-03-18 07:25:22,8.0,60.095499219305935,7.327034436585678,456.73687443039995,87.80732,0.6357969832499346
2691,C:\Users\joshy\OneDrive\Documents\Kravitz Lab\freezeData\\0318\20260318072542-b86.75-f10.png,2026-03-18 07:25:42,10.0,60.58512811680055,7.306392729730321,516.312384248816,86.663692,0.5862113572241656
2692,C:\Users\joshy\OneDrive\Documents\Kravitz Lab\freezeData\\0318\20260318072600-b88.45-f0.png,2026-03-18 07:26:00,0.0,58.00215393488542,7.342398262135718,454.24373116,88.339816,0.6812901982345898
2693,C:\Users\joshy\OneDrive\Documents\Kravitz Lab\freezeData\\0318\20260318072618-b89.10-f2.png,2026-03-18 07:26:18,2.0,58.578135510852036,7.358680937499336,464.90995959,88.971016,0.7217295975281086
2694,C:\Users\joshy\OneDrive\Documents\Kravitz Lab\freezeData\\0318\20260318072637-b89.28-f4.png,2026-03-18 07:26:37,4.0,59.03989514528955,7.355762006829461,449.88196393574407,89.147096,0.7520111077509861
2695,C:\Users\joshy\OneDrive\Documents\Kravitz Lab\freezeData\\0318\20260318072656-b88.73-f6.png,2026-03-18 07:26:56,6.0,59.40550224729275,7.347696165522232,462.2448678556,88.615164,0.692880188820577
2696,C:\Users\joshy\OneDrive\Documents\Kravitz Lab\freezeData\\0318\20260318072713-b87.61-f8.png,2026-03-18 07:27:13,8.0,59.91986819919269,7.325657151254202,446.111350104816,87.487876,0.6333003082842112
2697,C:\Users\joshy\OneDrive\Documents\Kravitz Lab\freezeData\\0318\20260318072732-b86.54-f10.png,2026-03-18 07:27:32,10.0,60.45254337924504,7.302054847110596,498.761092579824,86.458636,0.5880139341699289
2698,C:\Users\joshy\OneDrive\Documents\Kravitz Lab\freezeData\\0318\20260318072751-b88.51-f0.png,2026-03-18 07:27:51,0.0,57.97006018616935,7.341664607606466,436.383274654656,88.377648,0.6811009514576388
2699,C:\Users\joshy\OneDrive\Documents\Kravitz Lab\freezeData\\0318\20260318072809-b89.20-f2.png,2026-03-18 07:28:09,2.0,58.47070338389645,7.357976914148573,494.074367854704,89.09118,0.7212810254228762
2700,C:\Users\joshy\OneDrive\Documents\Kravitz Lab\freezeData\\0318\20260318072829-b89.13-f4.png,2026-03-18 07:28:29,4.0,58.84063631671147,7.357303404414995,465.37649662910405,89.020636,0.7516524019606697
2701,C:\Users\joshy\OneDrive\Documents\Kravitz Lab\freezeData\\0318\20260318072849-b88.94-f6.png,2026-03-18 07:28:49,6.0,59.42190262401917,7.3479970242202315,460.353855062976,88.826828,0.692777627732102
2702,C:\Users\joshy\OneDrive\Documents\Kravitz Lab\freezeData\\0318\20260318072908-b87.73-f8.png,2026-03-18 07:29:08,8.0,60.01204739284885,7.3275232312235214,463.86508829382393,87.627592,0.6352034944193015
2703,C:\Users\joshy\OneDrive\Documents\Kravitz Lab\freezeData\\0318\20260318072926-b86.43-f10.png,2026-03-18 07:29:26,10.0,60.545455146540476,7.302839405341531,506.70491734630394,86.348484,0.5873775842342918
2704,C:\Users\joshy\OneDrive\Documents\Kravitz Lab\freezeData\\0318\20260318072945-b88.46-f0.png,2026-03-18 07:29:45,0.0,58.066589965255716,7.338836961401003,458.51313764959997,88.342692,0.6818754143386226
2705,C:\Users\joshy\OneDrive\Documents\Kravitz Lab\freezeData\\0318\20260318073004-b89.03-f2.png,2026-03-18 07:30:04,2.0,58.555613946114505,7.36043623808202,488.10473705534395,88.90956,0.7183194424239666
2706,C:\Users\joshy\OneDrive\Documents\Kravitz Lab\freezeData\\0318\20260318073023-b88.98-f4.png,2026-03-18 07:30:23,4.0,58.95506525824752,7.355230415262213,461.68809408454405,88.867424,0.7506825682352543
2707,C:\Users\joshy\OneDrive\Documents\Kravitz Lab\freezeData\\0318\20260318073041-b88.31-f6.png,2026-03-18 07:30:41,6.0,59.44596824251401,7.3382342819909345,442.05043950438403,88.182504,0.6939194887146027
2708,C:\Users\joshy\OneDrive\Documents\Kravitz Lab\freezeData\\0318\20260318073100-b87.33-f8.png,2026-03-18 07:31:00,8.0,60.04465166012373,7.319113511721803,445.597002946496,87.22512,0.6351216400305856
2709,C:\Users\joshy\OneDrive\Documents\Kravitz Lab\freezeData\\0318\20260318073119-b86.39-f10.png,2026-03-18 07:31:19,10.0,60.59634390259531,7.298590304733947,480.85527627159996,86.30128,0.5871012634667444
2710,C:\Users\joshy\OneDrive\Documents\Kravitz Lab\freezeData\\0318\20260318073137-b88.44-f0.png,2026-03-18 07:31:37,0.0,58.10460827774334,7.340003221791375,431.312514162944,88.3133,0.6802625197042722
2711,C:\Users\joshy\OneDrive\Documents\Kravitz Lab\freezeData\\0318\20260318073157-b89.04-f2.png,2026-03-18 07:31:57,2.0,58.53791406211588,7.356740563837069,463.98247220529606,88.911156,0.7191396400603612
2712,C:\Users\joshy\OneDrive\Documents\Kravitz Lab\freezeData\\0318\20260318073215-b89.05-f4.png,2026-03-18 07:32:15,4.0,59.010518771049625,7.3549477510244206,449.4926812444001,88.90154,0.7489820687081155
2713,C:\Users\joshy\OneDrive\Documents\Kravitz Lab\freezeData\\0318\20260318073233-b88.67-f6.png,2026-03-18 07:32:33,6.0,59.57002625908557,7.345548132672634,451.0373079550559,88.556316,0.6923771277556239
2714,C:\Users\joshy\OneDrive\Documents\Kravitz Lab\freezeData\\0318\20260318073253-b87.43-f8.png,2026-03-18 07:32:53,8.0,60.068247824624414,7.322256149633377,457.551455797504,87.320748,0.6343720173806424
2715,C:\Users\joshy\OneDrive\Documents\Kravitz Lab\freezeData\\0318\20260318073311-b86.46-f10.png,2026-03-18 07:33:11,10.0,60.598413325905355,7.299965023727992,490.051571403376,86.361644,0.5865681926389297
2716,C:\Users\joshy\OneDrive\Documents\Kravitz Lab\freezeData\\0318\20260318073329-b88.60-f0.png,2026-03-18 07:33:29,0.0,58.15610886477175,7.348649414753029,462.969441156544,88.468604,0.6778463808123281
2717,C:\Users\joshy\OneDrive\Documents\Kravitz Lab\freezeData\\0318\20260318073348-b89.18-f2.png,2026-03-18 07:33:48,2.0,58.65281341630268,7.360943559735594,506.028088599664,89.056128,0.7169231292016013
2718,C:\Users\joshy\OneDrive\Documents\Kravitz Lab\freezeData\\0318\20260318073407-b88.88-f4.png,2026-03-18 07:34:07,4.0,59.041532137245085,7.354095859108079,452.508262967744,88.745216,0.7481392013423586
2719,C:\Users\joshy\OneDrive\Documents\Kravitz Lab\freezeData\\0318\20260318073425-b88.60-f6.png,2026-03-18 07:34:25,6.0,59.637404975565325,7.348188160206997,458.494927548416,88.488696,0.6914962960490078
2720,C:\Users\joshy\OneDrive\Documents\Kravitz Lab\freezeData\\0318\20260318073443-b87.51-f8.png,2026-03-18 07:34:43,8.0,60.108749112365466,7.319860654488354,465.690064599664,87.386052,0.632074014011593
2721,C:\Users\joshy\OneDrive\Documents\Kravitz Lab\freezeData\\0318\20260318073504-b86.23-f10.png,2026-03-18 07:35:04,10.0,60.71061071940871,7.297464655375773,520.096081267824,86.148304,0.584965178978711
2722,C:\Users\joshy\OneDrive\Documents\Kravitz Lab\freezeData\\0318\20260318073521-b88.49-f0.png,2026-03-18 07:35:21,0.0,58.21324030862794,7.343391660312084,452.95041824,88.361044,0.6759800320125633
2723,C:\Users\joshy\OneDrive\Documents\Kravitz Lab\freezeData\\0318\20260318073540-b89.01-f2.png,2026-03-18 07:35:40,2.0,58.75222557362742,7.358855952949536,509.343484584896,88.89116,0.7147099232947403
2724,C:\Users\joshy\OneDrive\Documents\Kravitz Lab\freezeData\\0318\20260318073600-b88.83-f4.png,2026-03-18 07:36:00,4.0,59.12285391710302,7.353837163305593,468.12033515359997,88.702664,0.7471068912881439
2725,C:\Users\joshy\OneDrive\Documents\Kravitz Lab\freezeData\\0318\20260318073618-b88.34-f6.png,2026-03-18 07:36:18,6.0,59.63910176683093,7.341252476202578,448.512107889776,88.210828,0.6935203653626152
2726,C:\Users\joshy\OneDrive\Documents\Kravitz Lab\freezeData\\0318\20260318073637-b87.37-f8.png,2026-03-18 07:36:37,8.0,60.24816789611435,7.317469895095443,449.51086787097597,87.265204,0.6337279263821638
2727,C:\Users\joshy\OneDrive\Documents\Kravitz Lab\freezeData\\0318\20260318073657-b86.05-f10.png,2026-03-18 07:36:57,10.0,60.695667117878656,7.297059928763155,508.231772316016,85.980892,0.5865529548173046
2728,C:\Users\joshy\OneDrive\Documents\Kravitz Lab\freezeData\\0318\20260318073715-b88.45-f0.png,2026-03-18 07:37:15,0.0,58.26997821360073,7.344543538007192,452.295002728384,88.330864,0.6749729198066565
2729,C:\Users\joshy\OneDrive\Documents\Kravitz Lab\freezeData\\0318\20260318073733-b88.78-f2.png,2026-03-18 07:37:33,2.0,58.78275443785682,7.355652855302829,503.945272888304,88.658432,0.7134801760673782
2730,C:\Users\joshy\OneDrive\Documents\Kravitz Lab\freezeData\\0318\20260318073752-b88.91-f4.png,2026-03-18 07:37:52,4.0,59.234536619479016,7.355504370197406,468.165146718576,88.77266,0.7460442685136779
2731,C:\Users\joshy\OneDrive\Documents\Kravitz Lab\freezeData\\0318\20260318073811-b88.29-f6.png,2026-03-18 07:38:11,6.0,59.715709854730854,7.3404564100500975,438.62729164478395,88.16116,0.6913652977094685
2732,C:\Users\joshy\OneDrive\Documents\Kravitz Lab\freezeData\\0318\20260318073831-b87.16-f8.png,2026-03-18 07:38:31,8.0,60.18839856243807,7.318040633910196,462.308364227056,87.066652,0.632183019780094
2733,C:\Users\joshy\OneDrive\Documents\Kravitz Lab\freezeData\\0318\20260318073851-b86.17-f10.png,2026-03-18 07:38:51,10.0,60.813850166048724,7.2973606685921215,508.48411563633596,86.079624,0.58597721785792
2734,C:\Users\joshy\OneDrive\Documents\Kravitz Lab\freezeData\\0318\20260318073909-b88.18-f0.png,2026-03-18 07:39:09,0.0,58.35912274446888,7.3453254072089305,473.61747681734397,88.062004,0.6743744986713229
2735,C:\Users\joshy\OneDrive\Documents\Kravitz Lab\freezeData\\0318\20260318073927-b88.69-f2.png,2026-03-18 07:39:27,2.0,58.80134168974841,7.356996147534397,513.7946966876,88.553884,0.7114289993164247
2736,C:\Users\joshy\OneDrive\Documents\Kravitz Lab\freezeData\\0318\20260318073946-b88.71-f4.png,2026-03-18 07:39:46,4.0,59.27431998898343,7.354514903725462,471.93939054073604,88.58206,0.7463085802492504
2737,C:\Users\joshy\OneDrive\Documents\Kravitz Lab\freezeData\\0318\20260318074004-b88.19-f6.png,2026-03-18 07:40:04,6.0,59.785476168281,7.336738722331048,447.4193316156002,88.077352,0.6920171328382002
2738,C:\Users\joshy\OneDrive\Documents\Kravitz Lab\freezeData\\0318\20260318074022-b87.11-f8.png,2026-03-18 07:40:22,8.0,60.28133734882145,7.314543855669767,458.26423110705593,87.007172,0.6339251123352865
2739,C:\Users\joshy\OneDrive\Documents\Kravitz Lab\freezeData\\0318\20260318074042-b86.09-f10.png,2026-03-18 07:40:42,10.0,60.83933372066936,7.293233507264766,519.424493398464,86.008968,0.5854525828333235
2740,C:\Users\joshy\OneDrive\Documents\Kravitz Lab\freezeData\\0318\20260318074100-b88.04-f0.png,2026-03-18 07:41:00,0.0,58.35072317610469,7.337450430017562,454.93348703601606,87.89016,0.6726198980092485
2741,C:\Users\joshy\OneDrive\Documents\Kravitz Lab\freezeData\\0318\20260318074119-b88.47-f2.png,2026-03-18 07:41:19,2.0,58.83786374197228,7.350350754278584,497.3990056896001,88.335348,0.7110066624752354
2742,C:\Users\joshy\OneDrive\Documents\Kravitz Lab\freezeData\\0318\20260318074137-b88.50-f4.png,2026-03-18 07:41:37,4.0,59.25836240488919,7.347415999507614,447.22226285081615,88.364896,0.7444896182731622
2743,C:\Users\joshy\OneDrive\Documents\Kravitz Lab\freezeData\\0318\20260318074156-b87.91-f6.png,2026-03-18 07:41:56,6.0,59.7590847560243,7.33478529384979,447.658183926016,87.779952,0.6919078406441551
2744,C:\Users\joshy\OneDrive\Documents\Kravitz Lab\freezeData\\0318\20260318074214-b87.01-f8.png,2026-03-18 07:42:14,8.0,60.33726870164622,7.312081427209702,441.9828199034239,86.902688,0.6344889616023809
2745,C:\Users\joshy\OneDrive\Documents\Kravitz Lab\freezeData\\0318\20260318074233-b85.93-f10.png,2026-03-18 07:42:33,10.0,60.9155984053871,7.292269087997126,502.24982917745604,85.85556,0.5870442950756878
2746,C:\Users\joshy\OneDrive\Documents\Kravitz Lab\freezeData\\0318\20260318074253-b87.98-f0.png,2026-03-18 07:42:53,0.0,58.46118189327123,7.3364509596847425,471.244791854704,87.818816,0.6714058014993716
2747,C:\Users\joshy\OneDrive\Documents\Kravitz Lab\freezeData\\0318\20260318074312-b88.41-f2.png,2026-03-18 07:43:12,2.0,58.916016343672254,7.347232996469575,497.644433652976,88.241988,0.710851657903421
2748,C:\Users\joshy\OneDrive\Documents\Kravitz Lab\freezeData\\0318\20260318074330-b88.36-f4.png,2026-03-18 07:43:30,4.0,59.334864153059826,7.344423672133208,464.04123840230403,88.227956,0.7448794338352273
2749,C:\Users\joshy\OneDrive\Documents\Kravitz Lab\freezeData\\0318\20260318074349-b87.80-f6.png,2026-03-18 07:43:49,6.0,59.81025058385079,7.330570256438074,456.55733591705604,87.679324,0.6925221148706074
2750,C:\Users\joshy\OneDrive\Documents\Kravitz Lab\freezeData\\0318\20260318074408-b86.81-f8.png,2026-03-18 07:44:08,8.0,60.42883972778561,7.313640846337917,460.1658916402561,86.70756,0.6353283931333359
2751,C:\Users\joshy\OneDrive\Documents\Kravitz Lab\freezeData\\0318\20260318074427-b85.84-f10.png,2026-03-18 07:44:27,10.0,60.955675609842935,7.291381325879455,500.558043309296,85.75574,0.5860748863821262
2752,C:\Users\joshy\OneDrive\Documents\Kravitz Lab\freezeData\\0318\20260318074448-b87.87-f0.png,2026-03-18 07:44:48,0.0,58.51874366399538,7.332244169415117,467.5049474375039,87.75374,0.6714901788416029
2753,C:\Users\joshy\OneDrive\Documents\Kravitz Lab\freezeData\\0318\20260318074507-b88.23-f2.png,2026-03-18 07:45:07,2.0,58.97276878119473,7.343962082520706,504.97370151622397,88.077912,0.7093245055465098
2754,C:\Users\joshy\OneDrive\Documents\Kravitz Lab\freezeData\\0318\20260318074525-b88.33-f4.png,2026-03-18 07:45:25,4.0,59.387002086571094,7.344022933999742,473.80455879878394,88.21764,0.7426643144035961
2755,C:\Users\joshy\OneDrive\Documents\Kravitz Lab\freezeData\\0318\20260318074545-b87.73-f6.png,2026-03-18 07:45:45,6.0,59.91218124267832,7.32750323666906,451.30929995159994,87.620908,0.693530270247343
2756,C:\Users\joshy\OneDrive\Documents\Kravitz Lab\freezeData\\0318\20260318074605-b86.55-f8.png,2026-03-18 07:46:05,8.0,60.428988331149945,7.304646780874663,457.17170694649604,86.471412,0.638069162500324
2757,C:\Users\joshy\OneDrive\Documents\Kravitz Lab\freezeData\\0318\20260318074624-b85.64-f10.png,2026-03-18 07:46:24,10.0,61.011904562976696,7.2885445062139835,526.587252404464,85.557668,0.584280493096784
2758,C:\Users\joshy\OneDrive\Documents\Kravitz Lab\freezeData\\0318\20260318074643-b87.78-f0.png,2026-03-18 07:46:43,0.0,58.540266669266074,7.332717650021159,461.82961923014403,87.666404,0.670629729492863
2759,C:\Users\joshy\OneDrive\Documents\Kravitz Lab\freezeData\\0318\20260318074702-b88.11-f2.png,2026-03-18 07:47:02,2.0,58.93459911452694,7.341275748579212,505.724881797744,87.9911,0.7080855358475235
2760,C:\Users\joshy\OneDrive\Documents\Kravitz Lab\freezeData\\0318\20260318074722-b88.09-f4.png,2026-03-18 07:47:22,4.0,59.44477392282676,7.345753156376616,459.474114531056,87.966996,0.7412785521508612
2761,C:\Users\joshy\OneDrive\Documents\Kravitz Lab\freezeData\\0318\20260318074740-b87.37-f6.png,2026-03-18 07:47:40,6.0,59.93638723176511,7.326332777666516,440.56654359039993,87.254648,0.6928323467326607
2762,C:\Users\joshy\OneDrive\Documents\Kravitz Lab\freezeData\\0318\20260318074759-b86.45-f8.png,2026-03-18 07:47:59,8.0,60.44171967994279,7.303342599992485,453.51979948862396,86.353596,0.6366341012215755
2763,C:\Users\joshy\OneDrive\Documents\Kravitz Lab\freezeData\\0318\20260318074818-b85.31-f10.png,2026-03-18 07:48:18,10.0,60.96596943492931,7.2838415842727064,531.1069013848161,85.223792,0.5845854437348742
2764,C:\Users\joshy\OneDrive\Documents\Kravitz Lab\freezeData\\0318\20260318074837-b87.72-f0.png,2026-03-18 07:48:37,0.0,58.571984362192,7.330187167490909,461.9972790716,87.606056,0.6695105332514908
2765,C:\Users\joshy\OneDrive\Documents\Kravitz Lab\freezeData\\0318\20260318074855-b88.07-f2.png,2026-03-18 07:48:55,2.0,58.99821193048291,7.342023460297149,525.7873300734559,87.956768,0.7068211460811096
2766,C:\Users\joshy\OneDrive\Documents\Kravitz Lab\freezeData\\0318\20260318074914-b87.91-f4.png,2026-03-18 07:49:14,4.0,59.45381585378742,7.3390561811374475,454.910983548416,87.793456,0.740447394938801
2767,C:\Users\joshy\OneDrive\Documents\Kravitz Lab\freezeData\\0318\20260318074932-b87.37-f6.png,2026-03-18 07:49:32,6.0,59.94957452566162,7.324403273781357,457.7118959936,87.241988,0.6926915878723238
2768,C:\Users\joshy\OneDrive\Documents\Kravitz Lab\freezeData\\0318\20260318074951-b86.36-f8.png,2026-03-18 07:49:51,8.0,60.50119832463367,7.302842251248642,452.96307291646406,86.248188,0.6362288885586497
2769,C:\Users\joshy\OneDrive\Documents\Kravitz Lab\freezeData\\0318\20260318075009-b85.46-f10.png,2026-03-18 07:50:09,10.0,61.02321026875672,7.282687601717237,546.358542297456,85.393152,0.5852899108726691
2770,C:\Users\joshy\OneDrive\Documents\Kravitz Lab\freezeData\\0318\20260318075028-b87.45-f0.png,2026-03-18 07:50:28,0.0,58.59580331213067,7.3272835474746705,478.68899871,87.328436,0.6684077278841762
2771,C:\Users\joshy\OneDrive\Documents\Kravitz Lab\freezeData\\0318\20260318075046-b87.95-f2.png,2026-03-18 07:50:46,2.0,59.02389036761829,7.339727575980311,525.5598228848639,87.802876,0.7058155017643742
2772,C:\Users\joshy\OneDrive\Documents\Kravitz Lab\freezeData\\0318\20260318075105-b87.92-f4.png,2026-03-18 07:51:05,4.0,59.45561189403954,7.3376658848548635,470.105059843184,87.792312,0.7389284893095953
2773,C:\Users\joshy\OneDrive\Documents\Kravitz Lab\freezeData\\0318\20260318075124-b87.25-f6.png,2026-03-18 07:51:24,6.0,59.962310733133826,7.32141393678698,437.39847129440005,87.119848,0.6930866140854954
2774,C:\Users\joshy\OneDrive\Documents\Kravitz Lab\freezeData\\0318\20260318075142-b86.38-f8.png,2026-03-18 07:51:42,8.0,60.489222288668785,7.30101802561475,455.393999983984,86.260996,0.6366579515304944
2775,C:\Users\joshy\OneDrive\Documents\Kravitz Lab\freezeData\\0318\20260318075202-b85.48-f10.png,2026-03-18 07:52:02,10.0,61.011064838708855,7.275947099562643,518.7588385136,85.377692,0.587318368247675
2776,C:\Users\joshy\OneDrive\Documents\Kravitz Lab\freezeData\\0318\20260318075221-b87.51-f0.png,2026-03-18 07:52:21,0.0,58.63261479279259,7.34869963260011,457.813870104816,87.3816,0.6682980405238318
2777,C:\Users\joshy\OneDrive\Documents\Kravitz Lab\freezeData\\0318\20260318075239-b87.72-f2.png,2026-03-18 07:52:39,2.0,58.97435442183811,7.337400597924385,531.4055019493761,87.597368,0.7045054702138873
2778,C:\Users\joshy\OneDrive\Documents\Kravitz Lab\freezeData\\0318\20260318075259-b87.80-f4.png,2026-03-18 07:52:59,4.0,59.42781065246055,7.336710297645244,477.5088070629761,87.655464,0.7395285108043976
2779,C:\Users\joshy\OneDrive\Documents\Kravitz Lab\freezeData\\0318\20260318075317-b87.21-f6.png,2026-03-18 07:53:17,6.0,59.89174523485399,7.319519922870051,440.4192474464641,87.063188,0.6924620064843862
2780,C:\Users\joshy\OneDrive\Documents\Kravitz Lab\freezeData\\0318\20260318075335-b86.11-f8.png,2026-03-18 07:53:35,8.0,60.46929493103501,7.29687127657134,469.4928141436,86.004748,0.6368148374026206
2781,C:\Users\joshy\OneDrive\Documents\Kravitz Lab\freezeData\\0318\20260318075355-b85.15-f10.png,2026-03-18 07:53:55,10.0,60.9753364528618,7.274616768338571,549.7640081388639,85.039452,0.5850747890002228
2782,C:\Users\joshy\OneDrive\Documents\Kravitz Lab\freezeData\\0318\20260318075413-b87.32-f0.png,2026-03-18 07:54:13,0.0,58.527489438759424,7.321384364471453,460.788492788736,87.181648,0.6679631390355998
2783,C:\Users\joshy\OneDrive\Documents\Kravitz Lab\freezeData\\0318\20260318075431-b87.77-f2.png,2026-03-18 07:54:31,2.0,58.99754472407081,7.33656311336478,510.90773058865597,87.643208,0.7040241740415999
2784,C:\Users\joshy\OneDrive\Documents\Kravitz Lab\freezeData\\0318\20260318075451-b87.65-f4.png,2026-03-18 07:54:51,4.0,59.383735181465305,7.332658059377902,465.078482991984,87.50824,0.7376689262695014
2785,C:\Users\joshy\OneDrive\Documents\Kravitz Lab\freezeData\\0318\20260318075527-b86.25-f8.png,2026-03-18 07:55:27,8.0,60.45325691044425,7.296952376661461,460.462276555264,86.156732,0.6363894723121973
2786,C:\Users\joshy\OneDrive\Documents\Kravitz Lab\freezeData\\0318\20260318075509-b87.17-f6.png,2026-03-18 07:55:09,6.0,59.897356694140825,7.318990244849837,468.566143999936,87.064692,0.6909558794886231
2787,C:\Users\joshy\OneDrive\Documents\Kravitz Lab\freezeData\\0318\20260318075547-b85.21-f10.png,2026-03-18 07:55:47,10.0,60.94542917833613,7.275890136846043,538.729206903744,85.122304,0.5855113858028081
2788,C:\Users\joshy\OneDrive\Documents\Kravitz Lab\freezeData\\0318\20260318075605-b87.36-f0.png,2026-03-18 07:56:05,0.0,58.538280466875214,7.320463525084918,472.409576916464,87.224116,0.6683426852742723
2789,C:\Users\joshy\OneDrive\Documents\Kravitz Lab\freezeData\\0318\20260318075644-b87.51-f4.png,2026-03-18 07:56:44,4.0,59.411068603771,7.3354971002126605,473.06739355390397,87.388504,0.7377082878940868
2790,C:\Users\joshy\OneDrive\Documents\Kravitz Lab\freezeData\\0318\20260318075624-b87.73-f2.png,2026-03-18 07:56:24,2.0,58.9255472933051,7.33210122316921,519.2510621504,87.585908,0.7037072350011574
2791,C:\Users\joshy\OneDrive\Documents\Kravitz Lab\freezeData\\0318\20260318075702-b87.26-f6.png,2026-03-18 07:57:02,6.0,59.90099147258248,7.321845725653001,457.07321999422396,87.14504,0.6896667639567662
2792,C:\Users\joshy\OneDrive\Documents\Kravitz Lab\freezeData\\0318\20260318075721-b86.16-f8.png,2026-03-18 07:57:21,8.0,60.438794753621615,7.301401699158586,450.685508220864,86.04464,0.635260594715769
2793,C:\Users\joshy\OneDrive\Documents\Kravitz Lab\freezeData\\0318\20260318075741-b85.35-f10.png,2026-03-18 07:57:41,10.0,60.94157769687437,7.278408774327622,514.837786488944,85.270732,0.5869327350169197
2794,C:\Users\joshy\OneDrive\Documents\Kravitz Lab\freezeData\\0318\20260318075759-b87.41-f0.png,2026-03-18 07:57:59,0.0,58.570742486941384,7.324870139433752,473.19137444926395,87.29222,0.6678130277718598
2795,C:\Users\joshy\OneDrive\Documents\Kravitz Lab\freezeData\\0318\20260318075817-b87.92-f2.png,2026-03-18 07:58:17,2.0,58.9035506166267,7.333960568726111,505.47779861702406,87.761864,0.7033486127284346
2796,C:\Users\joshy\OneDrive\Documents\Kravitz Lab\freezeData\\0318\20260318075836-b87.73-f4.png,2026-03-18 07:58:36,4.0,59.38396347271826,7.335610631685833,490.53739405118404,87.588692,0.7365732520683405
2797,C:\Users\joshy\OneDrive\Documents\Kravitz Lab\freezeData\\0318\20260318075855-b87.27-f6.png,2026-03-18 07:58:55,6.0,59.83875860176246,7.317982199374661,466.98499992601603,87.151,0.6918087457760226
2798,C:\Users\joshy\OneDrive\Documents\Kravitz Lab\freezeData\\0318\20260318075913-b86.32-f8.png,2026-03-18 07:59:13,8.0,60.3663648321707,7.2982334660577095,457.165987471616,86.203708,0.6371167716906616
2799,C:\Users\joshy\OneDrive\Documents\Kravitz Lab\freezeData\\0318\20260318075932-b85.28-f10.png,2026-03-18 07:59:32,10.0,60.87846022523119,7.278313798250957,530.682560115136,85.190212,0.5889070853198894
2800,C:\Users\joshy\OneDrive\Documents\Kravitz Lab\freezeData\\0318\20260318075950-b87.44-f0.png,2026-03-18 07:59:50,0.0,58.48091545534614,7.324066314073829,478.12789020153605,87.331716,0.6684760289277332
2801,C:\Users\joshy\OneDrive\Documents\Kravitz Lab\freezeData\\0318\20260318080008-b87.94-f2.png,2026-03-18 08:00:08,2.0,58.90674805477702,7.333131223782996,534.560047623536,87.822468,0.702713367468549
2802,C:\Users\joshy\OneDrive\Documents\Kravitz Lab\freezeData\\0318\20260318080028-b87.85-f4.png,2026-03-18 08:00:28,4.0,59.30673473402952,7.337338659228896,500.04115568190394,87.719616,0.7356538117073732
2803,C:\Users\joshy\OneDrive\Documents\Kravitz Lab\freezeData\\0318\20260318080047-b87.32-f6.png,2026-03-18 08:00:47,6.0,59.80168848024062,7.322928142154052,461.66385990513595,87.216016,0.6915926823484111
2804,C:\Users\joshy\OneDrive\Documents\Kravitz Lab\freezeData\\0318\20260318080105-b86.32-f8.png,2026-03-18 08:01:05,8.0,60.340022305507844,7.297854442244696,466.541222964464,86.229896,0.6377895944793863
2805,C:\Users\joshy\OneDrive\Documents\Kravitz Lab\freezeData\\0318\20260318080124-b85.17-f10.png,2026-03-18 08:01:24,10.0,60.8751778287119,7.277927334026116,519.649112903104,85.080052,0.5874863192667047
2806,C:\Users\joshy\OneDrive\Documents\Kravitz Lab\freezeData\\0318\20260318080142-b87.44-f0.png,2026-03-18 08:01:42,0.0,58.39989961092741,7.318942609811034,469.1037477068159,87.32344,0.6685203637370482
2807,C:\Users\joshy\OneDrive\Documents\Kravitz Lab\freezeData\\0318\20260318080202-b87.92-f2.png,2026-03-18 08:02:02,2.0,58.89891723178836,7.330772092004047,528.280665000176,87.784712,0.7022718395047823
2808,C:\Users\joshy\OneDrive\Documents\Kravitz Lab\freezeData\\0318\20260318080220-b87.63-f4.png,2026-03-18 08:02:20,4.0,59.282803405539326,7.334043614347678,488.108799093696,87.522724,0.7354779680665859
2809,C:\Users\joshy\OneDrive\Documents\Kravitz Lab\freezeData\\0318\20260318080239-b87.38-f6.png,2026-03-18 08:02:39,6.0,59.802498768994724,7.3236865915211204,483.70629599590404,87.296872,0.6883472309312237
2810,C:\Users\joshy\OneDrive\Documents\Kravitz Lab\freezeData\\0318\20260318080258-b86.30-f8.png,2026-03-18 08:02:58,8.0,60.29994063590564,7.300741098822184,481.92636629745607,86.220516,0.6367379613396753
2811,C:\Users\joshy\OneDrive\Documents\Kravitz Lab\freezeData\\0318\20260318080316-b85.27-f10.png,2026-03-18 08:03:16,10.0,60.87511350493553,7.278529421968113,518.232553156544,85.181096,0.5893500129116124
2812,C:\Users\joshy\OneDrive\Documents\Kravitz Lab\freezeData\\0318\20260318080336-b87.23-f0.png,2026-03-18 08:03:36,0.0,58.41759682972246,7.3171487990457,487.3013470893441,87.1292,0.6674119973531576
2813,C:\Users\joshy\OneDrive\Documents\Kravitz Lab\freezeData\\0318\20260318080356-b87.85-f2.png,2026-03-18 08:03:56,2.0,58.86678308720802,7.329233409809311,535.174864944496,87.70806,0.7014742581243427
2814,C:\Users\joshy\OneDrive\Documents\Kravitz Lab\freezeData\\0318\20260318080414-b87.79-f4.png,2026-03-18 08:04:14,4.0,59.278667411172464,7.333060330194025,472.018667830256,87.66166,0.7347084153565858
2815,C:\Users\joshy\OneDrive\Documents\Kravitz Lab\freezeData\\0318\20260318080432-b87.32-f6.png,2026-03-18 08:04:32,6.0,59.74289607818342,7.318421179010774,471.79179199769607,87.212876,0.6890210467370204
2816,C:\Users\joshy\OneDrive\Documents\Kravitz Lab\freezeData\\0318\20260318080450-b86.17-f8.png,2026-03-18 08:04:50,8.0,60.2558716238663,7.299604231189851,476.6609837233759,86.077012,0.6371567517029868
2817,C:\Users\joshy\OneDrive\Documents\Kravitz Lab\freezeData\\0318\20260318080510-b85.21-f10.png,2026-03-18 08:05:10,10.0,60.72505944412261,7.275626818562131,524.379532137584,85.113576,0.5883335767011636
2818,C:\Users\joshy\OneDrive\Documents\Kravitz Lab\freezeData\\0318\20260318080529-b87.18-f0.png,2026-03-18 08:05:29,0.0,58.43291761600627,7.3214842744281405,486.801582259184,87.079968,0.6672896275987733
2819,C:\Users\joshy\OneDrive\Documents\Kravitz Lab\freezeData\\0318\20260318080548-b87.86-f2.png,2026-03-18 08:05:48,2.0,58.83183039159546,7.330301127589532,534.2445664624,87.725612,0.7019842641535163
2820,C:\Users\joshy\OneDrive\Documents\Kravitz Lab\freezeData\\0318\20260318080606-b87.66-f4.png,2026-03-18 08:06:06,4.0,59.21635447934633,7.331546492442869,495.86497584633605,87.54958,0.7340802176704446
2821,C:\Users\joshy\OneDrive\Documents\Kravitz Lab\freezeData\\0318\20260318080645-b86.18-f8.png,2026-03-18 08:06:45,8.0,60.24483445967716,7.29979266588668,471.8030312476,86.088436,0.636799414594617
2822,C:\Users\joshy\OneDrive\Documents\Kravitz Lab\freezeData\\0318\20260318080626-b87.19-f6.png,2026-03-18 08:06:26,6.0,59.7137988234678,7.325150891730132,480.91731587326393,87.078804,0.6885265660288562
2823,C:\Users\joshy\OneDrive\Documents\Kravitz Lab\freezeData\\0318\20260318080703-b85.27-f10.png,2026-03-18 08:07:03,10.0,60.79617074221316,7.302121672261317,520.1630072383999,85.207892,0.5883957038203582
2824,C:\Users\joshy\OneDrive\Documents\Kravitz Lab\freezeData\\0318\20260318080723-b87.15-f0.png,2026-03-18 08:07:23,0.0,58.34215738782158,7.3195271310486625,476.02930760678396,87.040784,0.6668016513180136
2825,C:\Users\joshy\OneDrive\Documents\Kravitz Lab\freezeData\\0318\20260318080742-b87.57-f2.png,2026-03-18 08:07:42,2.0,58.75241775344386,7.329420690159129,521.1650263513442,87.470604,0.7010225801584552
2826,C:\Users\joshy\OneDrive\Documents\Kravitz Lab\freezeData\\0318\20260318080801-b87.73-f4.png,2026-03-18 08:08:01,4.0,59.196124743807346,7.331654917842691,489.5271759075841,87.61534,0.7331257945125814
2827,C:\Users\joshy\OneDrive\Documents\Kravitz Lab\freezeData\\0318\20260318080820-b87.17-f6.png,2026-03-18 08:08:20,6.0,59.69356353628421,7.3147134346218,461.879887737856,87.06914,0.6933744087172368
2828,C:\Users\joshy\OneDrive\Documents\Kravitz Lab\freezeData\\0318\20260318080839-b86.17-f8.png,2026-03-18 08:08:39,8.0,60.17763564900223,7.2970158388554935,491.525990928496,86.074456,0.6332137219421095
2829,C:\Users\joshy\OneDrive\Documents\Kravitz Lab\freezeData\\0318\20260318080859-b85.16-f10.png,2026-03-18 08:08:59,10.0,60.73391703291188,7.275844741100453,521.409559979776,85.088124,0.5889220259648559
2830,C:\Users\joshy\OneDrive\Documents\Kravitz Lab\freezeData\\0318\20260318080918-b87.01-f0.png,2026-03-18 08:09:18,0.0,58.32688347529856,7.314908431274701,478.0101684264961,86.901288,0.6668189049609621
2831,C:\Users\joshy\OneDrive\Documents\Kravitz Lab\freezeData\\0318\20260318080936-b87.59-f2.png,2026-03-18 08:09:36,2.0,58.775531782046855,7.326189753963834,540.3045982364158,87.48376,0.7007227966021792
2832,C:\Users\joshy\OneDrive\Documents\Kravitz Lab\freezeData\\0318\20260318080955-b87.50-f4.png,2026-03-18 08:09:55,4.0,59.23258114047045,7.329633352153997,507.380311630336,87.382172,0.7327905688328044
2833,C:\Users\joshy\OneDrive\Documents\Kravitz Lab\freezeData\\0318\20260318081013-b87.07-f6.png,2026-03-18 08:10:13,6.0,59.70160594450719,7.314995914812514,450.56767996,86.953528,0.6878935161101493
2834,C:\Users\joshy\OneDrive\Documents\Kravitz Lab\freezeData\\0318\20260318081032-b85.92-f8.png,2026-03-18 08:10:32,8.0,60.207560213546465,7.290334110066961,461.1840809444959,85.828276,0.6352969286048507
2835,C:\Users\joshy\OneDrive\Documents\Kravitz Lab\freezeData\\0318\20260318081051-b85.31-f10.png,2026-03-18 08:10:51,10.0,60.77096294584261,7.270832652649216,505.60426083902405,85.181468,0.5869408617930257
2836,C:\Users\joshy\OneDrive\Documents\Kravitz Lab\freezeData\\0318\20260318081110-b87.15-f0.png,2026-03-18 08:11:10,0.0,58.31918455115559,7.3161695054757585,449.79459885617604,87.009016,0.6666850200863866
2837,C:\Users\joshy\OneDrive\Documents\Kravitz Lab\freezeData\\0318\20260318081147-b87.47-f4.png,2026-03-18 08:11:47,4.0,59.11862912478266,7.318608328712782,458.920187487344,87.29008,0.7332508910664057
2838,C:\Users\joshy\OneDrive\Documents\Kravitz Lab\freezeData\\0318\20260318081128-b87.56-f2.png,2026-03-18 08:11:28,2.0,58.75933672636396,7.32500773362354,510.087257937904,87.411076,0.6997141936464581
2839,C:\Users\joshy\OneDrive\Documents\Kravitz Lab\freezeData\\0318\20260318081206-b87.17-f6.png,2026-03-18 08:12:06,6.0,59.72442670079317,7.312963495540813,454.86987599806406,87.053172,0.6904918401157581
2840,C:\Users\joshy\OneDrive\Documents\Kravitz Lab\freezeData\\0318\20260318081224-b86.10-f8.png,2026-03-18 08:12:24,8.0,60.282408212014886,7.294427485534886,457.6925846291041,85.9896,0.6330634886344598
2841,C:\Users\joshy\OneDrive\Documents\Kravitz Lab\freezeData\\0318\20260318081302-b86.95-f0.png,2026-03-18 08:13:02,0.0,58.37530290156617,7.314104840652348,475.69350795710403,86.82252,0.6667329304057384
2842,C:\Users\joshy\OneDrive\Documents\Kravitz Lab\freezeData\\0318\20260318081244-b85.39-f10.png,2026-03-18 08:12:44,10.0,60.8243412359723,7.273994744636011,496.949367190976,85.3011,0.5876483113834668
2843,C:\Users\joshy\OneDrive\Documents\Kravitz Lab\freezeData\\0318\20260318081321-b87.45-f2.png,2026-03-18 08:13:21,2.0,58.779815227637314,7.326213911321794,504.987787230144,87.319396,0.6998414015113926
2844,C:\Users\joshy\OneDrive\Documents\Kravitz Lab\freezeData\\0318\20260318081340-b87.51-f4.png,2026-03-18 08:13:40,4.0,59.209703046933924,7.326866724874434,478.1295113600001,87.382148,0.7330028119601518
2845,C:\Users\joshy\OneDrive\Documents\Kravitz Lab\freezeData\\0318\20260318081359-b87.04-f6.png,2026-03-18 08:13:59,6.0,59.72090276448755,7.314951253356348,467.015307928176,86.902568,0.6874292304690897
2846,C:\Users\joshy\OneDrive\Documents\Kravitz Lab\freezeData\\0318\20260318081417-b86.06-f8.png,2026-03-18 08:14:17,8.0,60.21065163880809,7.289184132016251,438.12125804639993,85.945436,0.634151608555789
2847,C:\Users\joshy\OneDrive\Documents\Kravitz Lab\freezeData\\0318\20260318081436-b85.04-f10.png,2026-03-18 08:14:36,10.0,60.75547906403715,7.274507849453793,515.728999426816,84.960812,0.5851182814430272
2848,C:\Users\joshy\OneDrive\Documents\Kravitz Lab\freezeData\\0318\20260318081456-b86.89-f0.png,2026-03-18 08:14:56,0.0,58.32099842803846,7.309730500474637,477.677418728384,86.772144,0.6671066843493444
2849,C:\Users\joshy\OneDrive\Documents\Kravitz Lab\freezeData\\0318\20260318081514-b87.44-f2.png,2026-03-18 08:15:14,2.0,58.76853374374978,7.323705337468915,502.8680764655999,87.314588,0.7002113567075194
2850,C:\Users\joshy\OneDrive\Documents\Kravitz Lab\freezeData\\0318\20260318081533-b87.41-f4.png,2026-03-18 08:15:33,4.0,59.15506290682467,7.319062881584099,473.54469977342393,87.256204,0.7328311578901294
2851,C:\Users\joshy\OneDrive\Documents\Kravitz Lab\freezeData\\0318\20260318081552-b87.06-f6.png,2026-03-18 08:15:52,6.0,59.70830507289973,7.313364305116574,461.98427999769604,86.936744,0.6867759013543208
2852,C:\Users\joshy\OneDrive\Documents\Kravitz Lab\freezeData\\0318\20260318081610-b86.00-f8.png,2026-03-18 08:16:10,8.0,60.236238037117296,7.2876695692010545,445.5064785990239,85.896912,0.6344221398105108
2853,C:\Users\joshy\OneDrive\Documents\Kravitz Lab\freezeData\\0318\20260318081628-b85.24-f10.png,2026-03-18 08:16:28,10.0,60.80149421759686,7.271448281693917,509.262670611904,85.153756,0.5859418798628351
2854,C:\Users\joshy\OneDrive\Documents\Kravitz Lab\freezeData\\0318\20260318081648-b86.84-f0.png,2026-03-18 08:16:48,0.0,58.339936086854124,7.312888860563002,475.576670746736,86.713076,0.6671905716890882
2855,C:\Users\joshy\OneDrive\Documents\Kravitz Lab\freezeData\\0318\20260318081706-b87.52-f2.png,2026-03-18 08:17:06,2.0,58.787547295212235,7.323056564093711,510.7631955394561,87.367928,0.70025063283505
2856,C:\Users\joshy\OneDrive\Documents\Kravitz Lab\freezeData\\0318\20260318081724-b87.48-f4.png,2026-03-18 08:17:24,4.0,59.19440481920905,7.323744965516357,472.747446422464,87.33886,0.7311123009213641
2857,C:\Users\joshy\OneDrive\Documents\Kravitz Lab\freezeData\\0318\20260318081744-b86.97-f6.png,2026-03-18 08:17:44,6.0,59.70254321028209,7.3130825529746435,455.564271981504,86.83338,0.68577378637138
2858,C:\Users\joshy\OneDrive\Documents\Kravitz Lab\freezeData\\0318\20260318081802-b86.10-f8.png,2026-03-18 08:18:02,8.0,60.263875431210565,7.288311112351876,459.81175982206406,85.995756,0.6341997519577007
2859,C:\Users\joshy\OneDrive\Documents\Kravitz Lab\freezeData\\0318\20260318081820-b85.21-f10.png,2026-03-18 08:18:20,10.0,60.80516291341057,7.273732577031652,522.599425267824,85.12644,0.5833376409845732
2860,C:\Users\joshy\OneDrive\Documents\Kravitz Lab\freezeData\\0318\20260318081840-b86.80-f0.png,2026-03-18 08:18:40,0.0,58.42022456093437,7.309741635887589,471.65587454310406,86.6935,0.667699023393591
2861,C:\Users\joshy\OneDrive\Documents\Kravitz Lab\freezeData\\0318\20260318081859-b87.37-f2.png,2026-03-18 08:18:59,2.0,58.796275596890794,7.32118525620932,529.0517253104,87.226592,0.6994765228032621
2862,C:\Users\joshy\OneDrive\Documents\Kravitz Lab\freezeData\\0318\20260318081916-b87.59-f4.png,2026-03-18 08:19:16,4.0,59.22959999602577,7.3203248333029824,470.3203436589441,87.427472,0.731909557963873
2863,C:\Users\joshy\OneDrive\Documents\Kravitz Lab\freezeData\\0318\20260318081936-b87.03-f6.png,2026-03-18 08:19:36,6.0,59.75019666741739,7.309740758332401,460.61393543449594,86.909788,0.6892753036934007
2864,C:\Users\joshy\OneDrive\Documents\Kravitz Lab\freezeData\\0318\20260318081954-b86.04-f8.png,2026-03-18 08:19:54,8.0,60.28801340009989,7.288512057428244,461.37736614360006,85.935624,0.6317828221118234
2865,C:\Users\joshy\OneDrive\Documents\Kravitz Lab\freezeData\\0318\20260318082012-b85.39-f10.png,2026-03-18 08:20:12,10.0,60.86265026525217,7.268605142628594,494.80773647046396,85.30164,0.5859189378311204
2866,C:\Users\joshy\OneDrive\Documents\Kravitz Lab\freezeData\\0318\20260318082032-b87.00-f0.png,2026-03-18 08:20:32,0.0,58.4189374870185,7.307636683373464,489.30593429745596,86.856268,0.6670365434534071
2867,C:\Users\joshy\OneDrive\Documents\Kravitz Lab\freezeData\\0318\20260318082050-b87.46-f2.png,2026-03-18 08:20:50,2.0,58.841162201817056,7.324516603574747,539.931132584896,87.355616,0.6993865311422915
2868,C:\Users\joshy\OneDrive\Documents\Kravitz Lab\freezeData\\0318\20260318082108-b87.59-f4.png,2026-03-18 08:21:08,4.0,59.25081151503611,7.324880886341907,488.39945919,87.465608,0.7308289291160023
2869,C:\Users\joshy\OneDrive\Documents\Kravitz Lab\freezeData\\0318\20260318082128-b86.90-f6.png,2026-03-18 08:21:28,6.0,59.75814138945086,7.310808763730593,457.44845153214396,86.78972,0.6885481263128328
2870,C:\Users\joshy\OneDrive\Documents\Kravitz Lab\freezeData\\0318\20260318082147-b86.06-f8.png,2026-03-18 08:21:47,8.0,60.28228595159941,7.288073678330344,452.126342819824,85.94364,0.6309414872772907
2871,C:\Users\joshy\OneDrive\Documents\Kravitz Lab\freezeData\\0318\20260318082205-b85.15-f10.png,2026-03-18 08:22:05,10.0,60.79474732704016,7.267156149926451,530.082764276224,85.093688,0.5837145948114492
2872,C:\Users\joshy\OneDrive\Documents\Kravitz Lab\freezeData\\0318\20260318082224-b86.72-f0.png,2026-03-18 08:22:24,0.0,58.44426977216103,7.307983975888082,470.346871107056,86.605692,0.6675786589911417
2873,C:\Users\joshy\OneDrive\Documents\Kravitz Lab\freezeData\\0318\20260318082244-b87.29-f2.png,2026-03-18 08:22:44,2.0,58.8665657075524,7.321560721051958,527.079073891696,87.155196,0.6993165495394686
2874,C:\Users\joshy\OneDrive\Documents\Kravitz Lab\freezeData\\0318\20260318082301-b87.56-f4.png,2026-03-18 08:23:01,4.0,59.27321752497544,7.320045926881068,481.265090718576,87.416788,0.7305210191597654
2875,C:\Users\joshy\OneDrive\Documents\Kravitz Lab\freezeData\\0318\20260318082321-b87.03-f6.png,2026-03-18 08:23:21,6.0,59.79247784780303,7.314148039019272,467.845079912384,86.903228,0.6855811555746966
2876,C:\Users\joshy\OneDrive\Documents\Kravitz Lab\freezeData\\0318\20260318082342-b86.03-f8.png,2026-03-18 08:23:42,8.0,60.343245306605645,7.2895831617169415,465.682187471616,85.932104,0.6339454567393139
2877,C:\Users\joshy\OneDrive\Documents\Kravitz Lab\freezeData\\0318\20260318082400-b85.10-f10.png,2026-03-18 08:24:00,10.0,60.90515835033364,7.268909984356676,522.6622826363999,85.029972,0.5830660287778758
2878,C:\Users\joshy\OneDrive\Documents\Kravitz Lab\freezeData\\0318\20260318082419-b86.73-f0.png,2026-03-18 08:24:19,0.0,58.586205579640534,7.333628067376095,474.059874543104,86.592064,0.6664156082249909
2879,C:\Users\joshy\OneDrive\Documents\Kravitz Lab\freezeData\\0318\20260318082439-b87.37-f2.png,2026-03-18 08:24:39,2.0,58.92318650494537,7.3211162520327235,536.3672975788639,87.211632,0.6987566174668348
2880,C:\Users\joshy\OneDrive\Documents\Kravitz Lab\freezeData\\0318\20260318082456-b87.41-f4.png,2026-03-18 08:24:56,4.0,59.30538581082551,7.3239606463460865,506.4562425886561,87.289444,0.7293430023917749
2881,C:\Users\joshy\OneDrive\Documents\Kravitz Lab\freezeData\\0318\20260318082515-b86.92-f6.png,2026-03-18 08:25:15,6.0,59.79789595052669,7.307081101918756,454.2748834987359,86.810728,0.6894344484578231
2882,C:\Users\joshy\OneDrive\Documents\Kravitz Lab\freezeData\\0318\20260318082534-b86.13-f8.png,2026-03-18 08:25:34,8.0,60.39582302305298,7.291956072556998,483.876311107056,86.023008,0.6274994278928421
2883,C:\Users\joshy\OneDrive\Documents\Kravitz Lab\freezeData\\0318\20260318082553-b85.18-f10.png,2026-03-18 08:25:53,10.0,60.919214226737886,7.271272637807984,526.412125862144,85.104604,0.5815220723480552
2884,C:\Users\joshy\OneDrive\Documents\Kravitz Lab\freezeData\\0318\20260318082612-b86.68-f0.png,2026-03-18 08:26:12,0.0,58.53698091297842,7.312177353101326,472.258483403264,86.55544,0.667077086502641
2885,C:\Users\joshy\OneDrive\Documents\Kravitz Lab\freezeData\\0318\20260318082630-b87.45-f2.png,2026-03-18 08:26:30,2.0,58.94251962020707,7.325731681669731,533.587390482176,87.314752,0.6991564536014745
2886,C:\Users\joshy\OneDrive\Documents\Kravitz Lab\freezeData\\0318\20260318082649-b87.51-f4.png,2026-03-18 08:26:49,4.0,59.337161093560375,7.326989998492138,499.87400266366393,87.394808,0.7298603858799548
2887,C:\Users\joshy\OneDrive\Documents\Kravitz Lab\freezeData\\0318\20260318082709-b86.73-f6.png,2026-03-18 08:27:09,6.0,59.801565719689975,7.309264323427525,465.5467396156001,86.60644,0.6878115673760692
2888,C:\Users\joshy\OneDrive\Documents\Kravitz Lab\freezeData\\0318\20260318082726-b86.24-f8.png,2026-03-18 08:27:26,8.0,60.41542660973126,7.295135813532229,477.11809492849613,86.144276,0.6280645690190038
2889,C:\Users\joshy\OneDrive\Documents\Kravitz Lab\freezeData\\0318\20260318082745-b85.24-f10.png,2026-03-18 08:27:45,10.0,60.963762218913494,7.27139513951931,517.8291025628159,85.132424,0.5811828769981393
2890,C:\Users\joshy\OneDrive\Documents\Kravitz Lab\freezeData\\0318\20260318082804-b86.67-f0.png,2026-03-18 08:28:04,0.0,58.571971472863915,7.3133686422268465,486.3423839196001,86.558496,0.6669892984791671
2891,C:\Users\joshy\OneDrive\Documents\Kravitz Lab\freezeData\\0318\20260318082822-b87.38-f2.png,2026-03-18 08:28:22,2.0,59.05100184409798,7.329606036642367,534.022935723376,87.257156,0.6985080220365456
2892,C:\Users\joshy\OneDrive\Documents\Kravitz Lab\freezeData\\0318\20260318082840-b87.53-f4.png,2026-03-18 08:28:40,4.0,59.34564004217408,7.326900911636975,503.548870422464,87.420552,0.7297304247112509
2893,C:\Users\joshy\OneDrive\Documents\Kravitz Lab\freezeData\\0318\20260318082859-b87.08-f6.png,2026-03-18 08:28:59,6.0,59.91334262813798,7.316167617229768,473.672271397824,86.963188,0.6874454302231091
2894,C:\Users\joshy\OneDrive\Documents\Kravitz Lab\freezeData\\0318\20260318082917-b86.30-f8.png,2026-03-18 08:29:17,8.0,60.39989732940029,7.293798765816215,455.8420087455839,86.181148,0.6292726680494255
2895,C:\Users\joshy\OneDrive\Documents\Kravitz Lab\freezeData\\0318\20260318082936-b85.30-f10.png,2026-03-18 08:29:36,10.0,61.001430809501514,7.2766514444898265,519.7186424395359,85.22544,0.5820182713574842
2896,C:\Users\joshy\OneDrive\Documents\Kravitz Lab\freezeData\\0318\20260318082956-b86.78-f0.png,2026-03-18 08:29:56,0.0,58.602517877020134,7.313435541508093,495.25933315065595,86.659256,0.6665443842432037
2897,C:\Users\joshy\OneDrive\Documents\Kravitz Lab\freezeData\\0318\20260318083013-b87.39-f2.png,2026-03-18 08:30:13,2.0,58.967963589241776,7.324294581872912,528.1899958384,87.253184,0.697809883267771
2898,C:\Users\joshy\OneDrive\Documents\Kravitz Lab\freezeData\\0318\20260318083053-b86.94-f6.png,2026-03-18 08:30:53,6.0,59.93166994394868,7.31489476797531,468.287723757936,86.83036,0.6864650652442148
2899,C:\Users\joshy\OneDrive\Documents\Kravitz Lab\freezeData\\0318\20260318083032-b87.71-f4.png,2026-03-18 08:30:32,4.0,59.504659320842975,7.3528675288310055,496.64720632038404,87.583804,0.7286853821705435
2900,C:\Users\joshy\OneDrive\Documents\Kravitz Lab\freezeData\\0318\20260318083110-b86.22-f8.png,2026-03-18 08:31:10,8.0,60.44732081333299,7.2937283575964384,444.8875507099999,86.0843,0.6307214945549295
2901,C:\Users\joshy\OneDrive\Documents\Kravitz Lab\freezeData\\0318\20260318083128-b85.22-f10.png,2026-03-18 08:31:28,10.0,61.008935214874356,7.272349879570194,492.30466768254394,85.105792,0.5829809078412439
2902,C:\Users\joshy\OneDrive\Documents\Kravitz Lab\freezeData\\0318\20260318083148-b86.60-f0.png,2026-03-18 08:31:48,0.0,58.63323926132425,7.314459595524125,475.059934297456,86.494548,0.6662960119539371
2903,C:\Users\joshy\OneDrive\Documents\Kravitz Lab\freezeData\\0318\20260318083206-b87.35-f2.png,2026-03-18 08:32:06,2.0,59.03088837909739,7.328026238073332,534.1971489023999,87.200612,0.6976168042946452
2904,C:\Users\joshy\OneDrive\Documents\Kravitz Lab\freezeData\\0318\20260318083223-b87.44-f4.png,2026-03-18 08:32:23,4.0,59.52082121206582,7.352266916889649,489.650698330736,87.295036,0.7283048398302688
2905,C:\Users\joshy\OneDrive\Documents\Kravitz Lab\freezeData\\0318\20260318083243-b86.96-f6.png,2026-03-18 08:32:43,6.0,59.93274203483648,7.313845288486823,464.720515699696,86.840588,0.6862372093683083
2906,C:\Users\joshy\OneDrive\Documents\Kravitz Lab\freezeData\\0318\20260318083301-b86.23-f8.png,2026-03-18 08:33:01,8.0,60.44988724380498,7.296217934241905,456.696128174064,86.123208,0.6302260297434942
2907,C:\Users\joshy\OneDrive\Documents\Kravitz Lab\freezeData\\0318\20260318083321-b85.33-f10.png,2026-03-18 08:33:21,10.0,60.968215644912426,7.274404544924592,505.9874201664001,85.246384,0.5808357230363661
2908,C:\Users\joshy\OneDrive\Documents\Kravitz Lab\freezeData\\0318\20260318083340-b86.68-f0.png,2026-03-18 08:33:40,0.0,58.602044351236216,7.313053271408372,479.804176267376,86.573088,0.6671837221772534
2909,C:\Users\joshy\OneDrive\Documents\Kravitz Lab\freezeData\\0318\20260318083418-b87.45-f4.png,2026-03-18 08:34:18,4.0,59.45183048464617,7.327411919502686,482.7034096529761,87.328664,0.7284951084854682
2910,C:\Users\joshy\OneDrive\Documents\Kravitz Lab\freezeData\\0318\20260318083359-b87.25-f2.png,2026-03-18 08:33:59,2.0,59.09316688744837,7.331430481296318,532.189937401456,87.131724,0.6975721698974945
2911,C:\Users\joshy\OneDrive\Documents\Kravitz Lab\freezeData\\0318\20260318083437-b87.03-f6.png,2026-03-18 08:34:37,6.0,59.91736652462303,7.317513392482406,462.1181719404641,86.904728,0.685544247614133
2912,C:\Users\joshy\OneDrive\Documents\Kravitz Lab\freezeData\\0318\20260318083456-b86.21-f8.png,2026-03-18 08:34:56,8.0,60.488366651500854,7.300739829189417,488.3449745244,86.10344,0.626195919428922
2913,C:\Users\joshy\OneDrive\Documents\Kravitz Lab\freezeData\\0318\20260318083516-b85.38-f10.png,2026-03-18 08:35:16,10.0,61.10310362643862,7.3042061836364445,509.12666145049593,85.278552,0.5796715980932258
2914,C:\Users\joshy\OneDrive\Documents\Kravitz Lab\freezeData\\0318\20260318083534-b86.65-f0.png,2026-03-18 08:35:34,0.0,58.61066673916399,7.314595013848241,484.60713187097593,86.517216,0.6654417954060793
2915,C:\Users\joshy\OneDrive\Documents\Kravitz Lab\freezeData\\0318\20260318083553-b87.42-f2.png,2026-03-18 08:35:53,2.0,59.080347043770956,7.330336343770225,539.3765128316,87.305328,0.697122748389006
2916,C:\Users\joshy\OneDrive\Documents\Kravitz Lab\freezeData\\0318\20260318083612-b87.35-f4.png,2026-03-18 08:36:12,4.0,59.450810434441145,7.326978029789304,484.93428594937603,87.237012,0.7280262889722912
2917,C:\Users\joshy\OneDrive\Documents\Kravitz Lab\freezeData\\0318\20260318083631-b87.05-f6.png,2026-03-18 08:36:31,6.0,60.02808197253162,7.340425074985103,458.2846434404959,86.930468,0.6848776717763749
2918,C:\Users\joshy\OneDrive\Documents\Kravitz Lab\freezeData\\0318\20260318083651-b86.24-f8.png,2026-03-18 08:36:51,8.0,60.55629128816922,7.322262539937242,472.915786874304,86.13668,0.626267748567497
2919,C:\Users\joshy\OneDrive\Documents\Kravitz Lab\freezeData\\0318\20260318083711-b85.35-f10.png,2026-03-18 08:37:11,10.0,61.01231341193428,7.272670297428995,482.559849424496,85.250352,0.5806558975660353
2920,C:\Users\joshy\OneDrive\Documents\Kravitz Lab\freezeData\\0318\20260318083730-b86.65-f0.png,2026-03-18 08:37:30,0.0,58.6195254685365,7.313724930112971,480.4511665990241,86.51794,0.6663858063182456
2921,C:\Users\joshy\OneDrive\Documents\Kravitz Lab\freezeData\\0318\20260318083750-b87.21-f2.png,2026-03-18 08:37:50,2.0,59.08286499116644,7.326581363494139,526.567750236416,87.09934,0.6976118943904769
2922,C:\Users\joshy\OneDrive\Documents\Kravitz Lab\freezeData\\0318\20260318083808-b87.29-f4.png,2026-03-18 08:38:08,4.0,59.46743939025457,7.325968682220944,501.33487670214396,87.17892,0.7277695796648109
2923,C:\Users\joshy\OneDrive\Documents\Kravitz Lab\freezeData\\0318\20260318083826-b87.06-f6.png,2026-03-18 08:38:26,6.0,59.996280861302864,7.338137525495079,475.12451166822405,86.949892,0.6858246595316049
2924,C:\Users\joshy\OneDrive\Documents\Kravitz Lab\freezeData\\0318\20260318083845-b86.21-f8.png,2026-03-18 08:38:45,8.0,60.475900990149,7.295167186302426,471.14298271,86.129736,0.6301418774477852
2925,C:\Users\joshy\OneDrive\Documents\Kravitz Lab\freezeData\\0318\20260318083903-b85.35-f10.png,2026-03-18 08:39:03,10.0,61.01007144490477,7.276965059812261,513.097210982336,85.274704,0.5812853516703372
2926,C:\Users\joshy\OneDrive\Documents\Kravitz Lab\freezeData\\0318\20260318083922-b86.60-f0.png,2026-03-18 08:39:22,0.0,58.66905485555588,7.313860953419807,486.74592897239995,86.487576,0.6661998726932795
2927,C:\Users\joshy\OneDrive\Documents\Kravitz Lab\freezeData\\0318\20260318083941-b87.16-f2.png,2026-03-18 08:39:41,2.0,59.15582945064657,7.328629155685839,513.2595357563999,87.030496,0.6979489828400197
2928,C:\Users\joshy\OneDrive\Documents\Kravitz Lab\freezeData\\0318\20260318084000-b87.33-f4.png,2026-03-18 08:40:00,4.0,59.487995281998735,7.326538649718514,497.0443138684,87.228336,0.7271765015996793
2929,C:\Users\joshy\OneDrive\Documents\Kravitz Lab\freezeData\\0318\20260318084037-b86.26-f8.png,2026-03-18 08:40:37,8.0,60.51483211170378,7.293300762570767,461.63463041150396,86.122452,0.6274720761057765
2930,C:\Users\joshy\OneDrive\Documents\Kravitz Lab\freezeData\\0318\20260318084018-b86.99-f6.png,2026-03-18 08:40:18,6.0,59.96912838214329,7.307027829988256,453.34965454073597,86.854504,0.6867851256107113
2931,C:\Users\joshy\OneDrive\Documents\Kravitz Lab\freezeData\\0318\20260318084055-b85.27-f10.png,2026-03-18 08:40:55,10.0,61.056651729456114,7.276385724898291,527.7164367104,85.191352,0.5778943168479826
2932,C:\Users\joshy\OneDrive\Documents\Kravitz Lab\freezeData\\0318\20260318084114-b86.39-f0.png,2026-03-18 08:41:14,0.0,58.689300114050646,7.305224389521581,454.3543664868959,86.267836,0.6656620125510556
2933,C:\Users\joshy\OneDrive\Documents\Kravitz Lab\freezeData\\0318\20260318084133-b87.16-f2.png,2026-03-18 08:41:33,2.0,59.14254316885116,7.320338493666399,519.1936089724,87.009976,0.6955628115189487
2934,C:\Users\joshy\OneDrive\Documents\Kravitz Lab\freezeData\\0318\20260318084152-b87.40-f4.png,2026-03-18 08:41:52,4.0,59.510020674209684,7.326771889682532,499.0538748764,87.271056,0.725190939894527
2935,C:\Users\joshy\OneDrive\Documents\Kravitz Lab\freezeData\\0318\20260318084210-b87.04-f6.png,2026-03-18 08:42:10,6.0,60.006489500971945,7.310393905911521,452.23735154841603,86.900412,0.6847104844645076
2936,C:\Users\joshy\OneDrive\Documents\Kravitz Lab\freezeData\\0318\20260318084229-b86.17-f8.png,2026-03-18 08:42:29,8.0,60.57989635092408,7.29566602804013,473.7963495484,86.057464,0.6263263127954631
2937,C:\Users\joshy\OneDrive\Documents\Kravitz Lab\freezeData\\0318\20260318084247-b85.23-f10.png,2026-03-18 08:42:47,10.0,61.068147781068454,7.272420833186266,494.51878657510395,85.134828,0.5812084203096047
2938,C:\Users\joshy\OneDrive\Documents\Kravitz Lab\freezeData\\0318\20260318084307-b86.45-f0.png,2026-03-18 08:43:07,0.0,58.76410335219269,7.306555031622064,468.84095874673596,86.293396,0.6655053110098208
2939,C:\Users\joshy\OneDrive\Documents\Kravitz Lab\freezeData\\0318\20260318084325-b87.14-f2.png,2026-03-18 08:43:25,2.0,59.19087079846878,7.323088486997964,524.683436525504,87.030824,0.6960194188103113
2940,C:\Users\joshy\OneDrive\Documents\Kravitz Lab\freezeData\\0318\20260318084344-b87.33-f4.png,2026-03-18 08:43:44,4.0,59.52528675288659,7.321027748177276,488.6889978332161,87.200432,0.7263889449237427
2941,C:\Users\joshy\OneDrive\Documents\Kravitz Lab\freezeData\\0318\20260318084402-b86.88-f6.png,2026-03-18 08:44:02,6.0,60.03510870948645,7.304064449087285,458.07665887639996,86.739988,0.6861112855924653
2942,C:\Users\joshy\OneDrive\Documents\Kravitz Lab\freezeData\\0318\20260318084421-b86.21-f8.png,2026-03-18 08:44:21,8.0,60.575023669279275,7.29162180441179,460.66887494649603,86.100516,0.6249945036521446
2943,C:\Users\joshy\OneDrive\Documents\Kravitz Lab\freezeData\\0318\20260318084440-b85.30-f10.png,2026-03-18 08:44:40,10.0,61.134088498644225,7.272722850119173,506.12927193593595,85.236456,0.579830383254531
2944,C:\Users\joshy\OneDrive\Documents\Kravitz Lab\freezeData\\0318\20260318084458-b86.40-f0.png,2026-03-18 08:44:58,0.0,58.76899384999202,7.306206917708314,482.504904267376,86.29686,0.6650136796427483
2945,C:\Users\joshy\OneDrive\Documents\Kravitz Lab\freezeData\\0318\20260318084517-b87.16-f2.png,2026-03-18 08:45:17,2.0,59.16516406345545,7.319614362209795,513.599328745584,87.02962,0.6949207224057519
2946,C:\Users\joshy\OneDrive\Documents\Kravitz Lab\freezeData\\0318\20260318084535-b87.11-f4.png,2026-03-18 08:45:35,4.0,59.545954086543816,7.315033853991445,491.689081937904,86.970404,0.7256219518536251
2947,C:\Users\joshy\OneDrive\Documents\Kravitz Lab\freezeData\\0318\20260318084554-b86.86-f6.png,2026-03-18 08:45:54,6.0,59.999843209608336,7.303230143541613,465.96981935358394,86.747804,0.6841269239207636
2948,C:\Users\joshy\OneDrive\Documents\Kravitz Lab\freezeData\\0318\20260318084611-b86.17-f8.png,2026-03-18 08:46:11,8.0,60.58888541541341,7.290049446181302,447.570600426496,86.051148,0.6263861482357768
2949,C:\Users\joshy\OneDrive\Documents\Kravitz Lab\freezeData\\0318\20260318084630-b85.27-f10.png,2026-03-18 08:46:30,10.0,61.14412459502875,7.276884556342753,519.6829981318241,85.19726,0.578688107108462
2950,C:\Users\joshy\OneDrive\Documents\Kravitz Lab\freezeData\\0318\20260318084650-b86.40-f0.png,2026-03-18 08:46:50,0.0,58.78782282599021,7.301515064551692,489.744764788736,86.288228,0.6643641989785158
2951,C:\Users\joshy\OneDrive\Documents\Kravitz Lab\freezeData\\0318\20260318084709-b87.17-f2.png,2026-03-18 08:47:09,2.0,59.27625406911148,7.3416022422036,527.2373898096,87.053512,0.6955133567376248
2952,C:\Users\joshy\OneDrive\Documents\Kravitz Lab\freezeData\\0318\20260318084730-b87.22-f4.png,2026-03-18 08:47:30,4.0,59.57149384868424,7.322708507892772,491.63775372593585,87.094724,0.7249771343189159
2953,C:\Users\joshy\OneDrive\Documents\Kravitz Lab\freezeData\\0318\20260318084749-b86.96-f6.png,2026-03-18 08:47:49,6.0,60.136525896699425,7.331826609913943,465.0682235696639,86.84734,0.6820726955634211
2954,C:\Users\joshy\OneDrive\Documents\Kravitz Lab\freezeData\\0318\20260318084807-b86.18-f8.png,2026-03-18 08:48:07,8.0,60.646522033571685,7.284604432469497,458.30747848689595,86.042252,0.6271766608926579
2955,C:\Users\joshy\OneDrive\Documents\Kravitz Lab\freezeData\\0318\20260318084826-b85.19-f10.png,2026-03-18 08:48:26,10.0,61.20462159313135,7.2744549386261355,520.0896929766241,85.11696,0.5776137975138318
2956,C:\Users\joshy\OneDrive\Documents\Kravitz Lab\freezeData\\0318\20260318084846-b86.41-f0.png,2026-03-18 08:48:46,0.0,58.852154991966096,7.306252310893256,484.84607494649595,86.31004,0.6656610378373875
2957,C:\Users\joshy\OneDrive\Documents\Kravitz Lab\freezeData\\0318\20260318084904-b87.16-f2.png,2026-03-18 08:49:04,2.0,59.31292206125461,7.321733397921204,531.4476085404,87.042244,0.6948049397286928
2958,C:\Users\joshy\OneDrive\Documents\Kravitz Lab\freezeData\\0318\20260318084924-b87.15-f4.png,2026-03-18 08:49:24,4.0,59.69542963249953,7.340808463307199,495.16835507070397,87.017464,0.7237543845068063
2959,C:\Users\joshy\OneDrive\Documents\Kravitz Lab\freezeData\\0318\20260318084943-b86.77-f6.png,2026-03-18 08:49:43,6.0,60.11913768019752,7.303651816270611,465.72567915359997,86.656884,0.6846749345356723
2960,C:\Users\joshy\OneDrive\Documents\Kravitz Lab\freezeData\\0318\20260318085002-b85.98-f8.png,2026-03-18 08:50:02,8.0,60.67695834115616,7.28456038188147,471.395374819824,85.88284,0.6291407613990793
2961,C:\Users\joshy\OneDrive\Documents\Kravitz Lab\freezeData\\0318\20260318085021-b85.07-f10.png,2026-03-18 08:50:21,10.0,61.19139181436343,7.2734002040296755,511.2371271836,84.985584,0.5770519143516774
2962,C:\Users\joshy\OneDrive\Documents\Kravitz Lab\freezeData\\0318\20260318085040-b86.23-f0.png,2026-03-18 08:50:40,0.0,58.86017728853816,7.307547127740102,489.99581190342394,86.128816,0.6643995997645862
2963,C:\Users\joshy\OneDrive\Documents\Kravitz Lab\freezeData\\0318\20260318085059-b86.93-f2.png,2026-03-18 08:50:59,2.0,59.29504972050722,7.319624913576273,541.987077640704,86.783476,0.6937271747190669
2964,C:\Users\joshy\OneDrive\Documents\Kravitz Lab\freezeData\\0318\20260318085117-b86.88-f4.png,2026-03-18 08:51:17,4.0,59.64228256050622,7.316671143713198,475.58818660760005,86.729144,0.7224366941203586
2965,C:\Users\joshy\OneDrive\Documents\Kravitz Lab\freezeData\\0318\20260318085135-b86.78-f6.png,2026-03-18 08:51:35,6.0,60.16097605139279,7.302197801446813,468.79550379929594,86.638912,0.6814303657436298
2966,C:\Users\joshy\OneDrive\Documents\Kravitz Lab\freezeData\\0318\20260318085154-b86.08-f8.png,2026-03-18 08:51:54,8.0,60.78605022454083,7.288125769859435,458.6286225990241,85.96114,0.6268834567285525
2967,C:\Users\joshy\OneDrive\Documents\Kravitz Lab\freezeData\\0318\20260318085213-b85.21-f10.png,2026-03-18 08:52:13,10.0,61.2806905084385,7.274857331258206,531.4623802762239,85.126676,0.5752425922576428
2968,C:\Users\joshy\OneDrive\Documents\Kravitz Lab\freezeData\\0318\20260318085233-b86.04-f0.png,2026-03-18 08:52:33,0.0,58.9163885359795,7.3046604128586194,485.139200267376,85.921248,0.6635707283101734
2969,C:\Users\joshy\OneDrive\Documents\Kravitz Lab\freezeData\\0318\20260318085252-b86.70-f2.png,2026-03-18 08:52:52,2.0,59.32436100634761,7.315020400299812,532.6619489863041,86.599112,0.6931742578346693
2970,C:\Users\joshy\OneDrive\Documents\Kravitz Lab\freezeData\\0318\20260318085311-b86.94-f4.png,2026-03-18 08:53:11,4.0,59.660684843149426,7.315490561540694,481.83542912358394,86.76908,0.7225864466525204
2971,C:\Users\joshy\OneDrive\Documents\Kravitz Lab\freezeData\\0318\20260318085330-b86.64-f6.png,2026-03-18 08:53:30,6.0,60.1311052301141,7.300140561784487,476.82158774193596,86.509788,0.6824422553157257
2972,C:\Users\joshy\OneDrive\Documents\Kravitz Lab\freezeData\\0318\20260318085350-b85.94-f8.png,2026-03-18 08:53:50,8.0,60.765707590429784,7.285860820944797,477.54516838999984,85.815628,0.6274799818512877
2973,C:\Users\joshy\OneDrive\Documents\Kravitz Lab\freezeData\\0318\20260318085407-b85.03-f10.png,2026-03-18 08:54:07,10.0,61.277036950285904,7.2704954998000355,520.862545377024,84.911036,0.576976797355562
2974,C:\Users\joshy\OneDrive\Documents\Kravitz Lab\freezeData\\0318\20260318085427-b86.04-f0.png,2026-03-18 08:54:27,0.0,58.956000152935204,7.302637920083617,471.23115033560003,85.911152,0.6634382101674675
2975,C:\Users\joshy\OneDrive\Documents\Kravitz Lab\freezeData\\0318\20260318085446-b86.63-f2.png,2026-03-18 08:54:46,2.0,59.41851933904661,7.317600326393193,523.165621284096,86.520188,0.6930244302726596
2976,C:\Users\joshy\OneDrive\Documents\Kravitz Lab\freezeData\\0318\20260318085504-b86.87-f4.png,2026-03-18 08:55:04,4.0,59.67971673788005,7.312591016901478,504.26750483160004,86.73808,0.7223698774608783
2977,C:\Users\joshy\OneDrive\Documents\Kravitz Lab\freezeData\\0318\20260318085523-b86.58-f6.png,2026-03-18 08:55:23,6.0,60.213467658466705,7.300820920206759,476.71609534713593,86.469528,0.6824211707088701
2978,C:\Users\joshy\OneDrive\Documents\Kravitz Lab\freezeData\\0318\20260318085543-b85.78-f8.png,2026-03-18 08:55:43,8.0,60.76388815767351,7.283639126988192,472.66038178993597,85.683412,0.6271302928575125
2979,C:\Users\joshy\OneDrive\Documents\Kravitz Lab\freezeData\\0318\20260318085601-b85.06-f10.png,2026-03-18 08:56:01,10.0,61.30073393360311,7.2697335738841025,521.822517346416,84.95996,0.5773921671640879
2980,C:\Users\joshy\OneDrive\Documents\Kravitz Lab\freezeData\\0318\20260318085620-b86.01-f0.png,2026-03-18 08:56:20,0.0,58.99966303419856,7.303715896004506,481.08759580569597,85.912468,0.6634349973563027
2981,C:\Users\joshy\OneDrive\Documents\Kravitz Lab\freezeData\\0318\20260318085639-b86.54-f2.png,2026-03-18 08:56:39,2.0,59.38591953223,7.315303686256072,524.939857960816,86.437252,0.6914537605929161
2982,C:\Users\joshy\OneDrive\Documents\Kravitz Lab\freezeData\\0318\20260318085658-b86.78-f4.png,2026-03-18 08:56:58,4.0,59.76258655073838,7.315208451350434,503.948610472304,86.675752,0.7216812653306801
2983,C:\Users\joshy\OneDrive\Documents\Kravitz Lab\freezeData\\0318\20260318085717-b86.41-f6.png,2026-03-18 08:57:17,6.0,60.17401173689187,7.298910327964348,453.666078709504,86.27378,0.6801211687757003
2984,C:\Users\joshy\OneDrive\Documents\Kravitz Lab\freezeData\\0318\20260318085736-b85.60-f8.png,2026-03-18 08:57:36,8.0,60.8160204989851,7.283698336668914,467.55660349694404,85.493468,0.6276938914980494
2985,C:\Users\joshy\OneDrive\Documents\Kravitz Lab\freezeData\\0318\20260318085755-b84.89-f10.png,2026-03-18 08:57:55,10.0,61.348431182016185,7.267579713281288,513.078247240816,84.767132,0.5789409849924246
2986,C:\Users\joshy\OneDrive\Documents\Kravitz Lab\freezeData\\0318\20260318085814-b85.71-f0.png,2026-03-18 08:58:14,0.0,59.004618350454706,7.295612068636381,471.51620656177596,85.601928,0.6617416844525738
2987,C:\Users\joshy\OneDrive\Documents\Kravitz Lab\freezeData\\0318\20260318085833-b86.36-f2.png,2026-03-18 08:58:33,2.0,59.409890232718524,7.30823166900498,527.8113559357441,86.226156,0.6903471249980758
2988,C:\Users\joshy\OneDrive\Documents\Kravitz Lab\freezeData\\0318\20260318085852-b86.58-f4.png,2026-03-18 08:58:52,4.0,59.71690671745669,7.31007590624464,508.8669013104,86.461476,0.720602934583454
2989,C:\Users\joshy\OneDrive\Documents\Kravitz Lab\freezeData\\0318\20260318085912-b86.30-f6.png,2026-03-18 08:59:12,6.0,60.22014322172155,7.298847534516109,471.75639161062395,86.195188,0.6798625989938055
2990,C:\Users\joshy\OneDrive\Documents\Kravitz Lab\freezeData\\0318\20260318085930-b85.56-f8.png,2026-03-18 08:59:30,8.0,60.811105076548515,7.281187978311676,477.6631562716,85.468324,0.6264828184369977
2991,C:\Users\joshy\OneDrive\Documents\Kravitz Lab\freezeData\\0318\20260318085949-b84.85-f10.png,2026-03-18 08:59:49,10.0,61.36125226540658,7.262599615454609,506.145614428144,84.751556,0.5805961105843507
2992,C:\Users\joshy\OneDrive\Documents\Kravitz Lab\freezeData\\0318\20260318090007-b85.62-f0.png,2026-03-18 09:00:07,0.0,59.0283262573621,7.294354613355543,476.6603880926561,85.501804,0.6611625172292179
2993,C:\Users\joshy\OneDrive\Documents\Kravitz Lab\freezeData\\0318\20260318090026-b86.30-f2.png,2026-03-18 09:00:26,2.0,59.466059498436714,7.314600836116009,521.171487317104,86.202128,0.6903349153147124
2994,C:\Users\joshy\OneDrive\Documents\Kravitz Lab\freezeData\\0318\20260318090044-b86.58-f4.png,2026-03-18 09:00:44,4.0,59.76799371447845,7.305061220770103,488.92511433073605,86.443508,0.7204739283527148
2995,C:\Users\joshy\OneDrive\Documents\Kravitz Lab\freezeData\\0318\20260318090102-b85.95-f6.png,2026-03-18 09:01:02,6.0,60.18299294675718,7.292136085987804,459.8236237127041,85.827524,0.6813480224552314
2996,C:\Users\joshy\OneDrive\Documents\Kravitz Lab\freezeData\\0318\20260318090121-b85.38-f8.png,2026-03-18 09:01:21,8.0,60.787529534818376,7.280052320182551,449.0576176316,85.278828,0.6246826523024211
2997,C:\Users\joshy\OneDrive\Documents\Kravitz Lab\freezeData\\0318\20260318090140-b84.75-f10.png,2026-03-18 09:01:40,10.0,61.42062136775889,7.265738627841847,504.94320044486403,84.66228,0.5773232022719956
2998,C:\Users\joshy\OneDrive\Documents\Kravitz Lab\freezeData\\0318\20260318090201-b85.38-f0.png,2026-03-18 09:02:01,0.0,59.074409224606086,7.292251603690509,473.533559177584,85.266576,0.6601431178874225
2999,C:\Users\joshy\OneDrive\Documents\Kravitz Lab\freezeData\\0318\20260318090219-b86.13-f2.png,2026-03-18 09:02:19,2.0,59.45634247150237,7.307271116162144,508.9762690690561,86.016368,0.6908312101490109
3000,C:\Users\joshy\OneDrive\Documents\Kravitz Lab\freezeData\\0318\20260318090236-b86.16-f4.png,2026-03-18 09:02:36,4.0,59.75301998237799,7.302561316335562,497.016508930496,86.035256,0.7186790868400955
3001,C:\Users\joshy\OneDrive\Documents\Kravitz Lab\freezeData\\0318\20260318090256-b85.96-f6.png,2026-03-18 09:02:56,6.0,60.24901920735095,7.293048704823289,472.48021820440005,85.861016,0.6803698747781678
3002,C:\Users\joshy\OneDrive\Documents\Kravitz Lab\freezeData\\0318\20260318090313-b85.04-f8.png,2026-03-18 09:03:13,8.0,60.762161964559354,7.270908613799254,459.54002290374393,84.909284,0.6274633418095825
3003,C:\Users\joshy\OneDrive\Documents\Kravitz Lab\freezeData\\0318\20260318090331-b84.59-f10.png,2026-03-18 09:03:31,10.0,61.392734022257585,7.267093027533437,523.4777714400641,84.495844,0.574899845891769
3004,C:\Users\joshy\OneDrive\Documents\Kravitz Lab\freezeData\\0318\20260318090351-b85.06-f0.png,2026-03-18 09:03:51,0.0,59.09811523681275,7.287892951688508,468.428790104816,84.94242,0.6598410762027561
3005,C:\Users\joshy\OneDrive\Documents\Kravitz Lab\freezeData\\0318\20260318090410-b85.67-f2.png,2026-03-18 09:04:10,2.0,59.46484419882914,7.301886832712355,501.0346776697441,85.573324,0.6889265929852791
3006,C:\Users\joshy\OneDrive\Documents\Kravitz Lab\freezeData\\0318\20260318090429-b85.94-f4.png,2026-03-18 09:04:29,4.0,59.75948131064379,7.299834053982133,504.34043460760006,85.834104,0.7177339394676608
3007,C:\Users\joshy\OneDrive\Documents\Kravitz Lab\freezeData\\0318\20260318090448-b85.84-f6.png,2026-03-18 09:04:48,6.0,60.22259254321235,7.290522061264588,468.404322807536,85.723668,0.6796100419202545
3008,C:\Users\joshy\OneDrive\Documents\Kravitz Lab\freezeData\\0318\20260318090506-b85.11-f8.png,2026-03-18 09:05:06,8.0,60.793509472213366,7.2771705225632894,497.21435424062395,84.992648,0.621635402548982
3009,C:\Users\joshy\OneDrive\Documents\Kravitz Lab\freezeData\\0318\20260318090525-b84.06-f10.png,2026-03-18 09:05:25,10.0,61.40153979462078,7.259270982824818,523.914224248816,83.97636,0.57698678667475
3010,C:\Users\joshy\OneDrive\Documents\Kravitz Lab\freezeData\\0318\20260318090544-b84.88-f0.png,2026-03-18 09:05:44,0.0,59.149708102529125,7.285802717506092,479.54721489239995,84.75184,0.6593264864796449
3011,C:\Users\joshy\OneDrive\Documents\Kravitz Lab\freezeData\\0318\20260318090602-b85.57-f2.png,2026-03-18 09:06:02,2.0,59.48495599641657,7.30012954318665,514.822416916464,85.473128,0.6886152503809198
3012,C:\Users\joshy\OneDrive\Documents\Kravitz Lab\freezeData\\0318\20260318090621-b85.68-f4.png,2026-03-18 09:06:21,4.0,59.7325693409297,7.2947175710981265,482.891618807536,85.567468,0.7172329699514519
3013,C:\Users\joshy\OneDrive\Documents\Kravitz Lab\freezeData\\0318\20260318090640-b85.39-f6.png,2026-03-18 09:06:40,6.0,60.24284048073842,7.282590337881751,468.7886433144159,85.297548,0.6812796613881176
3014,C:\Users\joshy\OneDrive\Documents\Kravitz Lab\freezeData\\0318\20260318090700-b85.02-f8.png,2026-03-18 09:07:00,8.0,60.88723097516917,7.275943427446847,489.06547316273594,84.90042,0.6198797883196244
3015,C:\Users\joshy\OneDrive\Documents\Kravitz Lab\freezeData\\0318\20260318090719-b83.69-f10.png,2026-03-18 09:07:19,10.0,61.32248548959261,7.25202816117486,514.228445136384,83.619052,0.5759445454896694
3016,C:\Users\joshy\OneDrive\Documents\Kravitz Lab\freezeData\\0318\20260318090737-b84.38-f0.png,2026-03-18 09:07:37,0.0,59.17639934075124,7.282760218096478,468.1131584115041,84.263456,0.6571014456422273
3017,C:\Users\joshy\OneDrive\Documents\Kravitz Lab\freezeData\\0318\20260318090757-b85.26-f2.png,2026-03-18 09:07:57,2.0,59.51571901896493,7.296070440719127,508.3067096652161,85.145704,0.687315606214152
3018,C:\Users\joshy\OneDrive\Documents\Kravitz Lab\freezeData\\0318\20260318090816-b85.60-f4.png,2026-03-18 09:08:16,4.0,59.743697665699806,7.2967348741284255,502.455355055216,85.488116,0.715231012464408
3019,C:\Users\joshy\OneDrive\Documents\Kravitz Lab\freezeData\\0318\20260318090835-b85.13-f6.png,2026-03-18 09:08:35,6.0,60.219095988015496,7.282162010078005,478.264797785856,85.032224,0.6793822605632502
3020,C:\Users\joshy\OneDrive\Documents\Kravitz Lab\freezeData\\0318\20260318090854-b84.61-f8.png,2026-03-18 09:08:54,8.0,60.84646551871672,7.270899242002194,476.40419852440004,84.523704,0.6224655189172927
3021,C:\Users\joshy\OneDrive\Documents\Kravitz Lab\freezeData\\0318\20260318090913-b83.83-f10.png,2026-03-18 09:09:13,10.0,61.412198989904404,7.2561597412601175,502.83206375,83.743128,0.5757499468917194
3022,C:\Users\joshy\OneDrive\Documents\Kravitz Lab\freezeData\\0318\20260318090932-b84.28-f0.png,2026-03-18 09:09:32,0.0,59.20943559412078,7.279488440514991,482.38706055526393,84.183392,0.6584914926925771
3023,C:\Users\joshy\OneDrive\Documents\Kravitz Lab\freezeData\\0318\20260318090951-b84.82-f2.png,2026-03-18 09:09:51,2.0,59.54718484470869,7.294598760756407,514.5046449304959,84.665436,0.6855352324520687
3024,C:\Users\joshy\OneDrive\Documents\Kravitz Lab\freezeData\\0318\20260318091009-b85.20-f4.png,2026-03-18 09:10:09,4.0,59.756511325073184,7.291038883284997,496.5946141285759,85.08758,0.7134269886637921
3025,C:\Users\joshy\OneDrive\Documents\Kravitz Lab\freezeData\\0318\20260318091028-b85.26-f6.png,2026-03-18 09:10:28,6.0,60.24685793993695,7.284984877847609,467.557249164144,85.106416,0.6762665641149989
3026,C:\Users\joshy\OneDrive\Documents\Kravitz Lab\freezeData\\0318\20260318091047-b84.69-f8.png,2026-03-18 09:10:47,8.0,60.90970695788644,7.278318713482884,471.89217076505594,84.56638,0.6172602398680332
3027,C:\Users\joshy\OneDrive\Documents\Kravitz Lab\freezeData\\0318\20260318091127-b84.07-f0.png,2026-03-18 09:11:27,0.0,59.22347637812221,7.278626623015473,448.2099699287041,83.9613,0.6562258849439977
3028,C:\Users\joshy\OneDrive\Documents\Kravitz Lab\freezeData\\0318\20260318091106-b83.95-f10.png,2026-03-18 09:11:06,10.0,61.37302943629242,7.260419573544194,514.474557605824,83.835228,0.5710504118216222
3029,C:\Users\joshy\OneDrive\Documents\Kravitz Lab\freezeData\\0318\20260318091146-b84.86-f2.png,2026-03-18 09:11:46,2.0,59.53716206911901,7.29284488667942,496.28953657009595,84.743616,0.6847938446910806
3030,C:\Users\joshy\OneDrive\Documents\Kravitz Lab\freezeData\\0318\20260318091205-b85.24-f4.png,2026-03-18 09:12:05,4.0,59.79511088035262,7.298753532697256,497.906174422464,85.123656,0.7118309493440772
3031,C:\Users\joshy\OneDrive\Documents\Kravitz Lab\freezeData\\0318\20260318091223-b85.10-f6.png,2026-03-18 09:12:23,6.0,60.24702355738693,7.28590411332371,468.28570052550407,84.979108,0.6721468091321814
3032,C:\Users\joshy\OneDrive\Documents\Kravitz Lab\freezeData\\0318\20260318091242-b84.51-f8.png,2026-03-18 09:12:42,8.0,60.87478591532294,7.2760661449878326,480.851175036016,84.40194,0.6176870773735507
3033,C:\Users\joshy\OneDrive\Documents\Kravitz Lab\freezeData\\0318\20260318091301-b83.79-f10.png,2026-03-18 09:13:01,10.0,61.396438748307354,7.26480217935795,507.855145683056,83.677688,0.5689209170592079
3034,C:\Users\joshy\OneDrive\Documents\Kravitz Lab\freezeData\\0318\20260318091319-b84.05-f0.png,2026-03-18 09:13:19,0.0,59.264209601848435,7.279994931375447,459.36732700030404,83.928724,0.6557251709271167
3035,C:\Users\joshy\OneDrive\Documents\Kravitz Lab\freezeData\\0318\20260318091338-b84.74-f2.png,2026-03-18 09:13:38,2.0,59.584474204715434,7.295566501175282,514.3972331910239,84.60926,0.683033898625052
3036,C:\Users\joshy\OneDrive\Documents\Kravitz Lab\freezeData\\0318\20260318091356-b84.91-f4.png,2026-03-18 09:13:56,4.0,59.81215807638364,7.294971018046676,497.072350278656,84.792264,0.7083567280171694
3037,C:\Users\joshy\OneDrive\Documents\Kravitz Lab\freezeData\\0318\20260318091415-b85.00-f6.png,2026-03-18 09:14:15,6.0,60.25754816879745,7.288090153476956,459.9345214014559,84.883584,0.6689114775045379
3038,C:\Users\joshy\OneDrive\Documents\Kravitz Lab\freezeData\\0318\20260318091434-b84.53-f8.png,2026-03-18 09:14:34,8.0,60.85865724113617,7.278108509214038,483.885200111216,84.395852,0.6115272420132188
3039,C:\Users\joshy\OneDrive\Documents\Kravitz Lab\freezeData\\0318\20260318091453-b83.72-f10.png,2026-03-18 09:14:53,10.0,61.35083735488264,7.2620847456961535,519.764520790896,83.630644,0.5667108998083848
3040,C:\Users\joshy\OneDrive\Documents\Kravitz Lab\freezeData\\0318\20260318091511-b83.82-f0.png,2026-03-18 09:15:11,0.0,59.21925982291356,7.275062708010385,448.852037541376,83.680516,0.6541475058252006
3041,C:\Users\joshy\OneDrive\Documents\Kravitz Lab\freezeData\\0318\20260318091530-b84.58-f2.png,2026-03-18 09:15:30,2.0,59.627189813922975,7.293917769542387,508.63155804,84.46212,0.6820502503169926
3042,C:\Users\joshy\OneDrive\Documents\Kravitz Lab\freezeData\\0318\20260318091548-b84.85-f4.png,2026-03-18 09:15:48,4.0,59.81703994847743,7.291932383393204,503.86159393790405,84.701484,0.70664592175449
3043,C:\Users\joshy\OneDrive\Documents\Kravitz Lab\freezeData\\0318\20260318091607-b84.84-f6.png,2026-03-18 09:16:07,6.0,60.32179712023175,7.286666377218198,454.054211553776,84.73816,0.6686712199058114
3044,C:\Users\joshy\OneDrive\Documents\Kravitz Lab\freezeData\\0318\20260318091626-b84.33-f8.png,2026-03-18 09:16:26,8.0,60.91016337522545,7.2753394643431575,487.70539698630404,84.193188,0.611933374980429
3045,C:\Users\joshy\OneDrive\Documents\Kravitz Lab\freezeData\\0318\20260318091646-b83.59-f10.png,2026-03-18 09:16:46,10.0,61.394190511144096,7.264572044107571,506.74365657559997,83.508688,0.5698430699122233
3046,C:\Users\joshy\OneDrive\Documents\Kravitz Lab\freezeData\\0318\20260318091704-b83.45-f0.png,2026-03-18 09:17:04,0.0,59.26895081681525,7.275189518251996,460.4433421435999,83.305956,0.6507576605679722
3047,C:\Users\joshy\OneDrive\Documents\Kravitz Lab\freezeData\\0318\20260318091724-b84.19-f2.png,2026-03-18 09:17:24,2.0,59.638969735541075,7.2929466834412855,493.8860880796,84.034596,0.6776530888366039
3048,C:\Users\joshy\OneDrive\Documents\Kravitz Lab\freezeData\\0318\20260318091743-b84.65-f4.png,2026-03-18 09:17:43,4.0,59.82485521305792,7.294494817860983,489.844902236416,84.517284,0.7052582884578731
3049,C:\Users\joshy\OneDrive\Documents\Kravitz Lab\freezeData\\0318\20260318091802-b84.76-f6.png,2026-03-18 09:18:02,6.0,60.371677086268726,7.288524777292905,475.5044708336,84.617464,0.6673384811336773
3050,C:\Users\joshy\OneDrive\Documents\Kravitz Lab\freezeData\\0318\20260318091819-b84.43-f8.png,2026-03-18 09:18:19,8.0,60.943530866338094,7.280497582245012,479.547263556336,84.320764,0.6096497327493777
3051,C:\Users\joshy\OneDrive\Documents\Kravitz Lab\freezeData\\0318\20260318091839-b83.40-f10.png,2026-03-18 09:18:39,10.0,61.40973998351454,7.267175967601345,531.09966704,83.329556,0.5655780856917109
3052,C:\Users\joshy\OneDrive\Documents\Kravitz Lab\freezeData\\0318\20260318091858-b83.66-f0.png,2026-03-18 09:18:58,0.0,59.334549288755,7.274855121283697,478.021213009264,83.525548,0.6512014028033394
3053,C:\Users\joshy\OneDrive\Documents\Kravitz Lab\freezeData\\0318\20260318091917-b84.05-f2.png,2026-03-18 09:19:17,2.0,59.620168240347525,7.290479174313428,492.90734435953595,83.890716,0.6778494962555772
3054,C:\Users\joshy\OneDrive\Documents\Kravitz Lab\freezeData\\0318\20260318091936-b84.74-f4.png,2026-03-18 09:19:36,4.0,59.90494878482598,7.295879984087034,506.69371898393604,84.589124,0.7049239279640195
3055,C:\Users\joshy\OneDrive\Documents\Kravitz Lab\freezeData\\0318\20260318091956-b84.49-f6.png,2026-03-18 09:19:56,6.0,60.338455107079966,7.288188034998168,475.865599526656,84.388164,0.6672765764085409
3056,C:\Users\joshy\OneDrive\Documents\Kravitz Lab\freezeData\\0318\20260318092015-b84.21-f8.png,2026-03-18 09:20:15,8.0,60.928575123262355,7.277269014144652,483.47864353945596,84.071676,0.6110965963180933
3057,C:\Users\joshy\OneDrive\Documents\Kravitz Lab\freezeData\\0318\20260318092033-b83.75-f10.png,2026-03-18 09:20:33,10.0,61.399682085167186,7.274134632949805,558.351318951936,83.67102,0.5596028384349768
3058,C:\Users\joshy\OneDrive\Documents\Kravitz Lab\freezeData\\0318\20260318092054-b83.47-f0.png,2026-03-18 09:20:54,0.0,59.33878370029557,7.276984189415656,480.15772479614407,83.367256,0.6499907553219831
3059,C:\Users\joshy\OneDrive\Documents\Kravitz Lab\freezeData\\0318\20260318092113-b84.13-f2.png,2026-03-18 09:21:13,2.0,59.735518420943365,7.292894531906107,492.320063108864,84.006556,0.6779192643476558
3060,C:\Users\joshy\OneDrive\Documents\Kravitz Lab\freezeData\\0318\20260318092130-b84.62-f4.png,2026-03-18 09:21:30,4.0,59.942587413240545,7.3001138511759045,499.911382341056,84.505496,0.703785033042848
3061,C:\Users\joshy\OneDrive\Documents\Kravitz Lab\freezeData\\0318\20260318092149-b84.56-f6.png,2026-03-18 09:21:49,6.0,60.38490026813737,7.297453141577777,472.788326106624,84.446152,0.6658008038627558
3062,C:\Users\joshy\OneDrive\Documents\Kravitz Lab\freezeData\\0318\20260318092207-b84.21-f8.png,2026-03-18 09:22:07,8.0,60.91247352554319,7.280550491926462,478.857520988096,84.113,0.6108592782668718
3063,C:\Users\joshy\OneDrive\Documents\Kravitz Lab\freezeData\\0318\20260318092226-b83.63-f10.png,2026-03-18 09:22:26,10.0,61.39243568699401,7.271842973519193,526.6737339637762,83.546048,0.5646657881614913
3064,C:\Users\joshy\OneDrive\Documents\Kravitz Lab\freezeData\\0318\20260318092245-b83.40-f0.png,2026-03-18 09:22:45,0.0,59.349739729468865,7.278747370874255,487.35793804639997,83.289548,0.6481813162266375
3065,C:\Users\joshy\OneDrive\Documents\Kravitz Lab\freezeData\\0318\20260318092304-b84.02-f2.png,2026-03-18 09:23:04,2.0,59.77056183625368,7.299561660704767,515.211658859376,83.926476,0.6766229883234209
3066,C:\Users\joshy\OneDrive\Documents\Kravitz Lab\freezeData\\0318\20260318092322-b84.87-f4.png,2026-03-18 09:23:22,4.0,60.041092099934495,7.302148155385743,509.788735093696,84.730572,0.7030177259966996
3067,C:\Users\joshy\OneDrive\Documents\Kravitz Lab\freezeData\\0318\20260318092400-b84.09-f8.png,2026-03-18 09:24:00,8.0,60.95227677450955,7.282296921023095,488.253365425904,83.958672,0.6095601531111434
3068,C:\Users\joshy\OneDrive\Documents\Kravitz Lab\freezeData\\0318\20260318092342-b84.75-f6.png,2026-03-18 09:23:42,6.0,60.48021503194247,7.2964710213484505,472.92647116825606,84.6387,0.665758549779705
3069,C:\Users\joshy\OneDrive\Documents\Kravitz Lab\freezeData\\0318\20260318092418-b83.68-f10.png,2026-03-18 09:24:18,10.0,61.4351524621422,7.27399459940434,532.756985729984,83.605688,0.5616682305478884
3070,C:\Users\joshy\OneDrive\Documents\Kravitz Lab\freezeData\\0318\20260318092438-b83.54-f0.png,2026-03-18 09:24:38,0.0,59.44993105453307,7.279004108400511,486.174896174064,83.398208,0.648549187285798
3071,C:\Users\joshy\OneDrive\Documents\Kravitz Lab\freezeData\\0318\20260318092456-b84.22-f2.png,2026-03-18 09:24:56,2.0,59.805779147624186,7.294368309845407,525.0721674101761,84.06116,0.6762562333563183
3072,C:\Users\joshy\OneDrive\Documents\Kravitz Lab\freezeData\\0318\20260318092515-b84.62-f4.png,2026-03-18 09:25:15,4.0,60.07313023224397,7.302360581187308,489.926611366384,84.500316,0.7022900075773109
3073,C:\Users\joshy\OneDrive\Documents\Kravitz Lab\freezeData\\0318\20260318092536-b84.65-f6.png,2026-03-18 09:25:36,6.0,60.44894302413898,7.300628454624804,484.69558319718396,84.53762,0.6645651771398823
3074,C:\Users\joshy\OneDrive\Documents\Kravitz Lab\freezeData\\0318\20260318092554-b84.23-f8.png,2026-03-18 09:25:54,8.0,61.01377989253234,7.29000495070972,494.7135062399999,84.123204,0.6060875929630634
3075,C:\Users\joshy\OneDrive\Documents\Kravitz Lab\freezeData\\0318\20260318092612-b83.51-f10.png,2026-03-18 09:26:12,10.0,61.33508239367405,7.274870576652249,534.7830904395358,83.431096,0.5599726852081414
3076,C:\Users\joshy\OneDrive\Documents\Kravitz Lab\freezeData\\0318\20260318092632-b83.50-f0.png,2026-03-18 09:26:32,0.0,59.45832334485109,7.283512121394168,481.48962500017603,83.356944,0.6482844521996803
3077,C:\Users\joshy\OneDrive\Documents\Kravitz Lab\freezeData\\0318\20260318092652-b84.29-f2.png,2026-03-18 09:26:52,2.0,59.87128452204232,7.300185953035276,515.702971232624,84.174716,0.6773527894251428
3078,C:\Users\joshy\OneDrive\Documents\Kravitz Lab\freezeData\\0318\20260318092709-b84.40-f4.png,2026-03-18 09:27:09,4.0,60.07155790621062,7.303333061599252,497.5348038556,84.245028,0.7009271921303175
3079,C:\Users\joshy\OneDrive\Documents\Kravitz Lab\freezeData\\0318\20260318092727-b84.64-f6.png,2026-03-18 09:27:27,6.0,60.52365161392508,7.297838050926953,466.08513116094394,84.483168,0.6596194084165956
3080,C:\Users\joshy\OneDrive\Documents\Kravitz Lab\freezeData\\0318\20260318092749-b84.36-f8.png,2026-03-18 09:27:49,8.0,61.024421987754245,7.289592480940586,494.50749297759995,84.223636,0.6044007309577832
3081,C:\Users\joshy\OneDrive\Documents\Kravitz Lab\freezeData\\0318\20260318092806-b83.72-f10.png,2026-03-18 09:28:06,10.0,61.45997919749678,7.278714148990275,544.137640338176,83.625208,0.5574268425853834
3082,C:\Users\joshy\OneDrive\Documents\Kravitz Lab\freezeData\\0318\20260318092828-b83.43-f0.png,2026-03-18 09:28:28,0.0,59.401993373311505,7.286233384770783,491.981238106624,83.327584,0.6467068603989153
3083,C:\Users\joshy\OneDrive\Documents\Kravitz Lab\freezeData\\0318\20260318092848-b84.12-f2.png,2026-03-18 09:28:48,2.0,59.85653590377245,7.301874301210723,530.5191039424001,84.01502,0.6745462686350195
3084,C:\Users\joshy\OneDrive\Documents\Kravitz Lab\freezeData\\0318\20260318092908-b84.53-f4.png,2026-03-18 09:29:08,4.0,60.08093506355905,7.3027032263700695,505.40432753759995,84.38878,0.700970426415483
3085,C:\Users\joshy\OneDrive\Documents\Kravitz Lab\freezeData\\0318\20260318092926-b84.57-f6.png,2026-03-18 09:29:26,6.0,60.52712345017417,7.302840069183157,483.03384357489597,84.459124,0.6631957742097767
3086,C:\Users\joshy\OneDrive\Documents\Kravitz Lab\freezeData\\0318\20260318092947-b84.03-f8.png,2026-03-18 09:29:47,8.0,60.998177698978,7.29172221813492,476.830583797504,83.929648,0.60761557967066
3087,C:\Users\joshy\OneDrive\Documents\Kravitz Lab\freezeData\\0318\20260318093008-b83.60-f10.png,2026-03-18 09:30:08,10.0,61.446744087672016,7.27915620197545,535.100418580416,83.501012,0.5587944569216925
3088,C:\Users\joshy\OneDrive\Documents\Kravitz Lab\freezeData\\0318\20260318093028-b83.55-f0.png,2026-03-18 09:30:28,0.0,59.45827683852265,7.291251323998331,486.585153553904,83.45956,0.6466149907057365
3089,C:\Users\joshy\OneDrive\Documents\Kravitz Lab\freezeData\\0318\20260318093050-b84.24-f2.png,2026-03-18 09:30:50,2.0,59.88115482015236,7.305070029981083,524.054930392176,84.109788,0.674252870422003
3090,C:\Users\joshy\OneDrive\Documents\Kravitz Lab\freezeData\\0318\20260318093108-b84.70-f4.png,2026-03-18 09:31:08,4.0,60.245493624938426,7.333251146837179,496.2101665018239,84.581252,0.6999883660145645
3091,C:\Users\joshy\OneDrive\Documents\Kravitz Lab\freezeData\\0318\20260318093127-b84.64-f6.png,2026-03-18 09:31:27,6.0,60.558992287848255,7.306769935449021,466.5697549919839,84.513156,0.6591522819453662
3092,C:\Users\joshy\OneDrive\Documents\Kravitz Lab\freezeData\\0318\20260318093148-b84.14-f8.png,2026-03-18 09:31:48,8.0,61.03998437639381,7.293684145232381,467.92444224062393,84.01036,0.6070246379522685
3093,C:\Users\joshy\OneDrive\Documents\Kravitz Lab\freezeData\\0318\20260318093209-b83.81-f10.png,2026-03-18 09:32:09,10.0,61.43485489874568,7.285649607651516,547.6380882673759,83.707508,0.5549872350995876
3094,C:\Users\joshy\OneDrive\Documents\Kravitz Lab\freezeData\\0318\20260318093226-b83.43-f0.png,2026-03-18 09:32:26,0.0,59.378898165588616,7.293543017622205,482.73961775000004,83.329716,0.6453008543394368
3095,C:\Users\joshy\OneDrive\Documents\Kravitz Lab\freezeData\\0318\20260318093247-b84.28-f2.png,2026-03-18 09:32:47,2.0,59.94673512521047,7.334956530795526,507.0742860845439,84.145684,0.6736111530462792
3096,C:\Users\joshy\OneDrive\Documents\Kravitz Lab\freezeData\\0318\20260318093306-b84.52-f4.png,2026-03-18 09:33:06,4.0,60.14078314821728,7.309515945813765,505.50848722560005,84.399152,0.6992748645531967
3097,C:\Users\joshy\OneDrive\Documents\Kravitz Lab\freezeData\\0318\20260318093343-b84.54-f8.png,2026-03-18 09:33:43,8.0,61.153825316980985,7.327399194795892,482.397451774576,84.412724,0.605410972978506
3098,C:\Users\joshy\OneDrive\Documents\Kravitz Lab\freezeData\\0318\20260318093324-b84.75-f6.png,2026-03-18 09:33:24,6.0,60.591622893212026,7.3070931099936525,473.23896791238406,84.626472,0.6606877607262707
3099,C:\Users\joshy\OneDrive\Documents\Kravitz Lab\freezeData\\0318\20260318093402-b84.04-f10.png,2026-03-18 09:34:02,10.0,61.3822685687129,7.286295047410796,555.9602447311361,83.93828,0.5542202296448013
3100,C:\Users\joshy\OneDrive\Documents\Kravitz Lab\freezeData\\0318\20260318093421-b83.60-f0.png,2026-03-18 09:34:21,0.0,59.457392642661894,7.297442981564774,467.46858101401597,83.473844,0.6450609348046706
3101,C:\Users\joshy\OneDrive\Documents\Kravitz Lab\freezeData\\0318\20260318093439-b84.30-f2.png,2026-03-18 09:34:39,2.0,59.966757945567274,7.316281721896145,514.8124794101759,84.177588,0.6730643836586025
3102,C:\Users\joshy\OneDrive\Documents\Kravitz Lab\freezeData\\0318\20260318093500-b84.87-f4.png,2026-03-18 09:35:00,4.0,60.25023075540541,7.312974951347661,497.388411366384,84.75198,0.6996237317429326
3103,C:\Users\joshy\OneDrive\Documents\Kravitz Lab\freezeData\\0318\20260318093540-b84.37-f8.png,2026-03-18 09:35:40,8.0,61.031864649585266,7.296735068071746,479.713399426816,84.273052,0.6066227226579683
3104,C:\Users\joshy\OneDrive\Documents\Kravitz Lab\freezeData\\0318\20260318093521-b84.95-f6.png,2026-03-18 09:35:21,6.0,60.623875528494544,7.308504228594519,464.613459725424,84.84084,0.6615578576131965
3105,C:\Users\joshy\OneDrive\Documents\Kravitz Lab\freezeData\\0318\20260318093617-b83.83-f0.png,2026-03-18 09:36:17,0.0,59.52107405338395,7.3220074749137956,457.46496829822405,83.695672,0.6449522300436804
3106,C:\Users\joshy\OneDrive\Documents\Kravitz Lab\freezeData\\0318\20260318093558-b83.88-f10.png,2026-03-18 09:35:58,10.0,61.432262232303835,7.285095321629331,523.0538867583999,83.805884,0.5577515806034822
3107,C:\Users\joshy\OneDrive\Documents\Kravitz Lab\freezeData\\0318\20260318093635-b84.17-f2.png,2026-03-18 09:36:35,2.0,59.899403494181676,7.308738552845864,511.5410152256,84.021096,0.6728570296923118
3108,C:\Users\joshy\OneDrive\Documents\Kravitz Lab\freezeData\\0318\20260318093655-b84.88-f4.png,2026-03-18 09:36:55,4.0,60.1748512616267,7.316344016557827,507.11455182694397,84.745348,0.6986019388250096
3109,C:\Users\joshy\OneDrive\Documents\Kravitz Lab\freezeData\\0318\20260318093713-b84.79-f6.png,2026-03-18 09:37:13,6.0,60.5847479457198,7.310446407848017,458.693755955056,84.63244,0.6592559504435326
3110,C:\Users\joshy\OneDrive\Documents\Kravitz Lab\freezeData\\0318\20260318093732-b84.29-f8.png,2026-03-18 09:37:32,8.0,61.02123545261325,7.2983463875719865,472.510160204736,84.142856,0.6057462815615875
3111,C:\Users\joshy\OneDrive\Documents\Kravitz Lab\freezeData\\0318\20260318093751-b83.99-f10.png,2026-03-18 09:37:51,10.0,61.4164818018667,7.285875937808157,505.2055566649439,83.912324,0.5567760511927711
3112,C:\Users\joshy\OneDrive\Documents\Kravitz Lab\freezeData\\0318\20260318093809-b83.87-f0.png,2026-03-18 09:38:09,0.0,59.52204971704573,7.300195419893199,481.713504204736,83.756744,0.6440286644823734
3113,C:\Users\joshy\OneDrive\Documents\Kravitz Lab\freezeData\\0318\20260318093848-b84.91-f4.png,2026-03-18 09:38:48,4.0,60.24605039480427,7.320404018902871,501.30173903959997,84.806052,0.6986925916157974
3114,C:\Users\joshy\OneDrive\Documents\Kravitz Lab\freezeData\\0318\20260318093828-b84.45-f2.png,2026-03-18 09:38:28,2.0,59.953802846485594,7.316215795345241,523.0334778096,84.348144,0.6719082601203362
3115,C:\Users\joshy\OneDrive\Documents\Kravitz Lab\freezeData\\0318\20260318093907-b84.76-f6.png,2026-03-18 09:39:07,6.0,60.661624750285874,7.31277125846401,462.601643998704,84.648252,0.6602278573633569
3116,C:\Users\joshy\OneDrive\Documents\Kravitz Lab\freezeData\\0318\20260318093927-b84.69-f8.png,2026-03-18 09:39:27,8.0,61.11768634107806,7.304418387952443,493.1190197779841,84.59944,0.6002540709685964
3117,C:\Users\joshy\OneDrive\Documents\Kravitz Lab\freezeData\\0318\20260318093946-b83.75-f10.png,2026-03-18 09:39:46,10.0,61.465329089992316,7.315412889805028,512.7371903691359,83.673712,0.5585766946780979
3118,C:\Users\joshy\OneDrive\Documents\Kravitz Lab\freezeData\\0318\20260318094004-b83.70-f0.png,2026-03-18 09:40:04,0.0,59.482437816907805,7.296053015061883,470.043213219184,83.578736,0.6438048641785318
3119,C:\Users\joshy\OneDrive\Documents\Kravitz Lab\freezeData\\0318\20260318094024-b84.06-f2.png,2026-03-18 09:40:24,2.0,59.862310367751896,7.31084783496493,505.9706940845439,83.922712,0.6702757607154656
3120,C:\Users\joshy\OneDrive\Documents\Kravitz Lab\freezeData\\0318\20260318094042-b84.90-f4.png,2026-03-18 09:40:42,4.0,60.2263914333647,7.319753478356037,487.11783976960004,84.776056,0.6978505264353015
3121,C:\Users\joshy\OneDrive\Documents\Kravitz Lab\freezeData\\0318\20260318094101-b84.83-f6.png,2026-03-18 09:41:01,6.0,60.65527752735005,7.31396536512408,444.33491566360004,84.704988,0.6580951091089368
3122,C:\Users\joshy\OneDrive\Documents\Kravitz Lab\freezeData\\0318\20260318094120-b84.39-f8.png,2026-03-18 09:41:20,8.0,61.03273921463778,7.305082814551105,484.6435324400001,84.286496,0.5994314692225926
3123,C:\Users\joshy\OneDrive\Documents\Kravitz Lab\freezeData\\0318\20260318094138-b83.70-f10.png,2026-03-18 09:41:38,10.0,61.369890363899586,7.292818311288868,511.79790356678393,83.609712,0.554604041746931
3124,C:\Users\joshy\OneDrive\Documents\Kravitz Lab\freezeData\\0318\20260318094156-b83.76-f0.png,2026-03-18 09:41:56,0.0,59.4229943961176,7.302569462953957,468.7165376092159,83.659176,0.642593391206517
3125,C:\Users\joshy\OneDrive\Documents\Kravitz Lab\freezeData\\0318\20260318094216-b84.44-f2.png,2026-03-18 09:42:16,2.0,59.92127866461476,7.317121436719114,499.428510482176,84.297172,0.6707673219831896
3126,C:\Users\joshy\OneDrive\Documents\Kravitz Lab\freezeData\\0318\20260318094234-b84.67-f4.png,2026-03-18 09:42:34,4.0,60.167131793459994,7.322726058840622,500.971806617024,84.557304,0.6952518079381381
3127,C:\Users\joshy\OneDrive\Documents\Kravitz Lab\freezeData\\0318\20260318094252-b85.01-f6.png,2026-03-18 09:42:52,6.0,60.718605560154295,7.316512240091758,466.764911983616,84.88548,0.658169251169641
3128,C:\Users\joshy\OneDrive\Documents\Kravitz Lab\freezeData\\0318\20260318094311-b84.41-f8.png,2026-03-18 09:43:11,8.0,61.028301462217215,7.305418839107326,445.93928033817593,84.292856,0.604807117380579
3129,C:\Users\joshy\OneDrive\Documents\Kravitz Lab\freezeData\\0318\20260318094330-b84.00-f10.png,2026-03-18 09:43:30,10.0,61.47608553213179,7.292746614486023,533.290443957104,83.924504,0.553738510316696
3130,C:\Users\joshy\OneDrive\Documents\Kravitz Lab\freezeData\\0318\20260318094348-b83.71-f0.png,2026-03-18 09:43:48,0.0,59.38671899737853,7.303708519796846,474.4959300464001,83.59208,0.6418700053199538
3131,C:\Users\joshy\OneDrive\Documents\Kravitz Lab\freezeData\\0318\20260318094407-b84.51-f2.png,2026-03-18 09:44:07,2.0,59.98237360436027,7.321876955823607,499.841878501824,84.404288,0.6693627960509775
3132,C:\Users\joshy\OneDrive\Documents\Kravitz Lab\freezeData\\0318\20260318094426-b84.81-f4.png,2026-03-18 09:44:26,4.0,60.31323324694891,7.326901555867482,495.28765866366393,84.708056,0.6951109929648773
3133,C:\Users\joshy\OneDrive\Documents\Kravitz Lab\freezeData\\0318\20260318094444-b84.89-f6.png,2026-03-18 09:44:44,6.0,60.692309988742394,7.319340239434667,462.7215159281759,84.75048,0.6576719678806761
3134,C:\Users\joshy\OneDrive\Documents\Kravitz Lab\freezeData\\0318\20260318094503-b84.48-f8.png,2026-03-18 09:45:03,8.0,61.06182704109336,7.3082744895435425,473.00870342681606,84.37994,0.6035952618725566
3135,C:\Users\joshy\OneDrive\Documents\Kravitz Lab\freezeData\\0318\20260318094521-b84.02-f10.png,2026-03-18 09:45:21,10.0,61.45572000533509,7.297347374629314,559.057390819824,83.905816,0.5495095973414558
3136,C:\Users\joshy\OneDrive\Documents\Kravitz Lab\freezeData\\0318\20260318094542-b84.03-f0.png,2026-03-18 09:45:42,0.0,59.56879198651469,7.307004562227895,474.49337441150396,83.892812,0.6421874133433346
3137,C:\Users\joshy\OneDrive\Documents\Kravitz Lab\freezeData\\0318\20260318094602-b84.11-f2.png,2026-03-18 09:46:02,2.0,59.83229449699738,7.312312148509245,509.806322351344,83.963024,0.6685486978255015
3138,C:\Users\joshy\OneDrive\Documents\Kravitz Lab\freezeData\\0318\20260318094640-b85.26-f6.png,2026-03-18 09:46:40,6.0,60.74738046457233,7.318318714219545,465.80247190265595,85.145364,0.6575597836867331
3139,C:\Users\joshy\OneDrive\Documents\Kravitz Lab\freezeData\\0318\20260318094620-b84.89-f4.png,2026-03-18 09:46:20,4.0,60.29940029530191,7.328587082483126,505.7130158975999,84.769288,0.6943439727923184
3140,C:\Users\joshy\OneDrive\Documents\Kravitz Lab\freezeData\\0318\20260318094659-b84.78-f8.png,2026-03-18 09:46:59,8.0,61.15670387246075,7.304135003664805,475.123894215616,84.644012,0.6025459532970356
3141,C:\Users\joshy\OneDrive\Documents\Kravitz Lab\freezeData\\0318\20260318094718-b84.09-f10.png,2026-03-18 09:47:18,10.0,61.43505884793744,7.295654151295851,521.8899849031039,84.000592,0.5522036931467325
3142,C:\Users\joshy\OneDrive\Documents\Kravitz Lab\freezeData\\0318\20260318094737-b83.92-f0.png,2026-03-18 09:47:37,0.0,59.385465323756655,7.304878714093297,456.7787700463999,83.780664,0.640497083241378
3143,C:\Users\joshy\OneDrive\Documents\Kravitz Lab\freezeData\\0318\20260318094757-b84.42-f2.png,2026-03-18 09:47:57,2.0,59.87185472332976,7.322500883821774,490.464405994944,84.302364,0.6677760443265508
3144,C:\Users\joshy\OneDrive\Documents\Kravitz Lab\freezeData\\0318\20260318094816-b85.07-f4.png,2026-03-18 09:48:16,4.0,60.277600167262264,7.32550104676823,493.779015610624,84.954108,0.6942564281153051
3145,C:\Users\joshy\OneDrive\Documents\Kravitz Lab\freezeData\\0318\20260318094834-b84.94-f6.png,2026-03-18 09:48:34,6.0,60.665395142342035,7.319375927983716,468.21064797440005,84.834748,0.6560667119200151
3146,C:\Users\joshy\OneDrive\Documents\Kravitz Lab\freezeData\\0318\20260318094853-b84.80-f8.png,2026-03-18 09:48:53,8.0,61.02965535467163,7.310012713128727,474.3220400250241,84.6723,0.6038230963426129
3147,C:\Users\joshy\OneDrive\Documents\Kravitz Lab\freezeData\\0318\20260318094913-b84.61-f10.png,2026-03-18 09:49:13,10.0,61.41455186983085,7.304034853825781,553.1153464304,84.495684,0.550651191778047
3148,C:\Users\joshy\OneDrive\Documents\Kravitz Lab\freezeData\\0318\20260318094930-b83.84-f0.png,2026-03-18 09:49:30,0.0,59.402016838443586,7.308366671897111,479.6633149824,83.714708,0.6398384027496402
3149,C:\Users\joshy\OneDrive\Documents\Kravitz Lab\freezeData\\0318\20260318094951-b84.80-f2.png,2026-03-18 09:49:51,2.0,59.99423593638628,7.327515071256321,497.787885640704,84.700096,0.6683806458813482
3150,C:\Users\joshy\OneDrive\Documents\Kravitz Lab\freezeData\\0318\20260318095010-b84.97-f4.png,2026-03-18 09:50:10,4.0,60.30288023209505,7.35079705144551,486.510183062976,84.85444,0.6933831375455883
3151,C:\Users\joshy\OneDrive\Documents\Kravitz Lab\freezeData\\0318\20260318095028-b85.39-f6.png,2026-03-18 09:50:28,6.0,60.717983611943374,7.327462899317447,478.2761317579359,85.290424,0.6552416560465616
3152,C:\Users\joshy\OneDrive\Documents\Kravitz Lab\freezeData\\0318\20260318095047-b85.05-f8.png,2026-03-18 09:50:47,8.0,61.077994933889705,7.31919255068737,471.50098435825606,84.948088,0.6019359781302493
3153,C:\Users\joshy\OneDrive\Documents\Kravitz Lab\freezeData\\0318\20260318095106-b84.10-f10.png,2026-03-18 09:51:06,10.0,61.268677662347635,7.303695974546146,526.0116976496001,84.027812,0.5529043339769842
3154,C:\Users\joshy\OneDrive\Documents\Kravitz Lab\freezeData\\0318\20260318095125-b83.95-f0.png,2026-03-18 09:51:25,0.0,59.38840120308894,7.313563292942616,468.42296942718406,83.795788,0.6393955257334378
3155,C:\Users\joshy\OneDrive\Documents\Kravitz Lab\freezeData\\0318\20260318095144-b84.76-f2.png,2026-03-18 09:51:44,2.0,59.94083943340987,7.331853922209812,497.0654890278239,84.633776,0.667466461052529
3156,C:\Users\joshy\OneDrive\Documents\Kravitz Lab\freezeData\\0318\20260318095203-b84.92-f4.png,2026-03-18 09:52:03,4.0,60.33268596507681,7.329459745953152,498.3504147987839,84.810632,0.6919986637787097
3157,C:\Users\joshy\OneDrive\Documents\Kravitz Lab\freezeData\\0318\20260318095222-b85.24-f6.png,2026-03-18 09:52:22,6.0,60.629449492071096,7.329455923489473,472.9894916156,85.10378,0.6561644703010413
3158,C:\Users\joshy\OneDrive\Documents\Kravitz Lab\freezeData\\0318\20260318095242-b84.98-f8.png,2026-03-18 09:52:42,8.0,61.112718649911294,7.319730759506702,475.04666275840003,84.888972,0.6041057714052307
3159,C:\Users\joshy\OneDrive\Documents\Kravitz Lab\freezeData\\0318\20260318095300-b84.80-f10.png,2026-03-18 09:53:00,10.0,61.401252527859725,7.317026071964752,548.940562874304,84.7249,0.5524330976412305
3160,C:\Users\joshy\OneDrive\Documents\Kravitz Lab\freezeData\\0318\20260318095319-b84.16-f0.png,2026-03-18 09:53:19,0.0,59.42200812129109,7.317713884366395,469.066110599024,84.052904,0.6398482545512212
3161,C:\Users\joshy\OneDrive\Documents\Kravitz Lab\freezeData\\0318\20260318095339-b84.55-f2.png,2026-03-18 09:53:39,2.0,59.91085034023657,7.3301212872635935,518.186907287664,84.397924,0.6663097649967387
3162,C:\Users\joshy\OneDrive\Documents\Kravitz Lab\freezeData\\0318\20260318095417-b85.43-f6.png,2026-03-18 09:54:17,6.0,60.79665696493188,7.330667165448795,455.41002259814394,85.31122,0.6543812557618474
3163,C:\Users\joshy\OneDrive\Documents\Kravitz Lab\freezeData\\0318\20260318095357-b85.23-f4.png,2026-03-18 09:53:57,4.0,60.275984112163414,7.332569544241878,490.681206798784,85.074668,0.6921066708609367
3164,C:\Users\joshy\OneDrive\Documents\Kravitz Lab\freezeData\\0318\20260318095436-b85.08-f8.png,2026-03-18 09:54:36,8.0,61.134172939623745,7.3204765537815595,488.48221839000007,84.943724,0.6010192823396461
3165,C:\Users\joshy\OneDrive\Documents\Kravitz Lab\freezeData\\0318\20260318095513-b84.08-f0.png,2026-03-18 09:55:13,0.0,59.39062767782216,7.316713886080488,469.49202740326405,83.957952,0.6382912241465595
3166,C:\Users\joshy\OneDrive\Documents\Kravitz Lab\freezeData\\0318\20260318095455-b85.13-f10.png,2026-03-18 09:54:55,10.0,61.535253378513225,7.313474283328261,546.0457339876959,85.020776,0.5535118139857095
3167,C:\Users\joshy\OneDrive\Documents\Kravitz Lab\freezeData\\0318\20260318095533-b84.91-f2.png,2026-03-18 09:55:33,2.0,60.01159106757961,7.333123484697681,522.2826907004,84.80124,0.665570492275465
3168,C:\Users\joshy\OneDrive\Documents\Kravitz Lab\freezeData\\0318\20260318095552-b85.51-f4.png,2026-03-18 09:55:52,4.0,60.36301007860691,7.341946111458998,494.871463211456,85.3775,0.6922211150094071
3169,C:\Users\joshy\OneDrive\Documents\Kravitz Lab\freezeData\\0318\20260318095610-b85.33-f6.png,2026-03-18 09:56:10,6.0,60.63575413753757,7.332061934983811,459.07426675454394,85.181064,0.6561641158963691
3170,C:\Users\joshy\OneDrive\Documents\Kravitz Lab\freezeData\\0318\20260318095649-b84.92-f10.png,2026-03-18 09:56:49,10.0,61.48344208902283,7.318130196238322,533.891997869424,84.809924,0.5559511902456424
3171,C:\Users\joshy\OneDrive\Documents\Kravitz Lab\freezeData\\0318\20260318095629-b85.20-f8.png,2026-03-18 09:56:29,8.0,61.07482558013231,7.322275725960539,481.4194674969441,85.066696,0.6034735765046204
3172,C:\Users\joshy\OneDrive\Documents\Kravitz Lab\freezeData\\0318\20260318095706-b84.16-f0.png,2026-03-18 09:57:06,0.0,59.49288483694016,7.315878634918731,476.158771230144,84.051476,0.6392438766484676
3173,C:\Users\joshy\OneDrive\Documents\Kravitz Lab\freezeData\\0318\20260318095744-b85.53-f4.png,2026-03-18 09:57:44,4.0,60.397563838307384,7.335961192100568,486.475943093696,85.402828,0.6908153725570839
3174,C:\Users\joshy\OneDrive\Documents\Kravitz Lab\freezeData\\0318\20260318095725-b85.15-f2.png,2026-03-18 09:57:25,2.0,60.07833688670031,7.3330980649311766,509.95117060760003,85.002988,0.6659870092894722
3175,C:\Users\joshy\OneDrive\Documents\Kravitz Lab\freezeData\\0318\20260318095802-b85.56-f6.png,2026-03-18 09:58:02,6.0,60.78887285353871,7.336293214875106,480.543578028784,85.448452,0.6541308364021259
3176,C:\Users\joshy\OneDrive\Documents\Kravitz Lab\freezeData\\0318\20260318095821-b85.69-f8.png,2026-03-18 09:58:21,8.0,61.20722301258125,7.328742086676906,470.9133941615999,85.587012,0.6018390508171536
3177,C:\Users\joshy\OneDrive\Documents\Kravitz Lab\freezeData\\0318\20260318095916-b85.04-f2.png,2026-03-18 09:59:16,2.0,60.079247766236755,7.331175882636524,512.662015138816,84.929944,0.6651994705703246
3178,C:\Users\joshy\OneDrive\Documents\Kravitz Lab\freezeData\\0318\20260318095839-b85.22-f10.png,2026-03-18 09:58:39,10.0,61.46253910680554,7.321233455513186,540.4242834375041,85.14038,0.5551464363257653
3179,C:\Users\joshy\OneDrive\Documents\Kravitz Lab\freezeData\\0318\20260318095858-b84.66-f0.png,2026-03-18 09:58:58,0.0,59.635260672109084,7.3171134427721825,486.29758818969594,84.52736,0.639858378011534
3180,C:\Users\joshy\OneDrive\Documents\Kravitz Lab\freezeData\\0318\20260318095934-b85.44-f4.png,2026-03-18 09:59:34,4.0,60.32686964420083,7.33880242550541,486.492123765744,85.31646,0.6908058837140149
3181,C:\Users\joshy\OneDrive\Documents\Kravitz Lab\freezeData\\0318\20260318100013-b85.61-f8.png,2026-03-18 10:00:13,8.0,61.128824503226824,7.324475883107426,447.74315836913604,85.471736,0.6025095313512953
3182,C:\Users\joshy\OneDrive\Documents\Kravitz Lab\freezeData\\0318\20260318095954-b85.58-f6.png,2026-03-18 09:59:54,6.0,60.786126733654086,7.332005777178127,473.28117267302395,85.469988,0.6544807482822792
3183,C:\Users\joshy\OneDrive\Documents\Kravitz Lab\freezeData\\0318\20260318100031-b85.38-f10.png,2026-03-18 10:00:31,10.0,61.617301357770096,7.319695543615213,505.2810589824,85.290588,0.5541216701253334
3184,C:\Users\joshy\OneDrive\Documents\Kravitz Lab\freezeData\\0318\20260318100048-b84.30-f0.png,2026-03-18 10:00:48,0.0,59.62503386238985,7.312112520777612,461.415132126976,84.166808,0.6378813395284415
3185,C:\Users\joshy\OneDrive\Documents\Kravitz Lab\freezeData\\0318\20260318100125-b85.33-f4.png,2026-03-18 10:01:25,4.0,60.44134421612756,7.335523309181048,460.87585152113604,85.165328,0.687989494504227
3186,C:\Users\joshy\OneDrive\Documents\Kravitz Lab\freezeData\\0318\20260318100107-b84.86-f2.png,2026-03-18 10:01:07,2.0,60.0171307848151,7.330618383423935,471.16403896774403,84.73672,0.6632263708543988
3187,C:\Users\joshy\OneDrive\Documents\Kravitz Lab\freezeData\\0318\20260318100143-b85.88-f6.png,2026-03-18 10:01:43,6.0,60.71732723684744,7.335892771373257,437.6171538214239,85.763828,0.6545498350160256
3188,C:\Users\joshy\OneDrive\Documents\Kravitz Lab\freezeData\\0318\20260318100201-b85.51-f8.png,2026-03-18 10:02:01,8.0,61.259766998394106,7.326157254425116,457.91380932017603,85.396408,0.5991673118813329
3189,C:\Users\joshy\OneDrive\Documents\Kravitz Lab\freezeData\\0318\20260318100219-b85.41-f10.png,2026-03-18 10:02:19,10.0,61.63483304194472,7.317084767677347,516.2327931371361,85.32946,0.5534926440292357
3190,C:\Users\joshy\OneDrive\Documents\Kravitz Lab\freezeData\\0318\20260318100237-b84.54-f0.png,2026-03-18 10:02:37,0.0,59.56462783051888,7.323700814660901,446.470607789296,84.415576,0.6372812052636369
3191,C:\Users\joshy\OneDrive\Documents\Kravitz Lab\freezeData\\0318\20260318100257-b85.04-f2.png,2026-03-18 10:02:57,2.0,59.899613522429206,7.337011239201541,483.412259055216,84.878296,0.662540151919859
3192,C:\Users\joshy\OneDrive\Documents\Kravitz Lab\freezeData\\0318\20260318100317-b85.70-f4.png,2026-03-18 10:03:17,4.0,60.31192325202054,7.341704294307076,451.614431858624,85.583628,0.6892706652753723
3193,C:\Users\joshy\OneDrive\Documents\Kravitz Lab\freezeData\\0318\20260318100334-b85.82-f6.png,2026-03-18 10:03:34,6.0,60.72311394103883,7.33743363252982,446.487736267376,85.698296,0.6537822743781178
3194,C:\Users\joshy\OneDrive\Documents\Kravitz Lab\freezeData\\0318\20260318100352-b85.92-f8.png,2026-03-18 10:03:52,8.0,61.25675551710861,7.336174121067785,484.38842122366384,85.823072,0.5967533023936588
3195,C:\Users\joshy\OneDrive\Documents\Kravitz Lab\freezeData\\0318\20260318100412-b85.27-f10.png,2026-03-18 10:04:12,10.0,61.696866577521945,7.322532299045918,498.8643879679361,85.173616,0.5539936371681248
3196,C:\Users\joshy\OneDrive\Documents\Kravitz Lab\freezeData\\0318\20260318100429-b84.71-f0.png,2026-03-18 10:04:29,0.0,59.72118749635161,7.323464470199789,459.3999489584639,84.598204,0.6372205307142194
3197,C:\Users\joshy\OneDrive\Documents\Kravitz Lab\freezeData\\0318\20260318100448-b85.15-f2.png,2026-03-18 10:04:48,2.0,59.977568077139786,7.344179175608846,491.00766229958396,85.027992,0.6612374066350409
3198,C:\Users\joshy\OneDrive\Documents\Kravitz Lab\freezeData\\0318\20260318100507-b85.84-f4.png,2026-03-18 10:05:07,4.0,60.348349268477456,7.344902435186017,459.756035765744,85.727184,0.6885193424148629
3199,C:\Users\joshy\OneDrive\Documents\Kravitz Lab\freezeData\\0318\20260318100525-b85.79-f6.png,2026-03-18 10:05:25,6.0,60.70479718209242,7.3406669331836545,459.697280111216,85.654968,0.6514394236380201
3200,C:\Users\joshy\OneDrive\Documents\Kravitz Lab\freezeData\\0318\20260318100544-b85.57-f8.png,2026-03-18 10:05:44,8.0,61.284652852931984,7.32764649008758,453.14669115494405,85.474296,0.6011433084781324
3201,C:\Users\joshy\OneDrive\Documents\Kravitz Lab\freezeData\\0318\20260318100603-b85.49-f10.png,2026-03-18 10:06:03,10.0,61.72074891295782,7.32160932575031,513.750260405184,85.408296,0.5538313236155059
3202,C:\Users\joshy\OneDrive\Documents\Kravitz Lab\freezeData\\0318\20260318100621-b84.52-f0.png,2026-03-18 10:06:21,0.0,59.71697922755518,7.322584833881875,442.180946691584,84.403088,0.6355863880019181
3203,C:\Users\joshy\OneDrive\Documents\Kravitz Lab\freezeData\\0318\20260318100641-b85.62-f2.png,2026-03-18 10:06:41,2.0,60.24972905968212,7.341545136562118,476.0644100956,85.461164,0.6622577865891769
3204,C:\Users\joshy\OneDrive\Documents\Kravitz Lab\freezeData\\0318\20260318100659-b85.95-f4.png,2026-03-18 10:06:59,4.0,60.424578509989,7.366438554534028,469.960471658944,85.830224,0.6887803971188902
3205,C:\Users\joshy\OneDrive\Documents\Kravitz Lab\freezeData\\0318\20260318100718-b85.69-f6.png,2026-03-18 10:07:18,6.0,60.79086770363206,7.340272474141274,432.418872359536,85.569252,0.6531982648605218
3206,C:\Users\joshy\OneDrive\Documents\Kravitz Lab\freezeData\\0318\20260318100738-b85.82-f8.png,2026-03-18 10:07:38,8.0,61.342276251579186,7.336004539367543,475.99517569393606,85.707712,0.5963916518556074
3207,C:\Users\joshy\OneDrive\Documents\Kravitz Lab\freezeData\\0318\20260318100756-b85.24-f10.png,2026-03-18 10:07:56,10.0,61.61622145258776,7.322696872601414,535.6574465617759,85.146608,0.5513959810873947
3208,C:\Users\joshy\OneDrive\Documents\Kravitz Lab\freezeData\\0318\20260318100814-b84.77-f0.png,2026-03-18 10:08:14,0.0,59.81489834770451,7.324373246360965,445.822716251904,84.649076,0.6351304938374447
3209,C:\Users\joshy\OneDrive\Documents\Kravitz Lab\freezeData\\0318\20260318100834-b85.26-f2.png,2026-03-18 10:08:34,2.0,60.229608253354066,7.340735672851844,494.32623137273606,85.146252,0.6586282235874104
3210,C:\Users\joshy\OneDrive\Documents\Kravitz Lab\freezeData\\0318\20260318100852-b85.74-f4.png,2026-03-18 10:08:52,4.0,60.48252555039229,7.369057195980224,486.35912378097595,85.616512,0.685472634253783
3211,C:\Users\joshy\OneDrive\Documents\Kravitz Lab\freezeData\\0318\20260318100911-b86.09-f6.png,2026-03-18 10:09:11,6.0,60.87765424113528,7.364309337709447,428.77235254039994,85.966028,0.6523698174357405
3212,C:\Users\joshy\OneDrive\Documents\Kravitz Lab\freezeData\\0318\20260318100930-b85.92-f8.png,2026-03-18 10:09:30,8.0,61.284302750896984,7.33137320567435,467.696232521456,85.79942,0.6000434912426227
3213,C:\Users\joshy\OneDrive\Documents\Kravitz Lab\freezeData\\0318\20260318100949-b84.79-f10.png,2026-03-18 10:09:49,10.0,61.39750592859628,7.319157251159768,542.2969486144,84.708772,0.5518669188377957
3214,C:\Users\joshy\OneDrive\Documents\Kravitz Lab\freezeData\\0318\20260318101006-b84.83-f0.png,2026-03-18 10:10:06,0.0,59.73808694728468,7.326253860117388,451.89582093049603,84.701216,0.6340332556220104
3215,C:\Users\joshy\OneDrive\Documents\Kravitz Lab\freezeData\\0318\20260318101025-b85.30-f2.png,2026-03-18 10:10:25,2.0,60.20302461122883,7.3361156729086066,483.404310617024,85.135424,0.6581776144374158
3216,C:\Users\joshy\OneDrive\Documents\Kravitz Lab\freezeData\\0318\20260318101043-b86.04-f4.png,2026-03-18 10:10:43,4.0,60.461719093786805,7.3456141059767965,466.54936376574403,85.903004,0.6857147317207134
3217,C:\Users\joshy\OneDrive\Documents\Kravitz Lab\freezeData\\0318\20260318101102-b85.99-f6.png,2026-03-18 10:11:02,6.0,60.75939119312832,7.341179184590995,433.77592272838405,85.85398,0.6519868449118087
3218,C:\Users\joshy\OneDrive\Documents\Kravitz Lab\freezeData\\0318\20260318101119-b85.35-f8.png,2026-03-18 10:11:19,8.0,61.10302969673684,7.328008836508273,426.14394369393597,85.207764,0.6010115770278034
3219,C:\Users\joshy\OneDrive\Documents\Kravitz Lab\freezeData\\0318\20260318101138-b84.68-f10.png,2026-03-18 10:11:38,10.0,61.42928598306654,7.314371036703044,511.645279623536,84.583568,0.5524166558207269
3220,C:\Users\joshy\OneDrive\Documents\Kravitz Lab\freezeData\\0318\20260318101156-b84.96-f0.png,2026-03-18 10:11:56,0.0,59.80375686159444,7.321296654874709,440.94100350559995,84.791536,0.6338687469248165
3221,C:\Users\joshy\OneDrive\Documents\Kravitz Lab\freezeData\\0318\20260318101214-b85.72-f2.png,2026-03-18 10:12:14,2.0,60.30498483078824,7.345951018678892,456.945885465536,85.59172,0.6588645796318401
3222,C:\Users\joshy\OneDrive\Documents\Kravitz Lab\freezeData\\0318\20260318101232-b85.80-f4.png,2026-03-18 10:12:32,4.0,60.5100198518098,7.345630299948107,460.533667672816,85.641172,0.6845947361046599
3223,C:\Users\joshy\OneDrive\Documents\Kravitz Lab\freezeData\\0318\20260318101251-b85.74-f6.png,2026-03-18 10:12:51,6.0,60.96628823480609,7.337631335338332,433.6254445552639,85.595388,0.6508251180841975
3224,C:\Users\joshy\OneDrive\Documents\Kravitz Lab\freezeData\\0318\20260318101310-b85.08-f8.png,2026-03-18 10:13:10,8.0,61.29760940264591,7.320660422131429,430.71990844,84.919716,0.6019028790815559
3225,C:\Users\joshy\OneDrive\Documents\Kravitz Lab\freezeData\\0318\20260318101330-b85.09-f10.png,2026-03-18 10:13:30,10.0,61.61502880330986,7.308590715263563,505.24372873158393,84.990536,0.5544342129627675
3226,C:\Users\joshy\OneDrive\Documents\Kravitz Lab\freezeData\\0318\20260318101348-b84.99-f0.png,2026-03-18 10:13:48,0.0,59.95622910209027,7.321186697665379,442.658108095424,84.868608,0.6340630958037501
3227,C:\Users\joshy\OneDrive\Documents\Kravitz Lab\freezeData\\0318\20260318101407-b84.97-f2.png,2026-03-18 10:14:07,2.0,60.048286901065744,7.3383838836695725,468.947638482176,84.805536,0.6556365728113849
3228,C:\Users\joshy\OneDrive\Documents\Kravitz Lab\freezeData\\0318\20260318101427-b85.90-f4.png,2026-03-18 10:14:27,4.0,60.765012568865124,7.336911724866427,448.76708390513596,85.746608,0.68263306998376
3229,C:\Users\joshy\OneDrive\Documents\Kravitz Lab\freezeData\\0318\20260318101446-b85.37-f6.png,2026-03-18 10:14:46,6.0,60.76175402892514,7.333925671157843,435.9964595056,85.23778,0.6536630856169537
3230,C:\Users\joshy\OneDrive\Documents\Kravitz Lab\freezeData\\0318\20260318101504-b85.11-f8.png,2026-03-18 10:15:04,8.0,61.42501837720406,7.339791747911195,440.319829708736,84.984988,0.6034078349341393
3231,C:\Users\joshy\OneDrive\Documents\Kravitz Lab\freezeData\\0318\20260318101523-b84.22-f10.png,2026-03-18 10:15:23,10.0,61.4990798714252,7.295219358805558,482.43083480160004,84.126992,0.556525402227892
3232,C:\Users\joshy\OneDrive\Documents\Kravitz Lab\freezeData\\0318\20260318101542-b84.22-f0.png,2026-03-18 10:15:42,0.0,59.668610087255225,7.318190549160205,442.694608570096,84.083152,0.6321031504106899
3233,C:\Users\joshy\OneDrive\Documents\Kravitz Lab\freezeData\\0318\20260318101601-b84.85-f2.png,2026-03-18 10:16:01,2.0,60.26992764675544,7.354879746693833,463.65828314622394,84.710308,0.6557790653808198
3234,C:\Users\joshy\OneDrive\Documents\Kravitz Lab\freezeData\\0318\20260318101620-b85.78-f4.png,2026-03-18 10:16:20,4.0,60.75050308126365,7.331342404978741,456.586379843184,85.616376,0.6825846763277128
3235,C:\Users\joshy\OneDrive\Documents\Kravitz Lab\freezeData\\0318\20260318101638-b85.35-f6.png,2026-03-18 10:16:38,6.0,60.94966934317082,7.330985508458817,447.0885636736,85.220488,0.6518122369344814
3236,C:\Users\joshy\OneDrive\Documents\Kravitz Lab\freezeData\\0318\20260318101656-b84.90-f8.png,2026-03-18 10:16:56,8.0,61.32925532735985,7.311618443166661,454.179980385536,84.767748,0.6018832944172109
3237,C:\Users\joshy\OneDrive\Documents\Kravitz Lab\freezeData\\0318\20260318101716-b84.60-f10.png,2026-03-18 10:17:16,10.0,61.436794908070006,7.297470793612863,488.947558819824,84.491088,0.5548005177439546
3238,C:\Users\joshy\OneDrive\Documents\Kravitz Lab\freezeData\\0318\20260318101734-b84.11-f0.png,2026-03-18 10:17:34,0.0,59.62366984067975,7.3134271664322945,432.475375983984,83.963796,0.6309154028210536
3239,C:\Users\joshy\OneDrive\Documents\Kravitz Lab\freezeData\\0318\20260318101752-b84.84-f2.png,2026-03-18 10:17:52,2.0,60.16579521337352,7.33009154349794,463.19984693497594,84.66632,0.6560242821131439
3240,C:\Users\joshy\OneDrive\Documents\Kravitz Lab\freezeData\\0318\20260318101812-b85.70-f4.png,2026-03-18 10:18:12,4.0,60.742147900666275,7.334269732741645,458.536991410176,85.536172,0.6814049818990304
3241,C:\Users\joshy\OneDrive\Documents\Kravitz Lab\freezeData\\0318\20260318101829-b85.57-f6.png,2026-03-18 10:18:29,6.0,61.08110007316882,7.330047665450638,458.48245691646395,85.440756,0.6507193915114124
3242,C:\Users\joshy\OneDrive\Documents\Kravitz Lab\freezeData\\0318\20260318101848-b85.26-f8.png,2026-03-18 10:18:48,8.0,61.44402359816278,7.310673125880182,448.260743411696,85.152696,0.6040118509862525
3243,C:\Users\joshy\OneDrive\Documents\Kravitz Lab\freezeData\\0318\20260318101907-b84.73-f10.png,2026-03-18 10:19:07,10.0,61.66677512067723,7.294078642638864,487.7081073344,84.629268,0.5562607574387317
3244,C:\Users\joshy\OneDrive\Documents\Kravitz Lab\freezeData\\0318\20260318101925-b84.62-f0.png,2026-03-18 10:19:25,0.0,59.95610165236816,7.315200766784547,452.12691297239996,84.508164,0.6317599665288255
3245,C:\Users\joshy\OneDrive\Documents\Kravitz Lab\freezeData\\0318\20260318101945-b85.10-f2.png,2026-03-18 10:19:45,2.0,60.334789755085616,7.329351808432098,479.743729937904,84.971204,0.6559793082453943
3246,C:\Users\joshy\OneDrive\Documents\Kravitz Lab\freezeData\\0318\20260318102004-b85.58-f4.png,2026-03-18 10:20:04,4.0,60.47591115572864,7.340381542777853,467.58047551000004,85.424304,0.682978505287214
3247,C:\Users\joshy\OneDrive\Documents\Kravitz Lab\freezeData\\0318\20260318102022-b85.19-f6.png,2026-03-18 10:20:22,6.0,60.7235800056612,7.327592610164165,455.720444251904,85.043992,0.6529021933568161
3248,C:\Users\joshy\OneDrive\Documents\Kravitz Lab\freezeData\\0318\20260318102042-b84.95-f8.png,2026-03-18 10:20:42,8.0,61.23146340044876,7.317404545875388,451.62332041278404,84.819252,0.60493751893434
3249,C:\Users\joshy\OneDrive\Documents\Kravitz Lab\freezeData\\0318\20260318102101-b84.67-f10.png,2026-03-18 10:21:01,10.0,61.64854011495539,7.293030177187149,481.950984558016,84.564356,0.5569383273902786
3250,C:\Users\joshy\OneDrive\Documents\Kravitz Lab\freezeData\\0318\20260318102119-b84.83-f0.png,2026-03-18 10:21:19,0.0,59.952300420724605,7.321749994399682,431.61664425190406,84.694572,0.6326164532795955
3251,C:\Users\joshy\OneDrive\Documents\Kravitz Lab\freezeData\\0318\20260318102138-b85.06-f2.png,2026-03-18 10:21:38,2.0,60.16181657342471,7.332774081986626,470.799954268144,84.89184,0.6558365984074355
3252,C:\Users\joshy\OneDrive\Documents\Kravitz Lab\freezeData\\0318\20260318102158-b85.68-f4.png,2026-03-18 10:21:58,4.0,60.59744718318343,7.3378800247968,470.96483152665604,85.540036,0.6828684771117097
3253,C:\Users\joshy\OneDrive\Documents\Kravitz Lab\freezeData\\0318\20260318102217-b85.52-f6.png,2026-03-18 10:22:17,6.0,60.96429749210586,7.330278411490763,433.713140189696,85.380504,0.6536776700237874
3254,C:\Users\joshy\OneDrive\Documents\Kravitz Lab\freezeData\\0318\20260318102236-b85.56-f8.png,2026-03-18 10:22:36,8.0,61.49017282927879,7.3162418560022395,453.71347924081607,85.452868,0.6080890809900352
3255,C:\Users\joshy\OneDrive\Documents\Kravitz Lab\freezeData\\0318\20260318102255-b84.93-f10.png,2026-03-18 10:22:55,10.0,61.59180424458709,7.302246015578411,517.091162162944,84.842908,0.5571278124341521
3256,C:\Users\joshy\OneDrive\Documents\Kravitz Lab\freezeData\\0318\20260318102314-b84.26-f0.png,2026-03-18 10:23:14,0.0,59.820679313593764,7.315260766661694,436.79143570681595,84.142276,0.6314863455697433
3257,C:\Users\joshy\OneDrive\Documents\Kravitz Lab\freezeData\\0318\20260318102333-b85.32-f2.png,2026-03-18 10:23:33,2.0,60.27605099514148,7.337068279096775,480.108758236416,85.172848,0.6573948449933614
3258,C:\Users\joshy\OneDrive\Documents\Kravitz Lab\freezeData\\0318\20260318102352-b85.51-f4.png,2026-03-18 10:23:52,4.0,60.47399111917003,7.338629013995616,479.96701165425605,85.393388,0.682430671749597
3259,C:\Users\joshy\OneDrive\Documents\Kravitz Lab\freezeData\\0318\20260318102412-b86.19-f6.png,2026-03-18 10:24:12,6.0,61.169062398665034,7.335312503118809,442.7738212311041,86.034832,0.6554804741614094
3260,C:\Users\joshy\OneDrive\Documents\Kravitz Lab\freezeData\\0318\20260318102432-b85.80-f8.png,2026-03-18 10:24:32,8.0,61.207192588656966,7.32714056917911,458.60017098233607,85.681084,0.6050319818186297
3261,C:\Users\joshy\OneDrive\Documents\Kravitz Lab\freezeData\\0318\20260318102450-b85.53-f10.png,2026-03-18 10:24:50,10.0,61.80044282188418,7.306092049689047,489.91899844926394,85.449532,0.5610617966324277
3262,C:\Users\joshy\OneDrive\Documents\Kravitz Lab\freezeData\\0318\20260318102510-b84.64-f0.png,2026-03-18 10:25:10,0.0,59.98157219818714,7.3186873494249935,441.1449609444961,84.470392,0.632341735360952
3263,C:\Users\joshy\OneDrive\Documents\Kravitz Lab\freezeData\\0318\20260318102528-b85.61-f2.png,2026-03-18 10:25:28,2.0,60.258513478747545,7.338644755512302,484.933958442496,85.46354,0.6571163657619428
3264,C:\Users\joshy\OneDrive\Documents\Kravitz Lab\freezeData\\0318\20260318102547-b85.83-f4.png,2026-03-18 10:25:47,4.0,60.40878621319862,7.344833226336288,461.6475476636,85.703008,0.683961155068609
3265,C:\Users\joshy\OneDrive\Documents\Kravitz Lab\freezeData\\0318\20260318102605-b86.30-f6.png,2026-03-18 10:26:05,6.0,61.10826804210691,7.336881836722422,454.71061611121604,86.169496,0.6575470806622461
3266,C:\Users\joshy\OneDrive\Documents\Kravitz Lab\freezeData\\0318\20260318102624-b86.35-f8.png,2026-03-18 10:26:24,8.0,61.23353590632362,7.328412298383163,450.7443787504,86.198324,0.6076839485793575
3267,C:\Users\joshy\OneDrive\Documents\Kravitz Lab\freezeData\\0318\20260318102643-b85.28-f10.png,2026-03-18 10:26:43,10.0,61.16301564038961,7.315783460019023,514.0762921269761,85.180116,0.5576778435584429
3268,C:\Users\joshy\OneDrive\Documents\Kravitz Lab\freezeData\\0318\20260318102720-b85.89-f2.png,2026-03-18 10:27:20,2.0,60.37247989032301,7.345774317035051,466.91166579774404,85.754888,0.6574163187977308
3269,C:\Users\joshy\OneDrive\Documents\Kravitz Lab\freezeData\\0318\20260318102701-b84.92-f0.png,2026-03-18 10:27:01,0.0,59.98218801791291,7.326028280606462,431.0664273344,84.776088,0.6318261566502951
3270,C:\Users\joshy\OneDrive\Documents\Kravitz Lab\freezeData\\0318\20260318102738-b86.18-f4.png,2026-03-18 10:27:38,4.0,60.671994657581514,7.34304306739888,463.32114774193604,85.99948,0.683930063710551
3271,C:\Users\joshy\OneDrive\Documents\Kravitz Lab\freezeData\\0318\20260318102758-b86.29-f6.png,2026-03-18 10:27:58,6.0,60.975138872126706,7.337019044844282,449.2759600478559,86.167808,0.6580483193530249
3272,C:\Users\joshy\OneDrive\Documents\Kravitz Lab\freezeData\\0318\20260318102835-b86.07-f10.png,2026-03-18 10:28:35,10.0,61.5035059925466,7.321210198382485,524.367337769984,85.970972,0.5578326980808497
3273,C:\Users\joshy\OneDrive\Documents\Kravitz Lab\freezeData\\0318\20260318102816-b86.11-f8.png,2026-03-18 10:28:16,8.0,61.02918212159216,7.3272573683891,453.22939316440005,85.957744,0.6068327669744548
3274,C:\Users\joshy\OneDrive\Documents\Kravitz Lab\freezeData\\0318\20260318102853-b85.40-f0.png,2026-03-18 10:28:53,0.0,59.872458406533596,7.33412109484868,454.58678115065595,85.241148,0.6326076562116024
3275,C:\Users\joshy\OneDrive\Documents\Kravitz Lab\freezeData\\0318\20260318102912-b85.74-f2.png,2026-03-18 10:29:12,2.0,60.3571829674943,7.343217589198686,470.789222106624,85.617304,0.6559411603390246
3276,C:\Users\joshy\OneDrive\Documents\Kravitz Lab\freezeData\\0318\20260318102932-b86.61-f4.png,2026-03-18 10:29:32,4.0,60.520769841266755,7.3540498092294495,479.9282077296,86.483696,0.6847240274132176
3277,C:\Users\joshy\OneDrive\Documents\Kravitz Lab\freezeData\\0318\20260318102951-b86.87-f6.png,2026-03-18 10:29:51,6.0,61.10564049287287,7.343237626640346,444.490467870976,86.712424,0.6587289046320571
3278,C:\Users\joshy\OneDrive\Documents\Kravitz Lab\freezeData\\0318\20260318103009-b86.71-f8.png,2026-03-18 10:30:09,8.0,61.05389882597507,7.339274961700376,463.3576706944,86.60426,0.6069405953301462
3279,C:\Users\joshy\OneDrive\Documents\Kravitz Lab\freezeData\\0318\20260318103028-b86.48-f10.png,2026-03-18 10:30:28,10.0,61.555213071052755,7.323694497814244,494.27440032894407,86.391964,0.5616474496144482
3280,C:\Users\joshy\OneDrive\Documents\Kravitz Lab\freezeData\\0318\20260318103048-b85.22-f0.png,2026-03-18 10:30:48,0.0,59.92417608714253,7.329843712840134,455.0924527600001,85.089556,0.6317793648520773
3281,C:\Users\joshy\OneDrive\Documents\Kravitz Lab\freezeData\\0318\20260318103105-b86.42-f2.png,2026-03-18 10:31:05,2.0,60.38010621170334,7.352412322788977,468.8468271755359,86.301632,0.6574655850367802
3282,C:\Users\joshy\OneDrive\Documents\Kravitz Lab\freezeData\\0318\20260318103124-b86.64-f4.png,2026-03-18 10:31:24,4.0,60.649763879256774,7.351019944238572,458.193411521136,86.47148,0.6829609444643359
3283,C:\Users\joshy\OneDrive\Documents\Kravitz Lab\freezeData\\0318\20260318103143-b86.68-f6.png,2026-03-18 10:31:43,6.0,60.70139747266701,7.3426782247526745,438.3646127021439,86.512036,0.658870449203927
3284,C:\Users\joshy\OneDrive\Documents\Kravitz Lab\freezeData\\0318\20260318103202-b86.58-f8.png,2026-03-18 10:32:02,8.0,61.07381814173285,7.329887311076429,453.598320444864,86.440388,0.6106797967274138
3285,C:\Users\joshy\OneDrive\Documents\Kravitz Lab\freezeData\\0318\20260318103220-b86.20-f10.png,2026-03-18 10:32:20,10.0,61.20895228529944,7.322336066382203,507.13483885617603,86.069456,0.5607994984243252
3286,C:\Users\joshy\OneDrive\Documents\Kravitz Lab\freezeData\\0318\20260318103239-b85.67-f0.png,2026-03-18 10:32:39,0.0,59.96425527221697,7.331389791107822,450.155588788736,85.54022,0.6325951429341459
3287,C:\Users\joshy\OneDrive\Documents\Kravitz Lab\freezeData\\0318\20260318103258-b86.40-f2.png,2026-03-18 10:32:58,2.0,60.34386517660545,7.345808640620362,482.9351058449761,86.271108,0.6573520226371384
3288,C:\Users\joshy\OneDrive\Documents\Kravitz Lab\freezeData\\0318\20260318103336-b86.75-f6.png,2026-03-18 10:33:36,6.0,60.57437727826511,7.341720505409011,471.65687540326405,86.62248,0.6565741006683784
3289,C:\Users\joshy\OneDrive\Documents\Kravitz Lab\freezeData\\0318\20260318103317-b87.07-f4.png,2026-03-18 10:33:17,4.0,60.73385499077772,7.350686089195699,450.6869918976,86.946428,0.684640573822452
3290,C:\Users\joshy\OneDrive\Documents\Kravitz Lab\freezeData\\0318\20260318103355-b87.23-f8.png,2026-03-18 10:33:55,8.0,61.30902833150811,7.338022148096521,455.94058367840006,87.106344,0.6121822739819843
3291,C:\Users\joshy\OneDrive\Documents\Kravitz Lab\freezeData\\0318\20260318103414-b86.67-f10.png,2026-03-18 10:34:14,10.0,61.10632745069911,7.330002132936484,490.3162602828161,86.559544,0.5599238805663675
3292,C:\Users\joshy\OneDrive\Documents\Kravitz Lab\freezeData\\0318\20260318103433-b85.96-f0.png,2026-03-18 10:34:33,0.0,59.99862525452476,7.331987376518564,448.580894259184,85.811152,0.6320692906420807
3293,C:\Users\joshy\OneDrive\Documents\Kravitz Lab\freezeData\\0318\20260318103452-b86.31-f2.png,2026-03-18 10:34:52,2.0,60.269535161439435,7.346689320875317,477.07043485937606,86.196996,0.6572069467652555
3294,C:\Users\joshy\OneDrive\Documents\Kravitz Lab\freezeData\\0318\20260318103510-b86.72-f4.png,2026-03-18 10:35:10,4.0,60.40942610081973,7.3492715252471426,467.039875553776,86.59264,0.6849272499783743
3295,C:\Users\joshy\OneDrive\Documents\Kravitz Lab\freezeData\\0318\20260318103529-b87.10-f6.png,2026-03-18 10:35:29,6.0,60.61936023778529,7.3469845725013645,472.23026500017596,86.959796,0.6569738682435367
3296,C:\Users\joshy\OneDrive\Documents\Kravitz Lab\freezeData\\0318\20260318103549-b86.78-f8.png,2026-03-18 10:35:49,8.0,60.852697531764356,7.340528951594707,456.23425675878406,86.64774,0.6116857439043826
3297,C:\Users\joshy\OneDrive\Documents\Kravitz Lab\freezeData\\0318\20260318103607-b86.65-f10.png,2026-03-18 10:36:07,10.0,60.9289791992743,7.3330778520268876,499.28255570681597,86.54688,0.5611486944411113
3298,C:\Users\joshy\OneDrive\Documents\Kravitz Lab\freezeData\\0318\20260318103625-b86.38-f0.png,2026-03-18 10:36:25,0.0,59.858617508102334,7.337735098558117,453.31121212697593,86.220948,0.6334333294048202
3299,C:\Users\joshy\OneDrive\Documents\Kravitz Lab\freezeData\\0318\20260318103646-b87.14-f2.png,2026-03-18 10:36:46,2.0,60.48862536815079,7.372928270872532,474.18505495142387,87.002252,0.658726281925279
3300,C:\Users\joshy\OneDrive\Documents\Kravitz Lab\freezeData\\0318\20260318103703-b86.60-f4.png,2026-03-18 10:37:03,4.0,60.342087054653184,7.346614177307615,457.913167630336,86.431284,0.684667341546329
3301,C:\Users\joshy\OneDrive\Documents\Kravitz Lab\freezeData\\0318\20260318103722-b87.00-f6.png,2026-03-18 10:37:22,6.0,60.545380159041564,7.346278349839481,444.189476555264,86.849556,0.6595876193124433
3302,C:\Users\joshy\OneDrive\Documents\Kravitz Lab\freezeData\\0318\20260318103741-b86.91-f8.png,2026-03-18 10:37:41,8.0,60.78417919083551,7.337394342332312,433.5968279679841,86.76158,0.6102867178670336
3303,C:\Users\joshy\OneDrive\Documents\Kravitz Lab\freezeData\\0318\20260318103759-b87.06-f10.png,2026-03-18 10:37:59,10.0,61.2923317878346,7.331065807207183,488.488903142384,86.9449,0.5645229678258223
3304,C:\Users\joshy\OneDrive\Documents\Kravitz Lab\freezeData\\0318\20260318103817-b86.70-f0.png,2026-03-18 10:38:17,0.0,60.10337984050135,7.343002037912401,433.12009489239995,86.557304,0.6336394957411081
3305,C:\Users\joshy\OneDrive\Documents\Kravitz Lab\freezeData\\0318\20260318103838-b86.99-f2.png,2026-03-18 10:38:38,2.0,60.398755396341876,7.351267672153902,486.8722620623359,86.879192,0.6566498937239788
3306,C:\Users\joshy\OneDrive\Documents\Kravitz Lab\freezeData\\0318\20260318103856-b86.94-f4.png,2026-03-18 10:38:56,4.0,60.51626762080345,7.349865051694494,482.667403553776,86.819464,0.6845945556313202
3307,C:\Users\joshy\OneDrive\Documents\Kravitz Lab\freezeData\\0318\20260318103915-b87.53-f6.png,2026-03-18 10:39:15,6.0,60.83964917480389,7.3480215552381845,442.56638477438406,87.393528,0.6606264237020505
3308,C:\Users\joshy\OneDrive\Documents\Kravitz Lab\freezeData\\0318\20260318103935-b87.80-f8.png,2026-03-18 10:39:35,8.0,61.03807385550117,7.342349389359786,462.003141954496,87.688372,0.6116582707120535
3309,C:\Users\joshy\OneDrive\Documents\Kravitz Lab\freezeData\\0318\20260318103954-b87.46-f10.png,2026-03-18 10:39:54,10.0,61.28625239542375,7.337015791091623,491.75862954840005,87.354304,0.564291076503779
3310,C:\Users\joshy\OneDrive\Documents\Kravitz Lab\freezeData\\0318\20260318104012-b86.68-f0.png,2026-03-18 10:40:12,0.0,60.02999303648135,7.340758333938758,436.10614342040003,86.5502,0.6313220794147186
3311,C:\Users\joshy\OneDrive\Documents\Kravitz Lab\freezeData\\0318\20260318104033-b87.08-f2.png,2026-03-18 10:40:33,2.0,60.301126863755236,7.348842923301978,483.87875518999994,86.930036,0.6557608617562453
3312,C:\Users\joshy\OneDrive\Documents\Kravitz Lab\freezeData\\0318\20260318104051-b87.38-f4.png,2026-03-18 10:40:51,4.0,60.54244286672958,7.351854853386817,464.1305238556,87.263028,0.6839839015401818
3313,C:\Users\joshy\OneDrive\Documents\Kravitz Lab\freezeData\\0318\20260318104109-b87.67-f6.png,2026-03-18 10:41:09,6.0,60.7818372737646,7.350195296512165,444.6658139264,87.51984,0.6585413153621054
3314,C:\Users\joshy\OneDrive\Documents\Kravitz Lab\freezeData\\0318\20260318104129-b87.98-f8.png,2026-03-18 10:41:29,8.0,61.03349223155051,7.346254872981307,444.628593578736,87.845708,0.6100637312520182
3315,C:\Users\joshy\OneDrive\Documents\Kravitz Lab\freezeData\\0318\20260318104147-b87.60-f10.png,2026-03-18 10:41:47,10.0,61.16228896239891,7.336736033221922,464.300002831216,87.485004,0.5643832098498803
3316,C:\Users\joshy\OneDrive\Documents\Kravitz Lab\freezeData\\0318\20260318104206-b87.07-f0.png,2026-03-18 10:42:06,0.0,60.11236471965161,7.360634989044051,446.7581069104641,86.940672,0.6324201973265983
3317,C:\Users\joshy\OneDrive\Documents\Kravitz Lab\freezeData\\0318\20260318104225-b87.38-f2.png,2026-03-18 10:42:25,2.0,60.34921501473715,7.357773827036842,482.76155857913596,87.263968,0.6562978354400963
3318,C:\Users\joshy\OneDrive\Documents\Kravitz Lab\freezeData\\0318\20260318104244-b87.66-f4.png,2026-03-18 10:42:44,4.0,60.50118087088007,7.353995744904998,466.49202363033595,87.541584,0.684013052354697
3319,C:\Users\joshy\OneDrive\Documents\Kravitz Lab\freezeData\\0318\20260318104302-b87.93-f6.png,2026-03-18 10:43:02,6.0,60.761863608848735,7.3499970770461704,445.295823282416,87.801892,0.662533233852952
3320,C:\Users\joshy\OneDrive\Documents\Kravitz Lab\freezeData\\0318\20260318104320-b88.17-f8.png,2026-03-18 10:43:20,8.0,60.95766276747821,7.347695686155358,450.41182981830394,88.03792,0.611494138425765
3321,C:\Users\joshy\OneDrive\Documents\Kravitz Lab\freezeData\\0318\20260318104339-b87.52-f10.png,2026-03-18 10:43:39,10.0,60.952700121767734,7.33883508211464,510.14187535640013,87.399184,0.561905546424962
3322,C:\Users\joshy\OneDrive\Documents\Kravitz Lab\freezeData\\0318\20260318104358-b86.75-f0.png,2026-03-18 10:43:58,0.0,59.908620020023825,7.340178047202834,452.02533474673606,86.60658,0.631223774455256
3323,C:\Users\joshy\OneDrive\Documents\Kravitz Lab\freezeData\\0318\20260318104417-b86.96-f2.png,2026-03-18 10:44:17,2.0,60.0598645679187,7.3491305522835795,461.82181479878403,86.815208,0.6562201038527984
3324,C:\Users\joshy\OneDrive\Documents\Kravitz Lab\freezeData\\0318\20260318104435-b87.70-f4.png,2026-03-18 10:44:35,4.0,60.22391624703581,7.356904365020471,475.94069560057596,87.547496,0.6853625173137973
3325,C:\Users\joshy\OneDrive\Documents\Kravitz Lab\freezeData\\0318\20260318104454-b88.06-f6.png,2026-03-18 10:44:54,6.0,60.69169245368015,7.353839695894094,448.921929297264,87.928648,0.658301034154945
3326,C:\Users\joshy\OneDrive\Documents\Kravitz Lab\freezeData\\0318\20260318104513-b88.12-f8.png,2026-03-18 10:45:13,8.0,60.679472924723534,7.346944472453291,436.16620025497605,87.992412,0.6133665562833952
3327,C:\Users\joshy\OneDrive\Documents\Kravitz Lab\freezeData\\0318\20260318104533-b87.74-f10.png,2026-03-18 10:45:33,10.0,60.89202922921508,7.344129235494571,503.38800497759996,87.632304,0.5615160835383
3328,C:\Users\joshy\OneDrive\Documents\Kravitz Lab\freezeData\\0318\20260318104609-b87.29-f2.png,2026-03-18 10:46:09,2.0,60.09285750267444,7.3567757319940315,496.166398598144,87.179792,0.6562443451456493
3329,C:\Users\joshy\OneDrive\Documents\Kravitz Lab\freezeData\\0318\20260318104551-b87.19-f0.png,2026-03-18 10:45:51,0.0,59.91590916838512,7.341460027013117,443.36701711462405,87.026768,0.630759960361832
3330,C:\Users\joshy\OneDrive\Documents\Kravitz Lab\freezeData\\0318\20260318104629-b87.66-f4.png,2026-03-18 10:46:29,4.0,60.361186390380496,7.359691177057871,476.67134368639995,87.549412,0.6839690635256049
3331,C:\Users\joshy\OneDrive\Documents\Kravitz Lab\freezeData\\0318\20260318104648-b88.42-f6.png,2026-03-18 10:46:48,6.0,60.51058292049403,7.356608232631348,452.14163165694396,88.296504,0.6621993389508565
3332,C:\Users\joshy\OneDrive\Documents\Kravitz Lab\freezeData\\0318\20260318104707-b88.39-f8.png,2026-03-18 10:47:07,8.0,60.92807254386109,7.348462450049706,431.06172583230403,88.2597,0.6140100884379474
3333,C:\Users\joshy\OneDrive\Documents\Kravitz Lab\freezeData\\0318\20260318104725-b88.11-f10.png,2026-03-18 10:47:25,10.0,61.04576144317913,7.347882817346692,500.409400426496,87.991408,0.5618142747356554
3334,C:\Users\joshy\OneDrive\Documents\Kravitz Lab\freezeData\\0318\20260318104745-b87.13-f0.png,2026-03-18 10:47:45,0.0,59.89527984283383,7.344856462290117,447.660221219184,86.995932,0.6304415678649822
3335,C:\Users\joshy\OneDrive\Documents\Kravitz Lab\freezeData\\0318\20260318104803-b87.80-f2.png,2026-03-18 10:48:03,2.0,60.20930345885094,7.361451064000863,501.08812316094395,87.667,0.655691216321658
3336,C:\Users\joshy\OneDrive\Documents\Kravitz Lab\freezeData\\0318\20260318104821-b88.02-f4.png,2026-03-18 10:48:21,4.0,60.18320538778572,7.364447496391105,477.30324754841604,87.88746,0.6845759040766919
3337,C:\Users\joshy\OneDrive\Documents\Kravitz Lab\freezeData\\0318\20260318104840-b87.80-f6.png,2026-03-18 10:48:40,6.0,60.6312851314869,7.350402328628469,446.393923195136,87.690156,0.6617921895495723
3338,C:\Users\joshy\OneDrive\Documents\Kravitz Lab\freezeData\\0318\20260318104858-b88.33-f8.png,2026-03-18 10:48:58,8.0,60.890786353567286,7.346014714666673,457.6441039999999,88.206168,0.6127001353410896
3339,C:\Users\joshy\OneDrive\Documents\Kravitz Lab\freezeData\\0318\20260318104918-b88.31-f10.png,2026-03-18 10:49:18,10.0,60.82660837533047,7.3497767968667365,489.4901366016,88.201776,0.5628035102797625
3340,C:\Users\joshy\OneDrive\Documents\Kravitz Lab\freezeData\\0318\20260318104936-b87.42-f0.png,2026-03-18 10:49:36,0.0,59.942221299848406,7.346872955470864,466.63671852439995,87.2942,0.6298653338603766
3341,C:\Users\joshy\OneDrive\Documents\Kravitz Lab\freezeData\\0318\20260318104955-b87.50-f2.png,2026-03-18 10:49:55,2.0,59.982384254129016,7.357569880954583,518.4369669514239,87.367504,0.6551591793285109
3342,C:\Users\joshy\OneDrive\Documents\Kravitz Lab\freezeData\\0318\20260318105013-b88.05-f4.png,2026-03-18 10:50:13,4.0,60.24760266867733,7.361018285449484,467.8179319480159,87.911928,0.6846316064104341
3343,C:\Users\joshy\OneDrive\Documents\Kravitz Lab\freezeData\\0318\20260318105032-b88.37-f6.png,2026-03-18 10:50:32,6.0,60.633710140173875,7.354709530432496,461.8528293104,88.248376,0.658765951010252
3344,C:\Users\joshy\OneDrive\Documents\Kravitz Lab\freezeData\\0318\20260318105050-b88.48-f8.png,2026-03-18 10:50:50,8.0,60.91232197989552,7.347212887076494,457.42134236000004,88.371256,0.6132247361328521
3345,C:\Users\joshy\OneDrive\Documents\Kravitz Lab\freezeData\\0318\20260318105110-b88.19-f10.png,2026-03-18 10:51:10,10.0,61.00723521421714,7.340244053515181,465.577965177456,88.073072,0.5650336143348651
3346,C:\Users\joshy\OneDrive\Documents\Kravitz Lab\freezeData\\0318\20260318105128-b87.48-f0.png,2026-03-18 10:51:28,0.0,59.90490293943374,7.344696299065879,458.41411874673605,87.330968,0.6296255357496184
3347,C:\Users\joshy\OneDrive\Documents\Kravitz Lab\freezeData\\0318\20260318105147-b87.82-f2.png,2026-03-18 10:51:47,2.0,60.08994818348254,7.358782061778656,492.88059673113605,87.652628,0.6547711930934151
3348,C:\Users\joshy\OneDrive\Documents\Kravitz Lab\freezeData\\0318\20260318105206-b88.07-f4.png,2026-03-18 10:52:06,4.0,60.20763892252065,7.361647840535449,489.70090782360006,87.945124,0.6842998528385387
3349,C:\Users\joshy\OneDrive\Documents\Kravitz Lab\freezeData\\0318\20260318105226-b88.13-f6.png,2026-03-18 10:52:26,6.0,60.46049717114261,7.349743747009965,469.233606598144,87.986516,0.6562790401326709
3350,C:\Users\joshy\OneDrive\Documents\Kravitz Lab\freezeData\\0318\20260318105244-b88.19-f8.png,2026-03-18 10:52:44,8.0,60.64210505253445,7.341394668075261,452.961610594416,88.078376,0.6110530895359977
3351,C:\Users\joshy\OneDrive\Documents\Kravitz Lab\freezeData\\0318\20260318105302-b87.90-f10.png,2026-03-18 10:53:02,10.0,60.82214926809147,7.339595406755577,510.51992457982396,87.7929,0.562004558265413
3352,C:\Users\joshy\OneDrive\Documents\Kravitz Lab\freezeData\\0318\20260318105321-b87.63-f0.png,2026-03-18 10:53:21,0.0,59.764238288457555,7.348930975530083,454.356186505664,87.488092,0.6301988039021342
3353,C:\Users\joshy\OneDrive\Documents\Kravitz Lab\freezeData\\0318\20260318105340-b87.76-f2.png,2026-03-18 10:53:40,2.0,59.953454995280325,7.359509108750053,518.534758320384,87.621664,0.6565285152493753
3354,C:\Users\joshy\OneDrive\Documents\Kravitz Lab\freezeData\\0318\20260318105358-b87.84-f4.png,2026-03-18 10:53:58,4.0,60.1791996361043,7.36271208693705,489.3289832944,87.708852,0.6841201014372205
3355,C:\Users\joshy\OneDrive\Documents\Kravitz Lab\freezeData\\0318\20260318105417-b88.72-f6.png,2026-03-18 10:54:17,6.0,60.57322685145971,7.3545240523978235,439.10039374999997,88.56004,0.6577086182430651
3356,C:\Users\joshy\OneDrive\Documents\Kravitz Lab\freezeData\\0318\20260318105435-b88.55-f8.png,2026-03-18 10:54:35,8.0,60.65149819581323,7.345618419696489,453.23684394521604,88.410208,0.6136875102264019
3357,C:\Users\joshy\OneDrive\Documents\Kravitz Lab\freezeData\\0318\20260318105453-b88.32-f10.png,2026-03-18 10:54:53,10.0,60.877596170839595,7.335029738161285,483.74981126502394,88.232724,0.5660729313003118
3358,C:\Users\joshy\OneDrive\Documents\Kravitz Lab\freezeData\\0318\20260318105513-b87.50-f0.png,2026-03-18 10:55:13,0.0,59.763996295247054,7.342146799356465,458.349775212656,87.365736,0.6299713181051396
3359,C:\Users\joshy\OneDrive\Documents\Kravitz Lab\freezeData\\0318\20260318105530-b88.00-f2.png,2026-03-18 10:55:30,2.0,60.06524079597451,7.356590257139709,522.9649107811839,87.88904,0.6548977405496234
3360,C:\Users\joshy\OneDrive\Documents\Kravitz Lab\freezeData\\0318\20260318105549-b88.12-f4.png,2026-03-18 10:55:49,4.0,60.15414339861473,7.363576142556219,490.54369899198394,87.990836,0.6844313951270572
3361,C:\Users\joshy\OneDrive\Documents\Kravitz Lab\freezeData\\0318\20260318105607-b88.32-f6.png,2026-03-18 10:56:07,6.0,60.33878038076394,7.34996667093213,460.082906472304,88.195044,0.6564377894221499
3362,C:\Users\joshy\OneDrive\Documents\Kravitz Lab\freezeData\\0318\20260318105625-b88.67-f8.png,2026-03-18 10:56:25,8.0,60.69918679932587,7.340603734525233,454.33072178417603,88.562112,0.6140697385001366
3363,C:\Users\joshy\OneDrive\Documents\Kravitz Lab\freezeData\\0318\20260318105643-b88.19-f10.png,2026-03-18 10:56:43,10.0,60.7096245848645,7.339918042556296,498.91961736422394,88.074396,0.5620850778465488
3364,C:\Users\joshy\OneDrive\Documents\Kravitz Lab\freezeData\\0318\20260318105703-b87.50-f0.png,2026-03-18 10:57:03,0.0,59.78548650380478,7.344071573088763,460.685977027824,87.381124,0.6297771708520195
3365,C:\Users\joshy\OneDrive\Documents\Kravitz Lab\freezeData\\0318\20260318105721-b87.55-f2.png,2026-03-18 10:57:21,2.0,59.956713341766964,7.358087478315437,506.39341816126404,87.407928,0.6536619389146009
3366,C:\Users\joshy\OneDrive\Documents\Kravitz Lab\freezeData\\0318\20260318105739-b88.23-f4.png,2026-03-18 10:57:39,4.0,60.105880205609964,7.361944906691177,487.64915126726396,88.091808,0.6834437575446878
3367,C:\Users\joshy\OneDrive\Documents\Kravitz Lab\freezeData\\0318\20260318105759-b88.61-f6.png,2026-03-18 10:57:59,6.0,60.50574578784412,7.350539402075371,464.592193844976,88.476028,0.6564347079868009
3368,C:\Users\joshy\OneDrive\Documents\Kravitz Lab\freezeData\\0318\20260318105817-b88.65-f8.png,2026-03-18 10:58:17,8.0,60.63353878886173,7.346604175482154,436.167557060096,88.51086,0.6106783169923818
3369,C:\Users\joshy\OneDrive\Documents\Kravitz Lab\freezeData\\0318\20260318105836-b88.06-f10.png,2026-03-18 10:58:36,10.0,60.84684380384784,7.338366994480304,505.177776470464,87.952512,0.5624258556074466
3370,C:\Users\joshy\OneDrive\Documents\Kravitz Lab\freezeData\\0318\20260318105856-b87.39-f0.png,2026-03-18 10:58:56,0.0,59.70448632057916,7.3435436350568395,479.905248731584,87.217424,0.630385022373839
3371,C:\Users\joshy\OneDrive\Documents\Kravitz Lab\freezeData\\0318\20260318105915-b87.75-f2.png,2026-03-18 10:59:15,2.0,60.011781491894546,7.353576380214191,511.874938117616,87.611652,0.6554819794585424
3372,C:\Users\joshy\OneDrive\Documents\Kravitz Lab\freezeData\\0318\20260318105934-b88.05-f4.png,2026-03-18 10:59:34,4.0,60.22387544645515,7.355647528450587,491.04414281625606,87.917816,0.6815440082677795
3373,C:\Users\joshy\OneDrive\Documents\Kravitz Lab\freezeData\\0318\20260318105954-b88.68-f6.png,2026-03-18 10:59:54,6.0,60.460379052331454,7.351230236396633,469.943777937904,88.54522,0.6548165501866048
3374,C:\Users\joshy\OneDrive\Documents\Kravitz Lab\freezeData\\0318\20260318110013-b88.49-f8.png,2026-03-18 11:00:13,8.0,60.7192209513553,7.3447202450856555,430.17567316439994,88.348636,0.611261599450502
3375,C:\Users\joshy\OneDrive\Documents\Kravitz Lab\freezeData\\0318\20260318110031-b88.15-f10.png,2026-03-18 11:00:31,10.0,60.74874401604023,7.33527475250041,459.20735696689604,88.020796,0.5649318326610719
3376,C:\Users\joshy\OneDrive\Documents\Kravitz Lab\freezeData\\0318\20260318110050-b87.51-f0.png,2026-03-18 11:00:50,0.0,59.745018728856586,7.341970973008897,454.90115519513597,87.393976,0.6303680834586964
3377,C:\Users\joshy\OneDrive\Documents\Kravitz Lab\freezeData\\0318\20260318110110-b87.64-f2.png,2026-03-18 11:01:10,2.0,59.87213981874094,7.35408507325695,479.300814236416,87.493556,0.6559940613128658
3378,C:\Users\joshy\OneDrive\Documents\Kravitz Lab\freezeData\\0318\20260318110127-b88.14-f4.png,2026-03-18 11:01:27,4.0,60.1464510247152,7.355991771558992,449.4154348593761,87.994244,0.6829585481840147
3379,C:\Users\joshy\OneDrive\Documents\Kravitz Lab\freezeData\\0318\20260318110146-b88.59-f6.png,2026-03-18 11:01:46,6.0,60.39657706784701,7.348248008032777,435.089170492016,88.450296,0.6572469130642541
3380,C:\Users\joshy\OneDrive\Documents\Kravitz Lab\freezeData\\0318\20260318110206-b88.99-f8.png,2026-03-18 11:02:06,8.0,60.57007363416875,7.348830288424063,459.68261681560006,88.842876,0.6082555123229314
3381,C:\Users\joshy\OneDrive\Documents\Kravitz Lab\freezeData\\0318\20260318110224-b88.46-f10.png,2026-03-18 11:02:24,10.0,60.71768491674681,7.338146164769997,480.39372077465606,88.327784,0.5631474702047652
3382,C:\Users\joshy\OneDrive\Documents\Kravitz Lab\freezeData\\0318\20260318110243-b87.54-f0.png,2026-03-18 11:02:43,0.0,59.62284309766101,7.346429834878013,450.77387465465597,87.406764,0.6318188705714242
3383,C:\Users\joshy\OneDrive\Documents\Kravitz Lab\freezeData\\0318\20260318110302-b88.07-f2.png,2026-03-18 11:03:02,2.0,59.967591001851794,7.3541177095239885,514.162169773936,87.932432,0.6548432867049055
3384,C:\Users\joshy\OneDrive\Documents\Kravitz Lab\freezeData\\0318\20260318110320-b88.29-f4.png,2026-03-18 11:03:20,4.0,60.131610564932785,7.3600168166956985,472.365987175536,88.139208,0.682403985152105
3385,C:\Users\joshy\OneDrive\Documents\Kravitz Lab\freezeData\\0318\20260318110338-b88.61-f6.png,2026-03-18 11:03:38,6.0,60.341136751344024,7.34745330596706,443.38382893049607,88.46666,0.6590171190672159
3386,C:\Users\joshy\OneDrive\Documents\Kravitz Lab\freezeData\\0318\20260318110358-b88.94-f8.png,2026-03-18 11:03:58,8.0,60.53763824421551,7.34528962846153,467.29955089350403,88.814636,0.606233283830151
3387,C:\Users\joshy\OneDrive\Documents\Kravitz Lab\freezeData\\0318\20260318110416-b88.39-f10.png,2026-03-18 11:04:16,10.0,60.62566152726338,7.337730837948025,485.982072470464,88.279264,0.5604029949749001
3388,C:\Users\joshy\OneDrive\Documents\Kravitz Lab\freezeData\\0318\20260318110435-b87.55-f0.png,2026-03-18 11:04:35,0.0,59.6775732601786,7.346708332520714,466.7329206875999,87.402996,0.6303356432422351
3389,C:\Users\joshy\OneDrive\Documents\Kravitz Lab\freezeData\\0318\20260318110454-b87.97-f2.png,2026-03-18 11:04:54,2.0,59.88285294460898,7.357277595574358,518.2725266544,87.817344,0.6542547920186368
3390,C:\Users\joshy\OneDrive\Documents\Kravitz Lab\freezeData\\0318\20260318110513-b88.38-f4.png,2026-03-18 11:05:13,4.0,60.13171825621151,7.356187403320158,459.88142946553603,88.23334,0.6824966769794332
3391,C:\Users\joshy\OneDrive\Documents\Kravitz Lab\freezeData\\0318\20260318110532-b88.98-f6.png,2026-03-18 11:05:32,6.0,60.33965035984547,7.349457554830296,445.1004769304961,88.82754,0.659907946815703
3392,C:\Users\joshy\OneDrive\Documents\Kravitz Lab\freezeData\\0318\20260318110551-b89.04-f8.png,2026-03-18 11:05:51,8.0,60.42565140777932,7.345568331238857,449.82118469625607,88.884744,0.6054619611261685
3393,C:\Users\joshy\OneDrive\Documents\Kravitz Lab\freezeData\\0318\20260318110609-b88.81-f10.png,2026-03-18 11:06:09,10.0,60.75453707757142,7.3419829129852205,479.7106337299841,88.6943,0.5635611349821218
3394,C:\Users\joshy\OneDrive\Documents\Kravitz Lab\freezeData\\0318\20260318110629-b87.76-f0.png,2026-03-18 11:06:29,0.0,59.67672682915229,7.368013960768801,464.3888948923999,87.613644,0.6320665942129173
3395,C:\Users\joshy\OneDrive\Documents\Kravitz Lab\freezeData\\0318\20260318110647-b88.09-f2.png,2026-03-18 11:06:47,2.0,59.90088915667279,7.35411300410026,505.91959052134393,87.9268,0.6544698230066482
3396,C:\Users\joshy\OneDrive\Documents\Kravitz Lab\freezeData\\0318\20260318110706-b88.65-f4.png,2026-03-18 11:07:06,4.0,60.09070739465463,7.355636834519523,464.162834893296,88.5159,0.6832239737534742
3397,C:\Users\joshy\OneDrive\Documents\Kravitz Lab\freezeData\\0318\20260318110725-b89.11-f6.png,2026-03-18 11:07:25,6.0,60.17495085115719,7.352882052362145,457.90742607345595,88.962396,0.6535117368438539
3398,C:\Users\joshy\OneDrive\Documents\Kravitz Lab\freezeData\\0318\20260318110744-b89.41-f8.png,2026-03-18 11:07:44,8.0,60.529415366015755,7.341494180306603,425.34151219142404,89.277156,0.6112731608524258
3399,C:\Users\joshy\OneDrive\Documents\Kravitz Lab\freezeData\\0318\20260318110802-b89.12-f10.png,2026-03-18 11:08:02,10.0,60.55427665211909,7.3417151178389854,493.4168006883841,88.993432,0.561215678005908
3400,C:\Users\joshy\OneDrive\Documents\Kravitz Lab\freezeData\\0318\20260318110820-b87.28-f0.png,2026-03-18 11:08:20,0.0,59.48195554286883,7.333051035465355,460.6462495036,87.110276,0.6298693475805125
3401,C:\Users\joshy\OneDrive\Documents\Kravitz Lab\freezeData\\0318\20260318110839-b87.63-f2.png,2026-03-18 11:08:39,2.0,59.834880507294606,7.350128114264468,498.945427204336,87.488924,0.65330586614999
3402,C:\Users\joshy\OneDrive\Documents\Kravitz Lab\freezeData\\0318\20260318110857-b89.15-f4.png,2026-03-18 11:08:57,4.0,60.3398326328715,7.35374452521964,449.092438501824,89.002416,0.6817585682782608
3403,C:\Users\joshy\OneDrive\Documents\Kravitz Lab\freezeData\\0318\20260318110916-b89.02-f6.png,2026-03-18 11:09:16,6.0,60.21087625931461,7.34634039938263,431.60082040518404,88.880752,0.6566135584367001
3404,C:\Users\joshy\OneDrive\Documents\Kravitz Lab\freezeData\\0318\20260318110935-b90.02-f8.png,2026-03-18 11:09:35,8.0,60.70145786976046,7.347465399293634,444.53226097662406,89.872264,0.6086146609610255
3405,C:\Users\joshy\OneDrive\Documents\Kravitz Lab\freezeData\\0318\20260318110954-b88.55-f10.png,2026-03-18 11:09:54,10.0,60.690018546762694,7.352995895694215,483.55173159000003,88.44544,0.5607488286389073
3406,C:\Users\joshy\OneDrive\Documents\Kravitz Lab\freezeData\\0318\20260318111013-b88.21-f0.png,2026-03-18 11:10:13,0.0,59.693606117942785,7.345367975735872,434.739497821424,88.021648,0.6316317504343603
3407,C:\Users\joshy\OneDrive\Documents\Kravitz Lab\freezeData\\0318\20260318111033-b88.49-f2.png,2026-03-18 11:10:33,2.0,60.00756022708552,7.361108694493418,495.862074772336,88.352448,0.6548272388642746
3408,C:\Users\joshy\OneDrive\Documents\Kravitz Lab\freezeData\\0318\20260318111052-b88.65-f4.png,2026-03-18 11:10:52,4.0,60.06297756681185,7.3568843496898815,460.513978569584,88.503716,0.679852611166837
3409,C:\Users\joshy\OneDrive\Documents\Kravitz Lab\freezeData\\0318\20260318111111-b89.14-f6.png,2026-03-18 11:11:11,6.0,60.34197016060712,7.35644503398217,400.10075027865594,88.98058,0.6538387207848558
3410,C:\Users\joshy\OneDrive\Documents\Kravitz Lab\freezeData\\0318\20260318111130-b89.18-f8.png,2026-03-18 11:11:30,8.0,60.65955953806074,7.358455250107347,415.81352360959994,89.039908,0.6092291690812076
3411,C:\Users\joshy\OneDrive\Documents\Kravitz Lab\freezeData\\0318\20260318111149-b90.26-f10.png,2026-03-18 11:11:49,10.0,60.94039136525134,7.3638711575560745,462.2512340900959,90.1115,0.5606988636219115
3412,C:\Users\joshy\OneDrive\Documents\Kravitz Lab\freezeData\\0318\20260318111208-b87.75-f0.png,2026-03-18 11:12:08,0.0,59.64970720672201,7.347876718198547,454.00115817209604,87.619156,0.6299717211010265
3413,C:\Users\joshy\OneDrive\Documents\Kravitz Lab\freezeData\\0318\20260318111226-b88.01-f2.png,2026-03-18 11:12:26,2.0,59.82501340650066,7.360069729733741,490.434566798784,87.864004,0.6505933744537495
3414,C:\Users\joshy\OneDrive\Documents\Kravitz Lab\freezeData\\0318\20260318111244-b89.44-f4.png,2026-03-18 11:12:44,4.0,60.153622936025926,7.360232437725032,451.52703106297605,89.278804,0.6780652072212572
3415,C:\Users\joshy\OneDrive\Documents\Kravitz Lab\freezeData\\0318\20260318111304-b90.08-f6.png,2026-03-18 11:13:04,6.0,60.474029564305496,7.365840805277617,446.340929914864,89.951748,0.6510955675487987
3416,C:\Users\joshy\OneDrive\Documents\Kravitz Lab\freezeData\\0318\20260318111322-b90.58-f8.png,2026-03-18 11:13:22,8.0,60.7698563926756,7.365738846889633,426.502523967984,90.436172,0.607505361753505
3417,C:\Users\joshy\OneDrive\Documents\Kravitz Lab\freezeData\\0318\20260318111340-b90.79-f10.png,2026-03-18 11:13:40,10.0,60.68887328233853,7.358677866833481,469.444483911664,90.664984,0.5616572530443407
3418,C:\Users\joshy\OneDrive\Documents\Kravitz Lab\freezeData\\0318\20260318111359-b88.47-f0.png,2026-03-18 11:13:59,0.0,59.81041300797259,7.368706093294758,452.4016787811841,88.341912,0.628269865135507
3419,C:\Users\joshy\OneDrive\Documents\Kravitz Lab\freezeData\\0318\20260318111417-b88.94-f2.png,2026-03-18 11:14:17,2.0,60.02758041020477,7.363826940089031,476.40243928089603,88.76342,0.6515376479860913
3420,C:\Users\joshy\OneDrive\Documents\Kravitz Lab\freezeData\\0318\20260318111437-b89.48-f4.png,2026-03-18 11:14:37,4.0,60.13152015660127,7.3643527105767435,465.2873639281759,89.333016,0.6741636579118252
3421,C:\Users\joshy\OneDrive\Documents\Kravitz Lab\freezeData\\0318\20260318111456-b90.52-f6.png,2026-03-18 11:14:56,6.0,60.33177689985814,7.369469945246396,452.387115007984,90.364412,0.6480620319102275
3422,C:\Users\joshy\OneDrive\Documents\Kravitz Lab\freezeData\\0318\20260318111514-b90.58-f8.png,2026-03-18 11:15:14,8.0,60.75909900272057,7.378321667656949,417.9096219637759,90.41576,0.6039478069323654
3423,C:\Users\joshy\OneDrive\Documents\Kravitz Lab\freezeData\\0318\20260318111553-b88.57-f0.png,2026-03-18 11:15:53,0.0,59.79120765383901,7.353318888471542,449.552643086064,88.433252,0.6265673481207606
3424,C:\Users\joshy\OneDrive\Documents\Kravitz Lab\freezeData\\0318\20260318111533-b91.06-f10.png,2026-03-18 11:15:33,10.0,60.88904225204085,7.374166335860834,486.52518697598407,90.921072,0.5562690397460847
3425,C:\Users\joshy\OneDrive\Documents\Kravitz Lab\freezeData\\0318\20260318111610-b89.08-f2.png,2026-03-18 11:16:10,2.0,60.02864554367023,7.367416998469694,474.035571809904,88.91882,0.6487231243235095
3426,C:\Users\joshy\OneDrive\Documents\Kravitz Lab\freezeData\\0318\20260318111629-b90.02-f4.png,2026-03-18 11:16:29,4.0,60.28851291316727,7.364209940243329,463.052923873264,89.860692,0.6749900012903657
3427,C:\Users\joshy\OneDrive\Documents\Kravitz Lab\freezeData\\0318\20260318111650-b89.87-f6.png,2026-03-18 11:16:50,6.0,60.46769169113384,7.377301829117093,436.1827191682559,89.738272,0.6492620322006281
3428,C:\Users\joshy\OneDrive\Documents\Kravitz Lab\freezeData\\0318\20260318111708-b91.12-f8.png,2026-03-18 11:17:08,8.0,60.69453228736981,7.385593926438045,456.3838997745759,90.975132,0.5967932348278472
3429,C:\Users\joshy\OneDrive\Documents\Kravitz Lab\freezeData\\0318\20260318111727-b91.01-f10.png,2026-03-18 11:17:27,10.0,60.83809070308173,7.382379854000745,448.13323622705605,90.86994,0.5582353597832831
3430,C:\Users\joshy\OneDrive\Documents\Kravitz Lab\freezeData\\0318\20260318111747-b88.64-f0.png,2026-03-18 11:17:47,0.0,59.862132869832024,7.357633183364954,423.8879831239041,88.499476,0.6246958142925181
3431,C:\Users\joshy\OneDrive\Documents\Kravitz Lab\freezeData\\0318\20260318111807-b89.26-f2.png,2026-03-18 11:18:07,2.0,60.09131999818023,7.373458229554201,484.0405316447839,89.131548,0.6465231155477922
3432,C:\Users\joshy\OneDrive\Documents\Kravitz Lab\freezeData\\0318\20260318111825-b89.90-f4.png,2026-03-18 11:18:25,4.0,60.29554886886441,7.371500432927918,466.658299905136,89.743628,0.6725047214105225
3433,C:\Users\joshy\OneDrive\Documents\Kravitz Lab\freezeData\\0318\20260318111843-b90.77-f6.png,2026-03-18 11:18:43,6.0,60.33142740568488,7.368370909796505,433.5655750000001,90.620976,0.6486452146571463
3434,C:\Users\joshy\OneDrive\Documents\Kravitz Lab\freezeData\\0318\20260318111903-b91.14-f8.png,2026-03-18 11:19:03,8.0,60.75080829392097,7.385320782680047,435.82460562942396,91.012792,0.6007498615504792
3435,C:\Users\joshy\OneDrive\Documents\Kravitz Lab\freezeData\\0318\20260318111921-b91.23-f10.png,2026-03-18 11:19:21,10.0,60.862603351524946,7.38909102145486,454.268732137584,91.082712,0.5566817964914552
3436,C:\Users\joshy\OneDrive\Documents\Kravitz Lab\freezeData\\0318\20260318111940-b88.46-f0.png,2026-03-18 11:19:40,0.0,59.710088012942535,7.364187838612408,441.2407101720961,88.329784,0.6240313367213361
3437,C:\Users\joshy\OneDrive\Documents\Kravitz Lab\freezeData\\0318\20260318111958-b89.30-f2.png,2026-03-18 11:19:58,2.0,60.011377187468575,7.371419923001241,486.033075204336,89.148876,0.6464404545471009
3438,C:\Users\joshy\OneDrive\Documents\Kravitz Lab\freezeData\\0318\20260318112017-b90.05-f4.png,2026-03-18 11:20:17,4.0,60.13862680910645,7.370513906335567,449.0323112255999,89.886468,0.6718964100389992
3439,C:\Users\joshy\OneDrive\Documents\Kravitz Lab\freezeData\\0318\20260318112037-b90.87-f6.png,2026-03-18 11:20:37,6.0,60.467155589787744,7.383270985338484,441.39243891840005,90.72798,0.645745852543929
3440,C:\Users\joshy\OneDrive\Documents\Kravitz Lab\freezeData\\0318\20260318112114-b91.27-f10.png,2026-03-18 11:21:14,10.0,60.68562536981936,7.388585790126723,470.47698749694405,91.130956,0.5528855222875184
3441,C:\Users\joshy\OneDrive\Documents\Kravitz Lab\freezeData\\0318\20260318112056-b91.17-f8.png,2026-03-18 11:20:56,8.0,60.65770129823991,7.386965754890444,440.77870433817594,91.037752,0.6016062565599465
3442,C:\Users\joshy\OneDrive\Documents\Kravitz Lab\freezeData\\0318\20260318112133-b88.51-f0.png,2026-03-18 11:21:33,0.0,59.719521396972496,7.358914823341829,435.9431535036,88.371112,0.6218966436091007
3443,C:\Users\joshy\OneDrive\Documents\Kravitz Lab\freezeData\\0318\20260318112153-b89.45-f2.png,2026-03-18 11:21:53,2.0,59.989531996888786,7.3699939140863515,479.73222375398404,89.295484,0.6452167364427427
3444,C:\Users\joshy\OneDrive\Documents\Kravitz Lab\freezeData\\0318\20260318112210-b90.35-f4.png,2026-03-18 11:22:10,4.0,60.14932530687951,7.366514071141861,456.164682736624,90.200572,0.6716632712167669
3445,C:\Users\joshy\OneDrive\Documents\Kravitz Lab\freezeData\\0318\20260318112229-b90.67-f6.png,2026-03-18 11:22:29,6.0,60.505607903192704,7.38523153326017,452.114884495616,90.539348,0.64703474442702
3446,C:\Users\joshy\OneDrive\Documents\Kravitz Lab\freezeData\\0318\20260318112248-b91.22-f8.png,2026-03-18 11:22:48,8.0,60.669711773226545,7.388463413823837,440.57755616640003,91.089204,0.6006116254194972
3447,C:\Users\joshy\OneDrive\Documents\Kravitz Lab\freezeData\\0318\20260318112306-b91.32-f10.png,2026-03-18 11:23:06,10.0,60.68313129471563,7.39112419223728,527.776404227056,91.208548,0.5513596695930857
3448,C:\Users\joshy\OneDrive\Documents\Kravitz Lab\freezeData\\0318\20260318112324-b88.63-f0.png,2026-03-18 11:23:24,0.0,59.77358545934965,7.358613694777314,435.60304845054407,88.479768,0.6234853873414202
3449,C:\Users\joshy\OneDrive\Documents\Kravitz Lab\freezeData\\0318\20260318112344-b89.35-f2.png,2026-03-18 11:23:44,2.0,60.02774215090033,7.373614142904465,473.672838635776,89.198968,0.6464138765287789
3450,C:\Users\joshy\OneDrive\Documents\Kravitz Lab\freezeData\\0318\20260318112402-b90.17-f4.png,2026-03-18 11:24:02,4.0,60.232253978158106,7.368894874661304,466.706670341056,90.027216,0.6703711148860518
3451,C:\Users\joshy\OneDrive\Documents\Kravitz Lab\freezeData\\0318\20260318112421-b90.79-f6.png,2026-03-18 11:24:21,6.0,60.53831153450106,7.379753846547013,433.62648147825604,90.643236,0.6452110637421118
3452,C:\Users\joshy\OneDrive\Documents\Kravitz Lab\freezeData\\0318\20260318112441-b91.34-f8.png,2026-03-18 11:24:41,8.0,60.722320272581946,7.387969468232568,428.69585149694404,91.189728,0.5978789418811474
3453,C:\Users\joshy\OneDrive\Documents\Kravitz Lab\freezeData\\0318\20260318112500-b91.26-f10.png,2026-03-18 11:25:00,10.0,60.878877896022225,7.386647889247114,487.39495384960003,91.136096,0.5546970885143796
3454,C:\Users\joshy\OneDrive\Documents\Kravitz Lab\freezeData\\0318\20260318112518-b88.55-f0.png,2026-03-18 11:25:18,0.0,59.76622653724306,7.354086250354667,432.2818618332159,88.408712,0.6244438968014648
3455,C:\Users\joshy\OneDrive\Documents\Kravitz Lab\freezeData\\0318\20260318112536-b89.32-f2.png,2026-03-18 11:25:36,2.0,60.05957100228526,7.367479894038143,468.981590106624,89.180884,0.6461239637600135
3456,C:\Users\joshy\OneDrive\Documents\Kravitz Lab\freezeData\\0318\20260318112555-b90.18-f4.png,2026-03-18 11:25:55,4.0,60.286488902621755,7.372010623612175,468.413050492016,90.028492,0.6703794393849795
3457,C:\Users\joshy\OneDrive\Documents\Kravitz Lab\freezeData\\0318\20260318112614-b90.96-f6.png,2026-03-18 11:26:14,6.0,60.4024946963981,7.375806329736892,435.3136952476,90.82754,0.6438471613210076
3458,C:\Users\joshy\OneDrive\Documents\Kravitz Lab\freezeData\\0318\20260318112633-b91.13-f8.png,2026-03-18 11:26:33,8.0,60.777949354943395,7.38757344315995,437.28343811526395,91.000456,0.6007890485035192
3459,C:\Users\joshy\OneDrive\Documents\Kravitz Lab\freezeData\\0318\20260318112651-b91.28-f10.png,2026-03-18 11:26:51,10.0,60.924804939807565,7.391760664480805,472.91170754353595,91.14408,0.5540926465631549
3460,C:\Users\joshy\OneDrive\Documents\Kravitz Lab\freezeData\\0318\20260318112711-b88.58-f0.png,2026-03-18 11:27:11,0.0,59.77957939927299,7.353330470881243,406.02174933657597,88.425496,0.6239214538478866
3461,C:\Users\joshy\OneDrive\Documents\Kravitz Lab\freezeData\\0318\20260318112729-b89.43-f2.png,2026-03-18 11:27:29,2.0,60.106183340298166,7.363912547051796,471.08685847230396,89.293592,0.6446690342642766
3462,C:\Users\joshy\OneDrive\Documents\Kravitz Lab\freezeData\\0318\20260318112748-b90.15-f4.png,2026-03-18 11:27:48,4.0,60.283658564807894,7.368914619094397,459.781335212656,89.982392,0.6682626590078999
3463,C:\Users\joshy\OneDrive\Documents\Kravitz Lab\freezeData\\0318\20260318112807-b90.69-f6.png,2026-03-18 11:28:07,6.0,60.51590610880732,7.376126412182712,441.1010581242239,90.552496,0.642612742404905
3464,C:\Users\joshy\OneDrive\Documents\Kravitz Lab\freezeData\\0318\20260318112825-b90.99-f8.png,2026-03-18 11:28:25,8.0,60.76930636872743,7.3859040124352076,444.224594488944,90.843912,0.5992053636472142
3465,C:\Users\joshy\OneDrive\Documents\Kravitz Lab\freezeData\\0318\20260318112843-b91.02-f10.png,2026-03-18 11:28:43,10.0,60.86579969305048,7.384389544690458,496.2188970304,90.891116,0.5536225868808561
3466,C:\Users\joshy\OneDrive\Documents\Kravitz Lab\freezeData\\0318\20260318112903-b88.29-f0.png,2026-03-18 11:29:03,0.0,59.87964643122122,7.3478238417769965,437.135548405184,88.147456,0.6238920601945106
3467,C:\Users\joshy\OneDrive\Documents\Kravitz Lab\freezeData\\0318\20260318112922-b89.30-f2.png,2026-03-18 11:29:22,2.0,60.12439332810455,7.362323917506211,460.70105849201593,89.169124,0.645145976384068
3468,C:\Users\joshy\OneDrive\Documents\Kravitz Lab\freezeData\\0318\20260318112941-b89.92-f4.png,2026-03-18 11:29:41,4.0,60.32903234827835,7.368093176155398,454.5580643899999,89.765872,0.6677905617897476
3469,C:\Users\joshy\OneDrive\Documents\Kravitz Lab\freezeData\\0318\20260318113000-b90.79-f6.png,2026-03-18 11:30:00,6.0,60.622223033221076,7.377539230070815,457.05560265465596,90.65652,0.6408360685026415
3470,C:\Users\joshy\OneDrive\Documents\Kravitz Lab\freezeData\\0318\20260318113019-b91.23-f8.png,2026-03-18 11:30:19,8.0,60.79266334311547,7.384943317906714,435.193007047936,91.098568,0.5965086239465321
3471,C:\Users\joshy\OneDrive\Documents\Kravitz Lab\freezeData\\0318\20260318113038-b91.28-f10.png,2026-03-18 11:30:38,10.0,60.87747663355622,7.387835723354707,487.5329707340641,91.159896,0.553557602579017
3472,C:\Users\joshy\OneDrive\Documents\Kravitz Lab\freezeData\\0318\20260318113058-b88.49-f0.png,2026-03-18 11:30:58,0.0,59.95914156845663,7.350327828773282,440.798601401456,88.384076,0.6236194354605235
3473,C:\Users\joshy\OneDrive\Documents\Kravitz Lab\freezeData\\0318\20260318113116-b89.30-f2.png,2026-03-18 11:31:16,2.0,60.25317815104607,7.359073859756292,448.464526709504,89.148952,0.6430191153909197
3474,C:\Users\joshy\OneDrive\Documents\Kravitz Lab\freezeData\\0318\20260318113135-b90.04-f4.png,2026-03-18 11:31:35,4.0,60.489142933518245,7.370475623801469,455.832828374784,89.87678,0.6666008473337042
3475,C:\Users\joshy\OneDrive\Documents\Kravitz Lab\freezeData\\0318\20260318113155-b90.76-f6.png,2026-03-18 11:31:55,6.0,60.64442998045523,7.378326964664195,433.153531053824,90.611608,0.6440461399752531
3476,C:\Users\joshy\OneDrive\Documents\Kravitz Lab\freezeData\\0318\20260318113214-b91.21-f8.png,2026-03-18 11:32:14,8.0,60.8098042304068,7.387527123233329,438.396773051504,91.05186,0.5947491473915537
3477,C:\Users\joshy\OneDrive\Documents\Kravitz Lab\freezeData\\0318\20260318113233-b91.37-f10.png,2026-03-18 11:32:33,10.0,60.94637396542911,7.387175875894909,476.0781524704639,91.236492,0.5547040512312454
3478,C:\Users\joshy\OneDrive\Documents\Kravitz Lab\freezeData\\0318\20260318113252-b88.47-f0.png,2026-03-18 11:32:52,0.0,59.92750284826906,7.341991549045008,429.45088765694396,88.332948,0.625008205561534
3479,C:\Users\joshy\OneDrive\Documents\Kravitz Lab\freezeData\\0318\20260318113311-b89.57-f2.png,2026-03-18 11:33:11,2.0,60.19214162219171,7.359670930224056,427.3068868679039,89.414496,0.6463740313434692
3480,C:\Users\joshy\OneDrive\Documents\Kravitz Lab\freezeData\\0318\20260318113329-b90.16-f4.png,2026-03-18 11:33:29,4.0,60.5036606102003,7.366073243271201,469.8262766730239,90.007264,0.6652908114277193
3481,C:\Users\joshy\OneDrive\Documents\Kravitz Lab\freezeData\\0318\20260318113348-b90.65-f6.png,2026-03-18 11:33:48,6.0,60.61054905636622,7.371985041279139,443.8191065431041,90.513232,0.6414095049249809
3482,C:\Users\joshy\OneDrive\Documents\Kravitz Lab\freezeData\\0318\20260318113407-b91.38-f8.png,2026-03-18 11:34:07,8.0,60.785743193874005,7.384172549728303,445.6101802716,91.24678,0.594972028303773
3483,C:\Users\joshy\OneDrive\Documents\Kravitz Lab\freezeData\\0318\20260318113445-b88.44-f0.png,2026-03-18 11:34:45,0.0,60.03029615369346,7.340913692412365,429.94316111,88.324684,0.6245080153350848
3484,C:\Users\joshy\OneDrive\Documents\Kravitz Lab\freezeData\\0318\20260318113427-b91.38-f10.png,2026-03-18 11:34:27,10.0,61.05772684377642,7.387542098464029,483.11009043039996,91.242472,0.5514349473907147
3485,C:\Users\joshy\OneDrive\Documents\Kravitz Lab\freezeData\\0318\20260318113504-b89.43-f2.png,2026-03-18 11:35:04,2.0,60.195546996022884,7.352829860730889,441.926050550384,89.29864,0.6456348739689287
3486,C:\Users\joshy\OneDrive\Documents\Kravitz Lab\freezeData\\0318\20260318113524-b90.06-f4.png,2026-03-18 11:35:24,4.0,60.496286257739946,7.362979921543285,448.5477678220639,89.906828,0.665760542519137
3487,C:\Users\joshy\OneDrive\Documents\Kravitz Lab\freezeData\\0318\20260318113543-b90.72-f6.png,2026-03-18 11:35:43,6.0,60.848669930545036,7.368885172600063,437.22642544640007,90.571328,0.6386219845437535
3488,C:\Users\joshy\OneDrive\Documents\Kravitz Lab\freezeData\\0318\20260318113601-b91.32-f8.png,2026-03-18 11:36:01,8.0,60.941694282735654,7.37986207322526,431.295247888896,91.180172,0.5970960434346394
3489,C:\Users\joshy\OneDrive\Documents\Kravitz Lab\freezeData\\0318\20260318113620-b91.61-f10.png,2026-03-18 11:36:20,10.0,60.9720368215988,7.385498515835244,478.67311207014404,91.48484,0.5544047870145808
3490,C:\Users\joshy\OneDrive\Documents\Kravitz Lab\freezeData\\0318\20260318113639-b88.61-f0.png,2026-03-18 11:36:39,0.0,60.05781365266558,7.347918961210997,427.321589123584,88.489264,0.6255057793089268
3491,C:\Users\joshy\OneDrive\Documents\Kravitz Lab\freezeData\\0318\20260318113658-b89.28-f2.png,2026-03-18 11:36:58,2.0,60.2771366863125,7.353739947769815,448.715926901696,89.14614,0.6445539020594336
3492,C:\Users\joshy\OneDrive\Documents\Kravitz Lab\freezeData\\0318\20260318113716-b90.10-f4.png,2026-03-18 11:37:16,4.0,60.65533786995555,7.366060381816538,441.20178483160004,89.943256,0.6619749958222227
3493,C:\Users\joshy\OneDrive\Documents\Kravitz Lab\freezeData\\0318\20260318113736-b90.84-f6.png,2026-03-18 11:37:36,6.0,60.74767753830212,7.370962610384806,440.735133051504,90.703592,0.6394784755541827
3494,C:\Users\joshy\OneDrive\Documents\Kravitz Lab\freezeData\\0318\20260318113754-b91.26-f8.png,2026-03-18 11:37:54,8.0,60.97111025996479,7.373766331702903,428.3993901436,91.111596,0.5974217414827935
3495,C:\Users\joshy\OneDrive\Documents\Kravitz Lab\freezeData\\0318\20260318113812-b91.70-f10.png,2026-03-18 11:38:12,10.0,61.172178816138306,7.393056820654466,463.341707682544,91.56808,0.5550453857014246
3496,C:\Users\joshy\OneDrive\Documents\Kravitz Lab\freezeData\\0318\20260318113832-b88.70-f0.png,2026-03-18 11:38:32,0.0,60.04988357929097,7.337645851836097,419.884941972224,88.56556,0.6253656074837615
3497,C:\Users\joshy\OneDrive\Documents\Kravitz Lab\freezeData\\0318\20260318113850-b89.42-f2.png,2026-03-18 11:38:50,2.0,60.65429260586921,7.358327889345548,448.45842232038393,89.29396,0.6412703447538309
3498,C:\Users\joshy\OneDrive\Documents\Kravitz Lab\freezeData\\0318\20260318113908-b90.00-f4.png,2026-03-18 11:39:08,4.0,60.63556256783493,7.355920746866005,473.7223737500001,89.865776,0.6606840029022034
3499,C:\Users\joshy\OneDrive\Documents\Kravitz Lab\freezeData\\0318\20260318113927-b91.02-f6.png,2026-03-18 11:39:27,6.0,60.71916636276173,7.370741972912494,432.726134562816,90.876792,0.6409572138375635
3500,C:\Users\joshy\OneDrive\Documents\Kravitz Lab\freezeData\\0318\20260318113945-b91.54-f8.png,2026-03-18 11:39:45,8.0,61.03158676861024,7.379121108254111,444.8219075899999,91.41416,0.5950200018591615
3501,C:\Users\joshy\OneDrive\Documents\Kravitz Lab\freezeData\\0318\20260318114005-b91.69-f10.png,2026-03-18 11:40:05,10.0,61.14921011225915,7.377988194100402,477.999056338176,91.578528,0.5526936303513666
3502,C:\Users\joshy\OneDrive\Documents\Kravitz Lab\freezeData\\0318\20260318114024-b88.72-f0.png,2026-03-18 11:40:24,0.0,60.06758495027467,7.329717124383027,407.16975720441604,88.598256,0.6263396436201198
3503,C:\Users\joshy\OneDrive\Documents\Kravitz Lab\freezeData\\0318\20260318114042-b89.74-f2.png,2026-03-18 11:40:42,2.0,60.70192604633813,7.360833686600959,430.88537895959996,89.591336,0.6433463349199192
3504,C:\Users\joshy\OneDrive\Documents\Kravitz Lab\freezeData\\0318\20260318114101-b90.13-f4.png,2026-03-18 11:41:01,4.0,60.75643504688524,7.354527168953156,435.227514316544,89.969204,0.6584636988746313
3505,C:\Users\joshy\OneDrive\Documents\Kravitz Lab\freezeData\\0318\20260318114120-b90.96-f6.png,2026-03-18 11:41:20,6.0,60.939916956609515,7.363511948626773,425.1101489244,90.813256,0.6359794212403617
3506,C:\Users\joshy\OneDrive\Documents\Kravitz Lab\freezeData\\0318\20260318114139-b91.74-f8.png,2026-03-18 11:41:39,8.0,61.297111623285346,7.382220367884425,440.293309908976,91.607864,0.5920532151900059
3507,C:\Users\joshy\OneDrive\Documents\Kravitz Lab\freezeData\\0318\20260318114158-b91.60-f10.png,2026-03-18 11:41:58,10.0,61.257462400884876,7.381612908913365,468.253303566784,91.464276,0.5517757160299431
3508,C:\Users\joshy\OneDrive\Documents\Kravitz Lab\freezeData\\0318\20260318114217-b89.04-f0.png,2026-03-18 11:42:17,0.0,60.43167981859038,7.354805102182837,389.066962772336,88.893876,0.625597302187822
3509,C:\Users\joshy\OneDrive\Documents\Kravitz Lab\freezeData\\0318\20260318114255-b90.41-f4.png,2026-03-18 11:42:55,4.0,60.960797311232604,7.366120807045929,455.017854026864,90.253896,0.6587595235270534
3510,C:\Users\joshy\OneDrive\Documents\Kravitz Lab\freezeData\\0318\20260318114235-b89.30-f2.png,2026-03-18 11:42:35,2.0,60.69576221971929,7.360611497744262,427.04714579774395,89.134464,0.6424050191845879
3511,C:\Users\joshy\OneDrive\Documents\Kravitz Lab\freezeData\\0318\20260318114314-b91.07-f6.png,2026-03-18 11:43:14,6.0,61.10058334797193,7.365518689173343,416.99102126078395,90.918744,0.6361250165417133
3512,C:\Users\joshy\OneDrive\Documents\Kravitz Lab\freezeData\\0318\20260318114332-b91.72-f8.png,2026-03-18 11:43:32,8.0,61.067811312356696,7.376245621796012,437.93070388721605,91.57572,0.5934171653324449
3513,C:\Users\joshy\OneDrive\Documents\Kravitz Lab\freezeData\\0318\20260318114410-b89.29-f0.png,2026-03-18 11:44:10,0.0,60.47313047577491,7.351265574615225,398.66379736262394,89.134352,0.6236488752932502
3514,C:\Users\joshy\OneDrive\Documents\Kravitz Lab\freezeData\\0318\20260318114351-b92.14-f10.png,2026-03-18 11:43:51,10.0,61.300533208092084,7.381031218888739,460.022756316016,91.99506,0.5523914230869947
3515,C:\Users\joshy\OneDrive\Documents\Kravitz Lab\freezeData\\0318\20260318114429-b89.94-f2.png,2026-03-18 11:44:29,2.0,60.74929254104795,7.361754153779827,427.388246884864,89.794224,0.639044451186063
3516,C:\Users\joshy\OneDrive\Documents\Kravitz Lab\freezeData\\0318\20260318114448-b90.67-f4.png,2026-03-18 11:44:48,4.0,60.687211997174494,7.3633746304639125,452.91571412422394,90.5151,0.6572916892389513
3517,C:\Users\joshy\OneDrive\Documents\Kravitz Lab\freezeData\\0318\20260318114506-b91.34-f6.png,2026-03-18 11:45:06,6.0,60.830614957340806,7.37170389825626,460.916425322944,91.204088,0.6302685984879145
3518,C:\Users\joshy\OneDrive\Documents\Kravitz Lab\freezeData\\0318\20260318114526-b92.31-f8.png,2026-03-18 11:45:26,8.0,61.36493812133688,7.378256938520598,439.108177198336,92.180636,0.5953415956657716
3519,C:\Users\joshy\OneDrive\Documents\Kravitz Lab\freezeData\\0318\20260318114544-b92.36-f10.png,2026-03-18 11:45:44,10.0,61.153924206955026,7.384192090399622,470.456279143424,92.2353,0.5517076030631557
3520,C:\Users\joshy\OneDrive\Documents\Kravitz Lab\freezeData\\0318\20260318114603-b88.73-f0.png,2026-03-18 11:46:03,0.0,60.38070521785926,7.361176141440721,410.1068382576,88.594728,0.625056832810741
3521,C:\Users\joshy\OneDrive\Documents\Kravitz Lab\freezeData\\0318\20260318114623-b90.40-f2.png,2026-03-18 11:46:23,2.0,60.98311621425865,7.367392300272042,422.00023439217597,90.242332,0.6422254491799734
3522,C:\Users\joshy\OneDrive\Documents\Kravitz Lab\freezeData\\0318\20260318114641-b90.44-f4.png,2026-03-18 11:46:41,4.0,61.01074177896204,7.363355996732911,433.977958104816,90.272396,0.6551379747121286
3523,C:\Users\joshy\OneDrive\Documents\Kravitz Lab\freezeData\\0318\20260318114700-b91.33-f6.png,2026-03-18 11:47:00,6.0,61.36129424866787,7.380312473390581,445.337522439536,91.18222,0.6291785240062682
3524,C:\Users\joshy\OneDrive\Documents\Kravitz Lab\freezeData\\0318\20260318114719-b91.75-f8.png,2026-03-18 11:47:19,8.0,61.027369402459556,7.380465450997946,418.92333812422396,91.591912,0.5929094824708239
3525,C:\Users\joshy\OneDrive\Documents\Kravitz Lab\freezeData\\0318\20260318114757-b88.51-f0.png,2026-03-18 11:47:57,0.0,60.57474220923424,7.353469691755567,396.870600716656,88.365604,0.6250898908511047
3526,C:\Users\joshy\OneDrive\Documents\Kravitz Lab\freezeData\\0318\20260318114738-b91.99-f10.png,2026-03-18 11:47:38,10.0,61.290423742513774,7.3799124181642775,475.46144988921594,91.860152,0.5512879222433776
3527,C:\Users\joshy\OneDrive\Documents\Kravitz Lab\freezeData\\0318\20260318114816-b89.22-f2.png,2026-03-18 11:48:16,2.0,60.72057915232614,7.360461692929907,423.55793058865606,89.053436,0.6427816238993491
3528,C:\Users\joshy\OneDrive\Documents\Kravitz Lab\freezeData\\0318\20260318114836-b90.10-f4.png,2026-03-18 11:48:36,4.0,61.35556395528947,7.369498780646184,455.50436224062395,89.952128,0.6556240101861266
3529,C:\Users\joshy\OneDrive\Documents\Kravitz Lab\freezeData\\0318\20260318114914-b91.70-f8.png,2026-03-18 11:49:14,8.0,61.638346164548054,7.375031796889719,424.1948444051839,91.560812,0.591281847181449
3530,C:\Users\joshy\OneDrive\Documents\Kravitz Lab\freezeData\\0318\20260318114855-b91.24-f6.png,2026-03-18 11:48:55,6.0,61.67487918754552,7.377040478536223,451.337391379904,91.097392,0.6288733967253142
3531,C:\Users\joshy\OneDrive\Documents\Kravitz Lab\freezeData\\0318\20260318114933-b91.31-f10.png,2026-03-18 11:49:33,10.0,61.206471383928154,7.37440812188985,487.59267938609594,91.172872,0.5506533954837579
3532,C:\Users\joshy\OneDrive\Documents\Kravitz Lab\freezeData\\0318\20260318114952-b88.90-f0.png,2026-03-18 11:49:52,0.0,61.09809260141021,7.361609905048476,418.026461713856,88.773248,0.6229247971991329
3533,C:\Users\joshy\OneDrive\Documents\Kravitz Lab\freezeData\\0318\20260318115012-b89.79-f2.png,2026-03-18 11:50:12,2.0,61.42999272119495,7.3686402904313795,418.5504729444961,89.655956,0.6392322232402056
3534,C:\Users\joshy\OneDrive\Documents\Kravitz Lab\freezeData\\0318\20260318115030-b89.92-f4.png,2026-03-18 11:50:30,4.0,61.71109824337674,7.367015942782071,479.000398819824,89.798452,0.6498842228699082
3535,C:\Users\joshy\OneDrive\Documents\Kravitz Lab\freezeData\\0318\20260318115048-b91.62-f6.png,2026-03-18 11:50:48,6.0,61.00536265061019,7.370392084902185,453.53952900414396,91.483756,0.6303818292013702
3536,C:\Users\joshy\OneDrive\Documents\Kravitz Lab\freezeData\\0318\20260318115107-b91.58-f8.png,2026-03-18 11:51:07,8.0,61.87900647777351,7.377642562092492,422.61000258041605,91.442892,0.5881704443085631
3537,C:\Users\joshy\OneDrive\Documents\Kravitz Lab\freezeData\\0318\20260318115144-b88.72-f0.png,2026-03-18 11:51:44,0.0,61.263950344268075,7.349919639436042,397.375650268144,88.593916,0.6214725275817194
3538,C:\Users\joshy\OneDrive\Documents\Kravitz Lab\freezeData\\0318\20260318115126-b91.58-f10.png,2026-03-18 11:51:26,10.0,61.1323947782712,7.376243993797321,493.690507265024,91.44644,0.5476627510159852
3539,C:\Users\joshy\OneDrive\Documents\Kravitz Lab\freezeData\\0318\20260318115203-b88.68-f2.png,2026-03-18 11:52:03,2.0,61.32669281927419,7.3423744900260495,434.27279603193585,88.548372,0.6329623424123282
3540,C:\Users\joshy\OneDrive\Documents\Kravitz Lab\freezeData\\0318\20260318115222-b90.27-f4.png,2026-03-18 11:52:22,4.0,61.815557167892166,7.362111737075159,479.029385198336,90.137084,0.6493038023596339
3541,C:\Users\joshy\OneDrive\Documents\Kravitz Lab\freezeData\\0318\20260318115241-b91.04-f6.png,2026-03-18 11:52:41,6.0,62.06100833038973,7.369377873040822,444.25350196377593,90.899536,0.6276404048858485
3542,C:\Users\joshy\OneDrive\Documents\Kravitz Lab\freezeData\\0318\20260318115300-b91.28-f8.png,2026-03-18 11:53:00,8.0,61.60642482781497,7.383593110420602,448.86484501401605,91.148472,0.58929682598703
3543,C:\Users\joshy\OneDrive\Documents\Kravitz Lab\freezeData\\0318\20260318115318-b90.98-f10.png,2026-03-18 11:53:18,10.0,61.987375038170605,7.360318492469395,454.70370639257595,90.861928,0.5545677402851567
3544,C:\Users\joshy\OneDrive\Documents\Kravitz Lab\freezeData\\0318\20260318115337-b88.54-f0.png,2026-03-18 11:53:37,0.0,60.65719200727643,7.342011593995655,406.15879413950404,88.40882,0.6253010202373804
3545,C:\Users\joshy\OneDrive\Documents\Kravitz Lab\freezeData\\0318\20260318115414-b89.32-f4.png,2026-03-18 11:54:14,4.0,61.42677438046846,7.339633115914162,471.0146673564,89.172468,0.6467629697174797
3546,C:\Users\joshy\OneDrive\Documents\Kravitz Lab\freezeData\\0318\20260318115356-b89.09-f2.png,2026-03-18 11:53:56,2.0,61.33017512948927,7.368143182506155,447.95752275454396,88.942776,0.6386854882596462
3547,C:\Users\joshy\OneDrive\Documents\Kravitz Lab\freezeData\\0318\20260318115433-b90.40-f6.png,2026-03-18 11:54:33,6.0,61.669650807764434,7.351991362763541,453.801405294016,90.24478,0.6245555862560573
3548,C:\Users\joshy\OneDrive\Documents\Kravitz Lab\freezeData\\0318\20260318115454-b91.27-f8.png,2026-03-18 11:54:54,8.0,61.635553773980675,7.382294938892034,469.06821022577594,91.120644,0.5817795610338458
3549,C:\Users\joshy\OneDrive\Documents\Kravitz Lab\freezeData\\0318\20260318115512-b91.51-f10.png,2026-03-18 11:55:12,10.0,61.99031667888461,7.3682873837269405,458.86398519833597,91.37254,0.552230137257215
3550,C:\Users\joshy\OneDrive\Documents\Kravitz Lab\freezeData\\0318\20260318115532-b88.45-f0.png,2026-03-18 11:55:32,0.0,61.18806122230369,7.355802904880449,420.168810626416,88.329296,0.6211267875859832
3551,C:\Users\joshy\OneDrive\Documents\Kravitz Lab\freezeData\\0318\20260318115551-b88.70-f2.png,2026-03-18 11:55:51,2.0,61.26292843019974,7.349159971589702,428.69345423641596,88.548168,0.6368890248012401
3552,C:\Users\joshy\OneDrive\Documents\Kravitz Lab\freezeData\\0318\20260318115611-b89.80-f4.png,2026-03-18 11:56:11,4.0,61.68204781609106,7.350583637088545,473.6075126883841,89.649884,0.6460059681877702
3553,C:\Users\joshy\OneDrive\Documents\Kravitz Lab\freezeData\\0318\20260318115629-b91.01-f6.png,2026-03-18 11:56:29,6.0,62.02842414684107,7.382104655550717,459.21139970560006,90.882672,0.6260026956463143
3554,C:\Users\joshy\OneDrive\Documents\Kravitz Lab\freezeData\\0318\20260318115648-b91.50-f8.png,2026-03-18 11:56:48,8.0,61.64176860162738,7.378866311567003,466.6775059836001,91.376632,0.5835801723122439
3555,C:\Users\joshy\OneDrive\Documents\Kravitz Lab\freezeData\\0318\20260318115706-b91.38-f10.png,2026-03-18 11:57:06,10.0,61.91264935789455,7.378530986934887,486.24194009542396,91.24692,0.5475832639558359
3556,C:\Users\joshy\OneDrive\Documents\Kravitz Lab\freezeData\\0318\20260318115726-b87.56-f0.png,2026-03-18 11:57:26,0.0,61.37041387404794,7.334280242264979,410.938974983936,87.441992,0.6156750961918351
3557,C:\Users\joshy\OneDrive\Documents\Kravitz Lab\freezeData\\0318\20260318115745-b88.21-f2.png,2026-03-18 11:57:45,2.0,61.4646209371082,7.349705223409115,437.6252707095041,88.07524,0.6324497485734876
3558,C:\Users\joshy\OneDrive\Documents\Kravitz Lab\freezeData\\0318\20260318115803-b89.91-f4.png,2026-03-18 11:58:03,4.0,61.58155030050491,7.360045278690349,506.710324182384,89.782628,0.645955199381806
3559,C:\Users\joshy\OneDrive\Documents\Kravitz Lab\freezeData\\0318\20260318115824-b90.67-f6.png,2026-03-18 11:58:24,6.0,61.968422022998645,7.3584980104463975,455.70393916721594,90.534756,0.6235224744391126
3560,C:\Users\joshy\OneDrive\Documents\Kravitz Lab\freezeData\\0318\20260318115842-b90.89-f8.png,2026-03-18 11:58:42,8.0,62.07854753058979,7.376248459398229,461.180887093696,90.747452,0.5815022801383107
3561,C:\Users\joshy\OneDrive\Documents\Kravitz Lab\freezeData\\0318\20260318115901-b91.06-f10.png,2026-03-18 11:59:01,10.0,62.342878133305454,7.371842998092873,481.518580584896,90.930732,0.5446664912182555
3562,C:\Users\joshy\OneDrive\Documents\Kravitz Lab\freezeData\\0318\20260318115920-b87.20-f0.png,2026-03-18 11:59:20,0.0,61.40958548536656,7.335139315033381,420.6536105886561,87.076384,0.6143577775816501
3563,C:\Users\joshy\OneDrive\Documents\Kravitz Lab\freezeData\\0318\20260318115939-b88.59-f2.png,2026-03-18 11:59:39,2.0,61.62829384750404,7.356358890904684,464.524642289136,88.442264,0.6316182663692348
3564,C:\Users\joshy\OneDrive\Documents\Kravitz Lab\freezeData\\0318\20260318115958-b89.80-f4.png,2026-03-18 11:59:58,4.0,61.89785200775342,7.359679870915209,523.544473114624,89.669484,0.6446133415888361
3565,C:\Users\joshy\OneDrive\Documents\Kravitz Lab\freezeData\\0318\20260318120017-b90.30-f6.png,2026-03-18 12:00:17,6.0,62.03490349302451,7.373672831301847,444.646965083584,90.184056,0.6198724439507336
3566,C:\Users\joshy\OneDrive\Documents\Kravitz Lab\freezeData\\0318\20260318120035-b90.68-f8.png,2026-03-18 12:00:35,8.0,62.088601411437836,7.369398631856319,478.08925504742405,90.56846,0.5773694319162914
3567,C:\Users\joshy\OneDrive\Documents\Kravitz Lab\freezeData\\0318\20260318120054-b90.48-f10.png,2026-03-18 12:00:54,10.0,62.33317529573849,7.366647673804691,490.40821206374403,90.377356,0.5436143207438074
3568,C:\Users\joshy\OneDrive\Documents\Kravitz Lab\freezeData\\0318\20260318120114-b86.81-f0.png,2026-03-18 12:01:14,0.0,61.35494510294719,7.3241588821573576,400.355321478256,86.657656,0.614471397379641
3569,C:\Users\joshy\OneDrive\Documents\Kravitz Lab\freezeData\\0318\20260318120132-b88.29-f2.png,2026-03-18 12:01:32,2.0,61.72580473921422,7.3512479065744865,452.626971055216,88.14342,0.6329109354717705
3570,C:\Users\joshy\OneDrive\Documents\Kravitz Lab\freezeData\\0318\20260318120151-b88.69-f4.png,2026-03-18 12:01:51,4.0,61.78435311961448,7.337593856451292,496.974317384816,88.547472,0.6400701826042261
3571,C:\Users\joshy\OneDrive\Documents\Kravitz Lab\freezeData\\0318\20260318120212-b90.04-f6.png,2026-03-18 12:02:12,6.0,61.95204935969315,7.34582413585893,470.9551123036,89.921488,0.6178313090773543
3572,C:\Users\joshy\OneDrive\Documents\Kravitz Lab\freezeData\\0318\20260318120230-b91.36-f8.png,2026-03-18 12:02:30,8.0,62.27926805926685,7.360403725788624,463.94225111640003,91.237272,0.580108454477645
3573,C:\Users\joshy\OneDrive\Documents\Kravitz Lab\freezeData\\0318\20260318120249-b91.30-f10.png,2026-03-18 12:02:49,10.0,62.42541690659842,7.356590760638189,497.2250737299841,91.176624,0.5450221442269049
3574,C:\Users\joshy\OneDrive\Documents\Kravitz Lab\freezeData\\0318\20260318120307-b86.72-f0.png,2026-03-18 12:03:07,0.0,61.58300316360688,7.319605211363819,417.133326781184,86.603428,0.6107475049375407
3575,C:\Users\joshy\OneDrive\Documents\Kravitz Lab\freezeData\\0318\20260318120327-b87.89-f2.png,2026-03-18 12:03:27,2.0,61.75549808184648,7.323673102206624,444.1435065695841,87.757916,0.6286200977868462
3576,C:\Users\joshy\OneDrive\Documents\Kravitz Lab\freezeData\\0318\20260318120346-b88.21-f4.png,2026-03-18 12:03:46,4.0,61.91050332506484,7.3286059367905425,536.5084773435999,88.069556,0.6363513704340122
3577,C:\Users\joshy\OneDrive\Documents\Kravitz Lab\freezeData\\0318\20260318120405-b88.72-f6.png,2026-03-18 12:04:05,6.0,62.12588906489068,7.330960253072224,470.366689836656,88.602664,0.6132408648848875
3578,C:\Users\joshy\OneDrive\Documents\Kravitz Lab\freezeData\\0318\20260318120424-b89.67-f8.png,2026-03-18 12:04:24,8.0,62.384837483820824,7.346801143162225,460.03877856958394,89.548292,0.5754785345277815
3579,C:\Users\joshy\OneDrive\Documents\Kravitz Lab\freezeData\\0318\20260318120444-b90.00-f10.png,2026-03-18 12:04:44,10.0,62.61272299356098,7.353743349697004,482.255485507696,89.88646,0.5424829044628295
3580,C:\Users\joshy\OneDrive\Documents\Kravitz Lab\freezeData\\0318\20260318120503-b87.20-f0.png,2026-03-18 12:05:03,0.0,61.387020751257054,7.327180412059913,435.684554626416,87.071856,0.6132067836860243
3581,C:\Users\joshy\OneDrive\Documents\Kravitz Lab\freezeData\\0318\20260318120522-b87.33-f2.png,2026-03-18 12:05:22,2.0,61.55453436701397,7.321007534092006,469.48653465440003,87.172936,0.6266524451528857
3582,C:\Users\joshy\OneDrive\Documents\Kravitz Lab\freezeData\\0318\20260318120542-b89.08-f4.png,2026-03-18 12:05:42,4.0,61.721923246287,7.335324857461936,544.7297004044639,88.950616,0.6391982608490799
3583,C:\Users\joshy\OneDrive\Documents\Kravitz Lab\freezeData\\0318\20260318120600-b88.68-f6.png,2026-03-18 12:06:00,6.0,62.220770109533554,7.324618127355881,472.02792719097596,88.562024,0.6138193470854284
3584,C:\Users\joshy\OneDrive\Documents\Kravitz Lab\freezeData\\0318\20260318120619-b89.57-f8.png,2026-03-18 12:06:19,8.0,62.098392457338214,7.340297305031364,469.87062695960003,89.44488,0.5718468439832185
3585,C:\Users\joshy\OneDrive\Documents\Kravitz Lab\freezeData\\0318\20260318120657-b86.73-f0.png,2026-03-18 12:06:57,0.0,61.497780604024534,7.333345422383142,433.302709123584,86.603792,0.6111776994335417
3586,C:\Users\joshy\OneDrive\Documents\Kravitz Lab\freezeData\\0318\20260318120638-b89.23-f10.png,2026-03-18 12:06:38,10.0,62.499931831127626,7.337877429919845,493.6889622400001,89.12138,0.5402804246596898
3587,C:\Users\joshy\OneDrive\Documents\Kravitz Lab\freezeData\\0318\20260318120715-b86.90-f2.png,2026-03-18 12:07:15,2.0,61.8430276394782,7.321085775168905,470.49616676345613,86.763356,0.6212698616533666
3588,C:\Users\joshy\OneDrive\Documents\Kravitz Lab\freezeData\\0318\20260318120734-b88.10-f4.png,2026-03-18 12:07:34,4.0,61.96413402550078,7.342010885705952,579.250254026864,87.957076,0.6294108017499757
3589,C:\Users\joshy\OneDrive\Documents\Kravitz Lab\freezeData\\0318\20260318120753-b88.81-f6.png,2026-03-18 12:07:53,6.0,62.02302838197774,7.34135928392665,497.46725883121593,88.677128,0.6032593065496665
3590,C:\Users\joshy\OneDrive\Documents\Kravitz Lab\freezeData\\0318\20260318120830-b89.48-f10.png,2026-03-18 12:08:30,10.0,62.73476534185185,7.330155299613609,509.6709633344001,89.379528,0.5346072765913863
3591,C:\Users\joshy\OneDrive\Documents\Kravitz Lab\freezeData\\0318\20260318120811-b89.57-f8.png,2026-03-18 12:08:11,8.0,62.574901468669495,7.335884606171803,464.1203674224,89.429048,0.5676026935178264
3592,C:\Users\joshy\OneDrive\Documents\Kravitz Lab\freezeData\\0318\20260318120848-b85.70-f0.png,2026-03-18 12:08:48,0.0,62.177185773936216,7.304151042037203,449.20007952665605,85.555868,0.6034443735189017
3593,C:\Users\joshy\OneDrive\Documents\Kravitz Lab\freezeData\\0318\20260318120925-b88.15-f4.png,2026-03-18 12:09:25,4.0,61.76624895386139,7.346973406664687,644.327642354624,88.033796,0.6276406095312839
3594,C:\Users\joshy\OneDrive\Documents\Kravitz Lab\freezeData\\0318\20260318120906-b86.32-f2.png,2026-03-18 12:09:06,2.0,61.665224854417396,7.329070175454596,508.05082570174403,86.191488,0.6197269767051875
3595,C:\Users\joshy\OneDrive\Documents\Kravitz Lab\freezeData\\0318\20260318120943-b88.93-f6.png,2026-03-18 12:09:43,6.0,62.58445450724645,7.335169490413287,515.9217934764641,88.80548,0.5968168995851152
3596,C:\Users\joshy\OneDrive\Documents\Kravitz Lab\freezeData\\0318\20260318121002-b88.01-f8.png,2026-03-18 12:10:02,8.0,62.23644133152036,7.322091445075979,460.1690751012961,87.885168,0.5629848713041492
3597,C:\Users\joshy\OneDrive\Documents\Kravitz Lab\freezeData\\0318\20260318121022-b88.22-f10.png,2026-03-18 12:10:22,10.0,62.22426673886759,7.332139910444224,472.0089584868959,88.107484,0.5349571090149892
3598,C:\Users\joshy\OneDrive\Documents\Kravitz Lab\freezeData\\0318\20260318121058-b86.14-f2.png,2026-03-18 12:10:58,2.0,62.24662276804151,7.307266451017459,496.73581902385604,85.997556,0.6151771127771559
3599,C:\Users\joshy\OneDrive\Documents\Kravitz Lab\freezeData\\0318\20260318121039-b84.48-f0.png,2026-03-18 12:10:39,0.0,62.16411428103516,7.299788651124587,451.266490842224,84.33888,0.6011103919515631
3600,C:\Users\joshy\OneDrive\Documents\Kravitz Lab\freezeData\\0318\20260318121119-b86.72-f4.png,2026-03-18 12:11:19,4.0,62.32943238193654,7.317593435712039,625.43551071,86.56884,0.6147965865095428
3601,C:\Users\joshy\OneDrive\Documents\Kravitz Lab\freezeData\\0318\20260318121136-b87.67-f6.png,2026-03-18 12:11:36,6.0,62.01992897463833,7.3325443198018725,501.4194953328639,87.527604,0.5962159794702817
3602,C:\Users\joshy\OneDrive\Documents\Kravitz Lab\freezeData\\0318\20260318121154-b88.60-f8.png,2026-03-18 12:11:54,8.0,62.53251428191053,7.333300656048602,443.4529992944,88.448216,0.5625148880545946
3603,C:\Users\joshy\OneDrive\Documents\Kravitz Lab\freezeData\\0318\20260318121214-b88.40-f10.png,2026-03-18 12:12:14,10.0,62.71964507704424,7.329767407039202,464.648049427184,88.27436,0.5289824000012052
3604,C:\Users\joshy\OneDrive\Documents\Kravitz Lab\freezeData\\0318\20260318121233-b84.72-f0.png,2026-03-18 12:12:33,0.0,62.08957818830468,7.314082224237644,450.177375280896,84.57772,0.5956727139826996
3605,C:\Users\joshy\OneDrive\Documents\Kravitz Lab\freezeData\\0318\20260318121251-b85.63-f2.png,2026-03-18 12:12:51,2.0,62.115518192101916,7.306889985944539,511.5301256896,85.490216,0.6075545332802162
3606,C:\Users\joshy\OneDrive\Documents\Kravitz Lab\freezeData\\0318\20260318121310-b86.65-f4.png,2026-03-18 12:13:10,4.0,62.23448418153472,7.3161910530197405,678.8078272997759,86.513952,0.6102005003222042
3607,C:\Users\joshy\OneDrive\Documents\Kravitz Lab\freezeData\\0318\20260318121328-b87.67-f6.png,2026-03-18 12:13:28,6.0,62.34066028002257,7.323286327438757,512.5164093724,87.519896,0.5907346164159645
3608,C:\Users\joshy\OneDrive\Documents\Kravitz Lab\freezeData\\0318\20260318121347-b88.03-f8.png,2026-03-18 12:13:47,8.0,62.54771785424514,7.326629217316681,443.3898914040159,87.880588,0.5590187502718795
3609,C:\Users\joshy\OneDrive\Documents\Kravitz Lab\freezeData\\0318\20260318121407-b87.83-f10.png,2026-03-18 12:14:07,10.0,62.691214219564,7.32081394094483,478.2099255664,87.712856,0.526249109856775
3610,C:\Users\joshy\OneDrive\Documents\Kravitz Lab\freezeData\\0318\20260318121426-b84.49-f0.png,2026-03-18 12:14:26,0.0,61.99455356732996,7.285455909540982,469.633823138816,84.369616,0.5928749732556453
3611,C:\Users\joshy\OneDrive\Documents\Kravitz Lab\freezeData\\0318\20260318121444-b85.43-f2.png,2026-03-18 12:14:44,2.0,61.991826668924666,7.308670226291152,534.927821994944,85.2935,0.6024315754419133
3612,C:\Users\joshy\OneDrive\Documents\Kravitz Lab\freezeData\\0318\20260318121503-b86.46-f4.png,2026-03-18 12:15:03,4.0,62.0509085987659,7.323450766820284,753.4817277892961,86.32526,0.6045262903189066
3613,C:\Users\joshy\OneDrive\Documents\Kravitz Lab\freezeData\\0318\20260318121523-b87.35-f6.png,2026-03-18 12:15:23,6.0,62.14192022795189,7.3265931396588755,539.527988404464,87.218308,0.5853515639132985
3614,C:\Users\joshy\OneDrive\Documents\Kravitz Lab\freezeData\\0318\20260318121540-b87.78-f8.png,2026-03-18 12:15:40,8.0,62.33196184234461,7.326698125803088,480.865211900144,87.659364,0.5519301734627476
3615,C:\Users\joshy\OneDrive\Documents\Kravitz Lab\freezeData\\0318\20260318121559-b87.55-f10.png,2026-03-18 12:15:59,10.0,62.567642506174074,7.31199648798028,498.276410654656,87.44014,0.5246796606339165
3616,C:\Users\joshy\OneDrive\Documents\Kravitz Lab\freezeData\\0318\20260318121618-b84.27-f0.png,2026-03-18 12:16:18,0.0,61.909979979835235,7.2788837979264445,454.126691146224,84.11658,0.5932042139368395
3617,C:\Users\joshy\OneDrive\Documents\Kravitz Lab\freezeData\\0318\20260318121636-b84.86-f2.png,2026-03-18 12:16:36,2.0,61.975910944456345,7.292773758354076,557.4904898916958,84.719396,0.6019584751376568
3618,C:\Users\joshy\OneDrive\Documents\Kravitz Lab\freezeData\\0318\20260318121655-b86.00-f4.png,2026-03-18 12:16:55,4.0,62.00695492953402,7.315715413611094,799.3374815280639,85.854644,0.6003895169818732
3619,C:\Users\joshy\OneDrive\Documents\Kravitz Lab\freezeData\\0318\20260318121714-b86.85-f6.png,2026-03-18 12:17:14,6.0,62.11360669265452,7.313516705540332,517.50581724,86.694668,0.5825264255725137
3620,C:\Users\joshy\OneDrive\Documents\Kravitz Lab\freezeData\\0318\20260318121733-b87.45-f8.png,2026-03-18 12:17:33,8.0,62.30184796641589,7.3146173088605435,467.667939553776,87.32236,0.5490502915283184
3621,C:\Users\joshy\OneDrive\Documents\Kravitz Lab\freezeData\\0318\20260318121752-b87.37-f10.png,2026-03-18 12:17:52,10.0,62.415732741944616,7.311795239989013,477.7990954204001,87.251512,0.519378096219834
3622,C:\Users\joshy\OneDrive\Documents\Kravitz Lab\freezeData\\0318\20260318121812-b84.21-f0.png,2026-03-18 12:18:12,0.0,61.83356554000748,7.273634994827065,460.35397560057606,84.08436,0.5852416327523355
3623,C:\Users\joshy\OneDrive\Documents\Kravitz Lab\freezeData\\0318\20260318121829-b84.65-f2.png,2026-03-18 12:18:29,2.0,61.867660560356214,7.296727927052714,550.723366763456,84.500888,0.5871378933979743
3624,C:\Users\joshy\OneDrive\Documents\Kravitz Lab\freezeData\\0318\20260318121847-b85.27-f4.png,2026-03-18 12:18:47,4.0,61.86179340471067,7.294636788666589,826.2144408604161,85.129664,0.5900433360217375
3625,C:\Users\joshy\OneDrive\Documents\Kravitz Lab\freezeData\\0318\20260318121907-b86.58-f6.png,2026-03-18 12:19:07,6.0,62.1073947817617,7.301242421250862,506.4458200476,86.43668,0.5753197151981954
3626,C:\Users\joshy\OneDrive\Documents\Kravitz Lab\freezeData\\0318\20260318121925-b86.89-f8.png,2026-03-18 12:19:25,8.0,62.23634641507806,7.30181795514307,493.08500617209603,86.77032,0.5403148812763756
3627,C:\Users\joshy\OneDrive\Documents\Kravitz Lab\freezeData\\0318\20260318121944-b86.83-f10.png,2026-03-18 12:19:44,10.0,62.390222784986946,7.296240795345484,509.73554834425596,86.722236,0.5133937062314339
3628,C:\Users\joshy\OneDrive\Documents\Kravitz Lab\freezeData\\0318\20260318122004-b83.81-f0.png,2026-03-18 12:20:04,0.0,61.88907178570059,7.2679897692777455,471.064423321024,83.68638,0.5797783520522233
3629,C:\Users\joshy\OneDrive\Documents\Kravitz Lab\freezeData\\0318\20260318122022-b84.46-f2.png,2026-03-18 12:20:22,2.0,61.96259751947138,7.288509471428501,564.538106772336,84.2908,0.583803438353129
3630,C:\Users\joshy\OneDrive\Documents\Kravitz Lab\freezeData\\0318\20260318122041-b85.24-f4.png,2026-03-18 12:20:41,4.0,61.88290101874346,7.29759692596571,866.116773709936,85.08862,0.5823535193990779
3631,C:\Users\joshy\OneDrive\Documents\Kravitz Lab\freezeData\\0318\20260318122100-b86.29-f6.png,2026-03-18 12:21:00,6.0,62.06080916359579,7.302459804831918,552.1115019130241,86.147912,0.5679934032853191
3632,C:\Users\joshy\OneDrive\Documents\Kravitz Lab\freezeData\\0318\20260318122118-b86.81-f8.png,2026-03-18 12:21:18,8.0,62.2405714174407,7.301811465368376,469.45680962840004,86.670592,0.5386543030837447
3633,C:\Users\joshy\OneDrive\Documents\Kravitz Lab\freezeData\\0318\20260318122138-b86.79-f10.png,2026-03-18 12:21:38,10.0,62.38947165090918,7.29705835888689,482.348276063744,86.67802,0.5128576689757187
3634,C:\Users\joshy\OneDrive\Documents\Kravitz Lab\freezeData\\0318\20260318122155-b83.58-f0.png,2026-03-18 12:21:55,0.0,61.823367043757294,7.267810451109305,476.95567479000005,83.420808,0.5747641156045216
3635,C:\Users\joshy\OneDrive\Documents\Kravitz Lab\freezeData\\0318\20260318122214-b84.44-f2.png,2026-03-18 12:22:14,2.0,61.87067053063459,7.287255202602159,545.7015808173442,84.295608,0.5797677263906774
3636,C:\Users\joshy\OneDrive\Documents\Kravitz Lab\freezeData\\0318\20260318122234-b84.91-f4.png,2026-03-18 12:22:34,4.0,61.880665262694,7.304687160815833,845.398451471616,84.749196,0.5757699923856046
3637,C:\Users\joshy\OneDrive\Documents\Kravitz Lab\freezeData\\0318\20260318122252-b86.01-f6.png,2026-03-18 12:22:52,6.0,62.025103502790735,7.316003639851289,569.587601568704,85.886936,0.5624235039439482
3638,C:\Users\joshy\OneDrive\Documents\Kravitz Lab\freezeData\\0318\20260318122310-b86.21-f8.png,2026-03-18 12:23:10,8.0,62.087260345516164,7.309631139230315,475.756125761984,86.071936,0.5346482938076434
3639,C:\Users\joshy\OneDrive\Documents\Kravitz Lab\freezeData\\0318\20260318122330-b86.27-f10.png,2026-03-18 12:23:30,10.0,62.08266449335512,7.301667392907464,508.191709972224,86.164248,0.5087064674047669
3640,C:\Users\joshy\OneDrive\Documents\Kravitz Lab\freezeData\\0318\20260318122348-b83.71-f0.png,2026-03-18 12:23:48,0.0,61.57375835938372,7.285232404826909,481.45560237182394,83.552168,0.5684071820675143
3641,C:\Users\joshy\OneDrive\Documents\Kravitz Lab\freezeData\\0318\20260318122407-b84.62-f2.png,2026-03-18 12:24:07,2.0,61.72986888693467,7.303500310937189,571.4602618096,84.476184,0.5707311233409734
3642,C:\Users\joshy\OneDrive\Documents\Kravitz Lab\freezeData\\0318\20260318122426-b85.24-f4.png,2026-03-18 12:24:26,4.0,61.805818076931104,7.314990040474474,967.190521487296,85.095036,0.5683833869757255
3643,C:\Users\joshy\OneDrive\Documents\Kravitz Lab\freezeData\\0318\20260318122444-b86.13-f6.png,2026-03-18 12:24:44,6.0,61.85860635103368,7.315438237265591,600.9162798547039,85.994316,0.5564027377147784
3644,C:\Users\joshy\OneDrive\Documents\Kravitz Lab\freezeData\\0318\20260318122501-b86.55-f8.png,2026-03-18 12:25:01,8.0,62.06605642305624,7.3097608550013975,477.4443190159361,86.4197,0.5306456511110635
3645,C:\Users\joshy\OneDrive\Documents\Kravitz Lab\freezeData\\0318\20260318122521-b86.50-f10.png,2026-03-18 12:25:21,10.0,62.168567681303514,7.299974800791202,478.29311881625597,86.387428,0.507279884185711
3646,C:\Users\joshy\OneDrive\Documents\Kravitz Lab\freezeData\\0318\20260318122539-b83.85-f0.png,2026-03-18 12:25:39,0.0,61.70426248355943,7.28495296537001,483.252295182784,83.6944,0.5646540702657932
3647,C:\Users\joshy\OneDrive\Documents\Kravitz Lab\freezeData\\0318\20260318122559-b84.65-f2.png,2026-03-18 12:25:59,2.0,61.82722643380419,7.303348175162378,583.8671562828159,84.495152,0.5680586820892565
3648,C:\Users\joshy\OneDrive\Documents\Kravitz Lab\freezeData\\0318\20260318122618-b85.09-f4.png,2026-03-18 12:26:18,4.0,61.733589734441985,7.31223400162091,1026.714543983984,84.93386,0.5633273010476524
3649,C:\Users\joshy\OneDrive\Documents\Kravitz Lab\freezeData\\0318\20260318122637-b86.12-f6.png,2026-03-18 12:26:37,6.0,61.84787977214081,7.313558236524371,574.713991285696,85.960104,0.5536075751941941
3650,C:\Users\joshy\OneDrive\Documents\Kravitz Lab\freezeData\\0318\20260318122656-b86.42-f8.png,2026-03-18 12:26:56,8.0,61.93549594605742,7.310000770758424,491.853779218544,86.298352,0.5288966520313638
3651,C:\Users\joshy\OneDrive\Documents\Kravitz Lab\freezeData\\0318\20260318122715-b86.64-f10.png,2026-03-18 12:27:15,10.0,61.881580966888684,7.302184862551651,473.244314975856,86.51628,0.5053270821243858
3652,C:\Users\joshy\OneDrive\Documents\Kravitz Lab\freezeData\\0318\20260318122735-b84.14-f0.png,2026-03-18 12:27:35,0.0,61.42534194910124,7.286327462834282,472.03036599494396,83.985772,0.5637374639299673
3653,C:\Users\joshy\OneDrive\Documents\Kravitz Lab\freezeData\\0318\20260318122754-b84.73-f2.png,2026-03-18 12:27:54,2.0,61.65188126731849,7.306581876687599,559.911373123584,84.588092,0.5655364231889981
3654,C:\Users\joshy\OneDrive\Documents\Kravitz Lab\freezeData\\0318\20260318122813-b85.34-f4.png,2026-03-18 12:28:13,4.0,61.757983077118055,7.334643199216645,921.8446007455841,85.18592,0.5611569558905886
3655,C:\Users\joshy\OneDrive\Documents\Kravitz Lab\freezeData\\0318\20260318122833-b86.19-f6.png,2026-03-18 12:28:33,6.0,61.69170454605916,7.313961981402846,615.4753778892159,86.056588,0.5499870016733786
3656,C:\Users\joshy\OneDrive\Documents\Kravitz Lab\freezeData\\0318\20260318122851-b86.61-f8.png,2026-03-18 12:28:51,8.0,61.740823833046996,7.3095246986774525,478.656629150656,86.472716,0.5258505438667754
3657,C:\Users\joshy\OneDrive\Documents\Kravitz Lab\freezeData\\0318\20260318122909-b86.91-f10.png,2026-03-18 12:29:09,10.0,61.71107493253236,7.298931745963567,493.979854727616,86.827876,0.5039692042269182
3658,C:\Users\joshy\OneDrive\Documents\Kravitz Lab\freezeData\\0318\20260318122929-b84.16-f0.png,2026-03-18 12:29:29,0.0,61.33861791953765,7.285125184712558,470.650866736624,84.032676,0.5626928313359657
3659,C:\Users\joshy\OneDrive\Documents\Kravitz Lab\freezeData\\0318\20260318122947-b84.75-f2.png,2026-03-18 12:29:47,2.0,61.545608734544054,7.307412719683642,554.5689612444,84.593196,0.5629529615154791
3660,C:\Users\joshy\OneDrive\Documents\Kravitz Lab\freezeData\\0318\20260318123005-b85.27-f4.png,2026-03-18 12:30:05,4.0,61.563644835463855,7.314501476794436,1039.9171555731841,85.120808,0.5550023500515014
3661,C:\Users\joshy\OneDrive\Documents\Kravitz Lab\freezeData\\0318\20260318123024-b86.39-f6.png,2026-03-18 12:30:24,6.0,61.555263694496055,7.316292707178462,609.635533136384,86.245584,0.5439657768474724
3662,C:\Users\joshy\OneDrive\Documents\Kravitz Lab\freezeData\\0318\20260318123043-b86.90-f8.png,2026-03-18 12:30:43,8.0,61.54430560632872,7.310349336111258,471.5908098449759,86.771896,0.5240858778967471
3663,C:\Users\joshy\OneDrive\Documents\Kravitz Lab\freezeData\\0318\20260318123103-b87.06-f10.png,2026-03-18 12:31:03,10.0,61.424466627845156,7.297606732037765,471.062285640704,86.953144,0.49973526605261637
3664,C:\Users\joshy\OneDrive\Documents\Kravitz Lab\freezeData\\0318\20260318123122-b84.30-f0.png,2026-03-18 12:31:22,0.0,61.07774388825455,7.2777959421281615,449.18443032038397,84.170028,0.560495973531821
3665,C:\Users\joshy\OneDrive\Documents\Kravitz Lab\freezeData\\0318\20260318123141-b84.83-f2.png,2026-03-18 12:31:41,2.0,61.340164023514,7.3035275359188745,521.652977297264,84.64178,0.5586978749289478
3666,C:\Users\joshy\OneDrive\Documents\Kravitz Lab\freezeData\\0318\20260318123200-b85.08-f4.png,2026-03-18 12:32:00,4.0,61.3396324378829,7.308838480674497,1055.2218783356,84.937132,0.5488334040333964
3667,C:\Users\joshy\OneDrive\Documents\Kravitz Lab\freezeData\\0318\20260318123219-b86.39-f6.png,2026-03-18 12:32:19,6.0,61.2702259897832,7.311215573463374,603.4412467467359,86.240664,0.5399448068023114
3668,C:\Users\joshy\OneDrive\Documents\Kravitz Lab\freezeData\\0318\20260318123237-b86.99-f8.png,2026-03-18 12:32:37,8.0,61.174973810126765,7.308999677413021,476.373570268144,86.868048,0.5162538391927617
3669,C:\Users\joshy\OneDrive\Documents\Kravitz Lab\freezeData\\0318\20260318123257-b87.28-f10.png,2026-03-18 12:32:57,10.0,61.23207452015325,7.309859663964915,479.4420071239041,87.17328,0.4955418794661952
3670,C:\Users\joshy\OneDrive\Documents\Kravitz Lab\freezeData\\0318\20260318123316-b84.44-f0.png,2026-03-18 12:33:16,0.0,60.85726479846047,7.2740011299939935,444.85248525766394,84.312508,0.5583915635107902
3671,C:\Users\joshy\OneDrive\Documents\Kravitz Lab\freezeData\\0318\20260318123335-b84.91-f2.png,2026-03-18 12:33:35,2.0,61.1384193413973,7.296392611313973,524.532511951856,84.766384,0.555023309718284
3672,C:\Users\joshy\OneDrive\Documents\Kravitz Lab\freezeData\\0318\20260318123353-b85.25-f4.png,2026-03-18 12:33:53,4.0,61.13652191006276,7.3018096582502965,1108.632785809856,85.118696,0.5411795257887648
3673,C:\Users\joshy\OneDrive\Documents\Kravitz Lab\freezeData\\0318\20260318123412-b86.51-f6.png,2026-03-18 12:34:12,6.0,61.00363094047226,7.304150172340409,593.8280014872961,86.323784,0.530019783996843
3674,C:\Users\joshy\OneDrive\Documents\Kravitz Lab\freezeData\\0318\20260318123431-b86.99-f8.png,2026-03-18 12:34:31,8.0,61.23854182148481,7.312153070671132,452.32860172593604,86.833484,0.5115517256982434
3675,C:\Users\joshy\OneDrive\Documents\Kravitz Lab\freezeData\\0318\20260318123450-b88.44-f10.png,2026-03-18 12:34:50,10.0,60.861711129083446,7.3249206060324,503.583271953344,88.3138,0.4838728658885325
3676,C:\Users\joshy\OneDrive\Documents\Kravitz Lab\freezeData\\0318\20260318123509-b85.35-f0.png,2026-03-18 12:35:09,0.0,60.59576462858915,7.270377942448206,456.7173023203841,85.197932,0.5515828635233329
3677,C:\Users\joshy\OneDrive\Documents\Kravitz Lab\freezeData\\0318\20260318123528-b85.74-f2.png,2026-03-18 12:35:28,2.0,60.56564171872115,7.287906953763777,534.6135110716,85.590748,0.5493222644858922
3678,C:\Users\joshy\OneDrive\Documents\Kravitz Lab\freezeData\\0318\20260318123547-b86.04-f4.png,2026-03-18 12:35:47,4.0,60.538421096239375,7.295668971058908,1206.308983522544,85.89088,0.5329244923615991
3679,C:\Users\joshy\OneDrive\Documents\Kravitz Lab\freezeData\\0318\20260318123605-b86.91-f6.png,2026-03-18 12:36:05,6.0,60.6767329970144,7.296162339820887,605.5357858892161,86.747032,0.5253137390708943
3680,C:\Users\joshy\OneDrive\Documents\Kravitz Lab\freezeData\\0318\20260318123624-b87.72-f8.png,2026-03-18 12:36:24,8.0,60.80834431196179,7.3038845962967365,455.166327668224,87.571148,0.5069698510759697
3681,C:\Users\joshy\OneDrive\Documents\Kravitz Lab\freezeData\\0318\20260318123643-b88.31-f10.png,2026-03-18 12:36:43,10.0,60.65726917755253,7.307526438927175,477.64286397926395,88.215044,0.4848506505806024
3682,C:\Users\joshy\OneDrive\Documents\Kravitz Lab\freezeData\\0318\20260318123701-b85.18-f0.png,2026-03-18 12:37:01,0.0,60.32754170210101,7.263800400071106,427.746141541376,85.019292,0.5500808335626238
3683,C:\Users\joshy\OneDrive\Documents\Kravitz Lab\freezeData\\0318\20260318123722-b85.78-f2.png,2026-03-18 12:37:22,2.0,60.51179577875427,7.279761366742805,516.727311317104,85.600656,0.5439617119330006
3684,C:\Users\joshy\OneDrive\Documents\Kravitz Lab\freezeData\\0318\20260318123758-b86.95-f6.png,2026-03-18 12:37:58,6.0,60.64222186604129,7.291002113121659,615.059268666736,86.789232,0.5156548658672389
3685,C:\Users\joshy\OneDrive\Documents\Kravitz Lab\freezeData\\0318\20260318123740-b85.79-f4.png,2026-03-18 12:37:40,4.0,60.56310554791205,7.286194003352513,1198.3936741242242,85.573908,0.5271296922310725
3686,C:\Users\joshy\OneDrive\Documents\Kravitz Lab\freezeData\\0318\20260318123817-b87.88-f8.png,2026-03-18 12:38:17,8.0,60.69891133243903,7.302619166142069,448.2248023100001,87.738552,0.5015318761599028
3687,C:\Users\joshy\OneDrive\Documents\Kravitz Lab\freezeData\\0318\20260318123837-b88.52-f10.png,2026-03-18 12:38:37,10.0,60.68972795354403,7.305676713148764,477.06051176185593,88.429396,0.480148317690213
3688,C:\Users\joshy\OneDrive\Documents\Kravitz Lab\freezeData\\0318\20260318123854-b85.21-f0.png,2026-03-18 12:38:54,0.0,60.36429858988056,7.258393565522823,446.338233137136,85.044088,0.547670644998728
3689,C:\Users\joshy\OneDrive\Documents\Kravitz Lab\freezeData\\0318\20260318123912-b85.99-f2.png,2026-03-18 12:39:12,2.0,60.34016060388888,7.27449350103176,513.675792599664,85.847336,0.540446798075897
3690,C:\Users\joshy\OneDrive\Documents\Kravitz Lab\freezeData\\0318\20260318123931-b85.95-f4.png,2026-03-18 12:39:31,4.0,60.368456397810405,7.278308081203172,1304.160760328944,85.786608,0.5211502058414293
3691,C:\Users\joshy\OneDrive\Documents\Kravitz Lab\freezeData\\0318\20260318123950-b87.10-f6.png,2026-03-18 12:39:50,6.0,60.5458807412978,7.287087893313909,606.032185198336,86.952112,0.5121813353713759
3692,C:\Users\joshy\OneDrive\Documents\Kravitz Lab\freezeData\\0318\20260318124010-b88.08-f8.png,2026-03-18 12:40:10,8.0,60.52919374085216,7.305243519453595,458.60345465439997,87.926372,0.4931416312760485
3693,C:\Users\joshy\OneDrive\Documents\Kravitz Lab\freezeData\\0318\20260318124028-b89.01-f10.png,2026-03-18 12:40:28,10.0,60.53088060506227,7.325003881976525,483.05111992159993,88.914764,0.4767145206385318
3694,C:\Users\joshy\OneDrive\Documents\Kravitz Lab\freezeData\\0318\20260318124047-b85.71-f0.png,2026-03-18 12:40:47,0.0,60.117697986383476,7.263555773730299,428.78158658865607,85.551272,0.5459427730811212
3695,C:\Users\joshy\OneDrive\Documents\Kravitz Lab\freezeData\\0318\20260318124106-b86.34-f2.png,2026-03-18 12:41:06,2.0,60.22755969154042,7.276277077614188,503.9638068924,86.200044,0.5368941325964015
3696,C:\Users\joshy\OneDrive\Documents\Kravitz Lab\freezeData\\0318\20260318124126-b86.28-f4.png,2026-03-18 12:41:26,4.0,60.26680022201597,7.281675980420716,1441.1731442052958,86.086296,0.5151454491003232
3697,C:\Users\joshy\OneDrive\Documents\Kravitz Lab\freezeData\\0318\20260318124144-b87.50-f6.png,2026-03-18 12:41:44,6.0,60.48118551386029,7.294085599116595,562.6268086450559,87.323504,0.5100617346799253
3698,C:\Users\joshy\OneDrive\Documents\Kravitz Lab\freezeData\\0318\20260318124203-b88.77-f8.png,2026-03-18 12:42:03,8.0,60.446971967432745,7.314067950261998,456.473719047424,88.65678,0.4957803232976361
3699,C:\Users\joshy\OneDrive\Documents\Kravitz Lab\freezeData\\0318\20260318124223-b89.62-f10.png,2026-03-18 12:42:23,10.0,60.413062620784125,7.338721254575756,491.82473564000003,89.504096,0.4720690766021963
3700,C:\Users\joshy\OneDrive\Documents\Kravitz Lab\freezeData\\0318\20260318124242-b86.08-f0.png,2026-03-18 12:42:42,0.0,60.00072591903148,7.270157331284306,429.8515952740959,85.906292,0.5453349594442097
3701,C:\Users\joshy\OneDrive\Documents\Kravitz Lab\freezeData\\0318\20260318124300-b86.79-f2.png,2026-03-18 12:43:00,2.0,60.08858974809298,7.280989949668551,517.0435679839841,86.652624,0.5348027154018882
3702,C:\Users\joshy\OneDrive\Documents\Kravitz Lab\freezeData\\0318\20260318124321-b86.75-f4.png,2026-03-18 12:43:21,4.0,60.15212689760667,7.289761825540331,1402.5215661436,86.531332,0.5123757099383318
3703,C:\Users\joshy\OneDrive\Documents\Kravitz Lab\freezeData\\0318\20260318124359-b89.36-f8.png,2026-03-18 12:43:59,8.0,60.40160067011085,7.330079154498608,461.77554141433603,89.220092,0.49382276021193067
3704,C:\Users\joshy\OneDrive\Documents\Kravitz Lab\freezeData\\0318\20260318124340-b88.09-f6.png,2026-03-18 12:43:40,6.0,60.24841408452097,7.2979006271055304,583.1667829037441,87.942936,0.5089833747384523
3705,C:\Users\joshy\OneDrive\Documents\Kravitz Lab\freezeData\\0318\20260318124438-b86.56-f0.png,2026-03-18 12:44:38,0.0,59.94200556410358,7.292461447144717,434.9767421066241,86.401324,0.5451149709929966
3706,C:\Users\joshy\OneDrive\Documents\Kravitz Lab\freezeData\\0318\20260318124418-b90.02-f10.png,2026-03-18 12:44:18,10.0,60.44508238841853,7.361779191456946,474.885879434496,89.901964,0.4705083780602267
3707,C:\Users\joshy\OneDrive\Documents\Kravitz Lab\freezeData\\0318\20260318124457-b87.24-f2.png,2026-03-18 12:44:57,2.0,59.963240279982735,7.288316625574937,498.142785055344,87.088584,0.5337470803245368
3708,C:\Users\joshy\OneDrive\Documents\Kravitz Lab\freezeData\\0318\20260318124516-b87.43-f4.png,2026-03-18 12:45:16,4.0,60.0557681554964,7.2903990845898585,1122.367545364224,87.252292,0.5142526061321022
3709,C:\Users\joshy\OneDrive\Documents\Kravitz Lab\freezeData\\0318\20260318124534-b88.41-f6.png,2026-03-18 12:45:34,6.0,60.14804202756409,7.309150786308793,612.5367763582561,88.273372,0.5025752256439712
3710,C:\Users\joshy\OneDrive\Documents\Kravitz Lab\freezeData\\0318\20260318124554-b89.66-f8.png,2026-03-18 12:45:54,8.0,60.4463569257581,7.350835968100988,456.0065307545441,89.527684,0.4911231529051879
3711,C:\Users\joshy\OneDrive\Documents\Kravitz Lab\freezeData\\0318\20260318124632-b86.82-f0.png,2026-03-18 12:46:32,0.0,59.89062530146099,7.2879365105156655,431.496405737984,86.663,0.5448733613696601
3712,C:\Users\joshy\OneDrive\Documents\Kravitz Lab\freezeData\\0318\20260318124614-b90.56-f10.png,2026-03-18 12:46:14,10.0,60.25078334118142,7.363923040860823,465.78323567281603,90.434496,0.4706098433819355
3713,C:\Users\joshy\OneDrive\Documents\Kravitz Lab\freezeData\\0318\20260318124652-b87.54-f2.png,2026-03-18 12:46:52,2.0,59.93853917773786,7.295986234978803,501.27953183840003,87.339472,0.532512938181896
3714,C:\Users\joshy\OneDrive\Documents\Kravitz Lab\freezeData\\0318\20260318124711-b87.38-f4.png,2026-03-18 12:47:11,4.0,59.812447782479396,7.296416069176483,1435.193219774576,87.178724,0.5057972406312232
3715,C:\Users\joshy\OneDrive\Documents\Kravitz Lab\freezeData\\0318\20260318124748-b90.02-f8.png,2026-03-18 12:47:48,8.0,60.27388235169193,7.354858495803364,449.22862956639995,89.87388,0.4907471358825311
3716,C:\Users\joshy\OneDrive\Documents\Kravitz Lab\freezeData\\0318\20260318124729-b88.54-f6.png,2026-03-18 12:47:29,6.0,60.34094268482533,7.337402515910179,593.942229398464,88.355432,0.4989048638020081
3717,C:\Users\joshy\OneDrive\Documents\Kravitz Lab\freezeData\\0318\20260318124807-b91.27-f10.png,2026-03-18 12:48:07,10.0,59.873651858430144,7.366055799247282,482.7385157883999,91.143252,0.46953518305314773
3718,C:\Users\joshy\OneDrive\Documents\Kravitz Lab\freezeData\\0318\20260318124825-b86.83-f0.png,2026-03-18 12:48:25,0.0,60.03567213017274,7.313472653749651,436.2565532444,86.65528,0.5424885767051891
3719,C:\Users\joshy\OneDrive\Documents\Kravitz Lab\freezeData\\0318\20260318124845-b87.82-f2.png,2026-03-18 12:48:45,2.0,59.879658985844735,7.313016719241625,500.32204798398385,87.668712,0.5310656836757277
3720,C:\Users\joshy\OneDrive\Documents\Kravitz Lab\freezeData\\0318\20260318124903-b87.62-f4.png,2026-03-18 12:49:03,4.0,59.73248399905686,7.308492926267106,1466.222937809856,87.432804,0.5031328334184774
3721,C:\Users\joshy\OneDrive\Documents\Kravitz Lab\freezeData\\0318\20260318124921-b89.12-f6.png,2026-03-18 12:49:21,6.0,60.15651169637336,7.345569658767113,566.5481276594559,88.965064,0.49975928008221826
3722,C:\Users\joshy\OneDrive\Documents\Kravitz Lab\freezeData\\0318\20260318124941-b90.75-f8.png,2026-03-18 12:49:41,8.0,59.92238548889335,7.357212950980537,441.532211416304,90.606908,0.4908890852206615
3723,C:\Users\joshy\OneDrive\Documents\Kravitz Lab\freezeData\\0318\20260318124959-b92.14-f10.png,2026-03-18 12:49:59,10.0,59.518329071811145,7.371334052141811,476.6448716864,92.01614,0.47406947762858853
3724,C:\Users\joshy\OneDrive\Documents\Kravitz Lab\freezeData\\0318\20260318125017-b87.42-f0.png,2026-03-18 12:50:17,0.0,59.7739543878414,7.321335841292597,413.86548271857606,87.254984,0.5448499356672222
3725,C:\Users\joshy\OneDrive\Documents\Kravitz Lab\freezeData\\0318\20260318125037-b87.80-f2.png,2026-03-18 12:50:37,2.0,60.021157809567654,7.352590744746846,484.077366636144,87.615824,0.5284352612879795
3726,C:\Users\joshy\OneDrive\Documents\Kravitz Lab\freezeData\\0318\20260318125055-b88.24-f4.png,2026-03-18 12:50:55,4.0,59.745987625214255,7.327716837280392,1231.909618765056,88.055088,0.5037719349044083
3727,C:\Users\joshy\OneDrive\Documents\Kravitz Lab\freezeData\\0318\20260318125113-b90.36-f6.png,2026-03-18 12:51:13,6.0,59.49352877745155,7.3439170520782,552.8103107833439,90.193612,0.5033843435502302
3728,C:\Users\joshy\OneDrive\Documents\Kravitz Lab\freezeData\\0318\20260318125132-b92.25-f8.png,2026-03-18 12:51:32,8.0,58.99518043230297,7.358648695264908,449.4031670474239,92.095004,0.491406365769958
3729,C:\Users\joshy\OneDrive\Documents\Kravitz Lab\freezeData\\0318\20260318125151-b93.78-f10.png,2026-03-18 12:51:51,10.0,58.53567976034296,7.364099987139241,455.07632681625597,93.640524,0.47601804989937624
3730,C:\Users\joshy\OneDrive\Documents\Kravitz Lab\freezeData\\0318\20260318125210-b88.90-f0.png,2026-03-18 12:52:10,0.0,58.77482583638352,7.320895708443882,416.12190605118394,88.720472,0.5496649295613126
3731,C:\Users\joshy\OneDrive\Documents\Kravitz Lab\freezeData\\0318\20260318125230-b89.56-f2.png,2026-03-18 12:52:30,2.0,58.91777431810826,7.333121797320761,480.15046576998395,89.361908,0.5320440566475365
3732,C:\Users\joshy\OneDrive\Documents\Kravitz Lab\freezeData\\0318\20260318125249-b90.17-f4.png,2026-03-18 12:52:49,4.0,58.94609259596771,7.337909483552526,1037.483583036016,89.96974,0.5044387348172635
3733,C:\Users\joshy\OneDrive\Documents\Kravitz Lab\freezeData\\0318\20260318125308-b92.16-f6.png,2026-03-18 12:53:08,6.0,58.38320409106112,7.331657178873728,544.419145114624,91.999752,0.5050314031954601
3734,C:\Users\joshy\OneDrive\Documents\Kravitz Lab\freezeData\\0318\20260318125327-b94.06-f8.png,2026-03-18 12:53:27,8.0,57.82872804722843,7.33998686743146,442.859777578864,93.897236,0.493692401186453
3735,C:\Users\joshy\OneDrive\Documents\Kravitz Lab\freezeData\\0318\20260318125346-b95.41-f10.png,2026-03-18 12:53:46,10.0,57.22610057613865,7.3425262045417075,489.04997870040006,95.280608,0.4740984775791647
3736,C:\Users\joshy\OneDrive\Documents\Kravitz Lab\freezeData\\0318\20260318125405-b89.66-f0.png,2026-03-18 12:54:05,0.0,58.02071257734238,7.30692832400074,427.8560395591039,89.499868,0.5519642849494109
3737,C:\Users\joshy\OneDrive\Documents\Kravitz Lab\freezeData\\0318\20260318125423-b90.40-f2.png,2026-03-18 12:54:23,2.0,58.20325812992726,7.318739029438739,458.99281993574397,90.209416,0.5347132113430229
3738,C:\Users\joshy\OneDrive\Documents\Kravitz Lab\freezeData\\0318\20260318125442-b90.99-f4.png,2026-03-18 12:54:42,4.0,58.30000623943857,7.323996058283939,846.2841947650561,90.801132,0.5076168255334464
3739,C:\Users\joshy\OneDrive\Documents\Kravitz Lab\freezeData\\0318\20260318125500-b92.70-f6.png,2026-03-18 12:55:00,6.0,57.845647177066795,7.319760981094012,542.5743887099999,92.559048,0.5031764904322328
3740,C:\Users\joshy\OneDrive\Documents\Kravitz Lab\freezeData\\0318\20260318125520-b94.36-f8.png,2026-03-18 12:55:20,8.0,57.29327588000756,7.323640488490424,452.148545652976,94.214688,0.4925570016339174
3741,C:\Users\joshy\OneDrive\Documents\Kravitz Lab\freezeData\\0318\20260318125538-b95.98-f10.png,2026-03-18 12:55:38,10.0,56.69538674219426,7.322953301614937,479.40769075454403,95.856968,0.477013700197075
3742,C:\Users\joshy\OneDrive\Documents\Kravitz Lab\freezeData\\0318\20260318125556-b90.13-f0.png,2026-03-18 12:55:56,0.0,57.53521462998799,7.2923877672194015,429.5909343820159,89.966096,0.554964142927356
3743,C:\Users\joshy\OneDrive\Documents\Kravitz Lab\freezeData\\0318\20260318125615-b90.92-f2.png,2026-03-18 12:56:15,2.0,57.61237099624989,7.304818680292324,445.60703676,90.739408,0.5348301220103304
3744,C:\Users\joshy\OneDrive\Documents\Kravitz Lab\freezeData\\0318\20260318125633-b91.52-f4.png,2026-03-18 12:56:33,4.0,57.69690252122379,7.31171435025342,881.6055111070559,91.34242,0.5033547102497
3745,C:\Users\joshy\OneDrive\Documents\Kravitz Lab\freezeData\\0318\20260318125653-b93.33-f6.png,2026-03-18 12:56:53,6.0,57.17634659514034,7.305358963229683,521.533133554176,93.163872,0.5035793322659077
3746,C:\Users\joshy\OneDrive\Documents\Kravitz Lab\freezeData\\0318\20260318125711-b95.17-f8.png,2026-03-18 12:57:11,8.0,56.57510729413225,7.301149024180014,410.6406179148639,94.989868,0.49781731685291214
3747,C:\Users\joshy\OneDrive\Documents\Kravitz Lab\freezeData\\0318\20260318125749-b90.58-f0.png,2026-03-18 12:57:49,0.0,56.93400217093247,7.2756706857205415,412.81554751000004,90.400016,0.558783807451048
3748,C:\Users\joshy\OneDrive\Documents\Kravitz Lab\freezeData\\0318\20260318125729-b96.47-f10.png,2026-03-18 12:57:29,10.0,55.91037412861109,7.29849004784643,480.566803101296,96.331356,0.4776132809552735
3749,C:\Users\joshy\OneDrive\Documents\Kravitz Lab\freezeData\\0318\20260318125807-b91.39-f2.png,2026-03-18 12:58:07,2.0,57.02998234560961,7.290754114170047,437.47766420529604,91.209384,0.5384855048283603
3750,C:\Users\joshy\OneDrive\Documents\Kravitz Lab\freezeData\\0318\20260318125826-b92.08-f4.png,2026-03-18 12:58:26,4.0,57.03215176755777,7.293572626066347,702.175734819824,91.921484,0.5107967171872498
3751,C:\Users\joshy\OneDrive\Documents\Kravitz Lab\freezeData\\0318\20260318125845-b93.92-f6.png,2026-03-18 12:58:45,6.0,56.55059774501415,7.288986465542857,488.4116297599999,93.77104,0.5070780559899327
3752,C:\Users\joshy\OneDrive\Documents\Kravitz Lab\freezeData\\0318\20260318125904-b95.52-f8.png,2026-03-18 12:59:04,8.0,56.032616726810254,7.288417158307517,447.22138199494395,95.357372,0.4958684413993392
3753,C:\Users\joshy\OneDrive\Documents\Kravitz Lab\freezeData\\0318\20260318125924-b96.81-f10.png,2026-03-18 12:59:24,10.0,55.53639060066486,7.285591785459377,460.240443274096,96.651628,0.48267359194670584
3754,C:\Users\joshy\OneDrive\Documents\Kravitz Lab\freezeData\\0318\20260318125942-b90.88-f0.png,2026-03-18 12:59:42,0.0,56.5849356872557,7.265644763536615,420.7277566730239,90.705556,0.5610667477942729
