,filename,time,focus,pixel_std,entropy,laplace_var,brightness,ssim
0,C:\Users\joshy\OneDrive\Documents\Kravitz Lab\freezeData\\0322\20260319105344-b94.52-f8.png,2026-03-19 10:53:44,8.0,59.34958744689355,7.435469821402682,451.2748417216,94.348244,0.6993742398574261
1,C:\Users\joshy\OneDrive\Documents\Kravitz Lab\freezeData\\0322\20260319105210-b94.24-f10.png,2026-03-19 10:52:10,10.0,59.46168297220993,7.41967557139057,515.7836386555999,94.09682,0.6321937605423675
2,C:\Users\joshy\OneDrive\Documents\Kravitz Lab\freezeData\\0322\20260319105248-b94.24-f2.png,2026-03-19 10:52:48,2.0,58.15936757825057,7.448909831236151,466.198308092656,94.067044,0.7955738044786489
3,C:\Users\joshy\OneDrive\Documents\Kravitz Lab\freezeData\\0322\20260319105403-b94.17-f10.png,2026-03-19 10:54:03,10.0,59.504049584030966,7.421080459699067,515.855410022656,94.040928,0.6337896404460476
4,C:\Users\joshy\OneDrive\Documents\Kravitz Lab\freezeData\\0322\20260319105326-b94.80-f6.png,2026-03-19 10:53:26,6.0,58.98832874857873,7.442747640204201,437.533007386096,94.63136,0.7763685348795514
5,C:\Users\joshy\OneDrive\Documents\Kravitz Lab\freezeData\\0322\20260319105229-b93.84-f0.png,2026-03-19 10:52:29,0.0,57.84158295702496,7.439181199849192,443.06081740537604,93.67484,0.7446607533405379
6,C:\Users\joshy\OneDrive\Documents\Kravitz Lab\freezeData\\0322\20260319105306-b94.86-f4.png,2026-03-19 10:53:06,4.0,58.798881324254324,7.452076591016316,428.74811319833606,94.686984,0.8416460724837261
7,C:\Users\joshy\OneDrive\Documents\Kravitz Lab\freezeData\\0322\20260319105422-b93.96-f0.png,2026-03-19 10:54:22,0.0,57.73076507722377,7.440819777072844,443.9237875056,93.79228,0.7451334892275524
8,C:\Users\joshy\OneDrive\Documents\Kravitz Lab\freezeData\\0322\20260319105440-b94.48-f2.png,2026-03-19 10:54:40,2.0,58.263191183312436,7.447168538671584,457.0359503651841,94.306028,0.7972915824458945
9,C:\Users\joshy\OneDrive\Documents\Kravitz Lab\freezeData\\0322\20260319105459-b94.58-f4.png,2026-03-19 10:54:59,4.0,58.64942084383251,7.451855768993435,429.78239914342396,94.399468,0.8411767116652888
10,C:\Users\joshy\OneDrive\Documents\Kravitz Lab\freezeData\\0322\20260319105536-b94.40-f8.png,2026-03-19 10:55:36,8.0,59.25382119475246,7.431230169993455,462.9740918396001,94.245548,0.6984927718041397
11,C:\Users\joshy\OneDrive\Documents\Kravitz Lab\freezeData\\0322\20260319105518-b94.57-f6.png,2026-03-19 10:55:18,6.0,58.991049121230446,7.436934778049761,425.4007795056,94.387024,0.7769060577490426
12,C:\Users\joshy\OneDrive\Documents\Kravitz Lab\freezeData\\0322\20260319105554-b94.20-f10.png,2026-03-19 10:55:54,10.0,59.45184644226835,7.423180919865137,518.328050022656,94.059788,0.6341060573864586
13,C:\Users\joshy\OneDrive\Documents\Kravitz Lab\freezeData\\0322\20260319105613-b93.76-f0.png,2026-03-19 10:56:13,0.0,57.72448436507074,7.4356331093736445,435.24872860159985,93.578948,0.7445848376357259
14,C:\Users\joshy\OneDrive\Documents\Kravitz Lab\freezeData\\0322\20260319105632-b94.63-f2.png,2026-03-19 10:56:32,2.0,58.27207305910728,7.453134280338448,468.666683262064,94.446508,0.7953172028952915
15,C:\Users\joshy\OneDrive\Documents\Kravitz Lab\freezeData\\0322\20260319105651-b94.76-f4.png,2026-03-19 10:56:51,4.0,58.61006529249051,7.450530487762354,416.7466278204001,94.5671,0.8427269444430476
16,C:\Users\joshy\OneDrive\Documents\Kravitz Lab\freezeData\\0322\20260319105709-b94.82-f6.png,2026-03-19 10:57:09,6.0,58.97793012261261,7.4442263681665,432.26260575,94.659168,0.7760289089232422
17,C:\Users\joshy\OneDrive\Documents\Kravitz Lab\freezeData\\0322\20260319105729-b94.65-f8.png,2026-03-19 10:57:29,8.0,59.28453699659958,7.434959156948584,450.990402692544,94.486104,0.6985330121617215
18,C:\Users\joshy\OneDrive\Documents\Kravitz Lab\freezeData\\0322\20260319105747-b94.10-f10.png,2026-03-19 10:57:47,10.0,59.40888242196461,7.418327201626576,503.714350803184,93.947072,0.6349360871600789
19,C:\Users\joshy\OneDrive\Documents\Kravitz Lab\freezeData\\0322\20260319105806-b93.94-f0.png,2026-03-19 10:58:06,0.0,57.84363961717637,7.443529331586915,454.44790747161596,93.772668,0.7425145697022805
20,C:\Users\joshy\OneDrive\Documents\Kravitz Lab\freezeData\\0322\20260319105825-b94.57-f2.png,2026-03-19 10:58:25,2.0,58.211892735095155,7.448068331184334,471.576259728624,94.396076,0.7962042341143105
21,C:\Users\joshy\OneDrive\Documents\Kravitz Lab\freezeData\\0322\20260319105845-b94.55-f4.png,2026-03-19 10:58:45,4.0,58.74170582414903,7.452390164195483,429.04207776,94.369444,0.842388828786626
22,C:\Users\joshy\OneDrive\Documents\Kravitz Lab\freezeData\\0322\20260319105902-b94.83-f6.png,2026-03-19 10:59:02,6.0,59.12652058167049,7.4455085502313505,440.0719868016,94.667964,0.7761475795819671
23,C:\Users\joshy\OneDrive\Documents\Kravitz Lab\freezeData\\0322\20260319105920-b94.21-f8.png,2026-03-19 10:59:20,8.0,59.22908546400911,7.431200578798242,459.07150191000005,94.056348,0.700075745546962
24,C:\Users\joshy\OneDrive\Documents\Kravitz Lab\freezeData\\0322\20260319105959-b94.07-f0.png,2026-03-19 10:59:59,0.0,57.76571691851782,7.439498577447498,456.02257069158406,93.904392,0.7428955767586182
25,C:\Users\joshy\OneDrive\Documents\Kravitz Lab\freezeData\\0322\20260319105940-b94.28-f10.png,2026-03-19 10:59:40,10.0,59.45655649874977,7.420896457128714,525.159208036976,94.140176,0.6339433433576471
26,C:\Users\joshy\OneDrive\Documents\Kravitz Lab\freezeData\\0322\20260319110018-b94.55-f2.png,2026-03-19 11:00:18,2.0,58.36336022694732,7.452236176836426,435.089583566784,94.352328,0.7969591493209942
27,C:\Users\joshy\OneDrive\Documents\Kravitz Lab\freezeData\\0322\20260319110037-b94.72-f4.png,2026-03-19 11:00:37,4.0,58.61399585764355,7.448023908274189,402.77074397977594,94.525012,0.8439057564186995
28,C:\Users\joshy\OneDrive\Documents\Kravitz Lab\freezeData\\0322\20260319110056-b94.53-f6.png,2026-03-19 11:00:56,6.0,58.959107810128884,7.444024037112821,427.62987806590394,94.36656,0.7784198788061617
29,C:\Users\joshy\OneDrive\Documents\Kravitz Lab\freezeData\\0322\20260319110114-b94.81-f8.png,2026-03-19 11:01:14,8.0,59.22723260675224,7.43134823114876,416.361863222784,94.636608,0.7003041141795606
30,C:\Users\joshy\OneDrive\Documents\Kravitz Lab\freezeData\\0322\20260319110133-b94.12-f10.png,2026-03-19 11:01:33,10.0,59.480960007727646,7.423767743132407,487.300813683824,93.959152,0.6351474000110217
31,C:\Users\joshy\OneDrive\Documents\Kravitz Lab\freezeData\\0322\20260319110152-b93.79-f0.png,2026-03-19 11:01:52,0.0,57.76542834247834,7.441520022674151,424.87309039257605,93.6021,0.7446595352610266
32,C:\Users\joshy\OneDrive\Documents\Kravitz Lab\freezeData\\0322\20260319110211-b94.48-f2.png,2026-03-19 11:02:11,2.0,58.30220376270372,7.452354604785521,431.748721938416,94.281724,0.7950049395918514
33,C:\Users\joshy\OneDrive\Documents\Kravitz Lab\freezeData\\0322\20260319110231-b94.76-f4.png,2026-03-19 11:02:31,4.0,58.4614893698748,7.444075080652148,400.2397046016,94.582004,0.8425704784250434
34,C:\Users\joshy\OneDrive\Documents\Kravitz Lab\freezeData\\0322\20260319110249-b94.69-f6.png,2026-03-19 11:02:49,6.0,59.033380355185486,7.443019795685414,423.194422561776,94.5128,0.7769498625147515
35,C:\Users\joshy\OneDrive\Documents\Kravitz Lab\freezeData\\0322\20260319110307-b93.88-f8.png,2026-03-19 11:03:07,8.0,59.15860006571231,7.428639739298181,438.43010930430404,93.710652,0.6974529662181597
36,C:\Users\joshy\OneDrive\Documents\Kravitz Lab\freezeData\\0322\20260319110326-b94.48-f10.png,2026-03-19 11:03:26,10.0,59.559332990972955,7.4238311315494565,509.43457261310397,94.33552,0.6347341655716767
37,C:\Users\joshy\OneDrive\Documents\Kravitz Lab\freezeData\\0322\20260319110345-b94.00-f0.png,2026-03-19 11:03:45,0.0,57.74057438117845,7.436562855393312,428.99696492439995,93.82354,0.7451178549653402
38,C:\Users\joshy\OneDrive\Documents\Kravitz Lab\freezeData\\0322\20260319110422-b94.55-f4.png,2026-03-19 11:04:22,4.0,58.480062488283984,7.446821937406842,413.28096820473604,94.35392,0.8417407434555252
39,C:\Users\joshy\OneDrive\Documents\Kravitz Lab\freezeData\\0322\20260319110403-b94.58-f2.png,2026-03-19 11:04:03,2.0,58.13310310943671,7.44962078940493,451.31712311959996,94.40974,0.7950777730594781
40,C:\Users\joshy\OneDrive\Documents\Kravitz Lab\freezeData\\0322\20260319110442-b94.69-f6.png,2026-03-19 11:04:42,6.0,59.01648171550602,7.448738834134714,421.67399782974394,94.513188,0.775914720359919
41,C:\Users\joshy\OneDrive\Documents\Kravitz Lab\freezeData\\0322\20260319110500-b94.55-f8.png,2026-03-19 11:05:00,8.0,59.30201615495459,7.430378308288842,446.76191614406406,94.401248,0.7000343218780668
42,C:\Users\joshy\OneDrive\Documents\Kravitz Lab\freezeData\\0322\20260319110519-b94.26-f10.png,2026-03-19 11:05:19,10.0,59.47045440918494,7.420616038057475,485.554225303024,94.106416,0.635735674540742
43,C:\Users\joshy\OneDrive\Documents\Kravitz Lab\freezeData\\0322\20260319110539-b93.82-f0.png,2026-03-19 11:05:39,0.0,57.752355140467685,7.441755317534219,439.6124077056,93.649036,0.742695794150328
44,C:\Users\joshy\OneDrive\Documents\Kravitz Lab\freezeData\\0322\20260319110557-b94.57-f2.png,2026-03-19 11:05:57,2.0,58.15004058611743,7.452018627953652,451.695116966896,94.385336,0.794538618688009
45,C:\Users\joshy\OneDrive\Documents\Kravitz Lab\freezeData\\0322\20260319110615-b94.71-f4.png,2026-03-19 11:06:15,4.0,58.56248589623306,7.449239413572194,403.734850734064,94.522752,0.8415188261264932
46,C:\Users\joshy\OneDrive\Documents\Kravitz Lab\freezeData\\0322\20260319110653-b94.63-f8.png,2026-03-19 11:06:53,8.0,59.26469337416415,7.432939517459922,443.776460215296,94.465952,0.6991636315635948
47,C:\Users\joshy\OneDrive\Documents\Kravitz Lab\freezeData\\0322\20260319110635-b94.59-f6.png,2026-03-19 11:06:35,6.0,58.993261165578424,7.444474589807812,426.94072308934403,94.412816,0.7766313402943256
48,C:\Users\joshy\OneDrive\Documents\Kravitz Lab\freezeData\\0322\20260319110712-b94.08-f10.png,2026-03-19 11:07:12,10.0,59.40628207722399,7.417683624453552,480.6064712428639,93.919964,0.6356893428651748
49,C:\Users\joshy\OneDrive\Documents\Kravitz Lab\freezeData\\0322\20260319110732-b93.68-f0.png,2026-03-19 11:07:32,0.0,57.749642926148034,7.4409061026844645,428.229834580416,93.50468,0.7416166137878458
50,C:\Users\joshy\OneDrive\Documents\Kravitz Lab\freezeData\\0322\20260319110752-b94.27-f2.png,2026-03-19 11:07:52,2.0,58.225430709197305,7.449502143445651,448.16039016550405,94.080092,0.7949130386786715
51,C:\Users\joshy\OneDrive\Documents\Kravitz Lab\freezeData\\0322\20260319110810-b94.74-f4.png,2026-03-19 11:08:10,4.0,58.53209399734897,7.4495450346400665,402.338642831216,94.555752,0.8429856643145435
52,C:\Users\joshy\OneDrive\Documents\Kravitz Lab\freezeData\\0322\20260319110830-b94.65-f6.png,2026-03-19 11:08:30,6.0,58.973662817033976,7.445389536208068,429.0345261822561,94.494528,0.775319350668221
53,C:\Users\joshy\OneDrive\Documents\Kravitz Lab\freezeData\\0322\20260319110849-b94.50-f8.png,2026-03-19 11:08:49,8.0,59.28213555890118,7.43001054594018,448.97079768160006,94.338992,0.699503716453638
54,C:\Users\joshy\OneDrive\Documents\Kravitz Lab\freezeData\\0322\20260319110907-b94.45-f10.png,2026-03-19 11:09:07,10.0,59.49451910605762,7.417779835113967,497.30834599,94.306288,0.6348109623393416
55,C:\Users\joshy\OneDrive\Documents\Kravitz Lab\freezeData\\0322\20260319110926-b94.00-f0.png,2026-03-19 11:09:26,0.0,57.79926620826946,7.440144084312273,438.36401846809594,93.81816,0.7444610564906198
56,C:\Users\joshy\OneDrive\Documents\Kravitz Lab\freezeData\\0322\20260319110946-b94.56-f2.png,2026-03-19 11:09:46,2.0,58.13731808061324,7.452394941801472,455.341932404464,94.38456,0.7963816027567764
57,C:\Users\joshy\OneDrive\Documents\Kravitz Lab\freezeData\\0322\20260319111003-b94.65-f4.png,2026-03-19 11:10:03,4.0,58.48177573488835,7.448106667570253,401.4710331627359,94.456332,0.8414720916423528
58,C:\Users\joshy\OneDrive\Documents\Kravitz Lab\freezeData\\0322\20260319111023-b94.51-f6.png,2026-03-19 11:10:23,6.0,58.925990716732116,7.44097483549757,410.06840618225607,94.32746,0.7775552160293026
59,C:\Users\joshy\OneDrive\Documents\Kravitz Lab\freezeData\\0322\20260319111041-b94.72-f8.png,2026-03-19 11:10:41,8.0,59.303416706554245,7.435887823073905,417.560219451376,94.536972,0.6989226761462067
60,C:\Users\joshy\OneDrive\Documents\Kravitz Lab\freezeData\\0322\20260319111100-b94.64-f10.png,2026-03-19 11:11:00,10.0,59.53522678231019,7.423444031204214,478.627880668016,94.490836,0.6349354989352277
61,C:\Users\joshy\OneDrive\Documents\Kravitz Lab\freezeData\\0322\20260319111119-b93.67-f0.png,2026-03-19 11:11:19,0.0,57.626340331848105,7.438475120275799,399.7255329244,93.463504,0.7425837074349826
62,C:\Users\joshy\OneDrive\Documents\Kravitz Lab\freezeData\\0322\20260319111137-b94.54-f2.png,2026-03-19 11:11:37,2.0,58.231820477743746,7.451659024852784,421.89834827160007,94.341268,0.7952689185298518
63,C:\Users\joshy\OneDrive\Documents\Kravitz Lab\freezeData\\0322\20260319111155-b94.60-f4.png,2026-03-19 11:11:55,4.0,58.64672233366963,7.4493783062941645,394.7255288176001,94.402884,0.8426135349986369
64,C:\Users\joshy\OneDrive\Documents\Kravitz Lab\freezeData\\0322\20260319111215-b94.85-f6.png,2026-03-19 11:12:15,6.0,58.930156094392146,7.442719404129644,403.60621136889597,94.657476,0.7763016560262143
65,C:\Users\joshy\OneDrive\Documents\Kravitz Lab\freezeData\\0322\20260319111234-b94.69-f8.png,2026-03-19 11:12:34,8.0,59.32602103430825,7.434644912951699,429.376512341504,94.509604,0.6988148824476262
66,C:\Users\joshy\OneDrive\Documents\Kravitz Lab\freezeData\\0322\20260319111252-b94.13-f10.png,2026-03-19 11:12:52,10.0,59.37914365254441,7.417605743682947,500.539140215296,93.973864,0.6349825604639754
67,C:\Users\joshy\OneDrive\Documents\Kravitz Lab\freezeData\\0322\20260319111311-b93.99-f0.png,2026-03-19 11:13:11,0.0,57.78648696681064,7.443431644160134,404.289489928704,93.792568,0.7416273591172718
68,C:\Users\joshy\OneDrive\Documents\Kravitz Lab\freezeData\\0322\20260319111331-b94.62-f2.png,2026-03-19 11:13:31,2.0,58.20833921189107,7.449857954147709,427.3792093201761,94.415868,0.7958683282713223
69,C:\Users\joshy\OneDrive\Documents\Kravitz Lab\freezeData\\0322\20260319111348-b94.51-f4.png,2026-03-19 11:13:48,4.0,58.61943151890507,7.448889432269823,403.07315059902396,94.31498,0.8415860194529172
70,C:\Users\joshy\OneDrive\Documents\Kravitz Lab\freezeData\\0322\20260319111408-b94.74-f6.png,2026-03-19 11:14:08,6.0,58.899815942544336,7.443192985928008,414.47233947161595,94.55812,0.7762035497714491
71,C:\Users\joshy\OneDrive\Documents\Kravitz Lab\freezeData\\0322\20260319111427-b94.70-f8.png,2026-03-19 11:14:27,8.0,59.16397036381058,7.43001623653218,421.614181613056,94.522512,0.6989215849584497
72,C:\Users\joshy\OneDrive\Documents\Kravitz Lab\freezeData\\0322\20260319111446-b94.26-f10.png,2026-03-19 11:14:46,10.0,59.43623424227346,7.42284216152943,478.62135175,94.09824,0.6370392076732286
73,C:\Users\joshy\OneDrive\Documents\Kravitz Lab\freezeData\\0322\20260319111505-b93.83-f0.png,2026-03-19 11:15:05,0.0,57.877429437164324,7.439917251323901,427.907413669744,93.656492,0.742569782612065
74,C:\Users\joshy\OneDrive\Documents\Kravitz Lab\freezeData\\0322\20260319111524-b94.76-f2.png,2026-03-19 11:15:24,2.0,58.25861805736157,7.452091828743077,434.53319826560005,94.555408,0.7963326159015195
75,C:\Users\joshy\OneDrive\Documents\Kravitz Lab\freezeData\\0322\20260319111542-b94.60-f4.png,2026-03-19 11:15:42,4.0,58.540550932109134,7.451319299817186,401.41305168254405,94.413556,0.8426340070166628
76,C:\Users\joshy\OneDrive\Documents\Kravitz Lab\freezeData\\0322\20260319111602-b94.75-f6.png,2026-03-19 11:16:02,6.0,58.95022207625685,7.4422550101765035,414.214475640256,94.5646,0.7755667768906225
77,C:\Users\joshy\OneDrive\Documents\Kravitz Lab\freezeData\\0322\20260319111622-b94.65-f8.png,2026-03-19 11:16:22,8.0,59.203789332432294,7.431202158348102,433.9279866925441,94.487324,0.6987298755516025
78,C:\Users\joshy\OneDrive\Documents\Kravitz Lab\freezeData\\0322\20260319111639-b93.91-f10.png,2026-03-19 11:16:39,10.0,59.31448891528019,7.417194232349857,498.0701544704,93.750848,0.6346513492361192
79,C:\Users\joshy\OneDrive\Documents\Kravitz Lab\freezeData\\0322\20260319111658-b93.84-f0.png,2026-03-19 11:16:58,0.0,57.70330955084167,7.440249820758828,426.21557342590404,93.647088,0.7432276081407896
80,C:\Users\joshy\OneDrive\Documents\Kravitz Lab\freezeData\\0322\20260319111717-b94.65-f2.png,2026-03-19 11:17:17,2.0,58.224965097384136,7.452940863841622,413.01064051430393,94.43078,0.7947572228208178
81,C:\Users\joshy\OneDrive\Documents\Kravitz Lab\freezeData\\0322\20260319111734-b94.38-f4.png,2026-03-19 11:17:34,4.0,58.55882084326275,7.445856220674342,390.91556915654405,94.174784,0.8416257903497173
82,C:\Users\joshy\OneDrive\Documents\Kravitz Lab\freezeData\\0322\20260319111753-b94.64-f6.png,2026-03-19 11:17:53,6.0,58.844735713564184,7.443264898115892,404.141523870976,94.449972,0.7750142554044409
83,C:\Users\joshy\OneDrive\Documents\Kravitz Lab\freezeData\\0322\20260319111813-b94.55-f8.png,2026-03-19 11:18:13,8.0,59.28463236041381,7.432843099238998,423.2828284282239,94.367524,0.6995925872279866
84,C:\Users\joshy\OneDrive\Documents\Kravitz Lab\freezeData\\0322\20260319111831-b94.12-f10.png,2026-03-19 11:18:31,10.0,59.360380498777126,7.417422579635992,492.041909199104,93.95102,0.6340481035983778
85,C:\Users\joshy\OneDrive\Documents\Kravitz Lab\freezeData\\0322\20260319111850-b93.85-f0.png,2026-03-19 11:18:50,0.0,57.82504947008221,7.444447062742186,425.64734194839997,93.667612,0.7430955106605291
86,C:\Users\joshy\OneDrive\Documents\Kravitz Lab\freezeData\\0322\20260319111927-b94.64-f4.png,2026-03-19 11:19:27,4.0,58.48986018438629,7.444511547579176,393.68762981113605,94.446712,0.841358020884013
87,C:\Users\joshy\OneDrive\Documents\Kravitz Lab\freezeData\\0322\20260319111909-b94.61-f2.png,2026-03-19 11:19:09,2.0,58.29379518199157,7.451156642452318,436.229331957104,94.410004,0.7974709155891019
88,C:\Users\joshy\OneDrive\Documents\Kravitz Lab\freezeData\\0322\20260319111947-b94.79-f6.png,2026-03-19 11:19:47,6.0,59.06805181755701,7.444323223315906,402.060971870976,94.60972,0.7758991964509685
89,C:\Users\joshy\OneDrive\Documents\Kravitz Lab\freezeData\\0322\20260319112005-b94.82-f8.png,2026-03-19 11:20:05,8.0,59.24156028940372,7.434927496203553,447.8139770252639,94.656788,0.698930775084427
90,C:\Users\joshy\OneDrive\Documents\Kravitz Lab\freezeData\\0322\20260319112023-b94.32-f10.png,2026-03-19 11:20:23,10.0,59.428432953708075,7.420698308866566,503.72551417241596,94.179568,0.6356984951605391
91,C:\Users\joshy\OneDrive\Documents\Kravitz Lab\freezeData\\0322\20260319112042-b93.87-f0.png,2026-03-19 11:20:42,0.0,57.692271731731836,7.439270168031964,435.87786905150404,93.695996,0.7411481062414806
92,C:\Users\joshy\OneDrive\Documents\Kravitz Lab\freezeData\\0322\20260319112102-b94.34-f2.png,2026-03-19 11:21:02,2.0,58.10196271894436,7.447693396380864,447.66250314342403,94.15492,0.794538831905684
93,C:\Users\joshy\OneDrive\Documents\Kravitz Lab\freezeData\\0322\20260319112120-b94.29-f4.png,2026-03-19 11:21:20,4.0,58.528882897812565,7.447040732050527,401.1930958432639,94.103512,0.8412994771940863
94,C:\Users\joshy\OneDrive\Documents\Kravitz Lab\freezeData\\0322\20260319112138-b94.32-f6.png,2026-03-19 11:21:38,6.0,58.94513699839755,7.441776659102115,413.9051164354559,94.135012,0.7771570154786034
95,C:\Users\joshy\OneDrive\Documents\Kravitz Lab\freezeData\\0322\20260319112158-b94.77-f8.png,2026-03-19 11:21:58,8.0,59.28500592913578,7.437833352980987,434.003431483904,94.603344,0.6990703757504199
96,C:\Users\joshy\OneDrive\Documents\Kravitz Lab\freezeData\\0322\20260319112216-b94.35-f10.png,2026-03-19 11:22:16,10.0,59.37083050653396,7.421582470823584,494.513485228016,94.190696,0.6346325742070198
97,C:\Users\joshy\OneDrive\Documents\Kravitz Lab\freezeData\\0322\20260319112235-b93.91-f0.png,2026-03-19 11:22:35,0.0,57.740067514626276,7.4423181802658025,437.26663324,93.73492,0.743192161461652
98,C:\Users\joshy\OneDrive\Documents\Kravitz Lab\freezeData\\0322\20260319112255-b94.62-f2.png,2026-03-19 11:22:55,2.0,58.15295995352601,7.454609201923441,452.83857949694396,94.42794,0.7960788132296994
99,C:\Users\joshy\OneDrive\Documents\Kravitz Lab\freezeData\\0322\20260319112313-b94.69-f4.png,2026-03-19 11:23:13,4.0,58.60750325490701,7.4506511901408246,401.94953620473603,94.498508,0.8424101769665103
100,C:\Users\joshy\OneDrive\Documents\Kravitz Lab\freezeData\\0322\20260319112331-b94.64-f6.png,2026-03-19 11:23:31,6.0,58.980825761542675,7.445522737860862,409.03157410481595,94.438612,0.774894109901729
101,C:\Users\joshy\OneDrive\Documents\Kravitz Lab\freezeData\\0322\20260319112351-b94.77-f8.png,2026-03-19 11:23:51,8.0,59.22007336418502,7.429779719043207,436.297910581616,94.597112,0.7001240895564187
102,C:\Users\joshy\OneDrive\Documents\Kravitz Lab\freezeData\\0322\20260319112409-b94.49-f10.png,2026-03-19 11:24:09,10.0,59.46508436184716,7.422059156761689,508.820664321904,94.34628,0.6338660206828488
103,C:\Users\joshy\OneDrive\Documents\Kravitz Lab\freezeData\\0322\20260319112428-b94.02-f0.png,2026-03-19 11:24:28,0.0,57.687592854679735,7.439798472075279,433.66779348729597,93.842448,0.7413191176632
104,C:\Users\joshy\OneDrive\Documents\Kravitz Lab\freezeData\\0322\20260319112447-b94.45-f2.png,2026-03-19 11:24:47,2.0,58.07136224628329,7.4490151245050455,442.05939207014404,94.240788,0.7950979682115095
105,C:\Users\joshy\OneDrive\Documents\Kravitz Lab\freezeData\\0322\20260319112505-b94.70-f4.png,2026-03-19 11:25:05,4.0,58.65709813412525,7.450778365703653,416.836622806976,94.52094,0.8409965833640564
106,C:\Users\joshy\OneDrive\Documents\Kravitz Lab\freezeData\\0322\20260319112523-b94.84-f6.png,2026-03-19 11:25:23,6.0,59.036189641221796,7.447590250784185,420.90665382974396,94.657736,0.7762739073054246
107,C:\Users\joshy\OneDrive\Documents\Kravitz Lab\freezeData\\0322\20260319112543-b94.80-f8.png,2026-03-19 11:25:43,8.0,59.311510709709765,7.43562161181736,438.02778222534397,94.619772,0.7021364615250284
108,C:\Users\joshy\OneDrive\Documents\Kravitz Lab\freezeData\\0322\20260319112602-b94.34-f10.png,2026-03-19 11:26:02,10.0,59.33271780583309,7.426048449769726,511.08872463999995,94.183624,0.6330261570525261
109,C:\Users\joshy\OneDrive\Documents\Kravitz Lab\freezeData\\0322\20260319112620-b94.15-f0.png,2026-03-19 11:26:20,0.0,57.70481339680689,7.441364449992909,434.4296250725761,93.972236,0.7432796585728344
110,C:\Users\joshy\OneDrive\Documents\Kravitz Lab\freezeData\\0322\20260319112640-b94.74-f2.png,2026-03-19 11:26:40,2.0,58.1128891511911,7.449038522738407,451.15884742681595,94.555376,0.7964841567590669
111,C:\Users\joshy\OneDrive\Documents\Kravitz Lab\freezeData\\0322\20260319112700-b94.62-f4.png,2026-03-19 11:27:00,4.0,58.56136097554769,7.449547350775088,406.2009653436,94.43054,0.8416394758889404
112,C:\Users\joshy\OneDrive\Documents\Kravitz Lab\freezeData\\0322\20260319112737-b94.63-f8.png,2026-03-19 11:27:37,8.0,59.2543512160029,7.434014311204425,426.646176955504,94.452524,0.699702403045373
113,C:\Users\joshy\OneDrive\Documents\Kravitz Lab\freezeData\\0322\20260319112718-b94.81-f6.png,2026-03-19 11:27:18,6.0,58.899975583891575,7.442653354377285,404.431055036016,94.630676,0.7759207524660272
114,C:\Users\joshy\OneDrive\Documents\Kravitz Lab\freezeData\\0322\20260319112758-b94.06-f10.png,2026-03-19 11:27:58,10.0,59.33503231439248,7.420243360073526,508.74281230257606,93.8955,0.6335838552958799
115,C:\Users\joshy\OneDrive\Documents\Kravitz Lab\freezeData\\0322\20260319112816-b93.93-f0.png,2026-03-19 11:28:16,0.0,57.72008796469028,7.440497778758288,430.207006297456,93.742696,0.7421186249080712
116,C:\Users\joshy\OneDrive\Documents\Kravitz Lab\freezeData\\0322\20260319112835-b94.59-f2.png,2026-03-19 11:28:35,2.0,58.17688092161201,7.4487305601238365,465.286087843264,94.390976,0.794746383699613
117,C:\Users\joshy\OneDrive\Documents\Kravitz Lab\freezeData\\0322\20260319112854-b94.73-f4.png,2026-03-19 11:28:54,4.0,58.59477147018645,7.452878354016839,413.31160784326397,94.532068,0.8412027145499329
118,C:\Users\joshy\OneDrive\Documents\Kravitz Lab\freezeData\\0322\20260319112913-b94.80-f6.png,2026-03-19 11:29:13,6.0,58.93689580143101,7.44288081521926,411.852627903424,94.621792,0.7763333696901363
119,C:\Users\joshy\OneDrive\Documents\Kravitz Lab\freezeData\\0322\20260319112931-b94.47-f8.png,2026-03-19 11:29:31,8.0,59.23468823290137,7.430497582948959,437.6187809205761,94.289824,0.6975400075817715
120,C:\Users\joshy\OneDrive\Documents\Kravitz Lab\freezeData\\0322\20260319113011-b94.14-f0.png,2026-03-19 11:30:11,0.0,57.60536855326996,7.440427166459585,406.800417198336,93.944956,0.7424735075130621
121,C:\Users\joshy\OneDrive\Documents\Kravitz Lab\freezeData\\0322\20260319112950-b94.26-f10.png,2026-03-19 11:29:50,10.0,59.41107745245885,7.42352160809393,513.7061321440641,94.102956,0.6340109199109972
122,C:\Users\joshy\OneDrive\Documents\Kravitz Lab\freezeData\\0322\20260319113029-b94.48-f2.png,2026-03-19 11:30:29,2.0,58.09592113610387,7.448096170125943,447.6155253436,94.28926,0.7961912819558339
123,C:\Users\joshy\OneDrive\Documents\Kravitz Lab\freezeData\\0322\20260319113048-b94.92-f4.png,2026-03-19 11:30:48,4.0,58.56378576593559,7.4501171634606225,411.268889734384,94.74704,0.8438470912062792
124,C:\Users\joshy\OneDrive\Documents\Kravitz Lab\freezeData\\0322\20260319113108-b94.75-f6.png,2026-03-19 11:31:08,6.0,58.8946008784804,7.444996849516177,414.684570468096,94.569364,0.7771927687733597
125,C:\Users\joshy\OneDrive\Documents\Kravitz Lab\freezeData\\0322\20260319113126-b94.55-f8.png,2026-03-19 11:31:26,8.0,59.24738675860005,7.431748430878019,435.5667293030239,94.360192,0.6992358830628198
126,C:\Users\joshy\OneDrive\Documents\Kravitz Lab\freezeData\\0322\20260319113144-b94.22-f10.png,2026-03-19 11:31:44,10.0,59.41140330282947,7.421619618368397,484.147293750016,94.050888,0.6347696647613508
127,C:\Users\joshy\OneDrive\Documents\Kravitz Lab\freezeData\\0322\20260319113205-b94.09-f0.png,2026-03-19 11:32:05,0.0,57.80524371525767,7.439601904972085,429.61686994839994,93.911892,0.7438266242681223
128,C:\Users\joshy\OneDrive\Documents\Kravitz Lab\freezeData\\0322\20260319113223-b94.53-f2.png,2026-03-19 11:32:23,2.0,58.22421298614177,7.450820572726983,456.6691742656,94.32462,0.7937951136024897
129,C:\Users\joshy\OneDrive\Documents\Kravitz Lab\freezeData\\0322\20260319113241-b94.61-f4.png,2026-03-19 11:32:41,4.0,58.57709314844498,7.4509170786893995,398.21300413758405,94.40472,0.8418826035279109
130,C:\Users\joshy\OneDrive\Documents\Kravitz Lab\freezeData\\0322\20260319113301-b94.64-f6.png,2026-03-19 11:33:01,6.0,59.103356467770936,7.446288084438622,408.52699239,94.44794,0.7765372703592474
131,C:\Users\joshy\OneDrive\Documents\Kravitz Lab\freezeData\\0322\20260319113320-b94.70-f8.png,2026-03-19 11:33:20,8.0,59.42553427957864,7.4362803540186135,439.6173430236,94.524568,0.6998779925662743
132,C:\Users\joshy\OneDrive\Documents\Kravitz Lab\freezeData\\0322\20260319113339-b94.17-f10.png,2026-03-19 11:33:39,10.0,59.577062432922155,7.421179374005039,498.5382781935999,94.010764,0.6367269688213365
133,C:\Users\joshy\OneDrive\Documents\Kravitz Lab\freezeData\\0322\20260319113358-b94.01-f0.png,2026-03-19 11:33:58,0.0,57.810214957200635,7.440724936704392,438.6802842716,93.823516,0.7433995596959269
134,C:\Users\joshy\OneDrive\Documents\Kravitz Lab\freezeData\\0322\20260319113418-b94.64-f2.png,2026-03-19 11:34:18,2.0,58.26114389259449,7.451796499203913,440.978995866096,94.44792,0.795297542235391
135,C:\Users\joshy\OneDrive\Documents\Kravitz Lab\freezeData\\0322\20260319113456-b94.72-f6.png,2026-03-19 11:34:56,6.0,58.88295261905415,7.443871565131498,424.65028305382396,94.531668,0.7760304236234179
136,C:\Users\joshy\OneDrive\Documents\Kravitz Lab\freezeData\\0322\20260319113515-b94.62-f8.png,2026-03-19 11:35:15,8.0,59.25816706257986,7.434595147418687,433.06832515160005,94.433876,0.6989300953357332
137,C:\Users\joshy\OneDrive\Documents\Kravitz Lab\freezeData\\0322\20260319113437-b94.80-f4.png,2026-03-19 11:34:37,4.0,58.68201350481301,7.44764069550053,402.5363495484,94.599212,0.8419714312259932
138,C:\Users\joshy\OneDrive\Documents\Kravitz Lab\freezeData\\0322\20260319113533-b94.19-f10.png,2026-03-19 11:35:33,10.0,59.32266344388458,7.4174407464111995,507.9511106556,94.04106,0.6343565263374888
139,C:\Users\joshy\OneDrive\Documents\Kravitz Lab\freezeData\\0322\20260319113552-b93.78-f0.png,2026-03-19 11:35:52,0.0,57.67114746772275,7.43910953193115,442.9177661435999,93.590276,0.7423610391140903
140,C:\Users\joshy\OneDrive\Documents\Kravitz Lab\freezeData\\0322\20260319113611-b94.74-f2.png,2026-03-19 11:36:11,2.0,58.24992505761071,7.452409453808385,426.55930754353597,94.536644,0.7954250388954514
141,C:\Users\joshy\OneDrive\Documents\Kravitz Lab\freezeData\\0322\20260319113630-b94.38-f4.png,2026-03-19 11:36:30,4.0,58.54262505035263,7.44719854151699,413.49067837361605,94.190232,0.8432174257958981
142,C:\Users\joshy\OneDrive\Documents\Kravitz Lab\freezeData\\0322\20260319113648-b94.65-f6.png,2026-03-19 11:36:48,6.0,59.023965468300965,7.446129826541813,420.5328757399041,94.470396,0.778637162189215
143,C:\Users\joshy\OneDrive\Documents\Kravitz Lab\freezeData\\0322\20260319113707-b94.40-f8.png,2026-03-19 11:37:07,8.0,59.25972382163805,7.433728138074217,425.96633644486394,94.224572,0.6990243171688048
144,C:\Users\joshy\OneDrive\Documents\Kravitz Lab\freezeData\\0322\20260319113745-b93.81-f0.png,2026-03-19 11:37:45,0.0,57.69155674198144,7.43987342310631,432.242275299776,93.630356,0.7412363614222057
145,C:\Users\joshy\OneDrive\Documents\Kravitz Lab\freezeData\\0322\20260319113725-b94.23-f10.png,2026-03-19 11:37:25,10.0,59.39146999296703,7.418766666634204,492.52756796542394,94.076864,0.6361671622468822
146,C:\Users\joshy\OneDrive\Documents\Kravitz Lab\freezeData\\0322\20260319113803-b94.28-f2.png,2026-03-19 11:38:03,2.0,58.1809366006564,7.449460763011079,448.12298862334393,94.09948,0.7956696305426189
147,C:\Users\joshy\OneDrive\Documents\Kravitz Lab\freezeData\\0322\20260319113822-b94.47-f4.png,2026-03-19 11:38:22,4.0,58.557833014982926,7.449454095172795,414.5698434033759,94.275624,0.8406907445398037
148,C:\Users\joshy\OneDrive\Documents\Kravitz Lab\freezeData\\0322\20260319113841-b94.67-f6.png,2026-03-19 11:38:41,6.0,58.88963588064317,7.44500679813363,411.3437315056,94.484708,0.7769898389942331
149,C:\Users\joshy\OneDrive\Documents\Kravitz Lab\freezeData\\0322\20260319113900-b94.60-f8.png,2026-03-19 11:39:00,8.0,59.19497841442107,7.4367764143556965,449.68605192959996,94.433168,0.6990348233266289
150,C:\Users\joshy\OneDrive\Documents\Kravitz Lab\freezeData\\0322\20260319113920-b94.41-f10.png,2026-03-19 11:39:20,10.0,59.505270722042226,7.424616411296935,513.575587675376,94.257092,0.6338726291606622
151,C:\Users\joshy\OneDrive\Documents\Kravitz Lab\freezeData\\0322\20260319113939-b93.84-f0.png,2026-03-19 11:39:39,0.0,57.80658103237381,7.439666217823681,431.43146620153607,93.66426,0.7421296794611665
152,C:\Users\joshy\OneDrive\Documents\Kravitz Lab\freezeData\\0322\20260319113959-b94.43-f2.png,2026-03-19 11:39:59,2.0,58.25254641644432,7.451238020897102,454.5567724924,94.242,0.7944693519512451
153,C:\Users\joshy\OneDrive\Documents\Kravitz Lab\freezeData\\0322\20260319114018-b94.40-f4.png,2026-03-19 11:40:18,4.0,58.5697778626546,7.446027566059746,399.964595496944,94.206536,0.8431153466978756
154,C:\Users\joshy\OneDrive\Documents\Kravitz Lab\freezeData\\0322\20260319114036-b94.74-f6.png,2026-03-19 11:40:36,6.0,58.99310883632684,7.448206916932662,421.6686938694239,94.567036,0.7757274628955514
155,C:\Users\joshy\OneDrive\Documents\Kravitz Lab\freezeData\\0322\20260319114056-b94.55-f8.png,2026-03-19 11:40:56,8.0,59.42246544885111,7.431574005743702,446.52191350999993,94.382936,0.6990327409453407
156,C:\Users\joshy\OneDrive\Documents\Kravitz Lab\freezeData\\0322\20260319114114-b94.28-f10.png,2026-03-19 11:41:14,10.0,59.4406118865075,7.420588479722764,465.60729553342395,94.112172,0.6362737248470397
157,C:\Users\joshy\OneDrive\Documents\Kravitz Lab\freezeData\\0322\20260319114133-b93.96-f0.png,2026-03-19 11:41:33,0.0,57.620534404130616,7.436033344534312,423.732686373616,93.75768,0.7419992300473587
158,C:\Users\joshy\OneDrive\Documents\Kravitz Lab\freezeData\\0322\20260319114153-b94.59-f2.png,2026-03-19 11:41:53,2.0,58.136103403541455,7.448937643280078,443.370732227056,94.389144,0.7939751519137044
159,C:\Users\joshy\OneDrive\Documents\Kravitz Lab\freezeData\\0322\20260319114210-b94.47-f4.png,2026-03-19 11:42:10,4.0,58.55567882521373,7.448091906111591,397.35980368254394,94.284804,0.8422007088508762
160,C:\Users\joshy\OneDrive\Documents\Kravitz Lab\freezeData\\0322\20260319114248-b94.89-f8.png,2026-03-19 11:42:48,8.0,59.31140224942924,7.437670634537154,439.6138255099999,94.72008,0.699916857574331
161,C:\Users\joshy\OneDrive\Documents\Kravitz Lab\freezeData\\0322\20260319114228-b94.58-f6.png,2026-03-19 11:42:28,6.0,58.93340866124748,7.444357141457281,417.16325187097596,94.40892,0.7756765129312541
162,C:\Users\joshy\OneDrive\Documents\Kravitz Lab\freezeData\\0322\20260319114306-b94.07-f10.png,2026-03-19 11:43:06,10.0,59.3489365566648,7.418407041422387,504.62242759640003,93.918676,0.634863287803943
163,C:\Users\joshy\OneDrive\Documents\Kravitz Lab\freezeData\\0322\20260319114324-b93.91-f0.png,2026-03-19 11:43:24,0.0,57.67740508169902,7.440183754728215,429.25189894649594,93.71196,0.7423520860968579
164,C:\Users\joshy\OneDrive\Documents\Kravitz Lab\freezeData\\0322\20260319114402-b94.63-f4.png,2026-03-19 11:44:02,4.0,58.590318588019436,7.44857616060876,408.52753921470395,94.435628,0.8415852047873571
165,C:\Users\joshy\OneDrive\Documents\Kravitz Lab\freezeData\\0322\20260319114344-b94.53-f2.png,2026-03-19 11:43:44,2.0,58.09625500411881,7.447504548541808,438.608624338176,94.32658,0.7953698715230748
166,C:\Users\joshy\OneDrive\Documents\Kravitz Lab\freezeData\\0322\20260319114420-b94.65-f6.png,2026-03-19 11:44:20,6.0,58.98089339274148,7.441956786327498,416.38390790342396,94.478492,0.7774263961795593
167,C:\Users\joshy\OneDrive\Documents\Kravitz Lab\freezeData\\0322\20260319114440-b94.73-f8.png,2026-03-19 11:44:40,8.0,59.25902454196343,7.432645119497292,437.24199822534393,94.552176,0.6992047637880737
168,C:\Users\joshy\OneDrive\Documents\Kravitz Lab\freezeData\\0322\20260319114459-b94.31-f10.png,2026-03-19 11:44:59,10.0,59.42975400348872,7.425358499223276,509.90150502526416,94.159396,0.6339143322975824
169,C:\Users\joshy\OneDrive\Documents\Kravitz Lab\freezeData\\0322\20260319114518-b93.70-f0.png,2026-03-19 11:45:18,0.0,57.70679142642065,7.442206042325067,422.45011469158396,93.514672,0.7409244369794904
170,C:\Users\joshy\OneDrive\Documents\Kravitz Lab\freezeData\\0322\20260319114536-b94.54-f2.png,2026-03-19 11:45:36,2.0,58.15409764825257,7.4544400558216655,459.51684060159994,94.336248,0.7935858555927993
171,C:\Users\joshy\OneDrive\Documents\Kravitz Lab\freezeData\\0322\20260319114555-b94.59-f4.png,2026-03-19 11:45:55,4.0,58.589117633113545,7.451505210296301,416.2111938496,94.402928,0.8404924794915369
172,C:\Users\joshy\OneDrive\Documents\Kravitz Lab\freezeData\\0322\20260319114614-b94.52-f6.png,2026-03-19 11:46:14,6.0,58.930371199705704,7.443193279390003,405.242761968064,94.341336,0.7763828286689559
173,C:\Users\joshy\OneDrive\Documents\Kravitz Lab\freezeData\\0322\20260319114632-b94.86-f8.png,2026-03-19 11:46:32,8.0,59.29144342365647,7.43288900839834,443.83646849894393,94.670812,0.699094898515005
174,C:\Users\joshy\OneDrive\Documents\Kravitz Lab\freezeData\\0322\20260319114652-b94.31-f10.png,2026-03-19 11:46:52,10.0,59.43993711530872,7.420249053447862,512.8805116359041,94.177988,0.6344184190867765
175,C:\Users\joshy\OneDrive\Documents\Kravitz Lab\freezeData\\0322\20260319114711-b93.80-f0.png,2026-03-19 11:47:11,0.0,57.67137367863415,7.439089593418887,404.04342523999986,93.609188,0.7396550307385791
176,C:\Users\joshy\OneDrive\Documents\Kravitz Lab\freezeData\\0322\20260319114729-b94.28-f2.png,2026-03-19 11:47:29,2.0,58.19687366273401,7.4470565260927355,445.48221593439996,94.076576,0.7931308035488672
177,C:\Users\joshy\OneDrive\Documents\Kravitz Lab\freezeData\\0322\20260319114748-b94.81-f4.png,2026-03-19 11:47:48,4.0,58.59980354880436,7.451105373648124,401.985372623344,94.623256,0.8411906794871243
178,C:\Users\joshy\OneDrive\Documents\Kravitz Lab\freezeData\\0322\20260319114807-b94.46-f6.png,2026-03-19 11:48:07,6.0,58.95948045511108,7.440131672236368,409.0228947100001,94.276124,0.7782559208211418
179,C:\Users\joshy\OneDrive\Documents\Kravitz Lab\freezeData\\0322\20260319114826-b94.47-f8.png,2026-03-19 11:48:26,8.0,59.15389617140957,7.430800818848463,442.2524170948961,94.308564,0.700152703113533
180,C:\Users\joshy\OneDrive\Documents\Kravitz Lab\freezeData\\0322\20260319114844-b94.24-f10.png,2026-03-19 11:48:44,10.0,59.4801541835461,7.421587237444747,507.5656818723839,94.088172,0.6338199704110963
181,C:\Users\joshy\OneDrive\Documents\Kravitz Lab\freezeData\\0322\20260319114903-b93.83-f0.png,2026-03-19 11:49:03,0.0,57.64711428111017,7.439807759630831,440.94978683801594,93.653932,0.7404666189531263
182,C:\Users\joshy\OneDrive\Documents\Kravitz Lab\freezeData\\0322\20260319114923-b94.52-f2.png,2026-03-19 11:49:23,2.0,58.2202873206272,7.452439093076158,454.372985405376,94.323296,0.7941856820064255
183,C:\Users\joshy\OneDrive\Documents\Kravitz Lab\freezeData\\0322\20260319114941-b94.81-f4.png,2026-03-19 11:49:41,4.0,58.62197118137752,7.452185904630595,399.66695975161593,94.610412,0.8423438001814818
184,C:\Users\joshy\OneDrive\Documents\Kravitz Lab\freezeData\\0322\20260319114959-b94.71-f6.png,2026-03-19 11:49:59,6.0,58.951639501549266,7.44572386554228,426.331171805696,94.531876,0.7754473093462949
185,C:\Users\joshy\OneDrive\Documents\Kravitz Lab\freezeData\\0322\20260319115019-b94.69-f8.png,2026-03-19 11:50:19,8.0,59.344248083514344,7.432570082602738,433.08257052760007,94.525048,0.7012949686388086
186,C:\Users\joshy\OneDrive\Documents\Kravitz Lab\freezeData\\0322\20260319115037-b94.51-f10.png,2026-03-19 11:50:37,10.0,59.417015096135415,7.422851310182284,490.74466572160003,94.353204,0.6361445478003496
187,C:\Users\joshy\OneDrive\Documents\Kravitz Lab\freezeData\\0322\20260319115055-b93.94-f0.png,2026-03-19 11:50:55,0.0,57.675910236188415,7.439272648048897,441.34837964025604,93.772944,0.7403929816059753
188,C:\Users\joshy\OneDrive\Documents\Kravitz Lab\freezeData\\0322\20260319115115-b94.42-f2.png,2026-03-19 11:51:15,2.0,58.18078286872393,7.448185534502369,434.911210728384,94.21268,0.794577107506193
189,C:\Users\joshy\OneDrive\Documents\Kravitz Lab\freezeData\\0322\20260319115133-b94.63-f4.png,2026-03-19 11:51:33,4.0,58.587442123564465,7.448158868106439,404.052810782704,94.423728,0.8418169140689697
190,C:\Users\joshy\OneDrive\Documents\Kravitz Lab\freezeData\\0322\20260319115153-b94.90-f6.png,2026-03-19 11:51:53,6.0,59.03011395333253,7.4462205544100835,412.191734964464,94.722024,0.7759483896451008
191,C:\Users\joshy\OneDrive\Documents\Kravitz Lab\freezeData\\0322\20260319115211-b94.38-f8.png,2026-03-19 11:52:11,8.0,59.36015609842536,7.433920561737199,424.6851383263839,94.202524,0.7000825505615311
192,C:\Users\joshy\OneDrive\Documents\Kravitz Lab\freezeData\\0322\20260319115229-b94.12-f10.png,2026-03-19 11:52:29,10.0,59.42658832015703,7.418354665693951,513.2438873984,93.950476,0.6341755191683225
193,C:\Users\joshy\OneDrive\Documents\Kravitz Lab\freezeData\\0322\20260319115248-b93.92-f0.png,2026-03-19 11:52:48,0.0,57.80471346452986,7.441768603090023,442.72819762942396,93.73094,0.7409336829733083
194,C:\Users\joshy\OneDrive\Documents\Kravitz Lab\freezeData\\0322\20260319115307-b94.56-f2.png,2026-03-19 11:53:07,2.0,58.14914389545779,7.452847797135304,442.03803776,94.377688,0.7947501192512768
195,C:\Users\joshy\OneDrive\Documents\Kravitz Lab\freezeData\\0322\20260319115325-b94.64-f4.png,2026-03-19 11:53:25,4.0,58.57421127995549,7.447616819347696,417.678463,94.455944,0.8432013383776482
196,C:\Users\joshy\OneDrive\Documents\Kravitz Lab\freezeData\\0322\20260319115403-b94.49-f8.png,2026-03-19 11:54:03,8.0,59.234965494404264,7.434419773323177,446.026079096816,94.312856,0.699191250077053
197,C:\Users\joshy\OneDrive\Documents\Kravitz Lab\freezeData\\0322\20260319115344-b94.83-f6.png,2026-03-19 11:53:44,6.0,59.02347408328656,7.441704510441138,420.181584450544,94.64586,0.7778522258103601
198,C:\Users\joshy\OneDrive\Documents\Kravitz Lab\freezeData\\0322\20260319115421-b94.51-f10.png,2026-03-19 11:54:21,10.0,59.47647475950121,7.4282610681890935,490.5769315964001,94.332196,0.6350048672692828
199,C:\Users\joshy\OneDrive\Documents\Kravitz Lab\freezeData\\0322\20260319115440-b93.77-f0.png,2026-03-19 11:54:40,0.0,57.7575287470828,7.439593484262793,432.404840945664,93.598148,0.741616414673584
200,C:\Users\joshy\OneDrive\Documents\Kravitz Lab\freezeData\\0322\20260319115458-b94.55-f2.png,2026-03-19 11:54:58,2.0,58.17229000858522,7.44939013404046,461.43652033817597,94.362584,0.7942889702230026
201,C:\Users\joshy\OneDrive\Documents\Kravitz Lab\freezeData\\0322\20260319115518-b94.48-f4.png,2026-03-19 11:55:18,4.0,58.55210496370958,7.4492173543356985,407.965200249344,94.291356,0.8405531875068697
202,C:\Users\joshy\OneDrive\Documents\Kravitz Lab\freezeData\\0322\20260319115536-b94.86-f6.png,2026-03-19 11:55:36,6.0,59.049391025262366,7.4480558475887415,426.16624778929605,94.688392,0.7780356799596096
203,C:\Users\joshy\OneDrive\Documents\Kravitz Lab\freezeData\\0322\20260319115553-b94.33-f8.png,2026-03-19 11:55:53,8.0,59.30150822172549,7.430197162173912,447.694335222784,94.159068,0.6998244786039923
204,C:\Users\joshy\OneDrive\Documents\Kravitz Lab\freezeData\\0322\20260319115632-b93.84-f0.png,2026-03-19 11:56:32,0.0,57.74609571305668,7.44139734495961,441.03690635462397,93.665136,0.7414317231541192
205,C:\Users\joshy\OneDrive\Documents\Kravitz Lab\freezeData\\0322\20260319115614-b94.30-f10.png,2026-03-19 11:56:14,10.0,59.4528153049574,7.424092908182656,500.9270835964,94.147568,0.6333874738163771
206,C:\Users\joshy\OneDrive\Documents\Kravitz Lab\freezeData\\0322\20260319115650-b94.49-f2.png,2026-03-19 11:56:50,2.0,58.19232618109024,7.450046909247469,463.618479426816,94.31156,0.7939518592399364
207,C:\Users\joshy\OneDrive\Documents\Kravitz Lab\freezeData\\0322\20260319115710-b94.51-f4.png,2026-03-19 11:57:10,4.0,58.56509799607148,7.444826665643653,397.11266022705604,94.310388,0.8415511181687358
208,C:\Users\joshy\OneDrive\Documents\Kravitz Lab\freezeData\\0322\20260319115728-b94.83-f6.png,2026-03-19 11:57:28,6.0,58.99494368256263,7.445771851210194,416.8826570303999,94.646792,0.7772411485897067
209,C:\Users\joshy\OneDrive\Documents\Kravitz Lab\freezeData\\0322\20260319115745-b94.62-f8.png,2026-03-19 11:57:45,8.0,59.32457717731011,7.434687945469118,439.1455117500001,94.453624,0.6991428230886393
210,C:\Users\joshy\OneDrive\Documents\Kravitz Lab\freezeData\\0322\20260319115806-b94.25-f10.png,2026-03-19 11:58:06,10.0,59.47282600155523,7.420342657212197,510.04160964601607,94.088856,0.635295073805172
211,C:\Users\joshy\OneDrive\Documents\Kravitz Lab\freezeData\\0322\20260319115825-b93.82-f0.png,2026-03-19 11:58:25,0.0,57.81785787029817,7.439723111651344,441.87147713559995,93.6477,0.7408978827745136
212,C:\Users\joshy\OneDrive\Documents\Kravitz Lab\freezeData\\0322\20260319115844-b94.40-f2.png,2026-03-19 11:58:44,2.0,58.31077945533378,7.456166585801554,450.84997463614394,94.208632,0.7943678041462338
213,C:\Users\joshy\OneDrive\Documents\Kravitz Lab\freezeData\\0322\20260319115903-b94.59-f4.png,2026-03-19 11:59:03,4.0,58.68930839806937,7.451447305319002,417.594415751616,94.411548,0.8415473255576007
214,C:\Users\joshy\OneDrive\Documents\Kravitz Lab\freezeData\\0322\20260319115922-b94.55-f6.png,2026-03-19 11:59:22,6.0,59.04329474315944,7.442584269829551,425.67953898240006,94.36918,0.7786898188546386
215,C:\Users\joshy\OneDrive\Documents\Kravitz Lab\freezeData\\0322\20260319115942-b94.53-f8.png,2026-03-19 11:59:42,8.0,59.25721050788388,7.434788119965373,444.18895941881595,94.349844,0.7014491065417614
216,C:\Users\joshy\OneDrive\Documents\Kravitz Lab\freezeData\\0322\20260319120000-b94.04-f10.png,2026-03-19 12:00:00,10.0,59.515340046206575,7.4236287222465815,519.0505864703999,93.90438,0.6336990658556207
217,C:\Users\joshy\OneDrive\Documents\Kravitz Lab\freezeData\\0322\20260319120019-b93.97-f0.png,2026-03-19 12:00:19,0.0,57.76091609231627,7.442197217232443,432.78220703601596,93.79958,0.7406380592091195
218,C:\Users\joshy\OneDrive\Documents\Kravitz Lab\freezeData\\0322\20260319120038-b94.59-f2.png,2026-03-19 12:00:38,2.0,58.20187616168867,7.449071703529759,470.94194314342406,94.409384,0.7933285260167893
219,C:\Users\joshy\OneDrive\Documents\Kravitz Lab\freezeData\\0322\20260319120057-b94.61-f4.png,2026-03-19 12:00:57,4.0,58.65466856047399,7.45189073144127,416.15919801440015,94.434212,0.8424486172891906
220,C:\Users\joshy\OneDrive\Documents\Kravitz Lab\freezeData\\0322\20260319120115-b94.73-f6.png,2026-03-19 12:01:15,6.0,58.9238161050027,7.444664987195125,413.553811870976,94.557268,0.7755386983418895
221,C:\Users\joshy\OneDrive\Documents\Kravitz Lab\freezeData\\0322\20260319120134-b94.53-f8.png,2026-03-19 12:01:34,8.0,59.32023884891079,7.436920745472833,440.9822150236,94.358724,0.6994930953754444
222,C:\Users\joshy\OneDrive\Documents\Kravitz Lab\freezeData\\0322\20260319120153-b94.21-f10.png,2026-03-19 12:01:53,10.0,59.4967271229564,7.4221114833500845,500.752183227504,94.047092,0.6358748547819395
223,C:\Users\joshy\OneDrive\Documents\Kravitz Lab\freezeData\\0322\20260319120211-b93.63-f0.png,2026-03-19 12:02:11,0.0,57.767941123495135,7.440685769816401,413.95410321265604,93.43782,0.7414978027569001
224,C:\Users\joshy\OneDrive\Documents\Kravitz Lab\freezeData\\0322\20260319120230-b94.38-f2.png,2026-03-19 12:02:30,2.0,58.14620825888051,7.4502286450018085,470.098328293824,94.203836,0.7934904044716488
225,C:\Users\joshy\OneDrive\Documents\Kravitz Lab\freezeData\\0322\20260319120250-b94.74-f4.png,2026-03-19 12:02:50,4.0,58.58653753348105,7.45153183200082,425.1373375800161,94.551496,0.8408093372759089
226,C:\Users\joshy\OneDrive\Documents\Kravitz Lab\freezeData\\0322\20260319120326-b94.33-f8.png,2026-03-19 12:03:26,8.0,59.22728181385588,7.431689490485201,453.221065647344,94.166436,0.7007812236265938
227,C:\Users\joshy\OneDrive\Documents\Kravitz Lab\freezeData\\0322\20260319120307-b94.82-f6.png,2026-03-19 12:03:07,6.0,58.960820010566344,7.444522280394241,424.6885398384,94.65396,0.7759293704880804
228,C:\Users\joshy\OneDrive\Documents\Kravitz Lab\freezeData\\0322\20260319120403-b93.82-f0.png,2026-03-19 12:04:03,0.0,57.66043127235176,7.438216831412233,441.364729528064,93.65308,0.7402438897780936
229,C:\Users\joshy\OneDrive\Documents\Kravitz Lab\freezeData\\0322\20260319120345-b94.40-f10.png,2026-03-19 12:03:45,10.0,59.421599276426214,7.424117088543763,512.7315439359361,94.239732,0.634739037598772
230,C:\Users\joshy\OneDrive\Documents\Kravitz Lab\freezeData\\0322\20260319120423-b94.28-f2.png,2026-03-19 12:04:23,2.0,58.23294194434638,7.450039399694001,464.66150544640004,94.102628,0.7937677897056244
231,C:\Users\joshy\OneDrive\Documents\Kravitz Lab\freezeData\\0322\20260319120441-b94.40-f4.png,2026-03-19 12:04:41,4.0,58.584624308643846,7.447002959829531,410.62558186942397,94.206084,0.8412228753388082
232,C:\Users\joshy\OneDrive\Documents\Kravitz Lab\freezeData\\0322\20260319120500-b94.71-f6.png,2026-03-19 12:05:00,6.0,58.957419564967395,7.4416361930086605,435.69220755633603,94.54398,0.7772027129468779
233,C:\Users\joshy\OneDrive\Documents\Kravitz Lab\freezeData\\0322\20260319120520-b94.47-f8.png,2026-03-19 12:05:20,8.0,59.23316012499755,7.434463459405736,452.25603069439995,94.31008,0.7011768852876437
234,C:\Users\joshy\OneDrive\Documents\Kravitz Lab\freezeData\\0322\20260319120539-b94.03-f10.png,2026-03-19 12:05:39,10.0,59.39424704931938,7.41944550537872,512.581676535664,93.880696,0.6350532363207154
235,C:\Users\joshy\OneDrive\Documents\Kravitz Lab\freezeData\\0322\20260319120557-b93.81-f0.png,2026-03-19 12:05:57,0.0,57.78621964868787,7.442812089245744,437.7826191195999,93.62944,0.7418151584047272
236,C:\Users\joshy\OneDrive\Documents\Kravitz Lab\freezeData\\0322\20260319120616-b94.42-f2.png,2026-03-19 12:06:16,2.0,58.14433054482144,7.4502453832032485,459.8159362493441,94.244388,0.7930879677425008
237,C:\Users\joshy\OneDrive\Documents\Kravitz Lab\freezeData\\0322\20260319120635-b94.48-f4.png,2026-03-19 12:06:35,4.0,58.64744220223024,7.447900647670007,425.18903600070405,94.303992,0.8421319569671757
238,C:\Users\joshy\OneDrive\Documents\Kravitz Lab\freezeData\\0322\20260319120654-b94.77-f6.png,2026-03-19 12:06:54,6.0,59.046731098407136,7.443731995513341,431.72132396793603,94.60382,0.7750987087284592
239,C:\Users\joshy\OneDrive\Documents\Kravitz Lab\freezeData\\0322\20260319120713-b94.52-f8.png,2026-03-19 12:07:13,8.0,59.31345929942458,7.4321092887537965,429.07322706022404,94.343252,0.7001386755525213
240,C:\Users\joshy\OneDrive\Documents\Kravitz Lab\freezeData\\0322\20260319120733-b94.16-f10.png,2026-03-19 12:07:33,10.0,59.370565404884054,7.421876462506152,498.53777261310404,93.998128,0.6366388639475574
241,C:\Users\joshy\OneDrive\Documents\Kravitz Lab\freezeData\\0322\20260319120811-b94.66-f2.png,2026-03-19 12:08:11,2.0,58.10706569354195,7.450123386101975,445.1177497099359,94.47192,0.7937259996978137
242,C:\Users\joshy\OneDrive\Documents\Kravitz Lab\freezeData\\0322\20260319120752-b93.46-f0.png,2026-03-19 12:07:52,0.0,57.71300835060546,7.4402676942443735,435.5923502974559,93.290288,0.7415623478476941
243,C:\Users\joshy\OneDrive\Documents\Kravitz Lab\freezeData\\0322\20260319120830-b94.49-f4.png,2026-03-19 12:08:30,4.0,58.5474523417168,7.445868852165733,427.2217950718559,94.29712,0.8417028481687278
244,C:\Users\joshy\OneDrive\Documents\Kravitz Lab\freezeData\\0322\20260319120849-b94.68-f6.png,2026-03-19 12:08:49,6.0,59.02698387452789,7.4444459488409755,438.095901987696,94.506832,0.7773712085462746
245,C:\Users\joshy\OneDrive\Documents\Kravitz Lab\freezeData\\0322\20260319120927-b94.10-f10.png,2026-03-19 12:09:27,10.0,59.32260665298638,7.418114684909444,512.9448626556001,93.958916,0.6359975073186024
246,C:\Users\joshy\OneDrive\Documents\Kravitz Lab\freezeData\\0322\20260319120908-b94.65-f8.png,2026-03-19 12:09:08,8.0,59.22761974134649,7.435469101973979,465.70643719910396,94.486592,0.6996854015431441
247,C:\Users\joshy\OneDrive\Documents\Kravitz Lab\freezeData\\0322\20260319120946-b93.94-f0.png,2026-03-19 12:09:46,0.0,57.816462221076236,7.4418053992815425,454.50250206590397,93.765692,0.7405977890195357
248,C:\Users\joshy\OneDrive\Documents\Kravitz Lab\freezeData\\0322\20260319121005-b94.39-f2.png,2026-03-19 12:10:05,2.0,58.11890153677979,7.45415607298962,459.6401175076961,94.219436,0.7941592673786535
249,C:\Users\joshy\OneDrive\Documents\Kravitz Lab\freezeData\\0322\20260319121024-b94.82-f4.png,2026-03-19 12:10:24,4.0,58.6594330989837,7.448489408721081,407.61844064505595,94.620816,0.8416113626611642
250,C:\Users\joshy\OneDrive\Documents\Kravitz Lab\freezeData\\0322\20260319121043-b94.30-f6.png,2026-03-19 12:10:43,6.0,58.94343109883862,7.4442545117661,417.36347593574396,94.117908,0.7780018801121034
251,C:\Users\joshy\OneDrive\Documents\Kravitz Lab\freezeData\\0322\20260319121102-b94.57-f8.png,2026-03-19 12:11:02,8.0,59.33214104285589,7.431235710114078,428.3683770252639,94.392784,0.7017331914570764
252,C:\Users\joshy\OneDrive\Documents\Kravitz Lab\freezeData\\0322\20260319121120-b94.28-f10.png,2026-03-19 12:11:20,10.0,59.46907762979735,7.421820006417085,492.04200598513603,94.128444,0.634115676198773
253,C:\Users\joshy\OneDrive\Documents\Kravitz Lab\freezeData\\0322\20260319121141-b94.04-f0.png,2026-03-19 12:11:41,0.0,57.74124002206035,7.439425817028548,408.427218838016,93.861896,0.7418125053370439
254,C:\Users\joshy\OneDrive\Documents\Kravitz Lab\freezeData\\0322\20260319121159-b94.50-f2.png,2026-03-19 12:11:59,2.0,58.16566050985946,7.447495517314354,449.83444784326406,94.310576,0.7933970739440316
255,C:\Users\joshy\OneDrive\Documents\Kravitz Lab\freezeData\\0322\20260319121218-b94.49-f4.png,2026-03-19 12:12:18,4.0,58.60098200883326,7.445713442213893,401.44594568985593,94.29002,0.842448134905245
256,C:\Users\joshy\OneDrive\Documents\Kravitz Lab\freezeData\\0322\20260319121237-b94.79-f6.png,2026-03-19 12:12:37,6.0,58.931766746465556,7.4438944452465226,410.808859935744,94.607276,0.7766070399430198
257,C:\Users\joshy\OneDrive\Documents\Kravitz Lab\freezeData\\0322\20260319121256-b94.44-f8.png,2026-03-19 12:12:56,8.0,59.33443214588493,7.432572169425133,450.7513266556,94.267376,0.6998071496658347
258,C:\Users\joshy\OneDrive\Documents\Kravitz Lab\freezeData\\0322\20260319121314-b94.14-f10.png,2026-03-19 12:13:14,10.0,59.36292960859987,7.419800774759932,496.305607950784,93.974304,0.6348314435193614
259,C:\Users\joshy\OneDrive\Documents\Kravitz Lab\freezeData\\0322\20260319121334-b93.93-f0.png,2026-03-19 12:13:34,0.0,57.7039869434595,7.44281937968536,430.607193609216,93.741584,0.740404341019972
260,C:\Users\joshy\OneDrive\Documents\Kravitz Lab\freezeData\\0322\20260319121351-b94.51-f2.png,2026-03-19 12:13:51,2.0,58.16365126221276,7.449728623735376,445.150324316016,94.311236,0.7937115577280832
261,C:\Users\joshy\OneDrive\Documents\Kravitz Lab\freezeData\\0322\20260319121409-b94.76-f4.png,2026-03-19 12:14:09,4.0,58.633977110083336,7.4492193301275895,413.05373829054395,94.571332,0.8406024778123331
262,C:\Users\joshy\OneDrive\Documents\Kravitz Lab\freezeData\\0322\20260319121429-b94.42-f6.png,2026-03-19 12:14:29,6.0,58.94985783053256,7.4402999367782465,421.789093177456,94.2424,0.7776136184862142
263,C:\Users\joshy\OneDrive\Documents\Kravitz Lab\freezeData\\0322\20260319121449-b94.32-f8.png,2026-03-19 12:14:49,8.0,59.22785255415914,7.431966408386381,451.97681005630403,94.150472,0.6991442601529221
264,C:\Users\joshy\OneDrive\Documents\Kravitz Lab\freezeData\\0322\20260319121508-b94.01-f10.png,2026-03-19 12:15:08,10.0,59.48509288964636,7.421444867190269,505.3397240012159,93.847488,0.635835469059663
265,C:\Users\joshy\OneDrive\Documents\Kravitz Lab\freezeData\\0322\20260319121526-b93.85-f0.png,2026-03-19 12:15:26,0.0,57.78174080228238,7.437275834372207,438.8705318203999,93.668184,0.7423303439095751
266,C:\Users\joshy\OneDrive\Documents\Kravitz Lab\freezeData\\0322\20260319121606-b94.51-f4.png,2026-03-19 12:16:06,4.0,58.59723208331957,7.451348473346066,415.3851644943359,94.326172,0.8414859343477165
267,C:\Users\joshy\OneDrive\Documents\Kravitz Lab\freezeData\\0322\20260319121546-b94.44-f2.png,2026-03-19 12:15:46,2.0,58.13291105660256,7.450263266023406,449.5549987584,94.251444,0.794941553392761
268,C:\Users\joshy\OneDrive\Documents\Kravitz Lab\freezeData\\0322\20260319121625-b94.54-f6.png,2026-03-19 12:16:25,6.0,58.961846899702316,7.441186299537871,423.836646746736,94.363992,0.7775633751391663
269,C:\Users\joshy\OneDrive\Documents\Kravitz Lab\freezeData\\0322\20260319121644-b94.53-f8.png,2026-03-19 12:16:44,8.0,59.24183123796481,7.4321436546898685,446.11407520639995,94.355364,0.6990446990048588
270,C:\Users\joshy\OneDrive\Documents\Kravitz Lab\freezeData\\0322\20260319121703-b94.14-f10.png,2026-03-19 12:17:03,10.0,59.477443384945055,7.418639653381408,487.8070239507839,93.982784,0.6360739050273916
271,C:\Users\joshy\OneDrive\Documents\Kravitz Lab\freezeData\\0322\20260319121723-b93.84-f0.png,2026-03-19 12:17:23,0.0,57.70167282591811,7.440370469118665,429.01781707257607,93.652948,0.7412766004233347
272,C:\Users\joshy\OneDrive\Documents\Kravitz Lab\freezeData\\0322\20260319121741-b94.49-f2.png,2026-03-19 12:17:41,2.0,58.17576549319952,7.448947982578636,440.74729615999996,94.290016,0.7928500315283044
273,C:\Users\joshy\OneDrive\Documents\Kravitz Lab\freezeData\\0322\20260319121801-b94.63-f4.png,2026-03-19 12:18:01,4.0,58.64305033074811,7.450589513246069,402.41666604640005,94.442312,0.842292312226832
274,C:\Users\joshy\OneDrive\Documents\Kravitz Lab\freezeData\\0322\20260319121820-b94.76-f6.png,2026-03-19 12:18:20,6.0,59.064470643769724,7.446091126353359,423.388151454576,94.583208,0.7770435605248016
275,C:\Users\joshy\OneDrive\Documents\Kravitz Lab\freezeData\\0322\20260319121838-b94.62-f8.png,2026-03-19 12:18:38,8.0,59.29666200453971,7.430726548828789,445.8737833536,94.448124,0.7020571903036855
276,C:\Users\joshy\OneDrive\Documents\Kravitz Lab\freezeData\\0322\20260319121858-b93.93-f10.png,2026-03-19 12:18:58,10.0,59.43135052970625,7.417327677997184,501.994298234224,93.777572,0.6365073104574773
277,C:\Users\joshy\OneDrive\Documents\Kravitz Lab\freezeData\\0322\20260319121917-b93.83-f0.png,2026-03-19 12:19:17,0.0,57.64086819024141,7.437139923752636,417.505412,93.635596,0.740862410098536
278,C:\Users\joshy\OneDrive\Documents\Kravitz Lab\freezeData\\0322\20260319121935-b94.42-f2.png,2026-03-19 12:19:35,2.0,58.17877660175058,7.447122918764917,460.126814414784,94.22394,0.7937806794315889
279,C:\Users\joshy\OneDrive\Documents\Kravitz Lab\freezeData\\0322\20260319121954-b94.65-f4.png,2026-03-19 12:19:54,4.0,58.63516330855061,7.447930602848877,411.782355911664,94.46714,0.8414928058155092
280,C:\Users\joshy\OneDrive\Documents\Kravitz Lab\freezeData\\0322\20260319122014-b94.59-f6.png,2026-03-19 12:20:14,6.0,58.90550596227813,7.441790519198671,417.63870990897607,94.416004,0.7782623535566932
281,C:\Users\joshy\OneDrive\Documents\Kravitz Lab\freezeData\\0322\20260319122031-b94.55-f8.png,2026-03-19 12:20:31,8.0,59.36319646708725,7.431995843131171,449.9750915696,94.3789,0.6986081297952652
282,C:\Users\joshy\OneDrive\Documents\Kravitz Lab\freezeData\\0322\20260319122110-b93.97-f0.png,2026-03-19 12:21:10,0.0,57.67027550356943,7.435656649597215,423.863382928496,93.79132,0.7413390188075131
283,C:\Users\joshy\OneDrive\Documents\Kravitz Lab\freezeData\\0322\20260319122050-b94.16-f10.png,2026-03-19 12:20:50,10.0,59.52891007408404,7.4236833532265045,511.859223821936,94.012704,0.6358513478679224
284,C:\Users\joshy\OneDrive\Documents\Kravitz Lab\freezeData\\0322\20260319122128-b94.73-f2.png,2026-03-19 12:21:28,2.0,58.26900328580045,7.454573400543255,453.065502611904,94.531876,0.7943010060638939
285,C:\Users\joshy\OneDrive\Documents\Kravitz Lab\freezeData\\0322\20260319122148-b94.67-f4.png,2026-03-19 12:21:48,4.0,58.58183972393343,7.447139106540369,410.88105378993595,94.478124,0.8417111389173808
286,C:\Users\joshy\OneDrive\Documents\Kravitz Lab\freezeData\\0322\20260319122208-b94.45-f6.png,2026-03-19 12:22:08,6.0,58.945590936262704,7.4395941420206295,434.50532769022396,94.266528,0.7779152839731892
287,C:\Users\joshy\OneDrive\Documents\Kravitz Lab\freezeData\\0322\20260319122226-b94.47-f8.png,2026-03-19 12:22:26,8.0,59.260008494764826,7.429337171653937,457.01090488561596,94.30502,0.7005709242283703
288,C:\Users\joshy\OneDrive\Documents\Kravitz Lab\freezeData\\0322\20260319122246-b93.77-f10.png,2026-03-19 12:22:46,10.0,59.484865061063864,7.41774268543056,503.806355754224,93.631532,0.6369057587537138
289,C:\Users\joshy\OneDrive\Documents\Kravitz Lab\freezeData\\0322\20260319122304-b93.97-f0.png,2026-03-19 12:23:04,0.0,57.735337891049014,7.443734000004822,443.304101908976,93.78508,0.7414530908024121
290,C:\Users\joshy\OneDrive\Documents\Kravitz Lab\freezeData\\0322\20260319122325-b94.14-f2.png,2026-03-19 12:23:25,2.0,58.10488190463738,7.4429891677743045,463.898264338176,93.952012,0.7940562260275675
291,C:\Users\joshy\OneDrive\Documents\Kravitz Lab\freezeData\\0322\20260319122342-b94.67-f4.png,2026-03-19 12:23:42,4.0,58.62716701717196,7.447458995499983,419.94469058737604,94.473932,0.8427363298739482
292,C:\Users\joshy\OneDrive\Documents\Kravitz Lab\freezeData\\0322\20260319122402-b94.30-f6.png,2026-03-19 12:24:02,6.0,58.99650451431319,7.440922083278815,432.1487710893439,94.133068,0.77867599113953
293,C:\Users\joshy\OneDrive\Documents\Kravitz Lab\freezeData\\0322\20260319122421-b94.62-f8.png,2026-03-19 12:24:21,8.0,59.34215935353064,7.43275290767198,447.27601066110407,94.457724,0.6980068518240459
294,C:\Users\joshy\OneDrive\Documents\Kravitz Lab\freezeData\\0322\20260319122439-b94.30-f10.png,2026-03-19 12:24:39,10.0,59.42261398605901,7.420705697079159,510.662920604784,94.152732,0.6372491000784432
295,C:\Users\joshy\OneDrive\Documents\Kravitz Lab\freezeData\\0322\20260319122458-b93.93-f0.png,2026-03-19 12:24:58,0.0,57.72011686198343,7.440031438261714,447.63916907257595,93.745824,0.7396804969234195
296,C:\Users\joshy\OneDrive\Documents\Kravitz Lab\freezeData\\0322\20260319122518-b94.34-f2.png,2026-03-19 12:25:18,2.0,58.166518550351626,7.451878255180156,458.89465728153607,94.14354,0.7941504374863371
297,C:\Users\joshy\OneDrive\Documents\Kravitz Lab\freezeData\\0322\20260319122555-b94.40-f6.png,2026-03-19 12:25:55,6.0,58.98926311149662,7.438403847317198,437.93200629745604,94.215568,0.7783442171379589
298,C:\Users\joshy\OneDrive\Documents\Kravitz Lab\freezeData\\0322\20260319122538-b94.27-f4.png,2026-03-19 12:25:38,4.0,58.555429737016325,7.443227129731106,428.25579233817604,94.090688,0.8424075059430708
299,C:\Users\joshy\OneDrive\Documents\Kravitz Lab\freezeData\\0322\20260319122614-b94.35-f8.png,2026-03-19 12:26:14,8.0,59.21539560119331,7.428761799619945,447.783195857856,94.178224,0.6996531985656255
300,C:\Users\joshy\OneDrive\Documents\Kravitz Lab\freezeData\\0322\20260319122634-b94.36-f10.png,2026-03-19 12:26:34,10.0,59.530565188939235,7.4222094278819135,511.74417999,94.221116,0.6362416435095726
301,C:\Users\joshy\OneDrive\Documents\Kravitz Lab\freezeData\\0322\20260319122710-b94.33-f2.png,2026-03-19 12:27:10,2.0,58.140313230764896,7.445730402565546,444.19139487959995,94.140888,0.7948759548913675
302,C:\Users\joshy\OneDrive\Documents\Kravitz Lab\freezeData\\0322\20260319122652-b93.88-f0.png,2026-03-19 12:26:52,0.0,57.73054444247883,7.435774215119186,447.60345824000007,93.697176,0.7404619158530529
303,C:\Users\joshy\OneDrive\Documents\Kravitz Lab\freezeData\\0322\20260319122730-b94.47-f4.png,2026-03-19 12:27:30,4.0,58.653368352921866,7.4484495360940945,416.871697320176,94.277908,0.842704738140551
304,C:\Users\joshy\OneDrive\Documents\Kravitz Lab\freezeData\\0322\20260319122749-b94.71-f6.png,2026-03-19 12:27:49,6.0,58.98422529903737,7.442542385142315,423.932055522544,94.53082,0.7782543369425776
305,C:\Users\joshy\OneDrive\Documents\Kravitz Lab\freezeData\\0322\20260319122807-b94.55-f8.png,2026-03-19 12:28:07,8.0,59.23577759863699,7.430591419612923,450.264590561024,94.384396,0.699990863512468
306,C:\Users\joshy\OneDrive\Documents\Kravitz Lab\freezeData\\0322\20260319122845-b93.96-f0.png,2026-03-19 12:28:45,0.0,57.787101978613734,7.440174437153783,444.3334621822561,93.778964,0.7418853480760371
307,C:\Users\joshy\OneDrive\Documents\Kravitz Lab\freezeData\\0322\20260319122827-b93.91-f10.png,2026-03-19 12:28:27,10.0,59.38493449109584,7.412969950618395,507.51367753926405,93.765984,0.635901420487327
308,C:\Users\joshy\OneDrive\Documents\Kravitz Lab\freezeData\\0322\20260319122904-b94.69-f2.png,2026-03-19 12:29:04,2.0,58.174563583146885,7.4478923550107226,462.777107774576,94.50848,0.7936670710540765
309,C:\Users\joshy\OneDrive\Documents\Kravitz Lab\freezeData\\0322\20260319122942-b94.57-f6.png,2026-03-19 12:29:42,6.0,58.93610959808677,7.438354988388998,433.7837990716,94.390048,0.7788634048063678
310,C:\Users\joshy\OneDrive\Documents\Kravitz Lab\freezeData\\0322\20260319122924-b94.75-f4.png,2026-03-19 12:29:24,4.0,58.535568030305,7.44858945515873,420.34392956870397,94.567256,0.8416522346060298
311,C:\Users\joshy\OneDrive\Documents\Kravitz Lab\freezeData\\0322\20260319123001-b94.50-f8.png,2026-03-19 12:30:01,8.0,59.115320984094666,7.432203927969159,440.091200392816,94.350384,0.7010344251618862
312,C:\Users\joshy\OneDrive\Documents\Kravitz Lab\freezeData\\0322\20260319123019-b94.09-f10.png,2026-03-19 12:30:19,10.0,59.43243006577793,7.417333871811275,505.29133579359996,93.948304,0.6366198902080189
313,C:\Users\joshy\OneDrive\Documents\Kravitz Lab\freezeData\\0322\20260319123039-b93.79-f0.png,2026-03-19 12:30:39,0.0,57.77014224922365,7.438563419077736,450.802208945664,93.605908,0.7418729996365312
314,C:\Users\joshy\OneDrive\Documents\Kravitz Lab\freezeData\\0322\20260319123116-b94.45-f4.png,2026-03-19 12:31:16,4.0,58.53196639742683,7.446203918266804,399.75123671000006,94.243864,0.8424952747375577
315,C:\Users\joshy\OneDrive\Documents\Kravitz Lab\freezeData\\0322\20260319123057-b94.70-f2.png,2026-03-19 12:30:57,2.0,58.12571805934086,7.448563264509995,452.9645534464,94.520496,0.7942222189785203
316,C:\Users\joshy\OneDrive\Documents\Kravitz Lab\freezeData\\0322\20260319123134-b94.67-f6.png,2026-03-19 12:31:34,6.0,59.030051146995426,7.440518605577811,418.731119212656,94.484848,0.7775266117743034
317,C:\Users\joshy\OneDrive\Documents\Kravitz Lab\freezeData\\0322\20260319123154-b94.55-f8.png,2026-03-19 12:31:54,8.0,59.29510052934141,7.436490855552648,438.913182959616,94.374536,0.7005692381709052
318,C:\Users\joshy\OneDrive\Documents\Kravitz Lab\freezeData\\0322\20260319123213-b93.92-f10.png,2026-03-19 12:32:13,10.0,59.43198395037487,7.41352886330406,495.5119658183041,93.763628,0.6374876144705569
319,C:\Users\joshy\OneDrive\Documents\Kravitz Lab\freezeData\\0322\20260319123231-b93.75-f0.png,2026-03-19 12:32:31,0.0,57.67811561428462,7.439168340520636,431.77399114238403,93.553096,0.741703324794402
320,C:\Users\joshy\OneDrive\Documents\Kravitz Lab\freezeData\\0322\20260319123250-b94.30-f2.png,2026-03-19 12:32:50,2.0,58.18013048221532,7.449699529521615,469.683332448496,94.11418,0.7941217222838753
321,C:\Users\joshy\OneDrive\Documents\Kravitz Lab\freezeData\\0322\20260319123347-b94.46-f8.png,2026-03-19 12:33:47,8.0,59.2517219884028,7.4337380452362245,445.360683352064,94.272032,0.6999375002616274
322,C:\Users\joshy\OneDrive\Documents\Kravitz Lab\freezeData\\0322\20260319123327-b94.36-f6.png,2026-03-19 12:33:27,6.0,58.949825511256606,7.441059085134377,421.217790104816,94.16882,0.7782754275748982
323,C:\Users\joshy\OneDrive\Documents\Kravitz Lab\freezeData\\0322\20260319123309-b94.47-f4.png,2026-03-19 12:33:09,4.0,58.69471080921687,7.451362964011371,427.15403644849596,94.29668,0.8409953284631996
324,C:\Users\joshy\OneDrive\Documents\Kravitz Lab\freezeData\\0322\20260319123406-b94.43-f10.png,2026-03-19 12:34:06,10.0,59.46642114454254,7.424556449901386,509.76101567793603,94.290648,0.6363583074469014
325,C:\Users\joshy\OneDrive\Documents\Kravitz Lab\freezeData\\0322\20260319123424-b93.79-f0.png,2026-03-19 12:34:24,0.0,57.680928752950436,7.437816029714955,441.6094484505441,93.607416,0.7387847648154948
326,C:\Users\joshy\OneDrive\Documents\Kravitz Lab\freezeData\\0322\20260319123445-b94.49-f2.png,2026-03-19 12:34:45,2.0,58.12286829784559,7.4454704339413365,462.1593694872959,94.297464,0.79426748650858
327,C:\Users\joshy\OneDrive\Documents\Kravitz Lab\freezeData\\0322\20260319123503-b94.20-f4.png,2026-03-19 12:35:03,4.0,58.57080427266486,7.445819774437888,423.36263502398407,94.007928,0.8414505523047995
328,C:\Users\joshy\OneDrive\Documents\Kravitz Lab\freezeData\\0322\20260319123523-b94.36-f6.png,2026-03-19 12:35:23,6.0,58.98632311131535,7.441275406777604,430.3952814464,94.188748,0.778843564502171
329,C:\Users\joshy\OneDrive\Documents\Kravitz Lab\freezeData\\0322\20260319123541-b94.36-f8.png,2026-03-19 12:35:41,8.0,59.21517893552348,7.430579121919827,443.300925475584,94.185956,0.7010303220548532
330,C:\Users\joshy\OneDrive\Documents\Kravitz Lab\freezeData\\0322\20260319123620-b94.08-f0.png,2026-03-19 12:36:20,0.0,57.79361424939762,7.443039484927164,444.21211679614396,93.904732,0.7426330367296778
331,C:\Users\joshy\OneDrive\Documents\Kravitz Lab\freezeData\\0322\20260319123559-b94.25-f10.png,2026-03-19 12:35:59,10.0,59.31416822312039,7.417646778796122,529.2635430235999,94.116876,0.6338031093280095
332,C:\Users\joshy\OneDrive\Documents\Kravitz Lab\freezeData\\0322\20260319123638-b94.37-f2.png,2026-03-19 12:36:38,2.0,58.084164619623614,7.449051661059074,475.961633281536,94.198092,0.7934779492176429
333,C:\Users\joshy\OneDrive\Documents\Kravitz Lab\freezeData\\0322\20260319123656-b94.49-f4.png,2026-03-19 12:36:56,4.0,58.51229193961064,7.444508902881418,425.56093130929594,94.309076,0.8422534365620566
334,C:\Users\joshy\OneDrive\Documents\Kravitz Lab\freezeData\\0322\20260319123715-b94.39-f6.png,2026-03-19 12:37:15,6.0,58.96306928325343,7.4398463398032115,413.12360457982396,94.201516,0.7776657961814178
335,C:\Users\joshy\OneDrive\Documents\Kravitz Lab\freezeData\\0322\20260319123734-b94.66-f8.png,2026-03-19 12:37:34,8.0,59.204504720647186,7.429276772154397,441.35406871033604,94.493308,0.7014351857390673
336,C:\Users\joshy\OneDrive\Documents\Kravitz Lab\freezeData\\0322\20260319123752-b94.12-f10.png,2026-03-19 12:37:52,10.0,59.51664106230175,7.418485522946572,503.5034122864,93.978444,0.636597621821993
337,C:\Users\joshy\OneDrive\Documents\Kravitz Lab\freezeData\\0322\20260319123811-b93.90-f0.png,2026-03-19 12:38:11,0.0,57.87179488827006,7.438276051201354,420.4591830003041,93.7021,0.7418448447465739
338,C:\Users\joshy\OneDrive\Documents\Kravitz Lab\freezeData\\0322\20260319123848-b94.21-f4.png,2026-03-19 12:38:48,4.0,58.513430714446955,7.44336266983531,424.06431242649603,94.026796,0.8431860128984909
339,C:\Users\joshy\OneDrive\Documents\Kravitz Lab\freezeData\\0322\20260319123830-b94.54-f2.png,2026-03-19 12:38:30,2.0,58.244044183638216,7.449121738598717,465.2058416496,94.36188,0.793266212697793
340,C:\Users\joshy\OneDrive\Documents\Kravitz Lab\freezeData\\0322\20260319123907-b94.48-f6.png,2026-03-19 12:39:07,6.0,58.87685407715273,7.439063058600366,425.18287458041607,94.313608,0.7777464731596665
341,C:\Users\joshy\OneDrive\Documents\Kravitz Lab\freezeData\\0322\20260319123925-b94.31-f8.png,2026-03-19 12:39:25,8.0,59.23288431441103,7.428956885027747,459.4236535443841,94.14866,0.7015766201821613
342,C:\Users\joshy\OneDrive\Documents\Kravitz Lab\freezeData\\0322\20260319124002-b93.89-f0.png,2026-03-19 12:40:02,0.0,57.72912053792249,7.443403150059297,441.37037620473603,93.708504,0.7409074970305888
343,C:\Users\joshy\OneDrive\Documents\Kravitz Lab\freezeData\\0322\20260319123943-b94.21-f10.png,2026-03-19 12:39:43,10.0,59.44176148758433,7.421798512913464,520.5051620715361,94.062444,0.6359796653944843
344,C:\Users\joshy\OneDrive\Documents\Kravitz Lab\freezeData\\0322\20260319124022-b94.37-f2.png,2026-03-19 12:40:22,2.0,58.174860593229305,7.448737028850389,464.50159220473614,94.194656,0.7932630327530219
345,C:\Users\joshy\OneDrive\Documents\Kravitz Lab\freezeData\\0322\20260319124040-b94.58-f4.png,2026-03-19 12:40:40,4.0,58.616249381447936,7.449097964987379,417.55388224062403,94.392648,0.8417108661333434
346,C:\Users\joshy\OneDrive\Documents\Kravitz Lab\freezeData\\0322\20260319124100-b94.49-f6.png,2026-03-19 12:41:00,6.0,58.928072532116644,7.442480031278303,418.6952720796,94.31636,0.7771679135417497
347,C:\Users\joshy\OneDrive\Documents\Kravitz Lab\freezeData\\0322\20260319124119-b94.53-f8.png,2026-03-19 12:41:19,8.0,59.25848366776578,7.4312386875344565,426.94705992959996,94.349556,0.7021801498096019
348,C:\Users\joshy\OneDrive\Documents\Kravitz Lab\freezeData\\0322\20260319124136-b94.01-f10.png,2026-03-19 12:41:36,10.0,59.39802336331282,7.4162244626022185,508.691513570304,93.871188,0.6347669249750191
349,C:\Users\joshy\OneDrive\Documents\Kravitz Lab\freezeData\\0322\20260319124159-b93.58-f0.png,2026-03-19 12:41:59,0.0,57.688937217132924,7.437374533413823,436.335245709936,93.403736,0.739553543561444
350,C:\Users\joshy\OneDrive\Documents\Kravitz Lab\freezeData\\0322\20260319124218-b94.53-f2.png,2026-03-19 12:42:18,2.0,58.216864385875816,7.448732840546138,448.21815554353594,94.338888,0.7934260898597549
351,C:\Users\joshy\OneDrive\Documents\Kravitz Lab\freezeData\\0322\20260319124236-b94.66-f4.png,2026-03-19 12:42:36,4.0,58.5677339619692,7.45029544502237,422.527631751616,94.4784,0.8422171158490177
352,C:\Users\joshy\OneDrive\Documents\Kravitz Lab\freezeData\\0322\20260319124256-b94.54-f6.png,2026-03-19 12:42:56,6.0,58.86446860501924,7.442308869088341,428.54301933440007,94.361552,0.778195045668964
353,C:\Users\joshy\OneDrive\Documents\Kravitz Lab\freezeData\\0322\20260319124316-b94.47-f8.png,2026-03-19 12:43:16,8.0,59.35807594595553,7.4310395972091685,443.48916017969594,94.296776,0.7004809941116075
354,C:\Users\joshy\OneDrive\Documents\Kravitz Lab\freezeData\\0322\20260319124353-b93.64-f0.png,2026-03-19 12:43:53,0.0,57.73411788631315,7.437099368820518,438.57807692439997,93.445964,0.7404718325261801
355,C:\Users\joshy\OneDrive\Documents\Kravitz Lab\freezeData\\0322\20260319124334-b93.84-f10.png,2026-03-19 12:43:34,10.0,59.29885001179851,7.416986806891336,513.731501075056,93.687668,0.6350467385034345
356,C:\Users\joshy\OneDrive\Documents\Kravitz Lab\freezeData\\0322\20260319124412-b94.48-f2.png,2026-03-19 12:44:12,2.0,58.156290033377616,7.450924948752045,449.61874634033603,94.274608,0.7927589369119876
357,C:\Users\joshy\OneDrive\Documents\Kravitz Lab\freezeData\\0322\20260319124432-b94.66-f4.png,2026-03-19 12:44:32,4.0,58.60769859325992,7.447122791287003,418.549961476464,94.47004,0.8406608279419573
358,C:\Users\joshy\OneDrive\Documents\Kravitz Lab\freezeData\\0322\20260319124450-b94.39-f6.png,2026-03-19 12:44:50,6.0,58.955685345082706,7.43968797277067,432.955615887216,94.20946,0.7763895985042862
359,C:\Users\joshy\OneDrive\Documents\Kravitz Lab\freezeData\\0322\20260319124508-b94.42-f8.png,2026-03-19 12:45:08,8.0,59.261118614835475,7.430559925482512,465.03758912966407,94.25072,0.698711702483288
360,C:\Users\joshy\OneDrive\Documents\Kravitz Lab\freezeData\\0322\20260319124528-b94.37-f10.png,2026-03-19 12:45:28,10.0,59.53184752731452,7.42566534052125,519.452315675376,94.208024,0.63397928557402
361,C:\Users\joshy\OneDrive\Documents\Kravitz Lab\freezeData\\0322\20260319124545-b93.67-f0.png,2026-03-19 12:45:45,0.0,57.67134306689117,7.438229621525344,444.722395299776,93.490788,0.7411451281981594
362,C:\Users\joshy\OneDrive\Documents\Kravitz Lab\freezeData\\0322\20260319124605-b94.45-f2.png,2026-03-19 12:46:05,2.0,58.25522036864528,7.453191749708608,463.033051911664,94.274976,0.7930369660362284
363,C:\Users\joshy\OneDrive\Documents\Kravitz Lab\freezeData\\0322\20260319124624-b94.48-f4.png,2026-03-19 12:46:24,4.0,58.60540091020963,7.445720025779759,415.88558614040005,94.28256,0.8421371465385941
364,C:\Users\joshy\OneDrive\Documents\Kravitz Lab\freezeData\\0322\20260319124702-b94.33-f8.png,2026-03-19 12:47:02,8.0,59.24571844535954,7.431373859688349,450.234670893504,94.152072,0.6994857018741502
365,C:\Users\joshy\OneDrive\Documents\Kravitz Lab\freezeData\\0322\20260319124643-b94.70-f6.png,2026-03-19 12:46:43,6.0,59.026332953883426,7.442768332353082,422.54467487430406,94.528036,0.7789834577390456
366,C:\Users\joshy\OneDrive\Documents\Kravitz Lab\freezeData\\0322\20260319124720-b94.08-f10.png,2026-03-19 12:47:20,10.0,59.49068632180671,7.419059319605006,490.6224099884639,93.92402,0.6382119972763195
367,C:\Users\joshy\OneDrive\Documents\Kravitz Lab\freezeData\\0322\20260319124739-b93.66-f0.png,2026-03-19 12:47:39,0.0,57.70986461818686,7.44050415605696,439.39061326078394,93.475388,0.7409713040309276
368,C:\Users\joshy\OneDrive\Documents\Kravitz Lab\freezeData\\0322\20260319124758-b94.66-f2.png,2026-03-19 12:47:58,2.0,58.17493587582212,7.447880080680479,464.523869669744,94.482228,0.7924036974105573
369,C:\Users\joshy\OneDrive\Documents\Kravitz Lab\freezeData\\0322\20260319124816-b94.71-f4.png,2026-03-19 12:48:16,4.0,58.519912885425114,7.447274302298835,413.80131211513594,94.511484,0.8402856369482036
370,C:\Users\joshy\OneDrive\Documents\Kravitz Lab\freezeData\\0322\20260319124834-b94.45-f6.png,2026-03-19 12:48:34,6.0,58.975770226458394,7.444291706621566,426.8755689724,94.275772,0.7769582620264702
371,C:\Users\joshy\OneDrive\Documents\Kravitz Lab\freezeData\\0322\20260319124853-b94.71-f8.png,2026-03-19 12:48:53,8.0,59.31932295546617,7.432533976060543,453.6657753156961,94.545652,0.7006435717052322
372,C:\Users\joshy\OneDrive\Documents\Kravitz Lab\freezeData\\0322\20260319124930-b93.85-f0.png,2026-03-19 12:49:30,0.0,57.717130505107406,7.438390508742244,445.7007818694239,93.68742,0.7420233974237056
373,C:\Users\joshy\OneDrive\Documents\Kravitz Lab\freezeData\\0322\20260319124911-b94.13-f10.png,2026-03-19 12:49:11,10.0,59.32772160485369,7.420244768516234,496.87446624710395,93.985676,0.6343580880607699
374,C:\Users\joshy\OneDrive\Documents\Kravitz Lab\freezeData\\0322\20260319124950-b94.53-f2.png,2026-03-19 12:49:50,2.0,58.1625531124106,7.451670216706816,467.967124839024,94.350496,0.793548955717168
375,C:\Users\joshy\OneDrive\Documents\Kravitz Lab\freezeData\\0322\20260319125008-b94.65-f4.png,2026-03-19 12:50:08,4.0,58.5793796591755,7.447024963041541,428.82217200241604,94.477224,0.8427006376171803
376,C:\Users\joshy\OneDrive\Documents\Kravitz Lab\freezeData\\0322\20260319125027-b94.34-f6.png,2026-03-19 12:50:27,6.0,58.909386287130715,7.439851250430449,424.77889394839997,94.170796,0.7779037896219849
377,C:\Users\joshy\OneDrive\Documents\Kravitz Lab\freezeData\\0322\20260319125046-b94.38-f8.png,2026-03-19 12:50:46,8.0,59.25456880218112,7.430300548558689,461.765274259056,94.214672,0.6991892765100775
378,C:\Users\joshy\OneDrive\Documents\Kravitz Lab\freezeData\\0322\20260319125104-b94.33-f10.png,2026-03-19 12:51:04,10.0,59.51994775579414,7.4230338133311795,489.75749032638396,94.173756,0.6376609238292147
379,C:\Users\joshy\OneDrive\Documents\Kravitz Lab\freezeData\\0322\20260319125122-b93.96-f0.png,2026-03-19 12:51:22,0.0,57.74872184263005,7.440890076328417,439.67630424934407,93.782612,0.7419049191536755
380,C:\Users\joshy\OneDrive\Documents\Kravitz Lab\freezeData\\0322\20260319125142-b94.38-f2.png,2026-03-19 12:51:42,2.0,58.23068608874877,7.449129284758873,457.06355692439996,94.18844,0.7935144606241599
381,C:\Users\joshy\OneDrive\Documents\Kravitz Lab\freezeData\\0322\20260319125201-b94.63-f4.png,2026-03-19 12:52:01,4.0,58.60630650257619,7.445870602745128,413.2848520476,94.438436,0.8408583354305831
382,C:\Users\joshy\OneDrive\Documents\Kravitz Lab\freezeData\\0322\20260319125219-b94.41-f6.png,2026-03-19 12:52:19,6.0,58.93772183488276,7.440020284215984,424.38388960921606,94.235272,0.7788732298760601
383,C:\Users\joshy\OneDrive\Documents\Kravitz Lab\freezeData\\0322\20260319125237-b94.58-f8.png,2026-03-19 12:52:37,8.0,59.24157740115973,7.42905826434582,456.9630564635999,94.40332,0.6996932361203445
384,C:\Users\joshy\OneDrive\Documents\Kravitz Lab\freezeData\\0322\20260319125258-b93.85-f10.png,2026-03-19 12:52:58,10.0,59.44841526167115,7.416914154585519,515.825781985136,93.711648,0.6378493133012251
385,C:\Users\joshy\OneDrive\Documents\Kravitz Lab\freezeData\\0322\20260319125316-b93.93-f0.png,2026-03-19 12:53:16,0.0,57.70529390979306,7.438770937484798,435.54062750559996,93.73938,0.7415097601511256
386,C:\Users\joshy\OneDrive\Documents\Kravitz Lab\freezeData\\0322\20260319125334-b94.71-f2.png,2026-03-19 12:53:34,2.0,58.18683388816422,7.450602019499321,463.768924182384,94.526572,0.7930117018977437
387,C:\Users\joshy\OneDrive\Documents\Kravitz Lab\freezeData\\0322\20260319125354-b94.38-f4.png,2026-03-19 12:53:54,4.0,58.51706218158516,7.447150167125109,425.0017880476,94.193364,0.8412026540243462
388,C:\Users\joshy\OneDrive\Documents\Kravitz Lab\freezeData\\0322\20260319125413-b94.63-f6.png,2026-03-19 12:54:13,6.0,58.94483481915613,7.441629683470616,418.9879949464961,94.43868,0.7797810786427702
389,C:\Users\joshy\OneDrive\Documents\Kravitz Lab\freezeData\\0322\20260319125431-b94.15-f8.png,2026-03-19 12:54:31,8.0,59.21184175079022,7.429847123980055,451.06884292657594,93.981876,0.6989622312637854
390,C:\Users\joshy\OneDrive\Documents\Kravitz Lab\freezeData\\0322\20260319125450-b94.08-f10.png,2026-03-19 12:54:50,10.0,59.47786795693389,7.416787808177788,515.000602396096,93.936256,0.6362586116261836
391,C:\Users\joshy\OneDrive\Documents\Kravitz Lab\freezeData\\0322\20260319125509-b93.91-f0.png,2026-03-19 12:55:09,0.0,57.63412781724328,7.4395903447515055,454.00104073158394,93.738392,0.7409205115888314
392,C:\Users\joshy\OneDrive\Documents\Kravitz Lab\freezeData\\0322\20260319125527-b94.75-f2.png,2026-03-19 12:55:27,2.0,58.195331532830565,7.448376094684611,465.43724418238395,94.573456,0.7936528057096152
393,C:\Users\joshy\OneDrive\Documents\Kravitz Lab\freezeData\\0322\20260319125605-b94.54-f6.png,2026-03-19 12:56:05,6.0,58.97360565392908,7.442944896765594,437.9723430716,94.369692,0.7784172022375881
394,C:\Users\joshy\OneDrive\Documents\Kravitz Lab\freezeData\\0322\20260319125546-b94.52-f4.png,2026-03-19 12:55:46,4.0,58.591141786407135,7.445411193333442,426.5413080007041,94.338556,0.8429522649802839
395,C:\Users\joshy\OneDrive\Documents\Kravitz Lab\freezeData\\0322\20260319125625-b94.62-f8.png,2026-03-19 12:56:25,8.0,59.274095586416024,7.434231245499569,464.08313406014395,94.459696,0.7008240412320017
396,C:\Users\joshy\OneDrive\Documents\Kravitz Lab\freezeData\\0322\20260319125702-b93.80-f0.png,2026-03-19 12:57:02,0.0,57.711575173997254,7.437493463145812,438.947557219184,93.621008,0.7403488757378862
397,C:\Users\joshy\OneDrive\Documents\Kravitz Lab\freezeData\\0322\20260319125644-b94.15-f10.png,2026-03-19 12:56:44,10.0,59.30003909489922,7.413945642686736,517.1038028798561,94.003368,0.6366367411048406
398,C:\Users\joshy\OneDrive\Documents\Kravitz Lab\freezeData\\0322\20260319125723-b94.43-f2.png,2026-03-19 12:57:23,2.0,58.1932131476493,7.450731454611059,464.579475167216,94.236016,0.7919180822995053
399,C:\Users\joshy\OneDrive\Documents\Kravitz Lab\freezeData\\0322\20260319125741-b94.51-f4.png,2026-03-19 12:57:41,4.0,58.54453050844576,7.4473889969988445,404.889821450496,94.311608,0.8424531371487056
400,C:\Users\joshy\OneDrive\Documents\Kravitz Lab\freezeData\\0322\20260319125759-b94.44-f6.png,2026-03-19 12:57:59,6.0,58.98759104436404,7.439637963407523,430.65565481982406,94.256692,0.7787212567129972
401,C:\Users\joshy\OneDrive\Documents\Kravitz Lab\freezeData\\0322\20260319125837-b94.21-f10.png,2026-03-19 12:58:37,10.0,59.44676702056468,7.423364679229905,521.835627060224,94.049948,0.6339196666292714
402,C:\Users\joshy\OneDrive\Documents\Kravitz Lab\freezeData\\0322\20260319125819-b94.18-f8.png,2026-03-19 12:58:19,8.0,59.306173923472215,7.429346018840676,459.82382612401597,94.004308,0.7000887441560283
403,C:\Users\joshy\OneDrive\Documents\Kravitz Lab\freezeData\\0322\20260319125856-b93.85-f0.png,2026-03-19 12:58:56,0.0,57.721491803606185,7.442374324684151,459.662012881776,93.679332,0.7410710190928381
404,C:\Users\joshy\OneDrive\Documents\Kravitz Lab\freezeData\\0322\20260319125914-b94.52-f2.png,2026-03-19 12:59:14,2.0,58.11700101755713,7.4504434092147935,456.5182900853761,94.335292,0.7933274338876987
405,C:\Users\joshy\OneDrive\Documents\Kravitz Lab\freezeData\\0322\20260319125933-b94.73-f4.png,2026-03-19 12:59:33,4.0,58.54835886458454,7.45055064110824,428.91877651430406,94.547268,0.8414767912050678
406,C:\Users\joshy\OneDrive\Documents\Kravitz Lab\freezeData\\0322\20260319125951-b94.47-f6.png,2026-03-19 12:59:51,6.0,58.8992403253354,7.438649337277757,426.62432924440003,94.284628,0.7799206194706031
407,C:\Users\joshy\OneDrive\Documents\Kravitz Lab\freezeData\\0322\20260319130010-b94.37-f8.png,2026-03-19 13:00:10,8.0,59.24986068139232,7.428056318613098,444.956057784176,94.21566,0.7018945268328038
408,C:\Users\joshy\OneDrive\Documents\Kravitz Lab\freezeData\\0322\20260319130029-b94.08-f10.png,2026-03-19 13:00:29,10.0,59.49638520661584,7.4220612147282345,511.56846968382393,93.936728,0.6355881546942087
409,C:\Users\joshy\OneDrive\Documents\Kravitz Lab\freezeData\\0322\20260319130048-b93.78-f0.png,2026-03-19 13:00:48,0.0,57.59433339821952,7.435699723988458,446.42926126078396,93.624356,0.7404311867815596
410,C:\Users\joshy\OneDrive\Documents\Kravitz Lab\freezeData\\0322\20260319130106-b94.64-f2.png,2026-03-19 13:01:06,2.0,58.15340949373077,7.4526515224603065,461.31476747359994,94.456592,0.7923272249699261
411,C:\Users\joshy\OneDrive\Documents\Kravitz Lab\freezeData\\0322\20260319130125-b94.63-f4.png,2026-03-19 13:01:25,4.0,58.6553217682507,7.449781107302504,413.101622365184,94.441176,0.8422256398337109
412,C:\Users\joshy\OneDrive\Documents\Kravitz Lab\freezeData\\0322\20260319130144-b94.57-f6.png,2026-03-19 13:01:44,6.0,58.98283036091042,7.440460097531177,414.1447341435999,94.398992,0.7789637201228471
413,C:\Users\joshy\OneDrive\Documents\Kravitz Lab\freezeData\\0322\20260319130202-b94.42-f8.png,2026-03-19 13:02:02,8.0,59.22769963742898,7.427816862159246,455.17071402265606,94.254864,0.7015360549360855
414,C:\Users\joshy\OneDrive\Documents\Kravitz Lab\freezeData\\0322\20260319130221-b94.20-f10.png,2026-03-19 13:02:21,10.0,59.50485157695442,7.419506891776859,504.2793455703041,94.050068,0.6351286693338303
415,C:\Users\joshy\OneDrive\Documents\Kravitz Lab\freezeData\\0322\20260319130240-b93.75-f0.png,2026-03-19 13:02:40,0.0,57.795229316176055,7.440433136222464,442.30479356870393,93.588568,0.7423746938157492
416,C:\Users\joshy\OneDrive\Documents\Kravitz Lab\freezeData\\0322\20260319130259-b94.47-f2.png,2026-03-19 13:02:59,2.0,58.13251276027555,7.4497872882514615,468.596104426496,94.29958,0.7935312428903557
417,C:\Users\joshy\OneDrive\Documents\Kravitz Lab\freezeData\\0322\20260319130318-b94.52-f4.png,2026-03-19 13:03:18,4.0,58.50792214345596,7.445900389615293,411.842385424496,94.330464,0.8415527484484425
418,C:\Users\joshy\OneDrive\Documents\Kravitz Lab\freezeData\\0322\20260319130337-b94.69-f6.png,2026-03-19 13:03:37,6.0,58.89999414714212,7.43814791592419,422.69281375,94.520432,0.7792379722337802
419,C:\Users\joshy\OneDrive\Documents\Kravitz Lab\freezeData\\0322\20260319130356-b94.51-f8.png,2026-03-19 13:03:56,8.0,59.28216610293183,7.4301872216710825,463.072315451376,94.34962,0.6997872727860349
420,C:\Users\joshy\OneDrive\Documents\Kravitz Lab\freezeData\\0322\20260319130415-b94.21-f10.png,2026-03-19 13:04:15,10.0,59.56920276396198,7.424632480488577,500.142853475584,94.056728,0.6352172561308773
421,C:\Users\joshy\OneDrive\Documents\Kravitz Lab\freezeData\\0322\20260319130435-b93.69-f0.png,2026-03-19 13:04:35,0.0,57.703851834401625,7.4377939763217755,443.512895520256,93.520868,0.7402147862709394
422,C:\Users\joshy\OneDrive\Documents\Kravitz Lab\freezeData\\0322\20260319130454-b94.56-f2.png,2026-03-19 13:04:54,2.0,58.25812899247225,7.45088818556188,464.6930280476,94.382092,0.7921444486033928
423,C:\Users\joshy\OneDrive\Documents\Kravitz Lab\freezeData\\0322\20260319130512-b94.72-f4.png,2026-03-19 13:05:12,4.0,58.5683151375125,7.446884130537339,412.6134502399999,94.531968,0.8410413657182825
424,C:\Users\joshy\OneDrive\Documents\Kravitz Lab\freezeData\\0322\20260319130532-b94.53-f6.png,2026-03-19 13:05:32,6.0,58.98361923565572,7.440856231539203,435.0368581629441,94.344572,0.7778850696611135
425,C:\Users\joshy\OneDrive\Documents\Kravitz Lab\freezeData\\0322\20260319130550-b94.48-f8.png,2026-03-19 13:05:50,8.0,59.24204919982441,7.429629737019326,461.528962913536,94.320828,0.7010982855473784
426,C:\Users\joshy\OneDrive\Documents\Kravitz Lab\freezeData\\0322\20260319130628-b93.87-f0.png,2026-03-19 13:06:28,0.0,57.718268905863766,7.441622239362362,446.627570278336,93.70652,0.7399168593233716
427,C:\Users\joshy\OneDrive\Documents\Kravitz Lab\freezeData\\0322\20260319130608-b93.77-f10.png,2026-03-19 13:06:08,10.0,59.33318172629356,7.419861340685203,525.4126615324,93.632432,0.6352181630530163
428,C:\Users\joshy\OneDrive\Documents\Kravitz Lab\freezeData\\0322\20260319130646-b94.34-f2.png,2026-03-19 13:06:46,2.0,58.086334205070166,7.444554504441465,470.002658392576,94.157336,0.7931658121440436
429,C:\Users\joshy\OneDrive\Documents\Kravitz Lab\freezeData\\0322\20260319130704-b94.67-f4.png,2026-03-19 13:07:04,4.0,58.48593755866845,7.444986945229362,411.319406104816,94.473244,0.8407662507178584
430,C:\Users\joshy\OneDrive\Documents\Kravitz Lab\freezeData\\0322\20260319130742-b94.36-f8.png,2026-03-19 13:07:42,8.0,59.246927979918084,7.427710634142175,445.1529287290239,94.18132,0.7016198498204195
431,C:\Users\joshy\OneDrive\Documents\Kravitz Lab\freezeData\\0322\20260319130723-b94.43-f6.png,2026-03-19 13:07:23,6.0,58.9299648389552,7.439989148523875,420.898696142704,94.245748,0.7789912627184311
432,C:\Users\joshy\OneDrive\Documents\Kravitz Lab\freezeData\\0322\20260319130800-b94.27-f10.png,2026-03-19 13:08:00,10.0,59.44286885263477,7.418312625063767,514.374141456496,94.159908,0.6378158895752739
433,C:\Users\joshy\OneDrive\Documents\Kravitz Lab\freezeData\\0322\20260319130818-b93.96-f0.png,2026-03-19 13:08:18,0.0,57.75595782262038,7.43964098971985,431.68813129977593,93.788236,0.7427398183892334
434,C:\Users\joshy\OneDrive\Documents\Kravitz Lab\freezeData\\0322\20260319130855-b94.63-f4.png,2026-03-19 13:08:55,4.0,58.56104342755856,7.448441836791432,429.299860448496,94.45766,0.8416316617106077
435,C:\Users\joshy\OneDrive\Documents\Kravitz Lab\freezeData\\0322\20260319130838-b94.57-f2.png,2026-03-19 13:08:38,2.0,58.17354459932453,7.452058888150421,467.490507774576,94.38748,0.794161624225371
436,C:\Users\joshy\OneDrive\Documents\Kravitz Lab\freezeData\\0322\20260319130915-b94.89-f6.png,2026-03-19 13:09:15,6.0,58.93144674313014,7.446658397305301,424.94671505382394,94.715204,0.7781505226142857
437,C:\Users\joshy\OneDrive\Documents\Kravitz Lab\freezeData\\0322\20260319130934-b94.46-f8.png,2026-03-19 13:09:34,8.0,59.2665109519622,7.4316401055532735,455.8841683928159,94.289212,0.7013686215244558
438,C:\Users\joshy\OneDrive\Documents\Kravitz Lab\freezeData\\0322\20260319130952-b93.98-f10.png,2026-03-19 13:09:52,10.0,59.45186719472094,7.418345368811318,509.87797869254405,93.839292,0.6369427238279627
439,C:\Users\joshy\OneDrive\Documents\Kravitz Lab\freezeData\\0322\20260319131011-b93.71-f0.png,2026-03-19 13:10:11,0.0,57.70294431918011,7.440072019135351,413.77047264505603,93.51676,0.7392937268675674
440,C:\Users\joshy\OneDrive\Documents\Kravitz Lab\freezeData\\0322\20260319131030-b94.18-f2.png,2026-03-19 13:10:30,2.0,58.107631822273945,7.446804655912401,454.91790592870404,94.000084,0.7936067411994638
441,C:\Users\joshy\OneDrive\Documents\Kravitz Lab\freezeData\\0322\20260319131049-b94.46-f4.png,2026-03-19 13:10:49,4.0,58.65086065236895,7.445588661708877,411.5289846016,94.26558,0.843495599461262
442,C:\Users\joshy\OneDrive\Documents\Kravitz Lab\freezeData\\0322\20260319131108-b94.38-f6.png,2026-03-19 13:11:08,6.0,58.97560308039574,7.437986238514359,413.25464703601597,94.198296,0.7789421072910205
443,C:\Users\joshy\OneDrive\Documents\Kravitz Lab\freezeData\\0322\20260319131127-b94.58-f8.png,2026-03-19 13:11:27,8.0,59.25869276603338,7.432052648010367,430.65322219134396,94.388808,0.6987017062850785
444,C:\Users\joshy\OneDrive\Documents\Kravitz Lab\freezeData\\0322\20260319131205-b93.99-f0.png,2026-03-19 13:12:05,0.0,57.699240746753816,7.4387337636330555,434.86160886041597,93.822988,0.7424294480661279
445,C:\Users\joshy\OneDrive\Documents\Kravitz Lab\freezeData\\0322\20260319131146-b94.07-f10.png,2026-03-19 13:11:46,10.0,59.37787373213817,7.4155497227021945,497.597331424704,93.912484,0.6361346147840351
446,C:\Users\joshy\OneDrive\Documents\Kravitz Lab\freezeData\\0322\20260319131224-b94.38-f2.png,2026-03-19 13:12:24,2.0,58.2059316040809,7.450009287923108,451.9094183403359,94.179416,0.7925871170261919
447,C:\Users\joshy\OneDrive\Documents\Kravitz Lab\freezeData\\0322\20260319131243-b94.69-f4.png,2026-03-19 13:12:43,4.0,58.64422267191666,7.446337077042478,406.959318660864,94.494784,0.8418948476162946
448,C:\Users\joshy\OneDrive\Documents\Kravitz Lab\freezeData\\0322\20260319131301-b94.45-f6.png,2026-03-19 13:13:01,6.0,58.93383286309825,7.443099307560364,408.991778007296,94.26738,0.7786886813299857
449,C:\Users\joshy\OneDrive\Documents\Kravitz Lab\freezeData\\0322\20260319131321-b94.31-f8.png,2026-03-19 13:13:21,8.0,59.25281754912372,7.43169961259549,436.7645762549759,94.132516,0.6993895446178546
450,C:\Users\joshy\OneDrive\Documents\Kravitz Lab\freezeData\\0322\20260319131339-b93.89-f10.png,2026-03-19 13:13:39,10.0,59.416252041013294,7.417386292087706,506.0019552792159,93.729472,0.6358973450176586
451,C:\Users\joshy\OneDrive\Documents\Kravitz Lab\freezeData\\0322\20260319131358-b94.08-f0.png,2026-03-19 13:13:58,0.0,57.68135362486896,7.4376858196639315,437.501045629424,93.899104,0.7408568314179408
452,C:\Users\joshy\OneDrive\Documents\Kravitz Lab\freezeData\\0322\20260319131417-b94.48-f2.png,2026-03-19 13:14:17,2.0,58.14190753220207,7.449241954946619,430.516391332864,94.279808,0.7929898380259989
453,C:\Users\joshy\OneDrive\Documents\Kravitz Lab\freezeData\\0322\20260319131436-b94.41-f4.png,2026-03-19 13:14:36,4.0,58.55277315775573,7.442555407845771,415.41978857982394,94.22058,0.8410254069463303
454,C:\Users\joshy\OneDrive\Documents\Kravitz Lab\freezeData\\0322\20260319131455-b94.40-f6.png,2026-03-19 13:14:55,6.0,58.93316845027818,7.441911642232408,425.735206561776,94.209056,0.7767137011294799
455,C:\Users\joshy\OneDrive\Documents\Kravitz Lab\freezeData\\0322\20260319131513-b94.27-f8.png,2026-03-19 13:15:13,8.0,59.291445285991664,7.431130647978905,439.45071196542403,94.073484,0.7005403869393372
456,C:\Users\joshy\OneDrive\Documents\Kravitz Lab\freezeData\\0322\20260319131532-b94.23-f10.png,2026-03-19 13:15:32,10.0,59.487015150898806,7.41951276415282,501.83456435737605,94.067856,0.6360796132779657
457,C:\Users\joshy\OneDrive\Documents\Kravitz Lab\freezeData\\0322\20260319131551-b93.86-f0.png,2026-03-19 13:15:51,0.0,57.64091357674394,7.436300404253159,424.2429898297439,93.659656,0.7401169798913196
458,C:\Users\joshy\OneDrive\Documents\Kravitz Lab\freezeData\\0322\20260319131611-b94.47-f2.png,2026-03-19 13:16:11,2.0,58.06627034816257,7.449182938398932,432.7302086883839,94.262564,0.7932145915026171
459,C:\Users\joshy\OneDrive\Documents\Kravitz Lab\freezeData\\0322\20260319131628-b94.75-f4.png,2026-03-19 13:16:28,4.0,58.571484446544936,7.449016057817607,414.1522428312159,94.572012,0.8427755702061533
460,C:\Users\joshy\OneDrive\Documents\Kravitz Lab\freezeData\\0322\20260319131648-b94.63-f6.png,2026-03-19 13:16:48,6.0,59.01634826922642,7.443150666842402,421.91964772337593,94.462624,0.7794484968148052
461,C:\Users\joshy\OneDrive\Documents\Kravitz Lab\freezeData\\0322\20260319131707-b94.53-f8.png,2026-03-19 13:17:07,8.0,59.286961968059856,7.429474932901994,434.051466661104,94.346232,0.699524396966133
462,C:\Users\joshy\OneDrive\Documents\Kravitz Lab\freezeData\\0322\20260319131726-b94.16-f10.png,2026-03-19 13:17:26,10.0,59.47149087316524,7.4192569402799435,483.36958045809604,94.014468,0.6383482125631467
463,C:\Users\joshy\OneDrive\Documents\Kravitz Lab\freezeData\\0322\20260319131746-b93.80-f0.png,2026-03-19 13:17:46,0.0,57.72538891864286,7.438958133597449,425.72675104793603,93.621368,0.7403345574598893
464,C:\Users\joshy\OneDrive\Documents\Kravitz Lab\freezeData\\0322\20260319131805-b94.53-f2.png,2026-03-19 13:18:05,2.0,58.19131044705544,7.448827252901626,460.981282124224,94.348196,0.7930517750822346
465,C:\Users\joshy\OneDrive\Documents\Kravitz Lab\freezeData\\0322\20260319131824-b94.57-f4.png,2026-03-19 13:18:24,4.0,58.63016150848107,7.449480096565519,409.35072998910397,94.376868,0.8408268867683083
466,C:\Users\joshy\OneDrive\Documents\Kravitz Lab\freezeData\\0322\20260319131843-b94.37-f6.png,2026-03-19 13:18:43,6.0,58.952165167465594,7.441260438110332,420.28773792870396,94.200684,0.7793993625446253
467,C:\Users\joshy\OneDrive\Documents\Kravitz Lab\freezeData\\0322\20260319131903-b94.35-f8.png,2026-03-19 13:19:03,8.0,59.28283575564179,7.426301481510689,447.342599222784,94.18764,0.7018212806231666
468,C:\Users\joshy\OneDrive\Documents\Kravitz Lab\freezeData\\0322\20260319131921-b93.91-f10.png,2026-03-19 13:19:21,10.0,59.344302316316906,7.418633913061602,501.92314838040005,93.759828,0.6355023506487149
469,C:\Users\joshy\OneDrive\Documents\Kravitz Lab\freezeData\\0322\20260319131940-b93.78-f0.png,2026-03-19 13:19:40,0.0,57.766771943471305,7.440718085053096,440.12075298809594,93.600176,0.740277940536054
470,C:\Users\joshy\OneDrive\Documents\Kravitz Lab\freezeData\\0322\20260319132001-b94.37-f2.png,2026-03-19 13:20:01,2.0,58.14954107642068,7.449610063894547,457.1316488176001,94.177608,0.7933670207047673
471,C:\Users\joshy\OneDrive\Documents\Kravitz Lab\freezeData\\0322\20260319132019-b94.52-f4.png,2026-03-19 13:20:19,4.0,58.54741646552558,7.448842779589116,413.766686365184,94.322548,0.842389117599438
472,C:\Users\joshy\OneDrive\Documents\Kravitz Lab\freezeData\\0322\20260319132057-b94.29-f8.png,2026-03-19 13:20:57,8.0,59.18235350078346,7.427413438769536,451.75059447039996,94.126452,0.7011441707386399
473,C:\Users\joshy\OneDrive\Documents\Kravitz Lab\freezeData\\0322\20260319132037-b94.69-f6.png,2026-03-19 13:20:37,6.0,58.942269643570256,7.445526151446711,424.400236031936,94.511716,0.7771693468837172
474,C:\Users\joshy\OneDrive\Documents\Kravitz Lab\freezeData\\0322\20260319132114-b94.10-f10.png,2026-03-19 13:21:14,10.0,59.347769118596396,7.415791910518414,492.073676690416,93.945076,0.6351246313020118
475,C:\Users\joshy\OneDrive\Documents\Kravitz Lab\freezeData\\0322\20260319132133-b93.87-f0.png,2026-03-19 13:21:33,0.0,57.6690955717497,7.437020358934641,432.274639282416,93.68942,0.7396280311548369
476,C:\Users\joshy\OneDrive\Documents\Kravitz Lab\freezeData\\0322\20260319132153-b94.52-f2.png,2026-03-19 13:21:53,2.0,58.09783552692186,7.448828258810403,460.08337620473594,94.330356,0.7931730447414754
477,C:\Users\joshy\OneDrive\Documents\Kravitz Lab\freezeData\\0322\20260319132210-b94.56-f4.png,2026-03-19 13:22:10,4.0,58.45832234055083,7.442928537553067,409.2105638204,94.379016,0.8434139051047764
478,C:\Users\joshy\OneDrive\Documents\Kravitz Lab\freezeData\\0322\20260319132229-b94.60-f6.png,2026-03-19 13:22:29,6.0,58.997494611875986,7.4436921593133105,432.34650075999997,94.422608,0.7785342451614649
479,C:\Users\joshy\OneDrive\Documents\Kravitz Lab\freezeData\\0322\20260319132249-b94.19-f8.png,2026-03-19 13:22:49,8.0,59.20927719427421,7.4329705518503495,450.80320658161605,94.02354,0.7023123648668
480,C:\Users\joshy\OneDrive\Documents\Kravitz Lab\freezeData\\0322\20260319132307-b93.97-f10.png,2026-03-19 13:23:07,10.0,59.36309681539197,7.415873471131072,504.44236172160004,93.82192,0.6379743835641379
481,C:\Users\joshy\OneDrive\Documents\Kravitz Lab\freezeData\\0322\20260319132326-b93.89-f0.png,2026-03-19 13:23:26,0.0,57.72050010663996,7.43834632238738,446.651227471616,93.711876,0.740725600094403
482,C:\Users\joshy\OneDrive\Documents\Kravitz Lab\freezeData\\0322\20260319132346-b94.52-f2.png,2026-03-19 13:23:46,2.0,58.13726306628423,7.450376142851601,462.89146075313596,94.337608,0.7936031318873888
483,C:\Users\joshy\OneDrive\Documents\Kravitz Lab\freezeData\\0322\20260319132404-b94.61-f4.png,2026-03-19 13:24:04,4.0,58.65089784489796,7.451322370368348,418.06176103039996,94.422812,0.843011734779192
484,C:\Users\joshy\OneDrive\Documents\Kravitz Lab\freezeData\\0322\20260319132423-b94.47-f6.png,2026-03-19 13:24:23,6.0,58.9063921636803,7.440199289132193,432.8940264680959,94.285948,0.7770490077822191
485,C:\Users\joshy\OneDrive\Documents\Kravitz Lab\freezeData\\0322\20260319132444-b94.51-f8.png,2026-03-19 13:24:44,8.0,59.2156497546301,7.428475059084928,441.495516357376,94.340676,0.7042655258191639
486,C:\Users\joshy\OneDrive\Documents\Kravitz Lab\freezeData\\0322\20260319132503-b94.19-f10.png,2026-03-19 13:25:03,10.0,59.42218096232753,7.422535904179482,507.2010485743999,94.04202,0.6378462058750539
487,C:\Users\joshy\OneDrive\Documents\Kravitz Lab\freezeData\\0322\20260319132521-b93.88-f0.png,2026-03-19 13:25:21,0.0,57.63575165154226,7.43799305187185,439.36306296446406,93.708412,0.7407413586186488
488,C:\Users\joshy\OneDrive\Documents\Kravitz Lab\freezeData\\0322\20260319132540-b94.61-f2.png,2026-03-19 13:25:40,2.0,58.203615303979326,7.450560670457524,461.982405811136,94.432372,0.7952086314978826
489,C:\Users\joshy\OneDrive\Documents\Kravitz Lab\freezeData\\0322\20260319132600-b94.64-f4.png,2026-03-19 13:26:00,4.0,58.53396971712491,7.447524509033537,425.0358530515041,94.463052,0.8419558322639097
490,C:\Users\joshy\OneDrive\Documents\Kravitz Lab\freezeData\\0322\20260319132619-b94.61-f6.png,2026-03-19 13:26:19,6.0,59.046355723762794,7.446357263180332,425.609102373616,94.428308,0.7771864881060787
491,C:\Users\joshy\OneDrive\Documents\Kravitz Lab\freezeData\\0322\20260319132637-b94.69-f8.png,2026-03-19 13:26:37,8.0,59.31151726288458,7.430094225044118,441.9384424704,94.525612,0.7030034915555986
492,C:\Users\joshy\OneDrive\Documents\Kravitz Lab\freezeData\\0322\20260319132656-b94.03-f10.png,2026-03-19 13:26:56,10.0,59.37366999490316,7.417965073877747,507.370207318976,93.873844,0.6392199885269467
493,C:\Users\joshy\OneDrive\Documents\Kravitz Lab\freezeData\\0322\20260319132714-b93.78-f0.png,2026-03-19 13:27:14,0.0,57.66610601601242,7.438642851657425,424.40890142590393,93.587504,0.7397753852533637
494,C:\Users\joshy\OneDrive\Documents\Kravitz Lab\freezeData\\0322\20260319132733-b94.38-f2.png,2026-03-19 13:27:33,2.0,58.056801135812364,7.44576422957093,461.37722018238406,94.187856,0.7931508471144323
495,C:\Users\joshy\OneDrive\Documents\Kravitz Lab\freezeData\\0322\20260319132752-b94.64-f4.png,2026-03-19 13:27:52,4.0,58.50716210121001,7.44570528268564,416.701293669744,94.446644,0.8426908916805342
496,C:\Users\joshy\OneDrive\Documents\Kravitz Lab\freezeData\\0322\20260319132811-b94.62-f6.png,2026-03-19 13:28:11,6.0,58.93279104133236,7.440310797696732,410.690442654656,94.426216,0.779249379171322
497,C:\Users\joshy\OneDrive\Documents\Kravitz Lab\freezeData\\0322\20260319132829-b94.52-f8.png,2026-03-19 13:28:29,8.0,59.274212028247156,7.430533824747556,460.8316028399999,94.35452,0.7012710338190739
498,C:\Users\joshy\OneDrive\Documents\Kravitz Lab\freezeData\\0322\20260319132849-b94.15-f10.png,2026-03-19 13:28:49,10.0,59.43558320711511,7.421197195244497,515.203345570304,94.004564,0.6382739290469933
499,C:\Users\joshy\OneDrive\Documents\Kravitz Lab\freezeData\\0322\20260319132907-b93.99-f0.png,2026-03-19 13:29:07,0.0,57.83276947708812,7.4420600887996535,435.42938198769593,93.819272,0.7404374332525157
500,C:\Users\joshy\OneDrive\Documents\Kravitz Lab\freezeData\\0322\20260319132926-b94.50-f2.png,2026-03-19 13:29:26,2.0,58.17974458278758,7.452969436045777,469.5247451983359,94.30896,0.7941795837849343
501,C:\Users\joshy\OneDrive\Documents\Kravitz Lab\freezeData\\0322\20260319132945-b94.73-f4.png,2026-03-19 13:29:45,4.0,58.53230192743231,7.449300860327162,426.2230330725759,94.536648,0.843293322998828
502,C:\Users\joshy\OneDrive\Documents\Kravitz Lab\freezeData\\0322\20260319133004-b94.71-f6.png,2026-03-19 13:30:04,6.0,58.924675767558846,7.442771944388697,429.94099609542405,94.543008,0.7776503818143374
503,C:\Users\joshy\OneDrive\Documents\Kravitz Lab\freezeData\\0322\20260319133023-b94.44-f8.png,2026-03-19 13:30:23,8.0,59.21102652153418,7.430463339310114,446.5303160012161,94.282776,0.7033974512462517
504,C:\Users\joshy\OneDrive\Documents\Kravitz Lab\freezeData\\0322\20260319133043-b94.18-f10.png,2026-03-19 13:30:43,10.0,59.465167136797795,7.420424945647931,515.568268998384,94.027448,0.6365067608954263
505,C:\Users\joshy\OneDrive\Documents\Kravitz Lab\freezeData\\0322\20260319133102-b93.72-f0.png,2026-03-19 13:31:02,0.0,57.629532099541606,7.4318082457734,430.44743900000003,93.541352,0.7417203702556846
506,C:\Users\joshy\OneDrive\Documents\Kravitz Lab\freezeData\\0322\20260319133121-b94.53-f2.png,2026-03-19 13:31:21,2.0,58.20296693434107,7.4458493495627085,440.577269425904,94.3402,0.792901973162463
507,C:\Users\joshy\OneDrive\Documents\Kravitz Lab\freezeData\\0322\20260319133140-b94.51-f4.png,2026-03-19 13:31:40,4.0,58.56922790722869,7.448212736208424,409.55803577457607,94.307152,0.8429110522572192
508,C:\Users\joshy\OneDrive\Documents\Kravitz Lab\freezeData\\0322\20260319133159-b94.64-f6.png,2026-03-19 13:31:59,6.0,58.95477671777866,7.44527471729315,423.32663018225605,94.444808,0.7784668456043521
509,C:\Users\joshy\OneDrive\Documents\Kravitz Lab\freezeData\\0322\20260319133219-b94.66-f8.png,2026-03-19 13:32:19,8.0,59.225042935221104,7.4346011809606445,436.64562585240003,94.486096,0.7031787749743006
510,C:\Users\joshy\OneDrive\Documents\Kravitz Lab\freezeData\\0322\20260319133238-b94.01-f10.png,2026-03-19 13:32:38,10.0,59.45849250959516,7.414555837662831,523.2239612661759,93.855804,0.6360304960000773
511,C:\Users\joshy\OneDrive\Documents\Kravitz Lab\freezeData\\0322\20260319133256-b93.80-f0.png,2026-03-19 13:32:56,0.0,57.7323611488959,7.4396071377371475,447.489094928496,93.619884,0.7394556703988505
512,C:\Users\joshy\OneDrive\Documents\Kravitz Lab\freezeData\\0322\20260319133334-b94.54-f4.png,2026-03-19 13:33:34,4.0,58.48527046858947,7.445013083238688,419.34256534630396,94.340544,0.842788835070428
513,C:\Users\joshy\OneDrive\Documents\Kravitz Lab\freezeData\\0322\20260319133316-b94.56-f2.png,2026-03-19 13:33:16,2.0,58.11620982095787,7.451484811860569,457.466404404464,94.36908,0.7925878212339513
514,C:\Users\joshy\OneDrive\Documents\Kravitz Lab\freezeData\\0322\20260319133354-b94.63-f6.png,2026-03-19 13:33:54,6.0,58.88264982514289,7.440001631356639,430.7363429284959,94.44764,0.7780773098345605
515,C:\Users\joshy\OneDrive\Documents\Kravitz Lab\freezeData\\0322\20260319133413-b94.52-f8.png,2026-03-19 13:34:13,8.0,59.28909164231423,7.43056392764159,435.80293465559987,94.341292,0.7017080155255075
516,C:\Users\joshy\OneDrive\Documents\Kravitz Lab\freezeData\\0322\20260319133432-b94.29-f10.png,2026-03-19 13:34:32,10.0,59.47923430854893,7.422316758616946,501.57962822462406,94.146144,0.6393897145286047
517,C:\Users\joshy\OneDrive\Documents\Kravitz Lab\freezeData\\0322\20260319133451-b93.99-f0.png,2026-03-19 13:34:51,0.0,57.684067390718,7.436612859992961,430.68909378993595,93.814848,0.7406908707058716
518,C:\Users\joshy\OneDrive\Documents\Kravitz Lab\freezeData\\0322\20260319133509-b94.69-f2.png,2026-03-19 13:35:09,2.0,58.0659182503845,7.447754284959186,465.83946913560004,94.508108,0.7945456819459614
519,C:\Users\joshy\OneDrive\Documents\Kravitz Lab\freezeData\\0322\20260319133528-b94.60-f4.png,2026-03-19 13:35:28,4.0,58.56562240632298,7.451990385148476,426.12395018225607,94.4196,0.8412731230163988
520,C:\Users\joshy\OneDrive\Documents\Kravitz Lab\freezeData\\0322\20260319133604-b94.14-f8.png,2026-03-19 13:36:04,8.0,59.16970829971701,7.4277596373817625,451.902486494144,93.98292,0.7020946459570357
521,C:\Users\joshy\OneDrive\Documents\Kravitz Lab\freezeData\\0322\20260319133545-b94.73-f6.png,2026-03-19 13:35:45,6.0,58.92423110679965,7.440782069333479,434.3043388016,94.546092,0.7800756994105926
522,C:\Users\joshy\OneDrive\Documents\Kravitz Lab\freezeData\\0322\20260319133623-b94.18-f10.png,2026-03-19 13:36:23,10.0,59.45760472692912,7.421461625263484,505.34028817969596,94.026984,0.6375225414332949
523,C:\Users\joshy\OneDrive\Documents\Kravitz Lab\freezeData\\0322\20260319133642-b93.85-f0.png,2026-03-19 13:36:42,0.0,57.67254130210654,7.436936975361872,437.463621987696,93.675396,0.7427494987905642
524,C:\Users\joshy\OneDrive\Documents\Kravitz Lab\freezeData\\0322\20260319133701-b94.26-f2.png,2026-03-19 13:37:01,2.0,58.07558695493741,7.448173983380754,449.05491900000004,94.069252,0.792466650365414
525,C:\Users\joshy\OneDrive\Documents\Kravitz Lab\freezeData\\0322\20260319133719-b94.62-f4.png,2026-03-19 13:37:19,4.0,58.55168048557705,7.449299540148956,405.70153556678395,94.428836,0.8438292757979012
526,C:\Users\joshy\OneDrive\Documents\Kravitz Lab\freezeData\\0322\20260319133737-b94.66-f6.png,2026-03-19 13:37:37,6.0,59.01339835298083,7.440171348619903,418.1583393344,94.46982,0.7765909813493838
527,C:\Users\joshy\OneDrive\Documents\Kravitz Lab\freezeData\\0322\20260319133757-b94.44-f8.png,2026-03-19 13:37:57,8.0,59.20277011914845,7.43260580233863,441.3045041914239,94.263792,0.6998782790342436
528,C:\Users\joshy\OneDrive\Documents\Kravitz Lab\freezeData\\0322\20260319133816-b94.10-f10.png,2026-03-19 13:38:16,10.0,59.36560444903348,7.416781326894673,511.07496957030406,93.945664,0.6363047793087262
529,C:\Users\joshy\OneDrive\Documents\Kravitz Lab\freezeData\\0322\20260319133834-b93.91-f0.png,2026-03-19 13:38:34,0.0,57.604952048917326,7.434266045248292,442.98446070999995,93.744956,0.7396896612741488
530,C:\Users\joshy\OneDrive\Documents\Kravitz Lab\freezeData\\0322\20260319133853-b94.43-f2.png,2026-03-19 13:38:53,2.0,58.14977780702781,7.4485816107832274,468.882700137584,94.236036,0.7932453311214674
531,C:\Users\joshy\OneDrive\Documents\Kravitz Lab\freezeData\\0322\20260319133911-b94.68-f4.png,2026-03-19 13:39:11,4.0,58.56759305899316,7.447477232547703,402.00499307257604,94.475276,0.8423174261749589
532,C:\Users\joshy\OneDrive\Documents\Kravitz Lab\freezeData\\0322\20260319133931-b94.34-f6.png,2026-03-19 13:39:31,6.0,58.906299164420915,7.437243830787506,420.8953357564001,94.169088,0.780364661692978
533,C:\Users\joshy\OneDrive\Documents\Kravitz Lab\freezeData\\0322\20260319133950-b94.64-f8.png,2026-03-19 13:39:50,8.0,59.26725027170861,7.427967802242207,462.34966375,94.487784,0.7017888730853789
534,C:\Users\joshy\OneDrive\Documents\Kravitz Lab\freezeData\\0322\20260319134009-b94.04-f10.png,2026-03-19 13:40:09,10.0,59.34104801222493,7.420448929639567,517.606649250416,93.899896,0.6370127722778799
535,C:\Users\joshy\OneDrive\Documents\Kravitz Lab\freezeData\\0322\20260319134028-b93.87-f0.png,2026-03-19 13:40:28,0.0,57.72923655335498,7.440350737027372,441.88527138609606,93.701472,0.740580612850301
536,C:\Users\joshy\OneDrive\Documents\Kravitz Lab\freezeData\\0322\20260319134048-b94.35-f2.png,2026-03-19 13:40:48,2.0,58.1263126579602,7.447251750129383,466.73299324,94.163416,0.7935703097512998
537,C:\Users\joshy\OneDrive\Documents\Kravitz Lab\freezeData\\0322\20260319134106-b94.35-f4.png,2026-03-19 13:41:06,4.0,58.461387728355405,7.449219341693844,412.1192178098559,94.158836,0.8430200592015384
538,C:\Users\joshy\OneDrive\Documents\Kravitz Lab\freezeData\\0322\20260319134126-b94.50-f6.png,2026-03-19 13:41:26,6.0,58.84859483309541,7.441438691057835,418.41338803193594,94.315224,0.7777540446747216
539,C:\Users\joshy\OneDrive\Documents\Kravitz Lab\freezeData\\0322\20260319134144-b94.50-f8.png,2026-03-19 13:41:44,8.0,59.21637865366047,7.430832433127713,437.9489190236001,94.310952,0.7007400343745468
540,C:\Users\joshy\OneDrive\Documents\Kravitz Lab\freezeData\\0322\20260319134202-b94.06-f10.png,2026-03-19 13:42:02,10.0,59.484419682441754,7.420434260716554,507.01884026361597,93.920056,0.636891923248195
541,C:\Users\joshy\OneDrive\Documents\Kravitz Lab\freezeData\\0322\20260319134221-b93.61-f0.png,2026-03-19 13:42:21,0.0,57.56329027392371,7.434961628920846,424.441525507696,93.4222,0.7408118528588016
542,C:\Users\joshy\OneDrive\Documents\Kravitz Lab\freezeData\\0322\20260319134240-b94.56-f2.png,2026-03-19 13:42:40,2.0,58.14976396719506,7.450181613569278,460.22926075313603,94.375748,0.7940767224989326
543,C:\Users\joshy\OneDrive\Documents\Kravitz Lab\freezeData\\0322\20260319134258-b94.40-f4.png,2026-03-19 13:42:58,4.0,58.54969241965789,7.444946078123835,422.52108881759995,94.212616,0.8428784465134039
544,C:\Users\joshy\OneDrive\Documents\Kravitz Lab\freezeData\\0322\20260319134318-b94.67-f6.png,2026-03-19 13:43:18,6.0,58.84658842822969,7.439599635036394,417.28821980569603,94.491612,0.7791422880358241
545,C:\Users\joshy\OneDrive\Documents\Kravitz Lab\freezeData\\0322\20260319134337-b94.52-f8.png,2026-03-19 13:43:37,8.0,59.198690435485275,7.431388188647998,438.132218992624,94.338672,0.7010442824694073
546,C:\Users\joshy\OneDrive\Documents\Kravitz Lab\freezeData\\0322\20260319134355-b94.19-f10.png,2026-03-19 13:43:55,10.0,59.395006570305014,7.418607386816723,519.4355877139841,94.035868,0.6356520539796764
547,C:\Users\joshy\OneDrive\Documents\Kravitz Lab\freezeData\\0322\20260319134414-b93.93-f0.png,2026-03-19 13:44:14,0.0,57.7109551767744,7.442427245210802,431.1653214463999,93.744844,0.7384106518574144
548,C:\Users\joshy\OneDrive\Documents\Kravitz Lab\freezeData\\0322\20260319134434-b94.81-f2.png,2026-03-19 13:44:34,2.0,58.0860436873773,7.450897839571153,463.47237509574404,94.623064,0.7923118294398946
549,C:\Users\joshy\OneDrive\Documents\Kravitz Lab\freezeData\\0322\20260319134453-b94.53-f4.png,2026-03-19 13:44:53,4.0,58.53357962875314,7.444444298858205,419.675898831216,94.330696,0.8421288124137272
550,C:\Users\joshy\OneDrive\Documents\Kravitz Lab\freezeData\\0322\20260319134512-b94.68-f6.png,2026-03-19 13:45:12,6.0,58.879322660017074,7.442113281633091,415.482472205296,94.49824,0.7810987517862019
551,C:\Users\joshy\OneDrive\Documents\Kravitz Lab\freezeData\\0322\20260319134530-b94.55-f8.png,2026-03-19 13:45:30,8.0,59.249309344231044,7.431929718675862,453.51312471033606,94.382296,0.7025083927181855
552,C:\Users\joshy\OneDrive\Documents\Kravitz Lab\freezeData\\0322\20260319134551-b94.04-f10.png,2026-03-19 13:45:51,10.0,59.45937529184429,7.4207132825347815,499.61929458161603,93.876704,0.6369247654774488
553,C:\Users\joshy\OneDrive\Documents\Kravitz Lab\freezeData\\0322\20260319134609-b94.23-f0.png,2026-03-19 13:46:09,0.0,57.718432422033914,7.439918316833629,444.020734182256,94.069848,0.742645617830129
554,C:\Users\joshy\OneDrive\Documents\Kravitz Lab\freezeData\\0322\20260319134627-b94.48-f2.png,2026-03-19 13:46:27,2.0,58.15034057246798,7.447000236575894,454.732847332864,94.278272,0.7932174175865369
555,C:\Users\joshy\OneDrive\Documents\Kravitz Lab\freezeData\\0322\20260319134646-b94.82-f4.png,2026-03-19 13:46:46,4.0,58.6015861869747,7.450723139273886,419.89082809265597,94.622476,0.841083574479762
556,C:\Users\joshy\OneDrive\Documents\Kravitz Lab\freezeData\\0322\20260319134705-b94.46-f6.png,2026-03-19 13:47:05,6.0,58.885614792069546,7.4396151823172945,426.238007000304,94.2784,0.7788910828741069
557,C:\Users\joshy\OneDrive\Documents\Kravitz Lab\freezeData\\0322\20260319134724-b94.52-f8.png,2026-03-19 13:47:24,8.0,59.185951142155346,7.43381527415701,446.90345436,94.34728,0.6990746495575124
558,C:\Users\joshy\OneDrive\Documents\Kravitz Lab\freezeData\\0322\20260319134742-b94.07-f10.png,2026-03-19 13:47:42,10.0,59.551234662383415,7.418288269016281,502.80555963590393,93.909412,0.6368507369447088
559,C:\Users\joshy\OneDrive\Documents\Kravitz Lab\freezeData\\0322\20260319134804-b93.81-f0.png,2026-03-19 13:48:04,0.0,57.60000360973267,7.4377190890263,442.64747344640006,93.644472,0.7401218116276685
560,C:\Users\joshy\OneDrive\Documents\Kravitz Lab\freezeData\\0322\20260319134822-b94.46-f2.png,2026-03-19 13:48:22,2.0,58.2417482838386,7.4501241795234625,462.64977949694406,94.277728,0.7931259082213206
561,C:\Users\joshy\OneDrive\Documents\Kravitz Lab\freezeData\\0322\20260319134841-b94.76-f4.png,2026-03-19 13:48:41,4.0,58.526413656820075,7.447067721426244,407.278211911664,94.567472,0.8424818537071094
562,C:\Users\joshy\OneDrive\Documents\Kravitz Lab\freezeData\\0322\20260319134900-b94.52-f6.png,2026-03-19 13:49:00,6.0,58.81537537756684,7.4407125013759385,436.64565953945606,94.368352,0.7773084254795003
563,C:\Users\joshy\OneDrive\Documents\Kravitz Lab\freezeData\\0322\20260319134918-b94.65-f8.png,2026-03-19 13:49:18,8.0,59.26103971240248,7.4335696175056025,441.53451281559995,94.476416,0.7029267628641862
564,C:\Users\joshy\OneDrive\Documents\Kravitz Lab\freezeData\\0322\20260319134938-b94.31-f10.png,2026-03-19 13:49:38,10.0,59.51711641175087,7.419085788843026,521.3247589502561,94.154564,0.6359635765997911
565,C:\Users\joshy\OneDrive\Documents\Kravitz Lab\freezeData\\0322\20260319134956-b94.09-f0.png,2026-03-19 13:49:56,0.0,57.66567174586642,7.44100231932309,449.666990220784,93.921272,0.7402808452591448
566,C:\Users\joshy\OneDrive\Documents\Kravitz Lab\freezeData\\0322\20260319135016-b94.73-f2.png,2026-03-19 13:50:16,2.0,58.10387338454813,7.451216719861055,459.08122259902404,94.53818,0.7929219326998442
567,C:\Users\joshy\OneDrive\Documents\Kravitz Lab\freezeData\\0322\20260319135034-b94.69-f4.png,2026-03-19 13:50:34,4.0,58.523844029383994,7.44922279588613,423.4596775484,94.499844,0.840785488781539
568,C:\Users\joshy\OneDrive\Documents\Kravitz Lab\freezeData\\0322\20260319135055-b94.73-f6.png,2026-03-19 13:50:55,6.0,59.00560520899471,7.438962589727654,437.68484772337604,94.560016,0.7802469193960236
569,C:\Users\joshy\OneDrive\Documents\Kravitz Lab\freezeData\\0322\20260319135112-b94.48-f8.png,2026-03-19 13:51:12,8.0,59.23748587793185,7.430066115251715,436.319447157184,94.297232,0.7013079691863712
570,C:\Users\joshy\OneDrive\Documents\Kravitz Lab\freezeData\\0322\20260319135132-b94.09-f10.png,2026-03-19 13:51:32,10.0,59.3735118811214,7.419048423875868,497.0307895324001,93.931656,0.6388535794848806
571,C:\Users\joshy\OneDrive\Documents\Kravitz Lab\freezeData\\0322\20260319135152-b94.09-f0.png,2026-03-19 13:51:52,0.0,57.66495075555702,7.438298394957514,441.368380966896,93.903572,0.7395953051643652
572,C:\Users\joshy\OneDrive\Documents\Kravitz Lab\freezeData\\0322\20260319135209-b94.45-f2.png,2026-03-19 13:52:09,2.0,58.22115464957389,7.448577993243745,471.112144945664,94.27552,0.7935902008660933
573,C:\Users\joshy\OneDrive\Documents\Kravitz Lab\freezeData\\0322\20260319135229-b94.73-f4.png,2026-03-19 13:52:29,4.0,58.604538457767376,7.445786213167871,425.093362290544,94.552992,0.8443667494568579
574,C:\Users\joshy\OneDrive\Documents\Kravitz Lab\freezeData\\0322\20260319135248-b94.68-f6.png,2026-03-19 13:52:48,6.0,58.94774792566461,7.444340343406169,435.82545116,94.502548,0.7787375609684498
575,C:\Users\joshy\OneDrive\Documents\Kravitz Lab\freezeData\\0322\20260319135308-b94.56-f8.png,2026-03-19 13:53:08,8.0,59.27486523437144,7.434020345369513,461.685771713984,94.406152,0.7024339565159939
576,C:\Users\joshy\OneDrive\Documents\Kravitz Lab\freezeData\\0322\20260319135326-b94.20-f10.png,2026-03-19 13:53:26,10.0,59.43319328558411,7.421852889241694,509.15686812160004,94.04472,0.637921265474796
577,C:\Users\joshy\OneDrive\Documents\Kravitz Lab\freezeData\\0322\20260319135344-b94.03-f0.png,2026-03-19 13:53:44,0.0,57.71000095476056,7.440384853005471,442.83781633817597,93.853256,0.7402168296373896
578,C:\Users\joshy\OneDrive\Documents\Kravitz Lab\freezeData\\0322\20260319135404-b94.65-f2.png,2026-03-19 13:54:04,2.0,58.089211535529174,7.450705477690575,462.15897776998395,94.467888,0.7921075423134227
579,C:\Users\joshy\OneDrive\Documents\Kravitz Lab\freezeData\\0322\20260319135422-b94.73-f4.png,2026-03-19 13:54:22,4.0,58.548771914873015,7.44641025432546,424.1681352384,94.542276,0.8415238251212174
580,C:\Users\joshy\OneDrive\Documents\Kravitz Lab\freezeData\\0322\20260319135441-b94.85-f6.png,2026-03-19 13:54:41,6.0,58.9082594868304,7.441824518980471,419.92327972337597,94.648984,0.779453133973821
581,C:\Users\joshy\OneDrive\Documents\Kravitz Lab\freezeData\\0322\20260319135500-b94.61-f8.png,2026-03-19 13:55:00,8.0,59.19055664253696,7.4351193473122805,458.2404973721441,94.440432,0.7024698876510316
582,C:\Users\joshy\OneDrive\Documents\Kravitz Lab\freezeData\\0322\20260319135518-b94.07-f10.png,2026-03-19 13:55:18,10.0,59.42809118919826,7.415847943876471,495.61059296,93.917844,0.6392142105951246
583,C:\Users\joshy\OneDrive\Documents\Kravitz Lab\freezeData\\0322\20260319135536-b94.03-f0.png,2026-03-19 13:55:36,0.0,57.71701910164883,7.440204806222882,449.80712081760004,93.850648,0.7397296407827432
584,C:\Users\joshy\OneDrive\Documents\Kravitz Lab\freezeData\\0322\20260319135555-b94.57-f2.png,2026-03-19 13:55:55,2.0,58.058345398314614,7.4516708236042435,481.39681616000007,94.3719,0.7927470121513513
585,C:\Users\joshy\OneDrive\Documents\Kravitz Lab\freezeData\\0322\20260319135614-b94.81-f4.png,2026-03-19 13:56:14,4.0,58.56796216046298,7.447332450197393,408.17123439,94.622476,0.8419185875450638
586,C:\Users\joshy\OneDrive\Documents\Kravitz Lab\freezeData\\0322\20260319135632-b94.75-f6.png,2026-03-19 13:56:32,6.0,58.90914125279491,7.444357790963971,433.281104774656,94.581516,0.7816980586083401
587,C:\Users\joshy\OneDrive\Documents\Kravitz Lab\freezeData\\0322\20260319135652-b94.55-f8.png,2026-03-19 13:56:52,8.0,59.21680654621963,7.43301399536142,465.984627967984,94.37974,0.6993733343242138
588,C:\Users\joshy\OneDrive\Documents\Kravitz Lab\freezeData\\0322\20260319135712-b94.34-f10.png,2026-03-19 13:57:12,10.0,59.37954795836344,7.422784749080356,500.567198507504,94.178696,0.635732710887471
589,C:\Users\joshy\OneDrive\Documents\Kravitz Lab\freezeData\\0322\20260319135729-b94.10-f0.png,2026-03-19 13:57:29,0.0,57.60192462748098,7.438540007230428,445.29136610481595,93.9311,0.7398072287143136
590,C:\Users\joshy\OneDrive\Documents\Kravitz Lab\freezeData\\0322\20260319135749-b94.69-f2.png,2026-03-19 13:57:49,2.0,58.11280141227555,7.447382233193952,462.151195706816,94.500132,0.7929812240705401
591,C:\Users\joshy\OneDrive\Documents\Kravitz Lab\freezeData\\0322\20260319135807-b94.45-f4.png,2026-03-19 13:58:07,4.0,58.54408099500875,7.447166748919216,419.1818470479359,94.262184,0.8429515942087181
592,C:\Users\joshy\OneDrive\Documents\Kravitz Lab\freezeData\\0322\20260319135827-b94.90-f6.png,2026-03-19 13:58:27,6.0,58.97943765507094,7.444362979956011,425.4451228016,94.72054,0.7786981369130551
593,C:\Users\joshy\OneDrive\Documents\Kravitz Lab\freezeData\\0322\20260319135846-b94.50-f8.png,2026-03-19 13:58:46,8.0,59.2900351092821,7.435427839330907,461.435063242864,94.337936,0.7031692722155886
594,C:\Users\joshy\OneDrive\Documents\Kravitz Lab\freezeData\\0322\20260319135904-b93.99-f10.png,2026-03-19 13:59:04,10.0,59.38469453722567,7.418120618906289,507.72565450750403,93.84302,0.6379622556444282
595,C:\Users\joshy\OneDrive\Documents\Kravitz Lab\freezeData\\0322\20260319135923-b93.87-f0.png,2026-03-19 13:59:23,0.0,57.645997641681106,7.437940128006935,448.16291119097605,93.689536,0.7405885896006998
596,C:\Users\joshy\OneDrive\Documents\Kravitz Lab\freezeData\\0322\20260319135942-b94.70-f2.png,2026-03-19 13:59:42,2.0,58.17672166187036,7.453400532543137,476.136322543104,94.513292,0.7933921036501312
597,C:\Users\joshy\OneDrive\Documents\Kravitz Lab\freezeData\\0322\20260319140001-b94.81-f4.png,2026-03-19 14:00:01,4.0,58.502071537535286,7.447632500324394,407.10810560921595,94.623652,0.842535528603311
598,C:\Users\joshy\OneDrive\Documents\Kravitz Lab\freezeData\\0322\20260319140020-b94.66-f6.png,2026-03-19 14:00:20,6.0,58.9394115026289,7.4390352505405275,431.14522314238394,94.503424,0.7787428991943456
599,C:\Users\joshy\OneDrive\Documents\Kravitz Lab\freezeData\\0322\20260319140039-b94.45-f8.png,2026-03-19 14:00:39,8.0,59.19943978807151,7.432260891405837,460.00255062777603,94.294864,0.7006983416265751
600,C:\Users\joshy\OneDrive\Documents\Kravitz Lab\freezeData\\0322\20260319140058-b94.29-f10.png,2026-03-19 14:00:58,10.0,59.4156842783587,7.422086913113368,510.79969458161605,94.14688,0.6365264636047792
601,C:\Users\joshy\OneDrive\Documents\Kravitz Lab\freezeData\\0322\20260319140118-b93.83-f0.png,2026-03-19 14:01:18,0.0,57.686224645528675,7.438971638338707,422.146649114624,93.64116,0.739888927454313
602,C:\Users\joshy\OneDrive\Documents\Kravitz Lab\freezeData\\0322\20260319140135-b94.65-f2.png,2026-03-19 14:01:35,2.0,58.11374106245977,7.451287679744384,452.90554678270394,94.457624,0.793214643932013
603,C:\Users\joshy\OneDrive\Documents\Kravitz Lab\freezeData\\0322\20260319140153-b95.12-f4.png,2026-03-19 14:01:53,4.0,58.59282643648166,7.4504716480738065,409.354897568704,94.930156,0.8414983184952097
604,C:\Users\joshy\OneDrive\Documents\Kravitz Lab\freezeData\\0322\20260319140213-b94.54-f6.png,2026-03-19 14:02:13,6.0,58.89205513960605,7.439835520252222,417.95136629745605,94.37344,0.778943912182246
605,C:\Users\joshy\OneDrive\Documents\Kravitz Lab\freezeData\\0322\20260319140231-b94.39-f8.png,2026-03-19 14:02:31,8.0,59.24498143775555,7.433022883928157,441.91607813502407,94.2162,0.7001812443026403
606,C:\Users\joshy\OneDrive\Documents\Kravitz Lab\freezeData\\0322\20260319140248-b94.14-f10.png,2026-03-19 14:02:48,10.0,59.379159692271294,7.418678367616644,514.641548302576,94.007088,0.6369541174602423
607,C:\Users\joshy\OneDrive\Documents\Kravitz Lab\freezeData\\0322\20260319140307-b93.87-f0.png,2026-03-19 14:03:07,0.0,57.646723102643186,7.436710772941204,431.894789425904,93.699428,0.7408529690624444
608,C:\Users\joshy\OneDrive\Documents\Kravitz Lab\freezeData\\0322\20260319140326-b94.60-f2.png,2026-03-19 14:03:26,2.0,58.181038738214355,7.448266766902201,468.05519928569595,94.40868,0.7919484683095771
609,C:\Users\joshy\OneDrive\Documents\Kravitz Lab\freezeData\\0322\20260319140344-b94.81-f4.png,2026-03-19 14:03:44,4.0,58.50090295388146,7.446255517906713,414.0362803381761,94.617888,0.8419722101184258
610,C:\Users\joshy\OneDrive\Documents\Kravitz Lab\freezeData\\0322\20260319140403-b94.85-f6.png,2026-03-19 14:04:03,6.0,58.978580279924536,7.444194764703846,429.38967063614405,94.669364,0.7777773902988437
611,C:\Users\joshy\OneDrive\Documents\Kravitz Lab\freezeData\\0322\20260319140422-b94.55-f8.png,2026-03-19 14:04:22,8.0,59.215542764976696,7.430753341562313,445.080596001216,94.379904,0.7027732316285166
612,C:\Users\joshy\OneDrive\Documents\Kravitz Lab\freezeData\\0322\20260319140441-b94.01-f10.png,2026-03-19 14:04:41,10.0,59.47971414865421,7.419049057262015,492.39095614654406,93.849372,0.6376182272723347
613,C:\Users\joshy\OneDrive\Documents\Kravitz Lab\freezeData\\0322\20260319140459-b94.04-f0.png,2026-03-19 14:04:59,0.0,57.69265409970888,7.442445398674736,448.17692115654404,93.853812,0.7406249962966589
614,C:\Users\joshy\OneDrive\Documents\Kravitz Lab\freezeData\\0322\20260319140519-b94.63-f2.png,2026-03-19 14:05:19,2.0,58.099722012175725,7.4508975777055255,456.688922765056,94.446352,0.7932626657796231
615,C:\Users\joshy\OneDrive\Documents\Kravitz Lab\freezeData\\0322\20260319140538-b94.93-f4.png,2026-03-19 14:05:38,4.0,58.539309573675574,7.449229220779226,424.51496413758406,94.751624,0.8419246620127956
616,C:\Users\joshy\OneDrive\Documents\Kravitz Lab\freezeData\\0322\20260319140557-b94.76-f6.png,2026-03-19 14:05:57,6.0,58.92329984190037,7.443862885955508,424.613362910464,94.580248,0.7774208004037295
617,C:\Users\joshy\OneDrive\Documents\Kravitz Lab\freezeData\\0322\20260319140616-b94.67-f8.png,2026-03-19 14:06:16,8.0,59.240119715486195,7.432763326194136,447.74275072126403,94.500308,0.701049304947034
618,C:\Users\joshy\OneDrive\Documents\Kravitz Lab\freezeData\\0322\20260319140636-b94.20-f10.png,2026-03-19 14:06:36,10.0,59.40585004453767,7.419555233401821,504.577654876784,94.065852,0.6381947651997901
619,C:\Users\joshy\OneDrive\Documents\Kravitz Lab\freezeData\\0322\20260319140655-b94.04-f0.png,2026-03-19 14:06:55,0.0,57.65995541142861,7.439683756349864,446.5585193799039,93.872008,0.7399389549337162
620,C:\Users\joshy\OneDrive\Documents\Kravitz Lab\freezeData\\0322\20260319140713-b94.44-f2.png,2026-03-19 14:07:13,2.0,58.122409667984826,7.450841860791276,447.72498584959993,94.245712,0.7914412791532521
621,C:\Users\joshy\OneDrive\Documents\Kravitz Lab\freezeData\\0322\20260319140732-b94.74-f4.png,2026-03-19 14:07:32,4.0,58.51564806559504,7.4475516377524436,413.762120903104,94.548368,0.8427502454879612
622,C:\Users\joshy\OneDrive\Documents\Kravitz Lab\freezeData\\0322\20260319140752-b94.48-f6.png,2026-03-19 14:07:52,6.0,58.97265498559399,7.438912491584882,423.73255848689604,94.294564,0.7801639928257595
623,C:\Users\joshy\OneDrive\Documents\Kravitz Lab\freezeData\\0322\20260319140809-b94.23-f8.png,2026-03-19 14:08:09,8.0,59.18524955311227,7.428807844451131,464.328569094896,94.075732,0.701674953920642
624,C:\Users\joshy\OneDrive\Documents\Kravitz Lab\freezeData\\0322\20260319140829-b94.05-f10.png,2026-03-19 14:08:29,10.0,59.4651728093567,7.41995688941332,514.8181251515999,93.905688,0.6371646211322914
625,C:\Users\joshy\OneDrive\Documents\Kravitz Lab\freezeData\\0322\20260319140847-b94.28-f0.png,2026-03-19 14:08:47,0.0,57.69765366297053,7.440388072052161,438.833137968064,94.116352,0.7396709746728267
626,C:\Users\joshy\OneDrive\Documents\Kravitz Lab\freezeData\\0322\20260319140905-b94.56-f2.png,2026-03-19 14:09:05,2.0,58.09447825208258,7.446842783745961,471.860025322944,94.371048,0.7923452507702059
627,C:\Users\joshy\OneDrive\Documents\Kravitz Lab\freezeData\\0322\20260319140926-b94.72-f4.png,2026-03-19 14:09:26,4.0,58.43420526116312,7.446749948089472,423.51081846809603,94.546984,0.8411851916654831
628,C:\Users\joshy\OneDrive\Documents\Kravitz Lab\freezeData\\0322\20260319140944-b94.68-f6.png,2026-03-19 14:09:44,6.0,58.89516976573193,7.441364385038086,428.75882849561594,94.503204,0.7783067575133418
629,C:\Users\joshy\OneDrive\Documents\Kravitz Lab\freezeData\\0322\20260319141002-b94.41-f8.png,2026-03-19 14:10:02,8.0,59.190684605726396,7.435619770951318,446.5078888156,94.242132,0.7004774499829128
630,C:\Users\joshy\OneDrive\Documents\Kravitz Lab\freezeData\\0322\20260319141022-b93.97-f10.png,2026-03-19 14:10:22,10.0,59.282430401956496,7.414711559842615,492.333022950256,93.821928,0.6388038382874663
631,C:\Users\joshy\OneDrive\Documents\Kravitz Lab\freezeData\\0322\20260319141041-b94.23-f0.png,2026-03-19 14:10:41,0.0,57.66958573864057,7.440480832404599,417.40756629745596,94.058828,0.7402383104819948
632,C:\Users\joshy\OneDrive\Documents\Kravitz Lab\freezeData\\0322\20260319141121-b94.69-f4.png,2026-03-19 14:11:21,4.0,58.61697450755697,7.450694572787178,384.42911075839993,94.486304,0.8400140278337965
633,C:\Users\joshy\OneDrive\Documents\Kravitz Lab\freezeData\\0322\20260319141103-b94.71-f2.png,2026-03-19 14:11:03,2.0,58.13562550343615,7.449909958563619,437.89972064505605,94.513832,0.7923048605978745
634,C:\Users\joshy\OneDrive\Documents\Kravitz Lab\freezeData\\0322\20260319141139-b94.72-f6.png,2026-03-19 14:11:39,6.0,58.90209106374082,7.442976771433948,408.213231351664,94.534472,0.7783812767082715
635,C:\Users\joshy\OneDrive\Documents\Kravitz Lab\freezeData\\0322\20260319141158-b94.63-f8.png,2026-03-19 14:11:58,8.0,59.18730940867429,7.431103748176539,429.92725354438403,94.453816,0.7022326845218805
636,C:\Users\joshy\OneDrive\Documents\Kravitz Lab\freezeData\\0322\20260319141235-b93.91-f0.png,2026-03-19 14:12:35,0.0,57.60185313138958,7.438671679623583,430.40583786942403,93.715768,0.7391601006730867
637,C:\Users\joshy\OneDrive\Documents\Kravitz Lab\freezeData\\0322\20260319141216-b94.03-f10.png,2026-03-19 14:12:16,10.0,59.32373240294633,7.419073329782862,490.83276665560004,93.861704,0.6362307291779576
638,C:\Users\joshy\OneDrive\Documents\Kravitz Lab\freezeData\\0322\20260319141254-b94.76-f2.png,2026-03-19 14:12:54,2.0,58.07394840378133,7.448644930448256,453.456377889216,94.562712,0.7920403898921531
639,C:\Users\joshy\OneDrive\Documents\Kravitz Lab\freezeData\\0322\20260319141314-b94.58-f4.png,2026-03-19 14:13:14,4.0,58.455214637724154,7.448068192812223,393.21902888177596,94.37976,0.841929776486116
640,C:\Users\joshy\OneDrive\Documents\Kravitz Lab\freezeData\\0322\20260319141333-b94.79-f6.png,2026-03-19 14:13:33,6.0,58.901838128546174,7.442998414056998,416.04599185470397,94.603388,0.7794439859507764
641,C:\Users\joshy\OneDrive\Documents\Kravitz Lab\freezeData\\0322\20260319141351-b94.48-f8.png,2026-03-19 14:13:51,8.0,59.14277555836811,7.42971143176961,423.60100909489597,94.290364,0.7037609282490115
642,C:\Users\joshy\OneDrive\Documents\Kravitz Lab\freezeData\\0322\20260319141409-b94.11-f10.png,2026-03-19 14:14:09,10.0,59.38499170466343,7.420541586382775,495.3362115696,93.952416,0.6375796915465944
643,C:\Users\joshy\OneDrive\Documents\Kravitz Lab\freezeData\\0322\20260319141428-b94.06-f0.png,2026-03-19 14:14:28,0.0,57.716419694337105,7.439729388657038,439.22187810481597,93.872056,0.7386699217566336
644,C:\Users\joshy\OneDrive\Documents\Kravitz Lab\freezeData\\0322\20260319141446-b94.71-f2.png,2026-03-19 14:14:46,2.0,58.132089957558414,7.451858903726004,453.2944201823839,94.528656,0.7924774771315999
645,C:\Users\joshy\OneDrive\Documents\Kravitz Lab\freezeData\\0322\20260319141505-b94.75-f4.png,2026-03-19 14:15:05,4.0,58.580558793002446,7.445233633308924,411.98614361318397,94.567672,0.8432410589326773
646,C:\Users\joshy\OneDrive\Documents\Kravitz Lab\freezeData\\0322\20260319141523-b94.79-f6.png,2026-03-19 14:15:23,6.0,58.905893434790514,7.4460177686801154,417.53719078334404,94.606652,0.7785006637243203
647,C:\Users\joshy\OneDrive\Documents\Kravitz Lab\freezeData\\0322\20260319141542-b94.55-f8.png,2026-03-19 14:15:42,8.0,59.14131101721585,7.428896750390606,438.3541304704,94.369788,0.7025751181217188
648,C:\Users\joshy\OneDrive\Documents\Kravitz Lab\freezeData\\0322\20260319141602-b94.41-f10.png,2026-03-19 14:16:02,10.0,59.34883857071024,7.420684837598492,496.10905242822395,94.263576,0.637245724156517
649,C:\Users\joshy\OneDrive\Documents\Kravitz Lab\freezeData\\0322\20260319141620-b94.05-f0.png,2026-03-19 14:16:20,0.0,57.664666512054815,7.442887479905389,434.14931786942395,93.877248,0.740384905254477
650,C:\Users\joshy\OneDrive\Documents\Kravitz Lab\freezeData\\0322\20260319141640-b94.61-f2.png,2026-03-19 14:16:40,2.0,58.01703097580571,7.449122627094015,463.0006941435999,94.42282,0.7913511063776071
651,C:\Users\joshy\OneDrive\Documents\Kravitz Lab\freezeData\\0322\20260319141659-b94.70-f4.png,2026-03-19 14:16:59,4.0,58.53637909715209,7.447979423650421,414.8671759797761,94.508136,0.8420885039574678
652,C:\Users\joshy\OneDrive\Documents\Kravitz Lab\freezeData\\0322\20260319141718-b94.57-f6.png,2026-03-19 14:17:18,6.0,58.908497712418914,7.44302171805451,404.0180443442561,94.378044,0.7779006514368114
653,C:\Users\joshy\OneDrive\Documents\Kravitz Lab\freezeData\\0322\20260319141739-b94.69-f8.png,2026-03-19 14:17:39,8.0,59.266576399902696,7.435560652798587,432.1093184271361,94.496864,0.7026395885784928
654,C:\Users\joshy\OneDrive\Documents\Kravitz Lab\freezeData\\0322\20260319141756-b94.38-f10.png,2026-03-19 14:17:56,10.0,59.43349881966243,7.419208582882381,499.27456896,94.207928,0.6367855246081422
655,C:\Users\joshy\OneDrive\Documents\Kravitz Lab\freezeData\\0322\20260319141816-b94.16-f0.png,2026-03-19 14:18:16,0.0,57.718690295605285,7.4437609661500375,420.59764566974405,93.9684,0.7404873051252362
656,C:\Users\joshy\OneDrive\Documents\Kravitz Lab\freezeData\\0322\20260319141835-b94.59-f2.png,2026-03-19 14:18:35,2.0,58.05231039365569,7.446665746184104,458.31616283121605,94.391216,0.7917551187901054
657,C:\Users\joshy\OneDrive\Documents\Kravitz Lab\freezeData\\0322\20260319141853-b94.77-f4.png,2026-03-19 14:18:53,4.0,58.452195419499375,7.448204535363138,411.71643526206407,94.579716,0.8414170480937561
658,C:\Users\joshy\OneDrive\Documents\Kravitz Lab\freezeData\\0322\20260319141912-b94.65-f6.png,2026-03-19 14:19:12,6.0,58.875921127806265,7.4428511087933975,406.6928913344,94.469156,0.7792776095794792
659,C:\Users\joshy\OneDrive\Documents\Kravitz Lab\freezeData\\0322\20260319141933-b94.59-f8.png,2026-03-19 14:19:33,8.0,59.268856890667294,7.435650138699168,438.276403451376,94.41144,0.7026772159295956
660,C:\Users\joshy\OneDrive\Documents\Kravitz Lab\freezeData\\0322\20260319141951-b94.06-f10.png,2026-03-19 14:19:51,10.0,59.3440237982972,7.417654048188351,488.8444794776959,93.897944,0.6375309963634028
661,C:\Users\joshy\OneDrive\Documents\Kravitz Lab\freezeData\\0322\20260319142010-b94.19-f0.png,2026-03-19 14:20:10,0.0,57.5822600574363,7.439013245856034,438.95449517758396,94.011076,0.7389206368945455
662,C:\Users\joshy\OneDrive\Documents\Kravitz Lab\freezeData\\0322\20260319142030-b94.45-f2.png,2026-03-19 14:20:30,2.0,58.107080329953455,7.452008641054374,470.0167626176001,94.257844,0.7915909928298702
663,C:\Users\joshy\OneDrive\Documents\Kravitz Lab\freezeData\\0322\20260319142047-b94.79-f4.png,2026-03-19 14:20:47,4.0,58.5428251387989,7.448669010148741,409.068779071856,94.596004,0.8423969938465976
664,C:\Users\joshy\OneDrive\Documents\Kravitz Lab\freezeData\\0322\20260319142105-b94.90-f6.png,2026-03-19 14:21:05,6.0,58.867816609498945,7.443724754546574,420.24260717758403,94.71548,0.7807305806281107
665,C:\Users\joshy\OneDrive\Documents\Kravitz Lab\freezeData\\0322\20260319142124-b94.55-f8.png,2026-03-19 14:21:24,8.0,59.28476755835765,7.4331190021800735,435.921641303024,94.372252,0.7002406318280893
666,C:\Users\joshy\OneDrive\Documents\Kravitz Lab\freezeData\\0322\20260319142143-b94.05-f10.png,2026-03-19 14:21:43,10.0,59.36996526765216,7.418101450579993,487.69204992049606,93.893924,0.6394173694544802
667,C:\Users\joshy\OneDrive\Documents\Kravitz Lab\freezeData\\0322\20260319142201-b94.15-f0.png,2026-03-19 14:22:01,0.0,57.64745382864211,7.438686875959338,436.79151048689596,93.975524,0.7398638090498796
668,C:\Users\joshy\OneDrive\Documents\Kravitz Lab\freezeData\\0322\20260319142221-b94.89-f2.png,2026-03-19 14:22:21,2.0,58.12079040668321,7.449883788429104,452.107237260784,94.68968,0.7917110737973863
669,C:\Users\joshy\OneDrive\Documents\Kravitz Lab\freezeData\\0322\20260319142239-b94.66-f4.png,2026-03-19 14:22:39,4.0,58.533647160979264,7.442716932176285,420.96455618238394,94.465272,0.8440886268647699
670,C:\Users\joshy\OneDrive\Documents\Kravitz Lab\freezeData\\0322\20260319142258-b94.87-f6.png,2026-03-19 14:22:58,6.0,58.93955493402033,7.446166434196951,432.5251546915839,94.69714,0.7786682875989639
671,C:\Users\joshy\OneDrive\Documents\Kravitz Lab\freezeData\\0322\20260319142317-b94.84-f8.png,2026-03-19 14:23:17,8.0,59.27409961889256,7.4365828085652605,426.31365819160004,94.65764,0.7020540374750556
672,C:\Users\joshy\OneDrive\Documents\Kravitz Lab\freezeData\\0322\20260319142336-b94.38-f10.png,2026-03-19 14:23:36,10.0,59.3548285088469,7.421081043444968,522.946759635904,94.227624,0.6364859771386426
673,C:\Users\joshy\OneDrive\Documents\Kravitz Lab\freezeData\\0322\20260319142355-b94.20-f0.png,2026-03-19 14:23:55,0.0,57.644986457769804,7.438886862065781,443.8885297699841,94.023244,0.7400074626808033
674,C:\Users\joshy\OneDrive\Documents\Kravitz Lab\freezeData\\0322\20260319142415-b94.49-f2.png,2026-03-19 14:24:15,2.0,58.12159183842246,7.451829124534777,456.904619124736,94.288732,0.7921478473513764
675,C:\Users\joshy\OneDrive\Documents\Kravitz Lab\freezeData\\0322\20260319142435-b94.63-f4.png,2026-03-19 14:24:35,4.0,58.554823922939086,7.445751956007725,421.0430745873761,94.44256,0.8423386385190796
676,C:\Users\joshy\OneDrive\Documents\Kravitz Lab\freezeData\\0322\20260319142455-b94.46-f6.png,2026-03-19 14:24:55,6.0,58.849150059552905,7.441287088907108,431.19891469158404,94.284832,0.7803396251948062
677,C:\Users\joshy\OneDrive\Documents\Kravitz Lab\freezeData\\0322\20260319142514-b94.66-f8.png,2026-03-19 14:25:14,8.0,59.26669941559978,7.430096155113368,439.711046760896,94.489212,0.7020158913413502
678,C:\Users\joshy\OneDrive\Documents\Kravitz Lab\freezeData\\0322\20260319142533-b94.28-f10.png,2026-03-19 14:25:33,10.0,59.52002280392991,7.420491172325164,521.582421041904,94.113108,0.6357085770692286
679,C:\Users\joshy\OneDrive\Documents\Kravitz Lab\freezeData\\0322\20260319142553-b94.01-f0.png,2026-03-19 14:25:53,0.0,57.62207224759221,7.438312998946592,443.38071018225605,93.837292,0.7401691876484189
680,C:\Users\joshy\OneDrive\Documents\Kravitz Lab\freezeData\\0322\20260319142614-b94.85-f2.png,2026-03-19 14:26:14,2.0,58.14734382062437,7.450047866869678,446.43763790897606,94.653436,0.7929660277558884
681,C:\Users\joshy\OneDrive\Documents\Kravitz Lab\freezeData\\0322\20260319142633-b94.77-f4.png,2026-03-19 14:26:33,4.0,58.52060404838433,7.4471134557965915,419.11894934630396,94.580832,0.8422156545214817
682,C:\Users\joshy\OneDrive\Documents\Kravitz Lab\freezeData\\0322\20260319142651-b94.72-f6.png,2026-03-19 14:26:51,6.0,58.89433551677798,7.441280763657455,419.8089953344,94.528072,0.7783441201720834
683,C:\Users\joshy\OneDrive\Documents\Kravitz Lab\freezeData\\0322\20260319142711-b94.47-f8.png,2026-03-19 14:27:11,8.0,59.16514527786088,7.428898229037592,426.717137233776,94.273796,0.7011573323557884
684,C:\Users\joshy\OneDrive\Documents\Kravitz Lab\freezeData\\0322\20260319142730-b93.97-f10.png,2026-03-19 14:27:30,10.0,59.382105756446734,7.418760957634117,499.84472057440007,93.814776,0.6382638089868554
685,C:\Users\joshy\OneDrive\Documents\Kravitz Lab\freezeData\\0322\20260319142749-b93.90-f0.png,2026-03-19 14:27:49,0.0,57.610317358078696,7.436616331291316,440.206049156544,93.715884,0.7389647878535199
686,C:\Users\joshy\OneDrive\Documents\Kravitz Lab\freezeData\\0322\20260319142808-b94.80-f2.png,2026-03-19 14:28:08,2.0,58.111542235324784,7.450140977187973,471.51458831601605,94.627008,0.7925320107923032
687,C:\Users\joshy\OneDrive\Documents\Kravitz Lab\freezeData\\0322\20260319142826-b94.70-f4.png,2026-03-19 14:28:26,4.0,58.50232881755652,7.446248069127491,423.62452258737596,94.507136,0.8427023490926656
688,C:\Users\joshy\OneDrive\Documents\Kravitz Lab\freezeData\\0322\20260319142846-b94.60-f6.png,2026-03-19 14:28:46,6.0,58.84308866607721,7.440915472316976,427.57893623640007,94.419724,0.7820450460522124
689,C:\Users\joshy\OneDrive\Documents\Kravitz Lab\freezeData\\0322\20260319142904-b94.42-f8.png,2026-03-19 14:29:04,8.0,59.14141173989258,7.4305549922527225,453.274869475584,94.260364,0.7003044421548188
690,C:\Users\joshy\OneDrive\Documents\Kravitz Lab\freezeData\\0322\20260319142923-b94.19-f10.png,2026-03-19 14:29:23,10.0,59.49123088583514,7.420780665572496,508.523591,94.040984,0.6390149017434695
691,C:\Users\joshy\OneDrive\Documents\Kravitz Lab\freezeData\\0322\20260319142941-b93.97-f0.png,2026-03-19 14:29:41,0.0,57.6358755945678,7.4368505169494785,437.74721585470394,93.778748,0.7377156580833555
692,C:\Users\joshy\OneDrive\Documents\Kravitz Lab\freezeData\\0322\20260319143000-b94.72-f2.png,2026-03-19 14:30:00,2.0,58.18540166570993,7.449993009936929,466.391118104816,94.545,0.7926978416562858
693,C:\Users\joshy\OneDrive\Documents\Kravitz Lab\freezeData\\0322\20260319143018-b94.58-f4.png,2026-03-19 14:30:18,4.0,58.50345907983438,7.4455796653177035,409.7954214259039,94.393512,0.842646756403473
694,C:\Users\joshy\OneDrive\Documents\Kravitz Lab\freezeData\\0322\20260319143037-b94.72-f6.png,2026-03-19 14:30:37,6.0,58.900731121464496,7.444718488388307,416.89347162353596,94.536788,0.7792942058305742
695,C:\Users\joshy\OneDrive\Documents\Kravitz Lab\freezeData\\0322\20260319143056-b94.64-f8.png,2026-03-19 14:30:56,8.0,59.19547087091633,7.432206785465597,462.40262659441595,94.483864,0.6994646075369146
696,C:\Users\joshy\OneDrive\Documents\Kravitz Lab\freezeData\\0322\20260319143115-b94.23-f10.png,2026-03-19 14:31:15,10.0,59.334806835785685,7.417617937043201,477.1811877859841,94.0724,0.6394159706053186
697,C:\Users\joshy\OneDrive\Documents\Kravitz Lab\freezeData\\0322\20260319143154-b94.72-f2.png,2026-03-19 14:31:54,2.0,58.11002527935778,7.451423499101117,456.967481281536,94.52518,0.7917674551729788
698,C:\Users\joshy\OneDrive\Documents\Kravitz Lab\freezeData\\0322\20260319143135-b93.99-f0.png,2026-03-19 14:31:35,0.0,57.68031436905052,7.4386730912892105,438.27721119513603,93.806252,0.7375210826513874
699,C:\Users\joshy\OneDrive\Documents\Kravitz Lab\freezeData\\0322\20260319143215-b94.64-f4.png,2026-03-19 14:32:15,4.0,58.501699367423505,7.4446104150319385,408.428211309296,94.45106,0.8437755320076384
700,C:\Users\joshy\OneDrive\Documents\Kravitz Lab\freezeData\\0322\20260319143237-b94.57-f6.png,2026-03-19 14:32:37,6.0,58.825941224599205,7.4418134466982755,416.934602691584,94.3848,0.7806481794823791
701,C:\Users\joshy\OneDrive\Documents\Kravitz Lab\freezeData\\0322\20260319143257-b94.65-f8.png,2026-03-19 14:32:57,8.0,59.20695225625032,7.43350080055221,452.292103742976,94.486564,0.6996116047028105
702,C:\Users\joshy\OneDrive\Documents\Kravitz Lab\freezeData\\0322\20260319143317-b94.30-f10.png,2026-03-19 14:33:17,10.0,59.411003808892374,7.42359143770903,486.6641547995999,94.119576,0.6375914338726035
703,C:\Users\joshy\OneDrive\Documents\Kravitz Lab\freezeData\\0322\20260319143337-b94.10-f0.png,2026-03-19 14:33:37,0.0,57.64886648054839,7.436671117074767,430.90704422705596,93.921352,0.7393813351528455
704,C:\Users\joshy\OneDrive\Documents\Kravitz Lab\freezeData\\0322\20260319143357-b94.62-f2.png,2026-03-19 14:33:57,2.0,58.1377910483161,7.448318645307725,451.106481405376,94.441656,0.7924138031434835
705,C:\Users\joshy\OneDrive\Documents\Kravitz Lab\freezeData\\0322\20260319143438-b94.63-f6.png,2026-03-19 14:34:38,6.0,58.81059702111857,7.438746706323171,426.831071723376,94.45014,0.7826328208200413
706,C:\Users\joshy\OneDrive\Documents\Kravitz Lab\freezeData\\0322\20260319143418-b94.80-f4.png,2026-03-19 14:34:18,4.0,58.54637688499606,7.447151800162021,407.5953861404001,94.6142,0.8421129552192013
707,C:\Users\joshy\OneDrive\Documents\Kravitz Lab\freezeData\\0322\20260319143458-b94.55-f8.png,2026-03-19 14:34:58,8.0,59.14838512883935,7.431003608841489,454.137355641856,94.381136,0.7023198442724057
708,C:\Users\joshy\OneDrive\Documents\Kravitz Lab\freezeData\\0322\20260319143518-b94.36-f10.png,2026-03-19 14:35:18,10.0,59.52337953335311,7.42202516804086,490.37258759639997,94.19778,0.6378049393387767
709,C:\Users\joshy\OneDrive\Documents\Kravitz Lab\freezeData\\0322\20260319143538-b94.10-f0.png,2026-03-19 14:35:38,0.0,57.68311445119793,7.44024826200917,450.003177568704,93.9161,0.7389521527095895
710,C:\Users\joshy\OneDrive\Documents\Kravitz Lab\freezeData\\0322\20260319143618-b94.78-f4.png,2026-03-19 14:36:18,4.0,58.557114238702034,7.448458010178646,409.2397431434239,94.59434,0.8433896118700445
711,C:\Users\joshy\OneDrive\Documents\Kravitz Lab\freezeData\\0322\20260319143558-b94.80-f2.png,2026-03-19 14:35:58,2.0,58.158403565187925,7.4532269893637535,461.74849317745594,94.618856,0.7930679803543387
712,C:\Users\joshy\OneDrive\Documents\Kravitz Lab\freezeData\\0322\20260319143637-b94.66-f6.png,2026-03-19 14:36:37,6.0,58.84776910982384,7.444341816356876,420.40316004785603,94.484808,0.7780390632188152
713,C:\Users\joshy\OneDrive\Documents\Kravitz Lab\freezeData\\0322\20260319143657-b94.58-f8.png,2026-03-19 14:36:57,8.0,59.276925736073586,7.431503721273635,435.0958179204961,94.410004,0.7054058097227954
714,C:\Users\joshy\OneDrive\Documents\Kravitz Lab\freezeData\\0322\20260319143717-b94.29-f10.png,2026-03-19 14:37:17,10.0,59.44849044779401,7.418833291346473,472.7933300226559,94.128388,0.6398755183484873
715,C:\Users\joshy\OneDrive\Documents\Kravitz Lab\freezeData\\0322\20260319143736-b94.14-f0.png,2026-03-19 14:37:36,0.0,57.670065261578614,7.438676526729349,441.3599341048159,93.960292,0.7378174931841694
716,C:\Users\joshy\OneDrive\Documents\Kravitz Lab\freezeData\\0322\20260319143756-b94.54-f2.png,2026-03-19 14:37:56,2.0,58.11279678386563,7.446603304741272,458.594607888896,94.354556,0.7922576108057141
717,C:\Users\joshy\OneDrive\Documents\Kravitz Lab\freezeData\\0322\20260319143815-b94.76-f4.png,2026-03-19 14:38:15,4.0,58.462286315497316,7.445300645342161,410.488885450496,94.574396,0.843503519501512
718,C:\Users\joshy\OneDrive\Documents\Kravitz Lab\freezeData\\0322\20260319143835-b94.72-f6.png,2026-03-19 14:38:35,6.0,58.860074389266615,7.440409281390803,431.7581626546561,94.5417,0.7814299556324025
719,C:\Users\joshy\OneDrive\Documents\Kravitz Lab\freezeData\\0322\20260319143855-b94.35-f8.png,2026-03-19 14:38:55,8.0,59.286297197767915,7.434576199900524,454.84105681560004,94.177044,0.7023523121007446
720,C:\Users\joshy\OneDrive\Documents\Kravitz Lab\freezeData\\0322\20260319143915-b94.23-f10.png,2026-03-19 14:39:15,10.0,59.441320525812685,7.419446851147105,492.7109617970561,94.07926,0.6384396946606278
721,C:\Users\joshy\OneDrive\Documents\Kravitz Lab\freezeData\\0322\20260319143935-b94.01-f0.png,2026-03-19 14:39:35,0.0,57.67142301640854,7.440044470185931,449.34593538609596,93.831408,0.7376448832725531
722,C:\Users\joshy\OneDrive\Documents\Kravitz Lab\freezeData\\0322\20260319143955-b94.39-f2.png,2026-03-19 14:39:55,2.0,58.08656777323501,7.45029549602351,477.13005213758396,94.217376,0.7909810413537804
723,C:\Users\joshy\OneDrive\Documents\Kravitz Lab\freezeData\\0322\20260319144015-b94.57-f4.png,2026-03-19 14:40:15,4.0,58.46241922339855,7.446076990277965,406.0109078204,94.37426,0.84273466190556
724,C:\Users\joshy\OneDrive\Documents\Kravitz Lab\freezeData\\0322\20260319144034-b94.59-f6.png,2026-03-19 14:40:34,6.0,58.848093031247835,7.442307522943823,419.09825123014394,94.40816,0.7812420374071503
725,C:\Users\joshy\OneDrive\Documents\Kravitz Lab\freezeData\\0322\20260319144055-b94.34-f8.png,2026-03-19 14:40:55,8.0,59.17337924203835,7.428166939230993,455.8260556779359,94.188852,0.7020394621645117
726,C:\Users\joshy\OneDrive\Documents\Kravitz Lab\freezeData\\0322\20260319144114-b93.89-f10.png,2026-03-19 14:41:14,10.0,59.34821859813836,7.419866955227648,487.6052743964,93.729672,0.634662770695782
727,C:\Users\joshy\OneDrive\Documents\Kravitz Lab\freezeData\\0322\20260319144133-b94.26-f0.png,2026-03-19 14:41:33,0.0,57.57840423512566,7.436924298685518,428.5256374668641,94.082908,0.738793127410122
728,C:\Users\joshy\OneDrive\Documents\Kravitz Lab\freezeData\\0322\20260319144153-b94.49-f2.png,2026-03-19 14:41:53,2.0,58.0447259228855,7.4458037241066375,445.95953748729596,94.303652,0.7911060637490789
729,C:\Users\joshy\OneDrive\Documents\Kravitz Lab\freezeData\\0322\20260319144212-b94.79-f4.png,2026-03-19 14:42:12,4.0,58.57732353063257,7.452171530362964,402.0362071434239,94.57874,0.8413245314871381
730,C:\Users\joshy\OneDrive\Documents\Kravitz Lab\freezeData\\0322\20260319144231-b94.77-f6.png,2026-03-19 14:42:31,6.0,58.96982424383454,7.442053362486121,414.319675903424,94.588208,0.7780866173454298
731,C:\Users\joshy\OneDrive\Documents\Kravitz Lab\freezeData\\0322\20260319144250-b94.59-f8.png,2026-03-19 14:42:50,8.0,59.15062592211433,7.429514552818861,444.238591315696,94.431436,0.7042599330908665
732,C:\Users\joshy\OneDrive\Documents\Kravitz Lab\freezeData\\0322\20260319144310-b94.22-f10.png,2026-03-19 14:43:10,10.0,59.32747326921503,7.417739926864118,492.28124598513597,94.057476,0.6386826541878321
733,C:\Users\joshy\OneDrive\Documents\Kravitz Lab\freezeData\\0322\20260319144329-b94.08-f0.png,2026-03-19 14:43:29,0.0,57.65026854278047,7.436894101126076,442.1920474204,93.902036,0.7377871269891259
734,C:\Users\joshy\OneDrive\Documents\Kravitz Lab\freezeData\\0322\20260319144350-b94.49-f2.png,2026-03-19 14:43:50,2.0,58.056591552984436,7.4465286696607125,467.866716002416,94.303956,0.791660917016547
735,C:\Users\joshy\OneDrive\Documents\Kravitz Lab\freezeData\\0322\20260319144409-b94.68-f4.png,2026-03-19 14:44:09,4.0,58.5174047583132,7.443860168516175,419.07805102398396,94.480912,0.8410556071588249
736,C:\Users\joshy\OneDrive\Documents\Kravitz Lab\freezeData\\0322\20260319144429-b94.96-f6.png,2026-03-19 14:44:29,6.0,58.914600894230496,7.44262461270911,426.1216770963839,94.784256,0.779014314636714
737,C:\Users\joshy\OneDrive\Documents\Kravitz Lab\freezeData\\0322\20260319144448-b94.75-f8.png,2026-03-19 14:44:48,8.0,59.21963841286098,7.435672212984632,439.4099433536,94.5705,0.7031440977203468
738,C:\Users\joshy\OneDrive\Documents\Kravitz Lab\freezeData\\0322\20260319144508-b94.03-f10.png,2026-03-19 14:45:08,10.0,59.35996577171196,7.423332553203277,516.6752228031839,93.879072,0.6368458253731445
739,C:\Users\joshy\OneDrive\Documents\Kravitz Lab\freezeData\\0322\20260319144528-b94.03-f0.png,2026-03-19 14:45:28,0.0,57.65308729369486,7.437975950179846,449.50722218225604,93.86084,0.7385744221653716
740,C:\Users\joshy\OneDrive\Documents\Kravitz Lab\freezeData\\0322\20260319144549-b94.68-f2.png,2026-03-19 14:45:49,2.0,58.078034110420646,7.448619440870722,462.0277777699841,94.488604,0.791888939490818
741,C:\Users\joshy\OneDrive\Documents\Kravitz Lab\freezeData\\0322\20260319144607-b94.63-f4.png,2026-03-19 14:46:07,4.0,58.44980808834315,7.448874154248157,406.55732029382403,94.451684,0.8427535192955967
742,C:\Users\joshy\OneDrive\Documents\Kravitz Lab\freezeData\\0322\20260319144627-b94.59-f6.png,2026-03-19 14:46:27,6.0,58.864076524545936,7.44053102412702,417.902066654656,94.40818,0.7793033034178708
743,C:\Users\joshy\OneDrive\Documents\Kravitz Lab\freezeData\\0322\20260319144647-b94.64-f8.png,2026-03-19 14:46:47,8.0,59.218158263032265,7.4347938010549175,432.48693958129604,94.476592,0.7025450113556452
744,C:\Users\joshy\OneDrive\Documents\Kravitz Lab\freezeData\\0322\20260319144708-b94.18-f10.png,2026-03-19 14:47:08,10.0,59.45238333614141,7.4212573026988995,509.80667167793604,94.034636,0.6351859732803877
745,C:\Users\joshy\OneDrive\Documents\Kravitz Lab\freezeData\\0322\20260319144727-b94.20-f0.png,2026-03-19 14:47:27,0.0,57.662745627368935,7.439226000698039,422.63650031360004,94.009312,0.7382234277112019
746,C:\Users\joshy\OneDrive\Documents\Kravitz Lab\freezeData\\0322\20260319144747-b94.83-f2.png,2026-03-19 14:47:47,2.0,58.16646187709189,7.448463493442338,443.7220333229439,94.632396,0.7908816166982047
747,C:\Users\joshy\OneDrive\Documents\Kravitz Lab\freezeData\\0322\20260319144807-b94.61-f4.png,2026-03-19 14:48:07,4.0,58.535208364977876,7.447554213844287,408.70694958897604,94.424068,0.8430783647656593
748,C:\Users\joshy\OneDrive\Documents\Kravitz Lab\freezeData\\0322\20260319144826-b94.55-f6.png,2026-03-19 14:48:26,6.0,58.91937661748923,7.438577968279319,430.745080359536,94.365408,0.7800321343536453
749,C:\Users\joshy\OneDrive\Documents\Kravitz Lab\freezeData\\0322\20260319144845-b94.26-f8.png,2026-03-19 14:48:45,8.0,59.23952492327737,7.4297280537551185,448.1245670914561,94.09738,0.7032305684723875
750,C:\Users\joshy\OneDrive\Documents\Kravitz Lab\freezeData\\0322\20260319144905-b94.40-f10.png,2026-03-19 14:49:05,10.0,59.33299438171324,7.422892761243904,512.1682244635999,94.257328,0.6368054205294849
751,C:\Users\joshy\OneDrive\Documents\Kravitz Lab\freezeData\\0322\20260319144924-b94.13-f0.png,2026-03-19 14:49:24,0.0,57.66702566975689,7.43892094010658,438.5399532399999,93.94506,0.7392403661907762
752,C:\Users\joshy\OneDrive\Documents\Kravitz Lab\freezeData\\0322\20260319144943-b94.55-f2.png,2026-03-19 14:49:43,2.0,58.113384297662925,7.44871888456388,463.1180143154561,94.353012,0.7914517434392867
753,C:\Users\joshy\OneDrive\Documents\Kravitz Lab\freezeData\\0322\20260319145003-b94.84-f4.png,2026-03-19 14:50:03,4.0,58.551206803677616,7.447265146951273,420.1763411355999,94.663676,0.8418625280883149
754,C:\Users\joshy\OneDrive\Documents\Kravitz Lab\freezeData\\0322\20260319145022-b94.78-f6.png,2026-03-19 14:50:22,6.0,58.93419355405227,7.441747809624974,427.73269858041596,94.607248,0.7794541239544518
755,C:\Users\joshy\OneDrive\Documents\Kravitz Lab\freezeData\\0322\20260319145041-b94.62-f8.png,2026-03-19 14:50:41,8.0,59.241947423642856,7.432583584172454,439.192357818304,94.452656,0.7035066896198998
756,C:\Users\joshy\OneDrive\Documents\Kravitz Lab\freezeData\\0322\20260319145101-b94.26-f10.png,2026-03-19 14:51:01,10.0,59.41965569391139,7.423006206769425,493.86511019360006,94.105968,0.6360536445022201
757,C:\Users\joshy\OneDrive\Documents\Kravitz Lab\freezeData\\0322\20260319145120-b93.98-f0.png,2026-03-19 14:51:20,0.0,57.604046664628136,7.437391265446373,437.356664731584,93.800812,0.7389122988058084
758,C:\Users\joshy\OneDrive\Documents\Kravitz Lab\freezeData\\0322\20260319145139-b94.66-f2.png,2026-03-19 14:51:39,2.0,58.048440398306106,7.448147382450006,456.37238921918396,94.469548,0.7919090868908361
759,C:\Users\joshy\OneDrive\Documents\Kravitz Lab\freezeData\\0322\20260319145200-b94.76-f4.png,2026-03-19 14:52:00,4.0,58.41322842955613,7.444719858503504,423.4015150718559,94.581636,0.8421893431025469
760,C:\Users\joshy\OneDrive\Documents\Kravitz Lab\freezeData\\0322\20260319145219-b94.63-f6.png,2026-03-19 14:52:19,6.0,58.82896306167785,7.437551036351054,422.116236189696,94.455088,0.7802144955165691
761,C:\Users\joshy\OneDrive\Documents\Kravitz Lab\freezeData\\0322\20260319145238-b94.48-f8.png,2026-03-19 14:52:38,8.0,59.140930929266105,7.43033068580095,454.10841025905603,94.319576,0.7030950735467867
762,C:\Users\joshy\OneDrive\Documents\Kravitz Lab\freezeData\\0322\20260319145259-b94.40-f10.png,2026-03-19 14:52:59,10.0,59.38798484959408,7.421308066383719,505.9826324636,94.248128,0.6381756510778104
763,C:\Users\joshy\OneDrive\Documents\Kravitz Lab\freezeData\\0322\20260319145318-b94.19-f0.png,2026-03-19 14:53:18,0.0,57.69221176064804,7.441640941002143,432.358550297456,94.023112,0.7389401551196828
764,C:\Users\joshy\OneDrive\Documents\Kravitz Lab\freezeData\\0322\20260319145339-b94.64-f2.png,2026-03-19 14:53:39,2.0,58.16984421453287,7.4488944384789555,470.26926716721596,94.449324,0.7911188928759159
765,C:\Users\joshy\OneDrive\Documents\Kravitz Lab\freezeData\\0322\20260319145359-b94.67-f4.png,2026-03-19 14:53:59,4.0,58.55297397427051,7.445345147422988,424.8603522493441,94.48678,0.8429790979531041
766,C:\Users\joshy\OneDrive\Documents\Kravitz Lab\freezeData\\0322\20260319145419-b94.69-f6.png,2026-03-19 14:54:19,6.0,58.83458676554545,7.440734408366888,419.981867230144,94.516252,0.7812185218611434
767,C:\Users\joshy\OneDrive\Documents\Kravitz Lab\freezeData\\0322\20260319145438-b94.45-f8.png,2026-03-19 14:54:38,8.0,59.12602539884527,7.4313913758384755,447.1877743588961,94.278152,0.7057149883366559
768,C:\Users\joshy\OneDrive\Documents\Kravitz Lab\freezeData\\0322\20260319145458-b93.81-f10.png,2026-03-19 14:54:58,10.0,59.248540856595746,7.417671213331762,519.127595438064,93.665452,0.6381813729848655
769,C:\Users\joshy\OneDrive\Documents\Kravitz Lab\freezeData\\0322\20260319145517-b94.20-f0.png,2026-03-19 14:55:17,0.0,57.613630464514344,7.441719877414266,429.25628343750407,94.009628,0.7389664356135376
770,C:\Users\joshy\OneDrive\Documents\Kravitz Lab\freezeData\\0322\20260319145536-b94.63-f2.png,2026-03-19 14:55:36,2.0,58.1170081716833,7.446767096708986,471.881743285696,94.430364,0.7917572350180377
771,C:\Users\joshy\OneDrive\Documents\Kravitz Lab\freezeData\\0322\20260319145556-b94.56-f4.png,2026-03-19 14:55:56,4.0,58.34295533226214,7.444421835137076,428.378444448496,94.383608,0.8430582493933564
772,C:\Users\joshy\OneDrive\Documents\Kravitz Lab\freezeData\\0322\20260319145617-b94.75-f6.png,2026-03-19 14:56:17,6.0,58.88184803973068,7.441196204984417,411.30233177286397,94.551492,0.7787422975947048
773,C:\Users\joshy\OneDrive\Documents\Kravitz Lab\freezeData\\0322\20260319145636-b94.39-f8.png,2026-03-19 14:56:36,8.0,59.1931646977134,7.429905977819008,454.73307734641605,94.214376,0.7043785416236242
774,C:\Users\joshy\OneDrive\Documents\Kravitz Lab\freezeData\\0322\20260319145655-b94.22-f10.png,2026-03-19 14:56:55,10.0,59.42891342023679,7.420544417869797,504.6166321856,94.0587,0.6392726903920939
775,C:\Users\joshy\OneDrive\Documents\Kravitz Lab\freezeData\\0322\20260319145713-b94.20-f0.png,2026-03-19 14:57:13,0.0,57.67163953086071,7.441097792106266,425.99636689240003,94.008592,0.7380880990145772
776,C:\Users\joshy\OneDrive\Documents\Kravitz Lab\freezeData\\0322\20260319145732-b94.71-f2.png,2026-03-19 14:57:32,2.0,58.11883217165479,7.44870000432762,460.37588326502396,94.519468,0.7911705229425636
777,C:\Users\joshy\OneDrive\Documents\Kravitz Lab\freezeData\\0322\20260319145751-b95.07-f4.png,2026-03-19 14:57:51,4.0,58.534148639904075,7.450283468986573,403.5231495889759,94.870204,0.8404509147814435
778,C:\Users\joshy\OneDrive\Documents\Kravitz Lab\freezeData\\0322\20260319145810-b94.93-f6.png,2026-03-19 14:58:10,6.0,58.8583315004133,7.44378498210349,425.82237054310406,94.755384,0.7776989097152812
779,C:\Users\joshy\OneDrive\Documents\Kravitz Lab\freezeData\\0322\20260319145830-b94.43-f8.png,2026-03-19 14:58:30,8.0,59.162534491256004,7.430336276325425,454.83359323377596,94.263288,0.7038903737620489
780,C:\Users\joshy\OneDrive\Documents\Kravitz Lab\freezeData\\0322\20260319145850-b94.07-f10.png,2026-03-19 14:58:50,10.0,59.43375879060775,7.420979180110045,505.49159542470403,93.935316,0.6394241601988379
781,C:\Users\joshy\OneDrive\Documents\Kravitz Lab\freezeData\\0322\20260319145910-b93.91-f0.png,2026-03-19 14:59:10,0.0,57.62577391628562,7.437802047945963,433.35277591960005,93.729444,0.7395168674708119
782,C:\Users\joshy\OneDrive\Documents\Kravitz Lab\freezeData\\0322\20260319145930-b94.92-f2.png,2026-03-19 14:59:30,2.0,58.132445514433876,7.450368347568614,473.507714162944,94.747876,0.7920939972900937
783,C:\Users\joshy\OneDrive\Documents\Kravitz Lab\freezeData\\0322\20260319145950-b94.67-f4.png,2026-03-19 14:59:50,4.0,58.45031456931414,7.446429964658092,426.9671741655041,94.479832,0.842277406540102
784,C:\Users\joshy\OneDrive\Documents\Kravitz Lab\freezeData\\0322\20260319150010-b94.79-f6.png,2026-03-19 15:00:10,6.0,58.861460430299346,7.443241259486095,419.64681050566395,94.627452,0.7813849845181853
785,C:\Users\joshy\OneDrive\Documents\Kravitz Lab\freezeData\\0322\20260319150030-b94.54-f8.png,2026-03-19 15:00:30,8.0,59.210409834997904,7.432235838175793,449.5153244764,94.380672,0.7048864911871354
786,C:\Users\joshy\OneDrive\Documents\Kravitz Lab\freezeData\\0322\20260319150049-b94.11-f10.png,2026-03-19 15:00:49,10.0,59.36913917622859,7.41676183335645,507.56800179705596,93.95644,0.6398777219388039
787,C:\Users\joshy\OneDrive\Documents\Kravitz Lab\freezeData\\0322\20260319150108-b94.31-f0.png,2026-03-19 15:01:08,0.0,57.6822584820908,7.440871266436279,444.78516308934394,94.144708,0.740124790356708
788,C:\Users\joshy\OneDrive\Documents\Kravitz Lab\freezeData\\0322\20260319150127-b94.58-f2.png,2026-03-19 15:01:27,2.0,58.03577069548897,7.445714830513781,456.51960107257605,94.383932,0.791129667792351
789,C:\Users\joshy\OneDrive\Documents\Kravitz Lab\freezeData\\0322\20260319150147-b94.95-f4.png,2026-03-19 15:01:47,4.0,58.59760025374841,7.449728969675854,402.81448377457605,94.755148,0.8423941388304333
790,C:\Users\joshy\OneDrive\Documents\Kravitz Lab\freezeData\\0322\20260319150206-b94.56-f6.png,2026-03-19 15:02:06,6.0,58.92393493654123,7.44390489771549,438.23280347161597,94.395484,0.7803503032150838
791,C:\Users\joshy\OneDrive\Documents\Kravitz Lab\freezeData\\0322\20260319150226-b94.55-f8.png,2026-03-19 15:02:26,8.0,59.259076030650355,7.4349477446545125,467.19161306009596,94.38544,0.7004945963534779
792,C:\Users\joshy\OneDrive\Documents\Kravitz Lab\freezeData\\0322\20260319150247-b94.18-f10.png,2026-03-19 15:02:47,10.0,59.34300638488414,7.417855668233784,492.7999652280161,94.03506,0.639356393778326
793,C:\Users\joshy\OneDrive\Documents\Kravitz Lab\freezeData\\0322\20260319150306-b93.94-f0.png,2026-03-19 15:03:06,0.0,57.54883872688185,7.435583749902029,451.20338719513603,93.777188,0.738219643155545
794,C:\Users\joshy\OneDrive\Documents\Kravitz Lab\freezeData\\0322\20260319150325-b94.45-f2.png,2026-03-19 15:03:25,2.0,58.19318372864767,7.453288751821612,472.60629107185616,94.257316,0.7916965023258976
795,C:\Users\joshy\OneDrive\Documents\Kravitz Lab\freezeData\\0322\20260319150346-b94.91-f4.png,2026-03-19 15:03:46,4.0,58.55828082667605,7.444475455428856,424.293003682544,94.723988,0.8423405084115818
796,C:\Users\joshy\OneDrive\Documents\Kravitz Lab\freezeData\\0322\20260319150405-b94.84-f6.png,2026-03-19 15:04:05,6.0,58.79817541410958,7.441463040975617,435.255495822064,94.67846,0.779280367241688
797,C:\Users\joshy\OneDrive\Documents\Kravitz Lab\freezeData\\0322\20260319150424-b94.15-f8.png,2026-03-19 15:04:24,8.0,59.110370244470644,7.4299942642094665,447.3734021240159,93.99296,0.7037510711845016
798,C:\Users\joshy\OneDrive\Documents\Kravitz Lab\freezeData\\0322\20260319150445-b94.08-f10.png,2026-03-19 15:04:45,10.0,59.36920427125753,7.422210914396859,523.0404013331041,93.923736,0.6366653537224946
799,C:\Users\joshy\OneDrive\Documents\Kravitz Lab\freezeData\\0322\20260319150504-b94.38-f0.png,2026-03-19 15:05:04,0.0,57.572078563208954,7.441305931159797,447.578801156544,94.226764,0.7400652793579853
800,C:\Users\joshy\OneDrive\Documents\Kravitz Lab\freezeData\\0322\20260319150523-b94.86-f2.png,2026-03-19 15:05:23,2.0,58.13299289468438,7.453080404443653,470.09410083902395,94.684524,0.7918119023813708
801,C:\Users\joshy\OneDrive\Documents\Kravitz Lab\freezeData\\0322\20260319150545-b94.71-f4.png,2026-03-19 15:05:45,4.0,58.536430328813736,7.447385002684678,426.491689769984,94.521456,0.8430982233191869
802,C:\Users\joshy\OneDrive\Documents\Kravitz Lab\freezeData\\0322\20260319150604-b94.68-f6.png,2026-03-19 15:06:04,6.0,58.82174647355803,7.440255517392163,430.535750673136,94.511908,0.7805130056736639
803,C:\Users\joshy\OneDrive\Documents\Kravitz Lab\freezeData\\0322\20260319150623-b94.49-f8.png,2026-03-19 15:06:23,8.0,59.159998261133715,7.431807359825325,448.08364831840004,94.328216,0.7036643763471527
804,C:\Users\joshy\OneDrive\Documents\Kravitz Lab\freezeData\\0322\20260319150642-b94.19-f10.png,2026-03-19 15:06:42,10.0,59.43001881006857,7.417014654431167,509.35219571398403,94.038836,0.6398079309610321
805,C:\Users\joshy\OneDrive\Documents\Kravitz Lab\freezeData\\0322\20260319150702-b94.11-f0.png,2026-03-19 15:07:02,0.0,57.59832585661149,7.438708948230232,438.2018989823999,93.94466,0.7399226281722487
806,C:\Users\joshy\OneDrive\Documents\Kravitz Lab\freezeData\\0322\20260319150721-b94.54-f2.png,2026-03-19 15:07:21,2.0,58.10310685370771,7.448317515240798,451.94852184960007,94.340432,0.7913135043573519
807,C:\Users\joshy\OneDrive\Documents\Kravitz Lab\freezeData\\0322\20260319150740-b94.91-f4.png,2026-03-19 15:07:40,4.0,58.53976048892527,7.447363268171831,415.96300248894397,94.716208,0.8418560810471413
808,C:\Users\joshy\OneDrive\Documents\Kravitz Lab\freezeData\\0322\20260319150819-b94.18-f8.png,2026-03-19 15:08:19,8.0,59.224864998784284,7.432916321814823,451.91681039609585,94.002424,0.7026091750615205
809,C:\Users\joshy\OneDrive\Documents\Kravitz Lab\freezeData\\0322\20260319150800-b94.59-f6.png,2026-03-19 15:08:00,6.0,58.87568819744381,7.441942926453474,440.8410198709759,94.431624,0.7804063814974797
810,C:\Users\joshy\OneDrive\Documents\Kravitz Lab\freezeData\\0322\20260319150838-b93.87-f10.png,2026-03-19 15:08:38,10.0,59.378822931398155,7.416500358133692,507.2720553884,93.717392,0.6403990477682615
811,C:\Users\joshy\OneDrive\Documents\Kravitz Lab\freezeData\\0322\20260319150857-b94.10-f0.png,2026-03-19 15:08:57,0.0,57.578454216916796,7.436957274840027,446.789111379904,93.931196,0.7375694296737992
812,C:\Users\joshy\OneDrive\Documents\Kravitz Lab\freezeData\\0322\20260319150916-b94.61-f2.png,2026-03-19 15:09:16,2.0,58.037640735561816,7.448537441967608,462.059015285696,94.437184,0.7928579469028882
813,C:\Users\joshy\OneDrive\Documents\Kravitz Lab\freezeData\\0322\20260319150935-b94.79-f4.png,2026-03-19 15:09:35,4.0,58.64198406354601,7.449384762868352,430.55796699999996,94.614896,0.8430880420140556
814,C:\Users\joshy\OneDrive\Documents\Kravitz Lab\freezeData\\0322\20260319150954-b94.56-f6.png,2026-03-19 15:09:54,6.0,58.84382418584448,7.443892174192679,436.10579124759994,94.387132,0.7783092596284287
815,C:\Users\joshy\OneDrive\Documents\Kravitz Lab\freezeData\\0322\20260319151013-b94.51-f8.png,2026-03-19 15:10:13,8.0,59.18106420469831,7.430959244364819,427.37311621529597,94.333124,0.7043339743962307
816,C:\Users\joshy\OneDrive\Documents\Kravitz Lab\freezeData\\0322\20260319151052-b94.01-f0.png,2026-03-19 15:10:52,0.0,57.63199866513047,7.4400415053204565,442.83374536422406,93.83432,0.7383538527569089
817,C:\Users\joshy\OneDrive\Documents\Kravitz Lab\freezeData\\0322\20260319151032-b94.18-f10.png,2026-03-19 15:10:32,10.0,59.38793141245841,7.422774801159172,508.45075344113593,94.020556,0.6358658123230404
818,C:\Users\joshy\OneDrive\Documents\Kravitz Lab\freezeData\\0322\20260319151113-b94.68-f2.png,2026-03-19 15:11:13,2.0,58.11184024030022,7.45252903304392,435.0697536496,94.463232,0.7915861348178054
819,C:\Users\joshy\OneDrive\Documents\Kravitz Lab\freezeData\\0322\20260319151132-b94.74-f4.png,2026-03-19 15:11:32,4.0,58.43814745508882,7.445742248035383,402.83637629382395,94.528036,0.8421472032451449
820,C:\Users\joshy\OneDrive\Documents\Kravitz Lab\freezeData\\0322\20260319151153-b94.60-f6.png,2026-03-19 15:11:53,6.0,58.92270245320104,7.4406095464455735,414.81428851057603,94.420756,0.7799803550723025
821,C:\Users\joshy\OneDrive\Documents\Kravitz Lab\freezeData\\0322\20260319151212-b94.46-f8.png,2026-03-19 15:12:12,8.0,59.214586962971076,7.432465696425411,428.21404998846396,94.281856,0.7038251517558575
822,C:\Users\joshy\OneDrive\Documents\Kravitz Lab\freezeData\\0322\20260319151232-b94.40-f10.png,2026-03-19 15:12:32,10.0,59.40766548865895,7.4241968288726445,493.76785458161595,94.25626,0.6373208250270052
823,C:\Users\joshy\OneDrive\Documents\Kravitz Lab\freezeData\\0322\20260319151251-b94.12-f0.png,2026-03-19 15:12:51,0.0,57.67042063206767,7.43780789162357,425.96649459902403,93.940872,0.7395608682019985
824,C:\Users\joshy\OneDrive\Documents\Kravitz Lab\freezeData\\0322\20260319151311-b94.69-f2.png,2026-03-19 15:13:11,2.0,58.080863618751536,7.449002518552198,429.064704070144,94.483228,0.792953791096363
825,C:\Users\joshy\OneDrive\Documents\Kravitz Lab\freezeData\\0322\20260319151330-b95.02-f4.png,2026-03-19 15:13:30,4.0,58.49519258463554,7.4485535841026635,415.118373384816,94.82808,0.8420039713252742
826,C:\Users\joshy\OneDrive\Documents\Kravitz Lab\freezeData\\0322\20260319151350-b94.82-f6.png,2026-03-19 15:13:50,6.0,58.823359976368025,7.44265439464376,425.635829629424,94.638568,0.779658729214309
827,C:\Users\joshy\OneDrive\Documents\Kravitz Lab\freezeData\\0322\20260319151411-b94.54-f8.png,2026-03-19 15:14:11,8.0,59.18268763540568,7.434509432843258,421.93301495961606,94.3515,0.7015373606232376
828,C:\Users\joshy\OneDrive\Documents\Kravitz Lab\freezeData\\0322\20260319151431-b94.37-f10.png,2026-03-19 15:14:31,10.0,59.386445978439085,7.41946345572843,502.728160883136,94.203956,0.6347741933739524
829,C:\Users\joshy\OneDrive\Documents\Kravitz Lab\freezeData\\0322\20260319151452-b93.85-f0.png,2026-03-19 15:14:52,0.0,57.505621399395594,7.434675970671767,443.144350065904,93.664376,0.7376045294136714
830,C:\Users\joshy\OneDrive\Documents\Kravitz Lab\freezeData\\0322\20260319151512-b94.98-f2.png,2026-03-19 15:15:12,2.0,58.010274081610746,7.451008969042016,457.08247400729607,94.77958,0.7899714525558726
831,C:\Users\joshy\OneDrive\Documents\Kravitz Lab\freezeData\\0322\20260319151533-b94.74-f4.png,2026-03-19 15:15:33,4.0,58.51550764634961,7.447945924224598,414.98716611526396,94.5467,0.8431399229803535
832,C:\Users\joshy\OneDrive\Documents\Kravitz Lab\freezeData\\0322\20260319151553-b94.64-f6.png,2026-03-19 15:15:53,6.0,58.85992988583741,7.441877847650518,425.22839646559993,94.467048,0.7792751365215536
833,C:\Users\joshy\OneDrive\Documents\Kravitz Lab\freezeData\\0322\20260319151613-b94.40-f8.png,2026-03-19 15:16:13,8.0,59.20806330357377,7.4312006628069005,430.204426661104,94.2172,0.7030319476518591
834,C:\Users\joshy\OneDrive\Documents\Kravitz Lab\freezeData\\0322\20260319151632-b94.14-f10.png,2026-03-19 15:16:32,10.0,59.3676824490653,7.419488402099407,496.55443394758396,93.994288,0.6401626332068854
835,C:\Users\joshy\OneDrive\Documents\Kravitz Lab\freezeData\\0322\20260319151652-b94.25-f0.png,2026-03-19 15:16:52,0.0,57.58981431744068,7.435351324784696,440.446945769984,94.095052,0.738848319960088
836,C:\Users\joshy\OneDrive\Documents\Kravitz Lab\freezeData\\0322\20260319151711-b94.48-f2.png,2026-03-19 15:17:11,2.0,58.190507485977335,7.449154272766494,426.832805869424,94.254304,0.7909248607752003
837,C:\Users\joshy\OneDrive\Documents\Kravitz Lab\freezeData\\0322\20260319151731-b94.54-f4.png,2026-03-19 15:17:31,4.0,58.43547735330365,7.443441039854537,394.67400651360003,94.339244,0.8432640192060687
838,C:\Users\joshy\OneDrive\Documents\Kravitz Lab\freezeData\\0322\20260319151751-b94.63-f6.png,2026-03-19 15:17:51,6.0,58.872355750695625,7.442626097991394,405.73442003193605,94.441756,0.7804142522270767
839,C:\Users\joshy\OneDrive\Documents\Kravitz Lab\freezeData\\0322\20260319151809-b94.64-f8.png,2026-03-19 15:18:09,8.0,59.16188270944136,7.432473638393638,452.27586906009594,94.482048,0.7031751231274929
840,C:\Users\joshy\OneDrive\Documents\Kravitz Lab\freezeData\\0322\20260319151829-b94.12-f10.png,2026-03-19 15:18:29,10.0,59.34100934060357,7.419902241359418,508.16515738046394,93.96872,0.6381331384794829
841,C:\Users\joshy\OneDrive\Documents\Kravitz Lab\freezeData\\0322\20260319151848-b94.34-f0.png,2026-03-19 15:18:48,0.0,57.65866319331381,7.440113436426134,442.509363124736,94.1674,0.7392082573168178
842,C:\Users\joshy\OneDrive\Documents\Kravitz Lab\freezeData\\0322\20260319151907-b94.67-f2.png,2026-03-19 15:19:07,2.0,58.021494704291925,7.449197332432966,454.01740319513607,94.478268,0.7912859560873008
843,C:\Users\joshy\OneDrive\Documents\Kravitz Lab\freezeData\\0322\20260319151926-b94.77-f4.png,2026-03-19 15:19:26,4.0,58.47840596820676,7.445807713804956,418.066799095744,94.58224,0.8416711959280806
844,C:\Users\joshy\OneDrive\Documents\Kravitz Lab\freezeData\\0322\20260319151946-b94.57-f6.png,2026-03-19 15:19:46,6.0,58.83187805178332,7.442522198643032,429.13463169022396,94.382064,0.7805811066726406
845,C:\Users\joshy\OneDrive\Documents\Kravitz Lab\freezeData\\0322\20260319152005-b94.54-f8.png,2026-03-19 15:20:05,8.0,59.138923002271056,7.430330745447346,461.7134636779361,94.388384,0.7016913293689192
846,C:\Users\joshy\OneDrive\Documents\Kravitz Lab\freezeData\\0322\20260319152025-b94.15-f10.png,2026-03-19 15:20:25,10.0,59.43821385664357,7.421082983358355,506.798677683824,93.997648,0.6382458084857425
847,C:\Users\joshy\OneDrive\Documents\Kravitz Lab\freezeData\\0322\20260319152044-b93.98-f0.png,2026-03-19 15:20:44,0.0,57.560093831860144,7.437269484645223,442.4814008176,93.809616,0.7373857053423125
848,C:\Users\joshy\OneDrive\Documents\Kravitz Lab\freezeData\\0322\20260319152105-b94.49-f2.png,2026-03-19 15:21:05,2.0,58.044049014578434,7.448066589222386,469.2647583356,94.302096,0.7907736552887792
849,C:\Users\joshy\OneDrive\Documents\Kravitz Lab\freezeData\\0322\20260319152142-b94.71-f6.png,2026-03-19 15:21:42,6.0,58.89448979228886,7.442458173730462,417.86228449561594,94.521728,0.7821720017631433
850,C:\Users\joshy\OneDrive\Documents\Kravitz Lab\freezeData\\0322\20260319152123-b94.71-f4.png,2026-03-19 15:21:23,4.0,58.47410402833049,7.447627909215698,412.8692180463999,94.522228,0.842070273938707
851,C:\Users\joshy\OneDrive\Documents\Kravitz Lab\freezeData\\0322\20260319152203-b94.58-f8.png,2026-03-19 15:22:03,8.0,59.26621113282002,7.435875550396467,450.57156957873605,94.4186,0.7025061770933743
852,C:\Users\joshy\OneDrive\Documents\Kravitz Lab\freezeData\\0322\20260319152223-b94.15-f10.png,2026-03-19 15:22:23,10.0,59.39482196656541,7.419460272803497,513.984389949184,94.0066,0.6377027781122611
853,C:\Users\joshy\OneDrive\Documents\Kravitz Lab\freezeData\\0322\20260319152241-b94.07-f0.png,2026-03-19 15:22:41,0.0,57.64061132012588,7.438814466319397,432.13823303040004,93.895776,0.7391200623181208
854,C:\Users\joshy\OneDrive\Documents\Kravitz Lab\freezeData\\0322\20260319152320-b94.70-f4.png,2026-03-19 15:23:20,4.0,58.50115287009841,7.44554862537064,424.16794687960004,94.510624,0.8425167790477651
855,C:\Users\joshy\OneDrive\Documents\Kravitz Lab\freezeData\\0322\20260319152300-b94.56-f2.png,2026-03-19 15:23:00,2.0,58.12191633795486,7.448903196828295,474.711834007296,94.388424,0.7902575634274791
856,C:\Users\joshy\OneDrive\Documents\Kravitz Lab\freezeData\\0322\20260319152339-b94.78-f6.png,2026-03-19 15:23:39,6.0,58.84329298894901,7.4443336231773625,438.0599458214241,94.596448,0.7801962721746565
857,C:\Users\joshy\OneDrive\Documents\Kravitz Lab\freezeData\\0322\20260319152359-b94.55-f8.png,2026-03-19 15:23:59,8.0,59.15705475913878,7.431570682300064,459.734896392816,94.382016,0.7036945963360438
858,C:\Users\joshy\OneDrive\Documents\Kravitz Lab\freezeData\\0322\20260319152418-b93.78-f10.png,2026-03-19 15:24:18,10.0,59.33622958995289,7.417979071638639,505.0660336460161,93.62478,0.6379379810833047
859,C:\Users\joshy\OneDrive\Documents\Kravitz Lab\freezeData\\0322\20260319152438-b93.89-f0.png,2026-03-19 15:24:38,0.0,57.59172911333099,7.436279045336236,454.95576915654397,93.716448,0.7374576176226797
860,C:\Users\joshy\OneDrive\Documents\Kravitz Lab\freezeData\\0322\20260319152457-b94.91-f2.png,2026-03-19 15:24:57,2.0,58.12488256793725,7.44938845827217,452.454208514304,94.725252,0.792395888073062
861,C:\Users\joshy\OneDrive\Documents\Kravitz Lab\freezeData\\0322\20260319152517-b94.61-f4.png,2026-03-19 15:25:17,4.0,58.52792036801239,7.448778335344948,406.1459205143041,94.40366,0.8431350705216363
862,C:\Users\joshy\OneDrive\Documents\Kravitz Lab\freezeData\\0322\20260319152536-b94.45-f6.png,2026-03-19 15:25:36,6.0,58.88758066736599,7.439036903077828,439.8248417699839,94.270908,0.7802871297676548
863,C:\Users\joshy\OneDrive\Documents\Kravitz Lab\freezeData\\0322\20260319152555-b94.53-f8.png,2026-03-19 15:25:55,8.0,59.217886338953235,7.436006187436332,458.675676001216,94.357896,0.702819460406641
864,C:\Users\joshy\OneDrive\Documents\Kravitz Lab\freezeData\\0322\20260319152616-b94.37-f10.png,2026-03-19 15:26:16,10.0,59.379801784212916,7.417585274320575,496.9173329205761,94.214672,0.640649300464883
865,C:\Users\joshy\OneDrive\Documents\Kravitz Lab\freezeData\\0322\20260319152634-b94.15-f0.png,2026-03-19 15:26:34,0.0,57.53806531897102,7.437040284930934,443.554938085376,93.964232,0.738484815832005
866,C:\Users\joshy\OneDrive\Documents\Kravitz Lab\freezeData\\0322\20260319152653-b94.53-f2.png,2026-03-19 15:26:53,2.0,58.04321164454717,7.44772926885605,472.1378785990241,94.354048,0.790868909270655
867,C:\Users\joshy\OneDrive\Documents\Kravitz Lab\freezeData\\0322\20260319152712-b94.60-f4.png,2026-03-19 15:27:12,4.0,58.47451251172175,7.4414789341432614,404.416146007296,94.403364,0.8430737939622248
868,C:\Users\joshy\OneDrive\Documents\Kravitz Lab\freezeData\\0322\20260319152732-b94.69-f6.png,2026-03-19 15:27:32,6.0,58.84068741219545,7.442205788995935,426.813886449264,94.514452,0.780443289612668
869,C:\Users\joshy\OneDrive\Documents\Kravitz Lab\freezeData\\0322\20260319152750-b94.47-f8.png,2026-03-19 15:27:50,8.0,59.15076274210165,7.431065594366827,449.793770056304,94.29826,0.7035339365832498
870,C:\Users\joshy\OneDrive\Documents\Kravitz Lab\freezeData\\0322\20260319152810-b94.13-f10.png,2026-03-19 15:28:10,10.0,59.40869285434919,7.419365594703219,495.23842617241604,93.98624,0.6401229833872717
871,C:\Users\joshy\OneDrive\Documents\Kravitz Lab\freezeData\\0322\20260319152829-b94.11-f0.png,2026-03-19 15:28:29,0.0,57.614759588660405,7.437234893478345,455.610180839024,93.943808,0.7384569990892151
872,C:\Users\joshy\OneDrive\Documents\Kravitz Lab\freezeData\\0322\20260319152848-b94.77-f2.png,2026-03-19 15:28:48,2.0,58.08543041742072,7.450028702836662,480.66725058041595,94.578824,0.7903232999780233
873,C:\Users\joshy\OneDrive\Documents\Kravitz Lab\freezeData\\0322\20260319152907-b94.78-f4.png,2026-03-19 15:29:07,4.0,58.55057269711373,7.444887054975378,417.80085986609606,94.5978,0.8440750582942143
874,C:\Users\joshy\OneDrive\Documents\Kravitz Lab\freezeData\\0322\20260319152927-b94.67-f6.png,2026-03-19 15:29:27,6.0,58.82451554478816,7.439744494007864,424.01237406590394,94.507676,0.7820704269998365
875,C:\Users\joshy\OneDrive\Documents\Kravitz Lab\freezeData\\0322\20260319152947-b94.10-f8.png,2026-03-19 15:29:47,8.0,59.08176209533686,7.425155582692098,447.86791788646394,93.932504,0.7048948818090717
876,C:\Users\joshy\OneDrive\Documents\Kravitz Lab\freezeData\\0322\20260319153006-b94.15-f10.png,2026-03-19 15:30:06,10.0,59.32523714130762,7.4159662252533005,518.752815635904,93.995296,0.6381351431052875
877,C:\Users\joshy\OneDrive\Documents\Kravitz Lab\freezeData\\0322\20260319153025-b93.80-f0.png,2026-03-19 15:30:25,0.0,57.617338183225506,7.435023815314993,447.42195806590394,93.628268,0.7395175368454447
878,C:\Users\joshy\OneDrive\Documents\Kravitz Lab\freezeData\\0322\20260319153106-b94.80-f4.png,2026-03-19 15:31:06,4.0,58.50938651871359,7.448603552687249,417.08595595710403,94.611576,0.8412033735918094
879,C:\Users\joshy\OneDrive\Documents\Kravitz Lab\freezeData\\0322\20260319153046-b94.41-f2.png,2026-03-19 15:30:46,2.0,58.05557539491289,7.444333888100858,471.67519340537604,94.230828,0.7914187532464442
880,C:\Users\joshy\OneDrive\Documents\Kravitz Lab\freezeData\\0322\20260319153125-b94.84-f6.png,2026-03-19 15:31:25,6.0,58.88577217008414,7.442282032849445,424.574045069056,94.662788,0.7791132634945572
881,C:\Users\joshy\OneDrive\Documents\Kravitz Lab\freezeData\\0322\20260319153205-b94.06-f10.png,2026-03-19 15:32:05,10.0,59.36310045196709,7.420056843173919,520.7855259851361,93.914392,0.6369795378045064
882,C:\Users\joshy\OneDrive\Documents\Kravitz Lab\freezeData\\0322\20260319153146-b94.50-f8.png,2026-03-19 15:31:46,8.0,59.142238496681884,7.430196304562867,445.86525076633615,94.32996,0.7039284696358021
883,C:\Users\joshy\OneDrive\Documents\Kravitz Lab\freezeData\\0322\20260319153225-b93.81-f0.png,2026-03-19 15:32:25,0.0,57.659624583278855,7.439699212652258,450.5502418098561,93.630188,0.738587060268357
884,C:\Users\joshy\OneDrive\Documents\Kravitz Lab\freezeData\\0322\20260319153246-b94.55-f2.png,2026-03-19 15:32:46,2.0,58.00473996772002,7.4476732631648135,475.4452977299839,94.363072,0.7914449346003655
885,C:\Users\joshy\OneDrive\Documents\Kravitz Lab\freezeData\\0322\20260319153304-b94.78-f4.png,2026-03-19 15:33:04,4.0,58.43017913767727,7.445190900426818,419.424952903104,94.593712,0.8415447351977766
886,C:\Users\joshy\OneDrive\Documents\Kravitz Lab\freezeData\\0322\20260319153324-b94.75-f6.png,2026-03-19 15:33:24,6.0,58.89053437861077,7.443329956270121,427.15604703601605,94.572392,0.781304202264991
887,C:\Users\joshy\OneDrive\Documents\Kravitz Lab\freezeData\\0322\20260319153344-b94.46-f8.png,2026-03-19 15:33:44,8.0,59.16448711171741,7.43320766850489,446.25165812401605,94.297632,0.7042704365826985
888,C:\Users\joshy\OneDrive\Documents\Kravitz Lab\freezeData\\0322\20260319153404-b94.27-f10.png,2026-03-19 15:34:04,10.0,59.38849927114319,7.419626945857459,508.9254170846559,94.111132,0.638641777594317
889,C:\Users\joshy\OneDrive\Documents\Kravitz Lab\freezeData\\0322\20260319153443-b94.60-f2.png,2026-03-19 15:34:43,2.0,57.986415915654725,7.443821105479179,458.46420618225596,94.413552,0.7919929631201142
890,C:\Users\joshy\OneDrive\Documents\Kravitz Lab\freezeData\\0322\20260319153424-b94.05-f0.png,2026-03-19 15:34:24,0.0,57.589551206080294,7.437187488365965,446.210506654656,93.863516,0.7380440283726951
891,C:\Users\joshy\OneDrive\Documents\Kravitz Lab\freezeData\\0322\20260319153503-b94.78-f4.png,2026-03-19 15:35:03,4.0,58.53029823661574,7.449254294172771,423.218362505664,94.596604,0.8427593080514506
892,C:\Users\joshy\OneDrive\Documents\Kravitz Lab\freezeData\\0322\20260319153522-b94.54-f6.png,2026-03-19 15:35:22,6.0,58.978086456292694,7.4444968169269705,430.9966319196001,94.356508,0.7803433331701252
893,C:\Users\joshy\OneDrive\Documents\Kravitz Lab\freezeData\\0322\20260319153541-b94.56-f8.png,2026-03-19 15:35:41,8.0,59.21263048360463,7.430367695166877,442.9596216816001,94.388936,0.7028420803230978
894,C:\Users\joshy\OneDrive\Documents\Kravitz Lab\freezeData\\0322\20260319153619-b94.01-f0.png,2026-03-19 15:36:19,0.0,57.53246826462442,7.43263181842096,439.31957112473606,93.836772,0.7380364935534842
895,C:\Users\joshy\OneDrive\Documents\Kravitz Lab\freezeData\\0322\20260319153600-b94.20-f10.png,2026-03-19 15:36:00,10.0,59.265659125530696,7.417960294041458,520.0650359296001,94.06142,0.6395355359051527
896,C:\Users\joshy\OneDrive\Documents\Kravitz Lab\freezeData\\0322\20260319153639-b94.76-f2.png,2026-03-19 15:36:39,2.0,58.02795305367909,7.450554237139271,480.770286220784,94.574996,0.79068959311155
897,C:\Users\joshy\OneDrive\Documents\Kravitz Lab\freezeData\\0322\20260319153658-b94.76-f4.png,2026-03-19 15:36:58,4.0,58.48550804609005,7.443866451396047,427.63733111960005,94.577644,0.84340851150871
898,C:\Users\joshy\OneDrive\Documents\Kravitz Lab\freezeData\\0322\20260319153718-b94.80-f6.png,2026-03-19 15:37:18,6.0,58.87111415872474,7.442872698618861,416.99933657009603,94.61348,0.7803886141184526
899,C:\Users\joshy\OneDrive\Documents\Kravitz Lab\freezeData\\0322\20260319153738-b94.41-f8.png,2026-03-19 15:37:38,8.0,59.17497760045149,7.431911241244647,445.77632272766397,94.233508,0.7034310935866127
900,C:\Users\joshy\OneDrive\Documents\Kravitz Lab\freezeData\\0322\20260319153758-b93.97-f10.png,2026-03-19 15:37:58,10.0,59.31954052152177,7.41890395707982,511.49274259840007,93.812244,0.6390575030426467
901,C:\Users\joshy\OneDrive\Documents\Kravitz Lab\freezeData\\0322\20260319153818-b93.88-f0.png,2026-03-19 15:38:18,0.0,57.62756022683855,7.437205664796523,438.123611195136,93.703564,0.7378756453614358
902,C:\Users\joshy\OneDrive\Documents\Kravitz Lab\freezeData\\0322\20260319153837-b94.43-f2.png,2026-03-19 15:38:37,2.0,58.14304931511123,7.449056514097441,459.3597385804159,94.247112,0.7915851247384205
903,C:\Users\joshy\OneDrive\Documents\Kravitz Lab\freezeData\\0322\20260319153857-b94.44-f4.png,2026-03-19 15:38:57,4.0,58.44391337567518,7.4448541914266535,420.135028966896,94.257024,0.843346524458888
904,C:\Users\joshy\OneDrive\Documents\Kravitz Lab\freezeData\\0322\20260319153917-b94.58-f6.png,2026-03-19 15:39:17,6.0,58.832626881947064,7.440352894361962,412.887931706816,94.39264,0.781738588023522
905,C:\Users\joshy\OneDrive\Documents\Kravitz Lab\freezeData\\0322\20260319153936-b94.52-f8.png,2026-03-19 15:39:36,8.0,59.170180648174465,7.432206646004467,460.627963255536,94.36068,0.7031071288864708
906,C:\Users\joshy\OneDrive\Documents\Kravitz Lab\freezeData\\0322\20260319153955-b94.13-f10.png,2026-03-19 15:39:55,10.0,59.37378500445785,7.421903818005055,519.406327533424,93.969304,0.6381562496892687
907,C:\Users\joshy\OneDrive\Documents\Kravitz Lab\freezeData\\0322\20260319154015-b93.99-f0.png,2026-03-19 15:40:15,0.0,57.50398961767519,7.438624966487991,436.403762201536,93.811952,0.7390243110760784
908,C:\Users\joshy\OneDrive\Documents\Kravitz Lab\freezeData\\0322\20260319154035-b94.55-f2.png,2026-03-19 15:40:35,2.0,58.10117049388936,7.451628885681506,477.77688223999996,94.3582,0.7901747936304048
909,C:\Users\joshy\OneDrive\Documents\Kravitz Lab\freezeData\\0322\20260319154054-b94.95-f4.png,2026-03-19 15:40:54,4.0,58.51703025518243,7.447889075170354,418.5348507340641,94.758492,0.8421192748628286
910,C:\Users\joshy\OneDrive\Documents\Kravitz Lab\freezeData\\0322\20260319154133-b94.48-f8.png,2026-03-19 15:41:33,8.0,59.2055886952541,7.431153464763172,445.132851124336,94.30522,0.7012677826795404
911,C:\Users\joshy\OneDrive\Documents\Kravitz Lab\freezeData\\0322\20260319154114-b94.32-f6.png,2026-03-19 15:41:14,6.0,58.90766829674847,7.441391095724836,402.9275190715999,94.129984,0.7806578035839306
912,C:\Users\joshy\OneDrive\Documents\Kravitz Lab\freezeData\\0322\20260319154152-b93.94-f10.png,2026-03-19 15:41:52,10.0,59.32900372489543,7.419304808254163,503.9191684636,93.773812,0.6378648897663689
913,C:\Users\joshy\OneDrive\Documents\Kravitz Lab\freezeData\\0322\20260319154211-b94.09-f0.png,2026-03-19 15:42:11,0.0,57.53813071449576,7.435827164425032,421.4834051356001,93.91104,0.7377722358672266
914,C:\Users\joshy\OneDrive\Documents\Kravitz Lab\freezeData\\0322\20260319154230-b94.89-f2.png,2026-03-19 15:42:30,2.0,58.050939620622714,7.451343733236666,469.721597869424,94.705896,0.7909292093501906
915,C:\Users\joshy\OneDrive\Documents\Kravitz Lab\freezeData\\0322\20260319154251-b94.95-f4.png,2026-03-19 15:42:51,4.0,58.52899520442838,7.447762359423582,411.42006333286406,94.7594,0.8404508324945665
916,C:\Users\joshy\OneDrive\Documents\Kravitz Lab\freezeData\\0322\20260319154310-b94.64-f6.png,2026-03-19 15:43:10,6.0,58.857919528100076,7.440835614981941,418.89534372337596,94.455764,0.7806669120009951
917,C:\Users\joshy\OneDrive\Documents\Kravitz Lab\freezeData\\0322\20260319154329-b94.33-f8.png,2026-03-19 15:43:29,8.0,59.253695839170604,7.429546238353256,453.592185784176,94.169084,0.7043870636219497
918,C:\Users\joshy\OneDrive\Documents\Kravitz Lab\freezeData\\0322\20260319154408-b94.17-f0.png,2026-03-19 15:44:08,0.0,57.61091884617693,7.4395464265975075,446.292226354624,93.992404,0.7388077363325046
919,C:\Users\joshy\OneDrive\Documents\Kravitz Lab\freezeData\\0322\20260319154348-b94.11-f10.png,2026-03-19 15:43:48,10.0,59.49371163634907,7.419015234318137,509.1854232394241,93.951712,0.637880012599142
920,C:\Users\joshy\OneDrive\Documents\Kravitz Lab\freezeData\\0322\20260319154428-b94.57-f2.png,2026-03-19 15:44:28,2.0,58.044905395843315,7.4503420862700915,464.65015416294403,94.37374,0.790563875214122
921,C:\Users\joshy\OneDrive\Documents\Kravitz Lab\freezeData\\0322\20260319154447-b94.98-f4.png,2026-03-19 15:44:47,4.0,58.581260843382196,7.448384130509018,408.98411229382396,94.788704,0.8412816387965193
922,C:\Users\joshy\OneDrive\Documents\Kravitz Lab\freezeData\\0322\20260319154507-b94.58-f6.png,2026-03-19 15:45:07,6.0,58.87680443838453,7.440554896652718,427.456703854704,94.411168,0.7806770845342659
923,C:\Users\joshy\OneDrive\Documents\Kravitz Lab\freezeData\\0322\20260319154527-b94.58-f8.png,2026-03-19 15:45:27,8.0,59.17538436821189,7.432938227984303,445.26624992049597,94.419372,0.7018949359694426
924,C:\Users\joshy\OneDrive\Documents\Kravitz Lab\freezeData\\0322\20260319154546-b94.05-f10.png,2026-03-19 15:45:46,10.0,59.36601561910369,7.415252278432526,500.03730953240006,93.899156,0.6413881746195143
925,C:\Users\joshy\OneDrive\Documents\Kravitz Lab\freezeData\\0322\20260319154605-b94.07-f0.png,2026-03-19 15:46:05,0.0,57.67054391507942,7.438194555410285,448.52044659902407,93.904164,0.7370047577310085
926,C:\Users\joshy\OneDrive\Documents\Kravitz Lab\freezeData\\0322\20260319154624-b94.48-f2.png,2026-03-19 15:46:24,2.0,58.112969128316415,7.446852250897708,464.11105949694405,94.306188,0.7911876909972992
927,C:\Users\joshy\OneDrive\Documents\Kravitz Lab\freezeData\\0322\20260319154644-b94.56-f4.png,2026-03-19 15:46:44,4.0,58.49705097387991,7.4437405960632415,416.95544779750406,94.373464,0.8440149206866584
928,C:\Users\joshy\OneDrive\Documents\Kravitz Lab\freezeData\\0322\20260319154703-b94.88-f6.png,2026-03-19 15:47:03,6.0,58.84098171058671,7.44714666193311,422.652834691584,94.69312,0.7786014759593247
929,C:\Users\joshy\OneDrive\Documents\Kravitz Lab\freezeData\\0322\20260319154724-b94.52-f8.png,2026-03-19 15:47:24,8.0,59.239740588585164,7.430359601445997,446.84584377521594,94.350444,0.7019801170773824
930,C:\Users\joshy\OneDrive\Documents\Kravitz Lab\freezeData\\0322\20260319154745-b93.99-f10.png,2026-03-19 15:47:45,10.0,59.42630248291072,7.419193342865115,508.518188146544,93.83936,0.6391500004906371
931,C:\Users\joshy\OneDrive\Documents\Kravitz Lab\freezeData\\0322\20260319154804-b94.03-f0.png,2026-03-19 15:48:04,0.0,57.57804153183454,7.436168600073163,441.856230220784,93.855344,0.7373493172507847
932,C:\Users\joshy\OneDrive\Documents\Kravitz Lab\freezeData\\0322\20260319154825-b94.75-f2.png,2026-03-19 15:48:25,2.0,58.04269581828273,7.449138108702732,474.130095520256,94.564048,0.791050693207235
933,C:\Users\joshy\OneDrive\Documents\Kravitz Lab\freezeData\\0322\20260319154844-b94.57-f4.png,2026-03-19 15:48:44,4.0,58.50609050013593,7.445635291243974,418.238430951936,94.383148,0.8439609768326498
934,C:\Users\joshy\OneDrive\Documents\Kravitz Lab\freezeData\\0322\20260319154904-b94.75-f6.png,2026-03-19 15:49:04,6.0,58.97834871652139,7.443531984960387,428.26266252440007,94.57418,0.7804111764066036
935,C:\Users\joshy\OneDrive\Documents\Kravitz Lab\freezeData\\0322\20260319154923-b94.75-f8.png,2026-03-19 15:49:23,8.0,59.17596089223731,7.4318581631554785,451.30304219160007,94.58798,0.7041119177313616
936,C:\Users\joshy\OneDrive\Documents\Kravitz Lab\freezeData\\0322\20260319154943-b93.95-f10.png,2026-03-19 15:49:43,10.0,59.341078700207795,7.418893773289253,514.0814929904001,93.788088,0.6399061803175933
937,C:\Users\joshy\OneDrive\Documents\Kravitz Lab\freezeData\\0322\20260319155002-b93.99-f0.png,2026-03-19 15:50:02,0.0,57.60599914755754,7.435951049086486,449.285714354624,93.82454,0.739057897624596
938,C:\Users\joshy\OneDrive\Documents\Kravitz Lab\freezeData\\0322\20260319155021-b94.84-f2.png,2026-03-19 15:50:21,2.0,58.01298267314047,7.451621786991773,458.2706185431039,94.660852,0.7905360900723276
939,C:\Users\joshy\OneDrive\Documents\Kravitz Lab\freezeData\\0322\20260319155042-b94.71-f4.png,2026-03-19 15:50:42,4.0,58.51124248621476,7.4459455693121415,425.77846473158405,94.523124,0.8441467470408509
940,C:\Users\joshy\OneDrive\Documents\Kravitz Lab\freezeData\\0322\20260319155101-b94.76-f6.png,2026-03-19 15:51:01,6.0,58.845101145414105,7.442383326599775,416.8962438383999,94.576728,0.778857163570728
941,C:\Users\joshy\OneDrive\Documents\Kravitz Lab\freezeData\\0322\20260319155121-b94.62-f8.png,2026-03-19 15:51:21,8.0,59.24987924342125,7.431211628158437,430.80862346097604,94.4442,0.702884519018948
942,C:\Users\joshy\OneDrive\Documents\Kravitz Lab\freezeData\\0322\20260319155141-b93.82-f10.png,2026-03-19 15:51:41,10.0,59.394670410631825,7.417869086231295,498.862516535664,93.659696,0.6386624700283385
943,C:\Users\joshy\OneDrive\Documents\Kravitz Lab\freezeData\\0322\20260319155200-b93.96-f0.png,2026-03-19 15:52:00,0.0,57.569321936879405,7.437862780026535,455.007614297456,93.789544,0.737242010978043
944,C:\Users\joshy\OneDrive\Documents\Kravitz Lab\freezeData\\0322\20260319155219-b94.45-f2.png,2026-03-19 15:52:19,2.0,58.09086257218428,7.4479444987229,462.4985327531361,94.25486,0.791317353272742
945,C:\Users\joshy\OneDrive\Documents\Kravitz Lab\freezeData\\0322\20260319155239-b94.62-f4.png,2026-03-19 15:52:39,4.0,58.493871837687614,7.447346306706627,428.9365380463999,94.430276,0.8425467989437223
946,C:\Users\joshy\OneDrive\Documents\Kravitz Lab\freezeData\\0322\20260319155257-b94.84-f6.png,2026-03-19 15:52:57,6.0,58.89785900937371,7.444824250607882,431.44722414270404,94.657544,0.7799194787487198
947,C:\Users\joshy\OneDrive\Documents\Kravitz Lab\freezeData\\0322\20260319155316-b94.33-f8.png,2026-03-19 15:53:16,8.0,59.080181303171365,7.432190584805782,440.04891505854397,94.14562,0.7060254232070782
948,C:\Users\joshy\OneDrive\Documents\Kravitz Lab\freezeData\\0322\20260319155335-b94.06-f10.png,2026-03-19 15:53:35,10.0,59.38446010486123,7.41941952163498,516.1429248446561,93.908512,0.6408721572339254
949,C:\Users\joshy\OneDrive\Documents\Kravitz Lab\freezeData\\0322\20260319155355-b94.29-f0.png,2026-03-19 15:53:55,0.0,57.60906200887496,7.438665782415401,453.08436004785597,94.11976,0.7376899899586581
950,C:\Users\joshy\OneDrive\Documents\Kravitz Lab\freezeData\\0322\20260319155415-b94.68-f2.png,2026-03-19 15:54:15,2.0,58.13373056969938,7.450502420511111,464.639837384816,94.48636,0.7905640614304709
951,C:\Users\joshy\OneDrive\Documents\Kravitz Lab\freezeData\\0322\20260319155435-b94.74-f4.png,2026-03-19 15:54:35,4.0,58.534261419702425,7.448751344308685,429.92512283121596,94.546044,0.8409767107863241
952,C:\Users\joshy\OneDrive\Documents\Kravitz Lab\freezeData\\0322\20260319155454-b94.58-f6.png,2026-03-19 15:54:54,6.0,58.883163419859294,7.444499365846822,433.45291516,94.392512,0.7812795151890657
953,C:\Users\joshy\OneDrive\Documents\Kravitz Lab\freezeData\\0322\20260319155513-b94.42-f8.png,2026-03-19 15:55:13,8.0,59.16221403213034,7.4337976627521405,444.00693072766404,94.24642,0.7041279021495777
954,C:\Users\joshy\OneDrive\Documents\Kravitz Lab\freezeData\\0322\20260319155533-b94.34-f10.png,2026-03-19 15:55:33,10.0,59.4271484100923,7.420963558168679,520.2204669599839,94.187808,0.6377637679711722
955,C:\Users\joshy\OneDrive\Documents\Kravitz Lab\freezeData\\0322\20260319155552-b94.14-f0.png,2026-03-19 15:55:52,0.0,57.62639154427367,7.43812003212953,459.9074105431041,93.958508,0.7376596978762385
956,C:\Users\joshy\OneDrive\Documents\Kravitz Lab\freezeData\\0322\20260319155611-b94.54-f2.png,2026-03-19 15:56:11,2.0,58.080032310866905,7.450225817867627,455.6708399196,94.341284,0.7899935616233872
957,C:\Users\joshy\OneDrive\Documents\Kravitz Lab\freezeData\\0322\20260319155631-b94.76-f4.png,2026-03-19 15:56:31,4.0,58.534247284471135,7.447191904233748,416.56634646809596,94.570872,0.8434446845047103
958,C:\Users\joshy\OneDrive\Documents\Kravitz Lab\freezeData\\0322\20260319155710-b94.53-f8.png,2026-03-19 15:57:10,8.0,59.188706241493605,7.430663900062176,442.66116964734397,94.353776,0.7042912014708471
959,C:\Users\joshy\OneDrive\Documents\Kravitz Lab\freezeData\\0322\20260319155651-b94.75-f6.png,2026-03-19 15:56:51,6.0,58.84293222990384,7.442192055414221,424.36847540326403,94.579288,0.7808267209777685
960,C:\Users\joshy\OneDrive\Documents\Kravitz Lab\freezeData\\0322\20260319155730-b93.95-f10.png,2026-03-19 15:57:30,10.0,59.34257452501824,7.416470726357613,510.323420535664,93.796784,0.6395959766699474
961,C:\Users\joshy\OneDrive\Documents\Kravitz Lab\freezeData\\0322\20260319155749-b93.98-f0.png,2026-03-19 15:57:49,0.0,57.66226441940331,7.438146225481614,445.75422712473596,93.797896,0.7368431615759491
962,C:\Users\joshy\OneDrive\Documents\Kravitz Lab\freezeData\\0322\20260319155808-b94.46-f2.png,2026-03-19 15:58:08,2.0,58.120256293105804,7.451248197661525,481.350483023984,94.280764,0.7914519677515592
963,C:\Users\joshy\OneDrive\Documents\Kravitz Lab\freezeData\\0322\20260319155828-b94.98-f4.png,2026-03-19 15:58:28,4.0,58.553729888050135,7.44783800102371,430.09083718905583,94.793292,0.8427893945268381
964,C:\Users\joshy\OneDrive\Documents\Kravitz Lab\freezeData\\0322\20260319155847-b94.72-f6.png,2026-03-19 15:58:47,6.0,58.93423070897333,7.440527831826576,429.277262673136,94.544752,0.7828282043382313
965,C:\Users\joshy\OneDrive\Documents\Kravitz Lab\freezeData\\0322\20260319155907-b94.45-f8.png,2026-03-19 15:59:07,8.0,59.147950915842344,7.435525809806322,448.77933264000006,94.283652,0.7035644184476192
966,C:\Users\joshy\OneDrive\Documents\Kravitz Lab\freezeData\\0322\20260319155926-b93.77-f10.png,2026-03-19 15:59:26,10.0,59.37298190218429,7.415858194051109,523.6636843025759,93.622164,0.6396767528333474
967,C:\Users\joshy\OneDrive\Documents\Kravitz Lab\freezeData\\0322\20260319155945-b93.72-f0.png,2026-03-19 15:59:45,0.0,57.58123238390495,7.4381954869526625,457.31664652439997,93.552356,0.737500668071482
968,C:\Users\joshy\OneDrive\Documents\Kravitz Lab\freezeData\\0322\20260319160004-b94.85-f2.png,2026-03-19 16:00:04,2.0,58.11523097927138,7.4530882769940865,471.599295566784,94.673044,0.7908118877920818
969,C:\Users\joshy\OneDrive\Documents\Kravitz Lab\freezeData\\0322\20260319160023-b94.52-f4.png,2026-03-19 16:00:23,4.0,58.38946569615296,7.442310712579267,421.2376400701439,94.343924,0.8448393930754865
970,C:\Users\joshy\OneDrive\Documents\Kravitz Lab\freezeData\\0322\20260319160043-b94.42-f6.png,2026-03-19 16:00:43,6.0,58.76428542410242,7.43469985830201,433.566022673136,94.252568,0.7819167555534081
971,C:\Users\joshy\OneDrive\Documents\Kravitz Lab\freezeData\\0322\20260319160103-b94.38-f8.png,2026-03-19 16:01:03,8.0,59.13994481310918,7.429786198566191,439.7337141916,94.21468,0.7032652295902122
972,C:\Users\joshy\OneDrive\Documents\Kravitz Lab\freezeData\\0322\20260319160121-b94.06-f10.png,2026-03-19 16:01:21,10.0,59.323550518019935,7.418180833230179,486.78205199,93.905544,0.6396503077827489
973,C:\Users\joshy\OneDrive\Documents\Kravitz Lab\freezeData\\0322\20260319160142-b94.16-f0.png,2026-03-19 16:01:42,0.0,57.64154394040895,7.440265827445966,435.615912731584,93.985852,0.7395164013942372
974,C:\Users\joshy\OneDrive\Documents\Kravitz Lab\freezeData\\0322\20260319160221-b94.81-f4.png,2026-03-19 16:02:21,4.0,58.51212704689174,7.448058786771485,410.880911095744,94.63522,0.841542464953238
975,C:\Users\joshy\OneDrive\Documents\Kravitz Lab\freezeData\\0322\20260319160201-b94.73-f2.png,2026-03-19 16:02:01,2.0,58.03124974411287,7.448200618983004,455.07160924000004,94.54442,0.7906292852685953
976,C:\Users\joshy\OneDrive\Documents\Kravitz Lab\freezeData\\0322\20260319160242-b94.68-f6.png,2026-03-19 16:02:42,6.0,58.851069920067076,7.442444676450045,435.54975924760004,94.501124,0.7789768909415268
977,C:\Users\joshy\OneDrive\Documents\Kravitz Lab\freezeData\\0322\20260319160301-b94.49-f8.png,2026-03-19 16:03:01,8.0,59.289926936370705,7.434390257523144,442.84498968382405,94.328268,0.7048085154696002
978,C:\Users\joshy\OneDrive\Documents\Kravitz Lab\freezeData\\0322\20260319160320-b93.75-f10.png,2026-03-19 16:03:20,10.0,59.30246151069495,7.4164792329023115,512.781139060224,93.615112,0.6399415882110067
979,C:\Users\joshy\OneDrive\Documents\Kravitz Lab\freezeData\\0322\20260319160341-b93.66-f0.png,2026-03-19 16:03:41,0.0,57.701183819800434,7.437778537410907,431.394850580416,93.47956,0.7380644517483992
980,C:\Users\joshy\OneDrive\Documents\Kravitz Lab\freezeData\\0322\20260319160400-b94.62-f2.png,2026-03-19 16:04:00,2.0,58.08605745571321,7.44940600029434,468.78560246809593,94.450672,0.7903859691953885
981,C:\Users\joshy\OneDrive\Documents\Kravitz Lab\freezeData\\0322\20260319160419-b94.59-f4.png,2026-03-19 16:04:19,4.0,58.532533317923495,7.446801416069491,415.9196469519361,94.407224,0.8418421943242512
982,C:\Users\joshy\OneDrive\Documents\Kravitz Lab\freezeData\\0322\20260319160438-b94.78-f6.png,2026-03-19 16:04:38,6.0,58.89253726365418,7.442895338790477,436.98359643545604,94.606652,0.7801330330940524
983,C:\Users\joshy\OneDrive\Documents\Kravitz Lab\freezeData\\0322\20260319160458-b94.34-f8.png,2026-03-19 16:04:58,8.0,59.139837148636246,7.429891354406667,454.7718581616,94.177972,0.7047413004202782
984,C:\Users\joshy\OneDrive\Documents\Kravitz Lab\freezeData\\0322\20260319160517-b93.93-f10.png,2026-03-19 16:05:17,10.0,59.26789381066265,7.4171044550701755,504.15692930302407,93.781004,0.636515546196798
985,C:\Users\joshy\OneDrive\Documents\Kravitz Lab\freezeData\\0322\20260319160537-b93.89-f0.png,2026-03-19 16:05:37,0.0,57.55191814463334,7.434573842658012,444.508303177584,93.704132,0.7369754208589652
986,C:\Users\joshy\OneDrive\Documents\Kravitz Lab\freezeData\\0322\20260319160556-b94.58-f2.png,2026-03-19 16:05:56,2.0,58.037816047301575,7.450858354423818,477.7715728817759,94.407672,0.7908288709360054
987,C:\Users\joshy\OneDrive\Documents\Kravitz Lab\freezeData\\0322\20260319160616-b94.48-f4.png,2026-03-19 16:06:16,4.0,58.50348212181001,7.4459459061365205,412.8203158204,94.287916,0.844484202640357
988,C:\Users\joshy\OneDrive\Documents\Kravitz Lab\freezeData\\0322\20260319160637-b94.29-f6.png,2026-03-19 16:06:37,6.0,58.89663445547957,7.441776044429201,427.89796316,94.122204,0.781799726766506
989,C:\Users\joshy\OneDrive\Documents\Kravitz Lab\freezeData\\0322\20260319160656-b94.43-f8.png,2026-03-19 16:06:56,8.0,59.21193348522049,7.431950294236884,458.502361920496,94.267232,0.7049098625136169
990,C:\Users\joshy\OneDrive\Documents\Kravitz Lab\freezeData\\0322\20260319160716-b94.27-f10.png,2026-03-19 16:07:16,10.0,59.42261650653145,7.422316421039121,489.9468200683359,94.108736,0.638932136764715
991,C:\Users\joshy\OneDrive\Documents\Kravitz Lab\freezeData\\0322\20260319160736-b94.21-f0.png,2026-03-19 16:07:36,0.0,57.646910888907136,7.437874491497666,450.610095690224,94.04392,0.7383451528867107
992,C:\Users\joshy\OneDrive\Documents\Kravitz Lab\freezeData\\0322\20260319160755-b94.66-f2.png,2026-03-19 16:07:55,2.0,58.01003057877146,7.449909811296733,470.942648293824,94.4765,0.7908578272409381
993,C:\Users\joshy\OneDrive\Documents\Kravitz Lab\freezeData\\0322\20260319160815-b94.87-f4.png,2026-03-19 16:08:15,4.0,58.51511978778053,7.445041776026292,416.58342683121606,94.690736,0.8434428781055373
994,C:\Users\joshy\OneDrive\Documents\Kravitz Lab\freezeData\\0322\20260319160836-b94.74-f6.png,2026-03-19 16:08:36,6.0,58.82623801309834,7.440580506340651,442.45563662334405,94.580952,0.7789112121149231
995,C:\Users\joshy\OneDrive\Documents\Kravitz Lab\freezeData\\0322\20260319160855-b94.55-f8.png,2026-03-19 16:08:55,8.0,59.147108603147935,7.4327405999771194,458.542249988464,94.392632,0.7042741500606562
996,C:\Users\joshy\OneDrive\Documents\Kravitz Lab\freezeData\\0322\20260319160914-b93.83-f10.png,2026-03-19 16:09:14,10.0,59.26139195213342,7.417626430812818,502.83035887678403,93.675704,0.640338757207388
997,C:\Users\joshy\OneDrive\Documents\Kravitz Lab\freezeData\\0322\20260319160935-b94.31-f0.png,2026-03-19 16:09:35,0.0,57.64714354984344,7.438953980670047,453.88498182974394,94.138912,0.7390372799998761
998,C:\Users\joshy\OneDrive\Documents\Kravitz Lab\freezeData\\0322\20260319160953-b94.64-f2.png,2026-03-19 16:09:53,2.0,58.09039178628769,7.448785315376825,472.00022451430397,94.44966,0.7914863728814218
999,C:\Users\joshy\OneDrive\Documents\Kravitz Lab\freezeData\\0322\20260319161013-b94.84-f4.png,2026-03-19 16:10:13,4.0,58.461824749724535,7.448180123891652,399.530928731584,94.649636,0.8423009105063531
1000,C:\Users\joshy\OneDrive\Documents\Kravitz Lab\freezeData\\0322\20260319161033-b94.57-f6.png,2026-03-19 16:10:33,6.0,58.872964675726124,7.438339887866839,418.80431871,94.397052,0.7836956300910942
1001,C:\Users\joshy\OneDrive\Documents\Kravitz Lab\freezeData\\0322\20260319161052-b94.10-f8.png,2026-03-19 16:10:52,8.0,59.13183313347273,7.427609212125609,443.130925060096,93.943944,0.7056622771138837
1002,C:\Users\joshy\OneDrive\Documents\Kravitz Lab\freezeData\\0322\20260319161112-b93.85-f10.png,2026-03-19 16:11:12,10.0,59.34254929374625,7.416694074683063,472.173027675376,93.681536,0.641243080230276
1003,C:\Users\joshy\OneDrive\Documents\Kravitz Lab\freezeData\\0322\20260319161131-b94.12-f0.png,2026-03-19 16:11:31,0.0,57.54285517116772,7.435313229055181,416.92127431654404,93.937496,0.7366426582022207
1004,C:\Users\joshy\OneDrive\Documents\Kravitz Lab\freezeData\\0322\20260319161150-b94.35-f2.png,2026-03-19 16:11:50,2.0,58.00091402719443,7.446444125913612,451.179453709936,94.1551,0.7907131394529158
1005,C:\Users\joshy\OneDrive\Documents\Kravitz Lab\freezeData\\0322\20260319161209-b94.53-f4.png,2026-03-19 16:12:09,4.0,58.47373825357582,7.443307705495393,415.40376526078404,94.337548,0.8440470011077253
1006,C:\Users\joshy\OneDrive\Documents\Kravitz Lab\freezeData\\0322\20260319161229-b94.57-f6.png,2026-03-19 16:12:29,6.0,58.76029822686526,7.440309446463021,427.891980495616,94.392184,0.7791848296932169
1007,C:\Users\joshy\OneDrive\Documents\Kravitz Lab\freezeData\\0322\20260319161248-b94.50-f8.png,2026-03-19 16:12:48,8.0,59.13786776541745,7.433098484910033,450.90154878999994,94.3296,0.7013587058067534
1008,C:\Users\joshy\OneDrive\Documents\Kravitz Lab\freezeData\\0322\20260319161308-b93.93-f10.png,2026-03-19 16:13:08,10.0,59.35702196026806,7.421567893859636,502.69397411225594,93.780984,0.638932836774488
1009,C:\Users\joshy\OneDrive\Documents\Kravitz Lab\freezeData\\0322\20260319161327-b94.09-f0.png,2026-03-19 16:13:27,0.0,57.57011762356217,7.436950035169761,429.14730986942396,93.900096,0.7374183030601563
1010,C:\Users\joshy\OneDrive\Documents\Kravitz Lab\freezeData\\0322\20260319161346-b94.56-f2.png,2026-03-19 16:13:46,2.0,58.02786013624435,7.445275919034091,453.50025616000005,94.374908,0.791956584293643
1011,C:\Users\joshy\OneDrive\Documents\Kravitz Lab\freezeData\\0322\20260319161406-b94.69-f4.png,2026-03-19 16:14:06,4.0,58.46050207591228,7.4434410476332,415.832100753136,94.498984,0.8429909895440519
1012,C:\Users\joshy\OneDrive\Documents\Kravitz Lab\freezeData\\0322\20260319161426-b94.66-f6.png,2026-03-19 16:14:26,6.0,58.82687970639803,7.440581246626714,426.32052520441596,94.476676,0.7807768681699481
1013,C:\Users\joshy\OneDrive\Documents\Kravitz Lab\freezeData\\0322\20260319161446-b94.55-f8.png,2026-03-19 16:14:46,8.0,59.21803278575201,7.432487777296251,448.3928031899999,94.37184,0.7039568971528363
1014,C:\Users\joshy\OneDrive\Documents\Kravitz Lab\freezeData\\0322\20260319161505-b94.03-f10.png,2026-03-19 16:15:05,10.0,59.353199783750966,7.418218207630347,510.071609646016,93.882512,0.6399600832018741
1015,C:\Users\joshy\OneDrive\Documents\Kravitz Lab\freezeData\\0322\20260319161546-b94.54-f2.png,2026-03-19 16:15:46,2.0,58.09364257093886,7.447478667684645,459.005443368896,94.3522,0.7910428197922469
1016,C:\Users\joshy\OneDrive\Documents\Kravitz Lab\freezeData\\0322\20260319161525-b93.84-f0.png,2026-03-19 16:15:25,0.0,57.4937445918806,7.432037691618799,443.1569828924,93.65994,0.736422816571175
1017,C:\Users\joshy\OneDrive\Documents\Kravitz Lab\freezeData\\0322\20260319161605-b94.95-f4.png,2026-03-19 16:16:05,4.0,58.47062053549478,7.449262425604084,414.004623,94.771776,0.8420060381205111
1018,C:\Users\joshy\OneDrive\Documents\Kravitz Lab\freezeData\\0322\20260319161625-b94.69-f6.png,2026-03-19 16:16:25,6.0,58.77083514650769,7.4407655763857194,429.6376174872959,94.508496,0.7793956556024291
1019,C:\Users\joshy\OneDrive\Documents\Kravitz Lab\freezeData\\0322\20260319161646-b94.49-f8.png,2026-03-19 16:16:46,8.0,59.12906445859748,7.4290813851507895,445.0782008856159,94.312532,0.7055252367866742
1020,C:\Users\joshy\OneDrive\Documents\Kravitz Lab\freezeData\\0322\20260319161705-b94.04-f10.png,2026-03-19 16:17:05,10.0,59.305268357878624,7.418765191185865,503.982982112256,93.881,0.6373764374868507
1021,C:\Users\joshy\OneDrive\Documents\Kravitz Lab\freezeData\\0322\20260319161724-b94.06-f0.png,2026-03-19 16:17:24,0.0,57.57576258033639,7.437471161316074,425.98877607960003,93.880856,0.7371579165088447
1022,C:\Users\joshy\OneDrive\Documents\Kravitz Lab\freezeData\\0322\20260319161744-b94.83-f2.png,2026-03-19 16:17:44,2.0,58.032464417329855,7.451913952932764,450.66125414360005,94.633812,0.7909288644676047
1023,C:\Users\joshy\OneDrive\Documents\Kravitz Lab\freezeData\\0322\20260319161804-b94.62-f4.png,2026-03-19 16:18:04,4.0,58.49035865192143,7.445075097924471,411.095187023984,94.43764,0.8430738678307307
1024,C:\Users\joshy\OneDrive\Documents\Kravitz Lab\freezeData\\0322\20260319161824-b94.63-f6.png,2026-03-19 16:18:24,6.0,58.8736893302006,7.442114097611968,424.32629604785603,94.462468,0.7813664727856696
1025,C:\Users\joshy\OneDrive\Documents\Kravitz Lab\freezeData\\0322\20260319161844-b94.49-f8.png,2026-03-19 16:18:44,8.0,59.098470946525715,7.429440761703145,441.39627288561593,94.326784,0.704365137793738
1026,C:\Users\joshy\OneDrive\Documents\Kravitz Lab\freezeData\\0322\20260319161904-b94.07-f10.png,2026-03-19 16:19:04,10.0,59.337142242358254,7.419236306116433,496.074936107456,93.927512,0.6391341341208093
1027,C:\Users\joshy\OneDrive\Documents\Kravitz Lab\freezeData\\0322\20260319161923-b94.38-f0.png,2026-03-19 16:19:23,0.0,57.55560447605776,7.439953294585137,435.59698759,94.20366,0.7394191065505376
1028,C:\Users\joshy\OneDrive\Documents\Kravitz Lab\freezeData\\0322\20260319161944-b94.38-f2.png,2026-03-19 16:19:44,2.0,58.06370430500569,7.440867089527993,457.12544637361594,94.191192,0.7904273834185489
1029,C:\Users\joshy\OneDrive\Documents\Kravitz Lab\freezeData\\0322\20260319162003-b94.52-f4.png,2026-03-19 16:20:03,4.0,58.456138756087675,7.4455021051235715,423.30991947359996,94.347968,0.8441734594452817
1030,C:\Users\joshy\OneDrive\Documents\Kravitz Lab\freezeData\\0322\20260319162022-b94.78-f6.png,2026-03-19 16:20:22,6.0,58.96609713511194,7.444783903672595,431.151251299776,94.610112,0.7807303016055048
1031,C:\Users\joshy\OneDrive\Documents\Kravitz Lab\freezeData\\0322\20260319162042-b94.45-f8.png,2026-03-19 16:20:42,8.0,59.09285908563789,7.430880718191059,446.802454893504,94.289788,0.705687261955977
1032,C:\Users\joshy\OneDrive\Documents\Kravitz Lab\freezeData\\0322\20260319162101-b94.12-f10.png,2026-03-19 16:21:01,10.0,59.39894937454756,7.418910158887984,481.567444224624,93.966456,0.6409036469604533
1033,C:\Users\joshy\OneDrive\Documents\Kravitz Lab\freezeData\\0322\20260319162121-b94.02-f0.png,2026-03-19 16:21:21,0.0,57.516331303498,7.435375384266324,432.170628344256,93.839484,0.7378978413387653
1034,C:\Users\joshy\OneDrive\Documents\Kravitz Lab\freezeData\\0322\20260319162140-b94.64-f2.png,2026-03-19 16:21:40,2.0,57.99668342770452,7.450018779244509,454.62946009542395,94.449568,0.7912667043669183
1035,C:\Users\joshy\OneDrive\Documents\Kravitz Lab\freezeData\\0322\20260319162159-b94.78-f4.png,2026-03-19 16:21:59,4.0,58.517340952630306,7.445113006356621,415.293417156544,94.600796,0.8444956461743894
1036,C:\Users\joshy\OneDrive\Documents\Kravitz Lab\freezeData\\0322\20260319162218-b94.80-f6.png,2026-03-19 16:22:18,6.0,58.896741206745766,7.443615796421397,421.1113533642239,94.623204,0.7813650027324772
1037,C:\Users\joshy\OneDrive\Documents\Kravitz Lab\freezeData\\0322\20260319162239-b94.32-f8.png,2026-03-19 16:22:39,8.0,59.24075818812247,7.433886700699928,467.2142890076159,94.15658,0.7031320095092781
1038,C:\Users\joshy\OneDrive\Documents\Kravitz Lab\freezeData\\0322\20260319162258-b93.99-f10.png,2026-03-19 16:22:58,10.0,59.39770913763069,7.4182765601493275,520.9431307996,93.843868,0.639613915327431
1039,C:\Users\joshy\OneDrive\Documents\Kravitz Lab\freezeData\\0322\20260319162318-b93.98-f0.png,2026-03-19 16:23:18,0.0,57.63032620157078,7.439243712129564,436.8435018297441,93.812112,0.7384987850352385
1040,C:\Users\joshy\OneDrive\Documents\Kravitz Lab\freezeData\\0322\20260319162338-b94.64-f2.png,2026-03-19 16:23:38,2.0,58.05790104507741,7.4441821014326734,469.21534083902395,94.4532,0.7911919506140297
1041,C:\Users\joshy\OneDrive\Documents\Kravitz Lab\freezeData\\0322\20260319162359-b94.88-f4.png,2026-03-19 16:23:59,4.0,58.41064832969263,7.443549455947916,426.65540462334405,94.700324,0.8426768668244132
1042,C:\Users\joshy\OneDrive\Documents\Kravitz Lab\freezeData\\0322\20260319162418-b94.59-f6.png,2026-03-19 16:24:18,6.0,58.80193218607579,7.441177391269055,420.238488803056,94.408988,0.7826867493303855
1043,C:\Users\joshy\OneDrive\Documents\Kravitz Lab\freezeData\\0322\20260319162438-b94.59-f8.png,2026-03-19 16:24:38,8.0,59.18555837834551,7.429433553520181,455.6720459544959,94.427616,0.7043873994322688
1044,C:\Users\joshy\OneDrive\Documents\Kravitz Lab\freezeData\\0322\20260319162458-b94.19-f10.png,2026-03-19 16:24:58,10.0,59.346369320908046,7.4184514371670325,511.94730764185596,94.047628,0.638981734277717
1045,C:\Users\joshy\OneDrive\Documents\Kravitz Lab\freezeData\\0322\20260319162517-b93.85-f0.png,2026-03-19 16:25:17,0.0,57.47808574202923,7.432280830976957,429.864449729984,93.672544,0.7361329208054009
1046,C:\Users\joshy\OneDrive\Documents\Kravitz Lab\freezeData\\0322\20260319162538-b94.50-f2.png,2026-03-19 16:25:38,2.0,58.02827828088936,7.447623640848966,472.19657456177606,94.315892,0.7908898509074158
1047,C:\Users\joshy\OneDrive\Documents\Kravitz Lab\freezeData\\0322\20260319162558-b94.62-f4.png,2026-03-19 16:25:58,4.0,58.413492422158775,7.446441634327804,428.6587361151361,94.45592,0.8444113231541428
1048,C:\Users\joshy\OneDrive\Documents\Kravitz Lab\freezeData\\0322\20260319162617-b94.72-f6.png,2026-03-19 16:26:17,6.0,58.84118253306118,7.441264457087617,416.009282505664,94.540176,0.779016817169474
1049,C:\Users\joshy\OneDrive\Documents\Kravitz Lab\freezeData\\0322\20260319162637-b94.79-f8.png,2026-03-19 16:26:37,8.0,59.17502146320847,7.433444461284754,438.07614719000014,94.608604,0.70589695094292
1050,C:\Users\joshy\OneDrive\Documents\Kravitz Lab\freezeData\\0322\20260319162657-b94.09-f10.png,2026-03-19 16:26:57,10.0,59.38107939588178,7.41780946025151,498.680493539264,93.936772,0.6414395391641681
1051,C:\Users\joshy\OneDrive\Documents\Kravitz Lab\freezeData\\0322\20260319162716-b93.92-f0.png,2026-03-19 16:27:16,0.0,57.4585242773121,7.435453004395579,432.16139223640005,93.734256,0.7375129034259535
1052,C:\Users\joshy\OneDrive\Documents\Kravitz Lab\freezeData\\0322\20260319162735-b94.82-f2.png,2026-03-19 16:27:35,2.0,58.03108031972646,7.449315030300718,465.137354874304,94.633884,0.7901150495418937
1053,C:\Users\joshy\OneDrive\Documents\Kravitz Lab\freezeData\\0322\20260319162755-b94.99-f4.png,2026-03-19 16:27:55,4.0,58.41804934043395,7.448288167204921,420.79594402502397,94.801568,0.8411917543500325
1054,C:\Users\joshy\OneDrive\Documents\Kravitz Lab\freezeData\\0322\20260319162814-b94.86-f6.png,2026-03-19 16:28:14,6.0,58.81438362359956,7.442940128869078,419.06525824,94.686008,0.7805205684455769
1055,C:\Users\joshy\OneDrive\Documents\Kravitz Lab\freezeData\\0322\20260319162833-b94.65-f8.png,2026-03-19 16:28:33,8.0,59.22081400373744,7.43145962987486,449.992607418816,94.484356,0.7072323106010303
1056,C:\Users\joshy\OneDrive\Documents\Kravitz Lab\freezeData\\0322\20260319162853-b93.80-f10.png,2026-03-19 16:28:53,10.0,59.31428864630903,7.420452579263747,521.626963754224,93.653344,0.6394068374887533
1057,C:\Users\joshy\OneDrive\Documents\Kravitz Lab\freezeData\\0322\20260319162912-b93.96-f0.png,2026-03-19 16:29:12,0.0,57.58735967467083,7.439023889672951,439.983004126976,93.767936,0.736102112662996
1058,C:\Users\joshy\OneDrive\Documents\Kravitz Lab\freezeData\\0322\20260319162932-b94.77-f2.png,2026-03-19 16:29:32,2.0,58.027655753461,7.447827657700866,471.2540343925761,94.588768,0.7914746375853908
1059,C:\Users\joshy\OneDrive\Documents\Kravitz Lab\freezeData\\0322\20260319162953-b94.70-f4.png,2026-03-19 16:29:53,4.0,58.364268545466615,7.445157117217591,427.350519190976,94.520716,0.8436450070544432
1060,C:\Users\joshy\OneDrive\Documents\Kravitz Lab\freezeData\\0322\20260319163012-b94.37-f6.png,2026-03-19 16:30:12,6.0,58.719661297434065,7.436980752000228,416.8347881584,94.197568,0.7846712281268804
1061,C:\Users\joshy\OneDrive\Documents\Kravitz Lab\freezeData\\0322\20260319163032-b94.48-f8.png,2026-03-19 16:30:32,8.0,59.15696090014618,7.434048580139993,454.28529805630404,94.316476,0.7058523641604383
1062,C:\Users\joshy\OneDrive\Documents\Kravitz Lab\freezeData\\0322\20260319163052-b94.22-f10.png,2026-03-19 16:30:52,10.0,59.33481394977542,7.423421624397243,519.336334919936,94.084744,0.6379311596060577
1063,C:\Users\joshy\OneDrive\Documents\Kravitz Lab\freezeData\\0322\20260319163111-b93.88-f0.png,2026-03-19 16:31:11,0.0,57.57436675101738,7.438057674597436,418.05020160921595,93.684188,0.7361657881889216
1064,C:\Users\joshy\OneDrive\Documents\Kravitz Lab\freezeData\\0322\20260319163130-b94.73-f2.png,2026-03-19 16:31:30,2.0,57.94867789132808,7.447633493407235,459.7583032126561,94.543848,0.7895477416389309
1065,C:\Users\joshy\OneDrive\Documents\Kravitz Lab\freezeData\\0322\20260319163149-b94.81-f4.png,2026-03-19 16:31:49,4.0,58.46645333306148,7.448454169922735,411.88281260262397,94.617212,0.8428880970865048
1066,C:\Users\joshy\OneDrive\Documents\Kravitz Lab\freezeData\\0322\20260319163208-b94.58-f6.png,2026-03-19 16:32:08,6.0,58.768303572841845,7.4423983492424926,436.3258005404,94.408048,0.7821141395281925
1067,C:\Users\joshy\OneDrive\Documents\Kravitz Lab\freezeData\\0322\20260319163227-b94.15-f8.png,2026-03-19 16:32:27,8.0,59.07237072574839,7.429256469977735,442.95839678999994,93.982088,0.7053828957484587
1068,C:\Users\joshy\OneDrive\Documents\Kravitz Lab\freezeData\\0322\20260319163247-b94.10-f10.png,2026-03-19 16:32:47,10.0,59.343349562487624,7.41591859419117,488.48781307505595,93.94362,0.6433208818592189
1069,C:\Users\joshy\OneDrive\Documents\Kravitz Lab\freezeData\\0322\20260319163307-b94.08-f0.png,2026-03-19 16:33:07,0.0,57.59822991576307,7.438286722030233,433.618528328944,93.898164,0.7389557205136309
1070,C:\Users\joshy\OneDrive\Documents\Kravitz Lab\freezeData\\0322\20260319163326-b94.65-f2.png,2026-03-19 16:33:26,2.0,58.077843462464614,7.444470634334536,460.44439859902405,94.473116,0.7917126383493951
1071,C:\Users\joshy\OneDrive\Documents\Kravitz Lab\freezeData\\0322\20260319163345-b94.63-f4.png,2026-03-19 16:33:45,4.0,58.48883973394925,7.447233159454187,422.682755450224,94.43958,0.8446846172020024
1072,C:\Users\joshy\OneDrive\Documents\Kravitz Lab\freezeData\\0322\20260319163405-b94.64-f6.png,2026-03-19 16:34:05,6.0,58.73349013836436,7.441979717868087,435.68317671665596,94.464784,0.7803429596356308
1073,C:\Users\joshy\OneDrive\Documents\Kravitz Lab\freezeData\\0322\20260319163424-b94.48-f8.png,2026-03-19 16:34:24,8.0,59.14160721397429,7.43134708396303,441.32303795449604,94.308772,0.7061216609172769
1074,C:\Users\joshy\OneDrive\Documents\Kravitz Lab\freezeData\\0322\20260319163444-b94.29-f10.png,2026-03-19 16:34:44,10.0,59.34528073389506,7.4203991111043,497.30039971481597,94.127572,0.6394607763225308
1075,C:\Users\joshy\OneDrive\Documents\Kravitz Lab\freezeData\\0322\20260319163503-b94.29-f0.png,2026-03-19 16:35:03,0.0,57.56456280865567,7.439927390307155,449.197714505664,94.127156,0.7381592823758139
1076,C:\Users\joshy\OneDrive\Documents\Kravitz Lab\freezeData\\0322\20260319163523-b94.43-f2.png,2026-03-19 16:35:23,2.0,58.030507919193674,7.446134463541611,468.7897112476,94.23398,0.789904702352101
1077,C:\Users\joshy\OneDrive\Documents\Kravitz Lab\freezeData\\0322\20260319163542-b94.58-f4.png,2026-03-19 16:35:42,4.0,58.45282877637811,7.446751525043912,422.45814191302395,94.385632,0.8439437046090014
1078,C:\Users\joshy\OneDrive\Documents\Kravitz Lab\freezeData\\0322\20260319163602-b94.79-f6.png,2026-03-19 16:36:02,6.0,58.8642620602832,7.443869277064323,433.15180678334394,94.623952,0.7815927580088469
1079,C:\Users\joshy\OneDrive\Documents\Kravitz Lab\freezeData\\0322\20260319163621-b94.26-f8.png,2026-03-19 16:36:21,8.0,59.055612136921795,7.426357837538225,442.45119653937604,94.089884,0.7052617796681621
1080,C:\Users\joshy\OneDrive\Documents\Kravitz Lab\freezeData\\0322\20260319163640-b93.91-f10.png,2026-03-19 16:36:40,10.0,59.24097373838901,7.41469842507448,511.858216419264,93.758748,0.6413230824081348
1081,C:\Users\joshy\OneDrive\Documents\Kravitz Lab\freezeData\\0322\20260319163701-b94.07-f0.png,2026-03-19 16:37:01,0.0,57.536823535229544,7.436649713525518,432.67422747161595,93.893316,0.735572656419399
1082,C:\Users\joshy\OneDrive\Documents\Kravitz Lab\freezeData\\0322\20260319163721-b94.67-f2.png,2026-03-19 16:37:21,2.0,57.99048957399052,7.44952502920798,439.4044358384,94.473336,0.7917987239486648
1083,C:\Users\joshy\OneDrive\Documents\Kravitz Lab\freezeData\\0322\20260319163740-b94.95-f4.png,2026-03-19 16:37:40,4.0,58.50234304212521,7.450868526080282,413.58125968254393,94.754752,0.8419833635578792
1084,C:\Users\joshy\OneDrive\Documents\Kravitz Lab\freezeData\\0322\20260319163759-b94.79-f6.png,2026-03-19 16:37:59,6.0,58.784891611634364,7.439383985915486,427.5526506915839,94.61422,0.7822756243290343
1085,C:\Users\joshy\OneDrive\Documents\Kravitz Lab\freezeData\\0322\20260319163819-b94.49-f8.png,2026-03-19 16:38:19,8.0,59.128461281187555,7.433281339380754,448.221590760896,94.324152,0.7028489680440679
1086,C:\Users\joshy\OneDrive\Documents\Kravitz Lab\freezeData\\0322\20260319163838-b94.00-f10.png,2026-03-19 16:38:38,10.0,59.30778519574455,7.418010596469023,509.022751169904,93.859632,0.6421483094652324
1087,C:\Users\joshy\OneDrive\Documents\Kravitz Lab\freezeData\\0322\20260319163857-b94.05-f0.png,2026-03-19 16:38:57,0.0,57.508988528302254,7.439225159142218,447.22281869158394,93.87246,0.7372707029125654
1088,C:\Users\joshy\OneDrive\Documents\Kravitz Lab\freezeData\\0322\20260319163917-b94.66-f2.png,2026-03-19 16:39:17,2.0,58.07677485451216,7.446085385070815,445.433168945664,94.473952,0.7900598601218869
1089,C:\Users\joshy\OneDrive\Documents\Kravitz Lab\freezeData\\0322\20260319163935-b94.96-f4.png,2026-03-19 16:39:35,4.0,58.475425699757466,7.446951228098258,427.52368148729596,94.781988,0.8415034378910348
1090,C:\Users\joshy\OneDrive\Documents\Kravitz Lab\freezeData\\0322\20260319163954-b94.50-f6.png,2026-03-19 16:39:54,6.0,58.87896990250764,7.439183271810894,430.67911991959994,94.33486,0.7844902272043681
1091,C:\Users\joshy\OneDrive\Documents\Kravitz Lab\freezeData\\0322\20260319164014-b94.45-f8.png,2026-03-19 16:40:14,8.0,59.14638409261131,7.43098454179582,435.48708320640003,94.280964,0.7049931204669594
1092,C:\Users\joshy\OneDrive\Documents\Kravitz Lab\freezeData\\0322\20260319164033-b94.03-f10.png,2026-03-19 16:40:33,10.0,59.2987384082817,7.421938361550902,524.1580185580639,93.882224,0.6360433352717424
1093,C:\Users\joshy\OneDrive\Documents\Kravitz Lab\freezeData\\0322\20260319164054-b93.91-f0.png,2026-03-19 16:40:54,0.0,57.61083517930967,7.437180338951161,443.110240645056,93.737196,0.7377706413483509
1094,C:\Users\joshy\OneDrive\Documents\Kravitz Lab\freezeData\\0322\20260319164113-b94.56-f2.png,2026-03-19 16:41:13,2.0,58.113296695736544,7.451404767595075,434.365961528064,94.358964,0.791549965618739
1095,C:\Users\joshy\OneDrive\Documents\Kravitz Lab\freezeData\\0322\20260319164133-b94.63-f4.png,2026-03-19 16:41:33,4.0,58.44006080312114,7.444269730803194,409.630350903744,94.433748,0.8428183545928226
1096,C:\Users\joshy\OneDrive\Documents\Kravitz Lab\freezeData\\0322\20260319164153-b94.69-f6.png,2026-03-19 16:41:53,6.0,58.83348386108564,7.445495244626859,418.936499299776,94.500876,0.7812484285222657
1097,C:\Users\joshy\OneDrive\Documents\Kravitz Lab\freezeData\\0322\20260319164212-b94.45-f8.png,2026-03-19 16:42:12,8.0,59.05093674079611,7.432444262062703,435.07164682726403,94.271864,0.7039370608421955
1098,C:\Users\joshy\OneDrive\Documents\Kravitz Lab\freezeData\\0322\20260319164231-b94.07-f10.png,2026-03-19 16:42:31,10.0,59.387912321155184,7.415051998025757,496.54692530430407,93.926528,0.6396600161771174
1099,C:\Users\joshy\OneDrive\Documents\Kravitz Lab\freezeData\\0322\20260319164251-b94.11-f0.png,2026-03-19 16:42:51,0.0,57.55372032063874,7.4395522699858,437.180099573184,93.921736,0.7364083054951721
1100,C:\Users\joshy\OneDrive\Documents\Kravitz Lab\freezeData\\0322\20260319164309-b94.15-f2.png,2026-03-19 16:43:09,2.0,57.93768378870581,7.446399042510276,469.8269945431039,93.966456,0.7908980470253073
1101,C:\Users\joshy\OneDrive\Documents\Kravitz Lab\freezeData\\0322\20260319164328-b94.78-f4.png,2026-03-19 16:43:28,4.0,58.56291048108521,7.444861633019358,422.28429565945595,94.59062,0.8407677896357498
1102,C:\Users\joshy\OneDrive\Documents\Kravitz Lab\freezeData\\0322\20260319164349-b94.45-f6.png,2026-03-19 16:43:49,6.0,58.79374842019856,7.4407096037191085,432.38625674558403,94.26532,0.7814570800134298
1103,C:\Users\joshy\OneDrive\Documents\Kravitz Lab\freezeData\\0322\20260319164408-b94.27-f8.png,2026-03-19 16:44:08,8.0,59.23780871963864,7.430598947993315,454.77037052760005,94.116748,0.7039007221591413
1104,C:\Users\joshy\OneDrive\Documents\Kravitz Lab\freezeData\\0322\20260319164427-b93.62-f10.png,2026-03-19 16:44:27,10.0,59.16660104972886,7.4107624806151415,505.269862274816,93.458332,0.6397611562995803
1105,C:\Users\joshy\OneDrive\Documents\Kravitz Lab\freezeData\\0322\20260319164448-b93.84-f0.png,2026-03-19 16:44:48,0.0,57.603776280840336,7.437171751116802,445.5054102015359,93.654836,0.7374656474942494
1106,C:\Users\joshy\OneDrive\Documents\Kravitz Lab\freezeData\\0322\20260319164507-b94.47-f2.png,2026-03-19 16:45:07,2.0,58.08623238186137,7.44534161178831,457.7031406233439,94.29202,0.7900507269427155
1107,C:\Users\joshy\OneDrive\Documents\Kravitz Lab\freezeData\\0322\20260319164526-b94.67-f4.png,2026-03-19 16:45:26,4.0,58.41422856535089,7.446365243986492,422.824427403376,94.492712,0.8429892624362723
1108,C:\Users\joshy\OneDrive\Documents\Kravitz Lab\freezeData\\0322\20260319164545-b94.81-f6.png,2026-03-19 16:45:45,6.0,58.79662334510035,7.44392655161117,436.26788434425606,94.63012,0.7792272302636117
1109,C:\Users\joshy\OneDrive\Documents\Kravitz Lab\freezeData\\0322\20260319164604-b94.54-f8.png,2026-03-19 16:46:04,8.0,59.1071075487767,7.433238123444143,440.25342885062395,94.369688,0.7060804468090277
1110,C:\Users\joshy\OneDrive\Documents\Kravitz Lab\freezeData\\0322\20260319164625-b94.51-f10.png,2026-03-19 16:46:25,10.0,59.44717694892164,7.422790529795238,507.8814100715359,94.35994,0.638818676711414
1111,C:\Users\joshy\OneDrive\Documents\Kravitz Lab\freezeData\\0322\20260319164644-b93.99-f0.png,2026-03-19 16:46:44,0.0,57.55647010607875,7.436459051539034,438.70260208537604,93.808008,0.739477038478057
1112,C:\Users\joshy\OneDrive\Documents\Kravitz Lab\freezeData\\0322\20260319164703-b94.66-f2.png,2026-03-19 16:47:03,2.0,58.04886056749627,7.450766609885897,454.9229448176,94.475124,0.7901439437559868
1113,C:\Users\joshy\OneDrive\Documents\Kravitz Lab\freezeData\\0322\20260319164724-b94.70-f4.png,2026-03-19 16:47:24,4.0,58.32576844842478,7.442983937585459,407.39687604759996,94.510144,0.84250612856595
1114,C:\Users\joshy\OneDrive\Documents\Kravitz Lab\freezeData\\0322\20260319164744-b94.65-f6.png,2026-03-19 16:47:44,6.0,58.86741205088452,7.443073429411842,416.8108304868959,94.457876,0.7812602730760326
1115,C:\Users\joshy\OneDrive\Documents\Kravitz Lab\freezeData\\0322\20260319164803-b94.30-f8.png,2026-03-19 16:48:03,8.0,59.179116159161964,7.432417068074575,453.81710758129594,94.133696,0.7053162158106486
1116,C:\Users\joshy\OneDrive\Documents\Kravitz Lab\freezeData\\0322\20260319164824-b93.96-f10.png,2026-03-19 16:48:24,10.0,59.35732860040438,7.415815402382493,509.12800818560004,93.816704,0.6404871461192982
1117,C:\Users\joshy\OneDrive\Documents\Kravitz Lab\freezeData\\0322\20260319164844-b94.12-f0.png,2026-03-19 16:48:44,0.0,57.59049390404066,7.436045849024116,442.0839979876959,93.943716,0.737851968962505
1118,C:\Users\joshy\OneDrive\Documents\Kravitz Lab\freezeData\\0322\20260319164903-b94.62-f2.png,2026-03-19 16:49:03,2.0,58.10529748433187,7.4459042661078065,461.333334026864,94.448036,0.7902557233900754
1119,C:\Users\joshy\OneDrive\Documents\Kravitz Lab\freezeData\\0322\20260319164922-b94.68-f4.png,2026-03-19 16:49:22,4.0,58.552840281676374,7.444248609424082,422.672641609216,94.497364,0.8437993828595388
1120,C:\Users\joshy\OneDrive\Documents\Kravitz Lab\freezeData\\0322\20260319164942-b94.67-f6.png,2026-03-19 16:49:42,6.0,58.90428399563631,7.4414125987428,429.2842429823999,94.503868,0.7824412642614212
1121,C:\Users\joshy\OneDrive\Documents\Kravitz Lab\freezeData\\0322\20260319165002-b94.57-f8.png,2026-03-19 16:50:02,8.0,59.046727153234016,7.43125233095449,467.1058307795039,94.410756,0.7024143715907435
1122,C:\Users\joshy\OneDrive\Documents\Kravitz Lab\freezeData\\0322\20260319165021-b94.12-f10.png,2026-03-19 16:50:21,10.0,59.37448461914784,7.421420859191731,497.701371279216,93.957524,0.6392243361951454
1123,C:\Users\joshy\OneDrive\Documents\Kravitz Lab\freezeData\\0322\20260319165041-b94.17-f0.png,2026-03-19 16:50:41,0.0,57.61319953947443,7.4374896940297806,436.03071056177595,93.994448,0.7361521869570796
1124,C:\Users\joshy\OneDrive\Documents\Kravitz Lab\freezeData\\0322\20260319165101-b94.65-f2.png,2026-03-19 16:51:01,2.0,58.04064183699088,7.448797771860991,448.84116554840006,94.462488,0.7895342646887041
1125,C:\Users\joshy\OneDrive\Documents\Kravitz Lab\freezeData\\0322\20260319165122-b94.85-f4.png,2026-03-19 16:51:22,4.0,58.49391070324842,7.448617844606514,415.57649499999997,94.65898,0.8414493567485104
1126,C:\Users\joshy\OneDrive\Documents\Kravitz Lab\freezeData\\0322\20260319165142-b94.49-f6.png,2026-03-19 16:51:42,6.0,58.73168573627002,7.439561861565327,422.69058825190405,94.302996,0.7835067608688002
1127,C:\Users\joshy\OneDrive\Documents\Kravitz Lab\freezeData\\0322\20260319165202-b94.80-f8.png,2026-03-19 16:52:02,8.0,59.2285707549282,7.435470829321355,463.26407452760014,94.644908,0.7013281862712871
1128,C:\Users\joshy\OneDrive\Documents\Kravitz Lab\freezeData\\0322\20260319165221-b93.99-f10.png,2026-03-19 16:52:21,10.0,59.31283892193311,7.421265326927557,505.54393087985596,93.842396,0.639500825586892
1129,C:\Users\joshy\OneDrive\Documents\Kravitz Lab\freezeData\\0322\20260319165242-b94.13-f0.png,2026-03-19 16:52:42,0.0,57.57936954948722,7.439015119759262,450.61107649239995,93.953672,0.7363442215306303
1130,C:\Users\joshy\OneDrive\Documents\Kravitz Lab\freezeData\\0322\20260319165302-b94.21-f2.png,2026-03-19 16:53:02,2.0,57.97935735870124,7.444819510579854,465.21807446809595,94.034004,0.7918766174946441
1131,C:\Users\joshy\OneDrive\Documents\Kravitz Lab\freezeData\\0322\20260319165322-b94.59-f4.png,2026-03-19 16:53:22,4.0,58.458086455439165,7.447051831252788,425.35241633817594,94.41822,0.8423519858196284
1132,C:\Users\joshy\OneDrive\Documents\Kravitz Lab\freezeData\\0322\20260319165342-b94.57-f6.png,2026-03-19 16:53:42,6.0,58.737613976098686,7.440812798309314,431.66601604785603,94.401896,0.7838902669070583
1133,C:\Users\joshy\OneDrive\Documents\Kravitz Lab\freezeData\\0322\20260319165403-b94.22-f8.png,2026-03-19 16:54:03,8.0,59.074332346287385,7.430368289175791,452.354741651056,94.054128,0.7066146712143734
1134,C:\Users\joshy\OneDrive\Documents\Kravitz Lab\freezeData\\0322\20260319165423-b94.05-f10.png,2026-03-19 16:54:23,10.0,59.24508928394738,7.41607501089477,511.359257872384,93.896348,0.6400187242587967
1135,C:\Users\joshy\OneDrive\Documents\Kravitz Lab\freezeData\\0322\20260319165443-b93.80-f0.png,2026-03-19 16:54:43,0.0,57.54276664525264,7.434314417148339,445.0665901822561,93.6309,0.7372128872137075
1136,C:\Users\joshy\OneDrive\Documents\Kravitz Lab\freezeData\\0322\20260319165503-b94.71-f2.png,2026-03-19 16:55:03,2.0,58.06965770977831,7.446551094416079,463.48866486041607,94.531072,0.7915558102309831
1137,C:\Users\joshy\OneDrive\Documents\Kravitz Lab\freezeData\\0322\20260319165522-b94.95-f4.png,2026-03-19 16:55:22,4.0,58.409478775658464,7.444006345953149,426.589507774576,94.766648,0.8422148599614012
1138,C:\Users\joshy\OneDrive\Documents\Kravitz Lab\freezeData\\0322\20260319165542-b94.71-f6.png,2026-03-19 16:55:42,6.0,58.728756408564415,7.439101293401278,435.339668126976,94.535252,0.7819661997957399
1139,C:\Users\joshy\OneDrive\Documents\Kravitz Lab\freezeData\\0322\20260319165603-b94.48-f8.png,2026-03-19 16:56:03,8.0,59.09298078271916,7.430625685630946,452.931127821936,94.317928,0.7069301100627878
1140,C:\Users\joshy\OneDrive\Documents\Kravitz Lab\freezeData\\0322\20260319165623-b94.27-f10.png,2026-03-19 16:56:23,10.0,59.34560285213333,7.416488831829865,510.2574847676,94.120192,0.641818778292743
1141,C:\Users\joshy\OneDrive\Documents\Kravitz Lab\freezeData\\0322\20260319165642-b93.95-f0.png,2026-03-19 16:56:42,0.0,57.54666514482785,7.436576554137454,443.047696338176,93.776584,0.7373098077367852
1142,C:\Users\joshy\OneDrive\Documents\Kravitz Lab\freezeData\\0322\20260319165704-b94.68-f2.png,2026-03-19 16:57:04,2.0,57.97636214858272,7.446784050822429,453.46515124760003,94.500128,0.7900702127973015
1143,C:\Users\joshy\OneDrive\Documents\Kravitz Lab\freezeData\\0322\20260319165722-b94.85-f4.png,2026-03-19 16:57:22,4.0,58.45804199451856,7.4467237608590375,417.5096920926559,94.663848,0.84379607191109
1144,C:\Users\joshy\OneDrive\Documents\Kravitz Lab\freezeData\\0322\20260319165741-b94.60-f6.png,2026-03-19 16:57:41,6.0,58.820184651134305,7.44261426558652,413.19881562353595,94.409592,0.7835215045348298
1145,C:\Users\joshy\OneDrive\Documents\Kravitz Lab\freezeData\\0322\20260319165801-b94.90-f8.png,2026-03-19 16:58:01,8.0,59.23911277933268,7.436954289435662,447.662083646064,94.736248,0.7036097738124992
1146,C:\Users\joshy\OneDrive\Documents\Kravitz Lab\freezeData\\0322\20260319165820-b94.02-f10.png,2026-03-19 16:58:20,10.0,59.30905476970086,7.41589295709107,513.56620151,93.870068,0.6411527844318078
1147,C:\Users\joshy\OneDrive\Documents\Kravitz Lab\freezeData\\0322\20260319165839-b94.17-f0.png,2026-03-19 16:58:39,0.0,57.547399437289464,7.438159487378058,455.01511202502394,93.998584,0.7362122005381798
1148,C:\Users\joshy\OneDrive\Documents\Kravitz Lab\freezeData\\0322\20260319165858-b94.48-f2.png,2026-03-19 16:58:58,2.0,58.04706878134592,7.44820616964158,477.35365796806394,94.291736,0.7907563681515026
1149,C:\Users\joshy\OneDrive\Documents\Kravitz Lab\freezeData\\0322\20260319165918-b94.80-f4.png,2026-03-19 16:59:18,4.0,58.43498789842455,7.446082278918294,419.9264510718559,94.609824,0.8438387167189249
1150,C:\Users\joshy\OneDrive\Documents\Kravitz Lab\freezeData\\0322\20260319165938-b94.89-f6.png,2026-03-19 16:59:38,6.0,58.755158283052424,7.441780556483374,440.434146505664,94.714884,0.7815026338728908
1151,C:\Users\joshy\OneDrive\Documents\Kravitz Lab\freezeData\\0322\20260319165958-b94.53-f8.png,2026-03-19 16:59:58,8.0,59.146923757700335,7.431321835886373,462.433242042304,94.375028,0.7043963870089173
1152,C:\Users\joshy\OneDrive\Documents\Kravitz Lab\freezeData\\0322\20260319170017-b94.06-f10.png,2026-03-19 17:00:17,10.0,59.34760673251638,7.417422739726864,484.83055907993605,93.898476,0.640638065527402
1153,C:\Users\joshy\OneDrive\Documents\Kravitz Lab\freezeData\\0322\20260319170037-b93.72-f0.png,2026-03-19 17:00:37,0.0,57.4958307881584,7.435944475472917,429.621729689856,93.550616,0.7362052017683972
1154,C:\Users\joshy\OneDrive\Documents\Kravitz Lab\freezeData\\0322\20260319170056-b94.56-f2.png,2026-03-19 17:00:56,2.0,58.04346500572081,7.45092417901028,457.1631183356001,94.389392,0.7915299798469296
1155,C:\Users\joshy\OneDrive\Documents\Kravitz Lab\freezeData\\0322\20260319170115-b94.90-f4.png,2026-03-19 17:01:15,4.0,58.41571316233043,7.449257250475729,391.441343095744,94.701156,0.8418794952882372
1156,C:\Users\joshy\OneDrive\Documents\Kravitz Lab\freezeData\\0322\20260319170134-b94.80-f6.png,2026-03-19 17:01:34,6.0,58.80075328965084,7.442590268196434,405.928264629104,94.608796,0.7817015826823092
1157,C:\Users\joshy\OneDrive\Documents\Kravitz Lab\freezeData\\0322\20260319170153-b94.51-f8.png,2026-03-19 17:01:53,8.0,59.1149046692857,7.431667267331975,442.255986259056,94.340708,0.7034354629601532
1158,C:\Users\joshy\OneDrive\Documents\Kravitz Lab\freezeData\\0322\20260319170212-b94.04-f10.png,2026-03-19 17:02:12,10.0,59.349480678152524,7.417785662535944,486.25252606014396,93.89156,0.6394625285728981
1159,C:\Users\joshy\OneDrive\Documents\Kravitz Lab\freezeData\\0322\20260319170232-b93.99-f0.png,2026-03-19 17:02:32,0.0,57.54218219135955,7.434909646891026,436.842631095744,93.809872,0.7387805094051235
1160,C:\Users\joshy\OneDrive\Documents\Kravitz Lab\freezeData\\0322\20260319170252-b94.70-f2.png,2026-03-19 17:02:52,2.0,58.111611545458146,7.448603722834547,453.972137364224,94.517076,0.7900779552860606
1161,C:\Users\joshy\OneDrive\Documents\Kravitz Lab\freezeData\\0322\20260319170311-b94.66-f4.png,2026-03-19 17:03:11,4.0,58.39889253231448,7.446058796876328,389.323962927856,94.463572,0.8426952818670926
1162,C:\Users\joshy\OneDrive\Documents\Kravitz Lab\freezeData\\0322\20260319170330-b94.70-f6.png,2026-03-19 17:03:30,6.0,58.79259592714375,7.445033859626854,428.0905461629441,94.52926,0.7799263707593506
1163,C:\Users\joshy\OneDrive\Documents\Kravitz Lab\freezeData\\0322\20260319170350-b94.21-f8.png,2026-03-19 17:03:50,8.0,59.0946427608156,7.427793038422485,444.38775685233605,94.044328,0.7046611068713821
1164,C:\Users\joshy\OneDrive\Documents\Kravitz Lab\freezeData\\0322\20260319170410-b93.86-f10.png,2026-03-19 17:04:10,10.0,59.3674288478656,7.418951689717197,482.77492526841604,93.705796,0.6410622012808718
1165,C:\Users\joshy\OneDrive\Documents\Kravitz Lab\freezeData\\0322\20260319170429-b94.01-f0.png,2026-03-19 17:04:29,0.0,57.59553561553187,7.44056254768253,439.4506091565439,93.8354,0.7354995511465738
1166,C:\Users\joshy\OneDrive\Documents\Kravitz Lab\freezeData\\0322\20260319170449-b94.14-f2.png,2026-03-19 17:04:49,2.0,57.92235476102138,7.4437518562236615,454.43498600729595,93.950372,0.7909157113128599
1167,C:\Users\joshy\OneDrive\Documents\Kravitz Lab\freezeData\\0322\20260319170508-b94.77-f4.png,2026-03-19 17:05:08,4.0,58.3986598519766,7.443665440614458,419.38728492441606,94.582556,0.844029366151062
1168,C:\Users\joshy\OneDrive\Documents\Kravitz Lab\freezeData\\0322\20260319170527-b94.77-f6.png,2026-03-19 17:05:27,6.0,58.72678017301477,7.443600602261108,412.9214640478559,94.59348,0.7816427229183947
1169,C:\Users\joshy\OneDrive\Documents\Kravitz Lab\freezeData\\0322\20260319170547-b94.70-f8.png,2026-03-19 17:05:47,8.0,59.23755850428341,7.435903533024009,431.785463483904,94.52754,0.7051211618483625
1170,C:\Users\joshy\OneDrive\Documents\Kravitz Lab\freezeData\\0322\20260319170624-b94.06-f0.png,2026-03-19 17:06:24,0.0,57.55129392166247,7.436263393398806,432.29848911462403,93.887804,0.7379280074242945
1171,C:\Users\joshy\OneDrive\Documents\Kravitz Lab\freezeData\\0322\20260319170606-b93.84-f10.png,2026-03-19 17:06:06,10.0,59.353811617937254,7.418636595375121,501.7173272428639,93.697804,0.641125961485725
1172,C:\Users\joshy\OneDrive\Documents\Kravitz Lab\freezeData\\0322\20260319170644-b94.59-f2.png,2026-03-19 17:06:44,2.0,58.035237274455945,7.447990694064995,454.1415294872961,94.40324,0.7900470622750073
1173,C:\Users\joshy\OneDrive\Documents\Kravitz Lab\freezeData\\0322\20260319170703-b94.55-f4.png,2026-03-19 17:07:03,4.0,58.367407427403045,7.44299441305282,405.43404709574395,94.363244,0.8436243498840774
1174,C:\Users\joshy\OneDrive\Documents\Kravitz Lab\freezeData\\0322\20260319170722-b94.51-f6.png,2026-03-19 17:07:22,6.0,58.72866017350984,7.439953071224166,412.47099643545596,94.33338,0.7815530306794302
1175,C:\Users\joshy\OneDrive\Documents\Kravitz Lab\freezeData\\0322\20260319170742-b94.60-f8.png,2026-03-19 17:07:42,8.0,59.17361159241589,7.435017361124268,430.9506006751841,94.421852,0.7057936384770812
1176,C:\Users\joshy\OneDrive\Documents\Kravitz Lab\freezeData\\0322\20260319170802-b94.03-f10.png,2026-03-19 17:08:02,10.0,59.32647626964204,7.417748960862166,508.94084091838397,93.89326,0.6398074757338608
1177,C:\Users\joshy\OneDrive\Documents\Kravitz Lab\freezeData\\0322\20260319170821-b94.26-f0.png,2026-03-19 17:08:21,0.0,57.61683098790408,7.440054607708399,432.216016047856,94.092536,0.7368348028133576
1178,C:\Users\joshy\OneDrive\Documents\Kravitz Lab\freezeData\\0322\20260319170858-b94.67-f4.png,2026-03-19 17:08:58,4.0,58.36642329112162,7.442307564989042,419.88348345022405,94.479796,0.8444889953526
1179,C:\Users\joshy\OneDrive\Documents\Kravitz Lab\freezeData\\0322\20260319170840-b94.52-f2.png,2026-03-19 17:08:40,2.0,58.102757970254736,7.449838238947367,456.98214917745594,94.3445,0.7914761213850571
1180,C:\Users\joshy\OneDrive\Documents\Kravitz Lab\freezeData\\0322\20260319170917-b94.90-f6.png,2026-03-19 17:09:17,6.0,58.90037920618318,7.44412599100791,410.72051844926386,94.713732,0.7790806432591165
1181,C:\Users\joshy\OneDrive\Documents\Kravitz Lab\freezeData\\0322\20260319170937-b94.53-f8.png,2026-03-19 17:09:37,8.0,59.12309149959613,7.431683442017652,432.25996390385603,94.356628,0.7064351670120618
1182,C:\Users\joshy\OneDrive\Documents\Kravitz Lab\freezeData\\0322\20260319170956-b94.04-f10.png,2026-03-19 17:09:56,10.0,59.36303069020975,7.419488772709694,509.78414534239994,93.892096,0.639963075542175
1183,C:\Users\joshy\OneDrive\Documents\Kravitz Lab\freezeData\\0322\20260319171036-b94.40-f2.png,2026-03-19 17:10:36,2.0,57.9548098119159,7.4480644829209615,453.288075606784,94.211716,0.7898936044009954
1184,C:\Users\joshy\OneDrive\Documents\Kravitz Lab\freezeData\\0322\20260319171015-b94.13-f0.png,2026-03-19 17:10:15,0.0,57.54965661745912,7.435564745341667,416.7288037399041,93.949888,0.7362920477172165
1185,C:\Users\joshy\OneDrive\Documents\Kravitz Lab\freezeData\\0322\20260319171054-b94.59-f4.png,2026-03-19 17:10:54,4.0,58.373532645554356,7.444287003302893,400.46155303039995,94.40972,0.8431252554928159
1186,C:\Users\joshy\OneDrive\Documents\Kravitz Lab\freezeData\\0322\20260319171113-b94.48-f6.png,2026-03-19 17:11:13,6.0,58.768099380824765,7.441144113608445,387.50996769022385,94.275752,0.7838790326709727
1187,C:\Users\joshy\OneDrive\Documents\Kravitz Lab\freezeData\\0322\20260319171133-b94.58-f8.png,2026-03-19 17:11:33,8.0,59.14838110164963,7.435723673178258,422.81339323377597,94.399496,0.7030085920826955
1188,C:\Users\joshy\OneDrive\Documents\Kravitz Lab\freezeData\\0322\20260319171151-b94.22-f10.png,2026-03-19 17:11:51,10.0,59.41291357332263,7.419527435980255,456.96462379359997,94.053336,0.64222244020933
1189,C:\Users\joshy\OneDrive\Documents\Kravitz Lab\freezeData\\0322\20260319171213-b94.03-f0.png,2026-03-19 17:12:13,0.0,57.421805540301705,7.437887387892959,417.224989789936,93.830576,0.7381073583497973
1190,C:\Users\joshy\OneDrive\Documents\Kravitz Lab\freezeData\\0322\20260319171233-b94.73-f2.png,2026-03-19 17:12:33,2.0,58.04626360348704,7.451423666206205,448.03746507257597,94.526864,0.7903677554744298
1191,C:\Users\joshy\OneDrive\Documents\Kravitz Lab\freezeData\\0322\20260319171251-b94.54-f4.png,2026-03-19 17:12:51,4.0,58.308053257792785,7.441116549142467,390.64693597977595,94.34192,0.8428737652798136
1192,C:\Users\joshy\OneDrive\Documents\Kravitz Lab\freezeData\\0322\20260319171311-b94.59-f6.png,2026-03-19 17:13:11,6.0,58.73289807551893,7.439731227275265,389.9468763136,94.387948,0.7827253677526583
1193,C:\Users\joshy\OneDrive\Documents\Kravitz Lab\freezeData\\0322\20260319171332-b94.49-f8.png,2026-03-19 17:13:32,8.0,59.168886343825136,7.431928477059012,427.572493613056,94.307748,0.7077441589144556
1194,C:\Users\joshy\OneDrive\Documents\Kravitz Lab\freezeData\\0322\20260319171351-b94.18-f10.png,2026-03-19 17:13:51,10.0,59.34221953710529,7.421846711041844,484.759662517696,94.0221,0.6379175758729795
1195,C:\Users\joshy\OneDrive\Documents\Kravitz Lab\freezeData\\0322\20260319171411-b94.00-f0.png,2026-03-19 17:14:11,0.0,57.45152436143361,7.438244869216118,407.3891022207841,93.79926,0.7375043605479171
1196,C:\Users\joshy\OneDrive\Documents\Kravitz Lab\freezeData\\0322\20260319171431-b94.60-f2.png,2026-03-19 17:14:31,2.0,57.94305070512722,7.448146977789956,439.02354300030396,94.392916,0.7893526081880754
1197,C:\Users\joshy\OneDrive\Documents\Kravitz Lab\freezeData\\0322\20260319171450-b94.74-f4.png,2026-03-19 17:14:50,4.0,58.357696097750676,7.442385434440003,402.43545039,94.543476,0.8440192291983156
1198,C:\Users\joshy\OneDrive\Documents\Kravitz Lab\freezeData\\0322\20260319171511-b94.52-f6.png,2026-03-19 17:15:11,6.0,58.73666780392786,7.439738078287763,394.2805566144,94.327468,0.782221560307885
1199,C:\Users\joshy\OneDrive\Documents\Kravitz Lab\freezeData\\0322\20260319171530-b94.45-f8.png,2026-03-19 17:15:30,8.0,59.03011770552642,7.428555099912013,436.78490871033597,94.271764,0.7056765180406885
1200,C:\Users\joshy\OneDrive\Documents\Kravitz Lab\freezeData\\0322\20260319171550-b94.08-f10.png,2026-03-19 17:15:50,10.0,59.23648950117149,7.421871442497878,502.807628613104,93.92576,0.6386695223449642
1201,C:\Users\joshy\OneDrive\Documents\Kravitz Lab\freezeData\\0322\20260319171609-b93.85-f0.png,2026-03-19 17:16:09,0.0,57.52477130441584,7.435704921955085,428.2764798872159,93.679216,0.7371363370130537
1202,C:\Users\joshy\OneDrive\Documents\Kravitz Lab\freezeData\\0322\20260319171630-b94.48-f2.png,2026-03-19 17:16:30,2.0,58.06732737447054,7.449602650541694,444.1970587283841,94.291492,0.7894468677951036
1203,C:\Users\joshy\OneDrive\Documents\Kravitz Lab\freezeData\\0322\20260319171649-b94.64-f4.png,2026-03-19 17:16:49,4.0,58.35255279949613,7.443920361389075,404.2775074033759,94.441504,0.8416977552756422
1204,C:\Users\joshy\OneDrive\Documents\Kravitz Lab\freezeData\\0322\20260319171728-b94.47-f8.png,2026-03-19 17:17:28,8.0,59.14611991577145,7.4339774731989055,432.696348602224,94.291072,0.7030819692155413
1205,C:\Users\joshy\OneDrive\Documents\Kravitz Lab\freezeData\\0322\20260319171709-b94.80-f6.png,2026-03-19 17:17:09,6.0,58.82151710596033,7.442368306955195,405.645629425904,94.617904,0.7832434478567434
1206,C:\Users\joshy\OneDrive\Documents\Kravitz Lab\freezeData\\0322\20260319171747-b93.64-f10.png,2026-03-19 17:17:47,10.0,59.07819460458499,7.413408848863649,462.49064442822396,93.464528,0.6426634114250257
1207,C:\Users\joshy\OneDrive\Documents\Kravitz Lab\freezeData\\0322\20260319171807-b94.20-f0.png,2026-03-19 17:18:07,0.0,57.49965786961644,7.437718846550413,419.1799799116641,94.027584,0.7378706926405961
1208,C:\Users\joshy\OneDrive\Documents\Kravitz Lab\freezeData\\0322\20260319171826-b94.80-f2.png,2026-03-19 17:18:26,2.0,58.118500151055656,7.447170045502124,448.292978201536,94.609088,0.7902596905539522
1209,C:\Users\joshy\OneDrive\Documents\Kravitz Lab\freezeData\\0322\20260319171845-b94.55-f4.png,2026-03-19 17:18:45,4.0,58.486911634748374,7.446242604697387,404.5535456898559,94.364444,0.8450122566919677
1210,C:\Users\joshy\OneDrive\Documents\Kravitz Lab\freezeData\\0322\20260319171904-b94.57-f6.png,2026-03-19 17:19:04,6.0,58.79853000319732,7.441128722978434,408.973959282416,94.389848,0.7856646250073368
1211,C:\Users\joshy\OneDrive\Documents\Kravitz Lab\freezeData\\0322\20260319171924-b94.59-f8.png,2026-03-19 17:19:24,8.0,59.0845845826975,7.433485344744027,442.229913922496,94.402508,0.7023668519233882
1212,C:\Users\joshy\OneDrive\Documents\Kravitz Lab\freezeData\\0322\20260319172003-b94.03-f0.png,2026-03-19 17:20:03,0.0,57.5903544090211,7.438301969804999,438.25107683902394,93.866812,0.7378615034301498
1213,C:\Users\joshy\OneDrive\Documents\Kravitz Lab\freezeData\\0322\20260319171943-b93.77-f10.png,2026-03-19 17:19:43,10.0,59.244736284159316,7.418714799531066,497.213179517296,93.616304,0.6392190781392049
1214,C:\Users\joshy\OneDrive\Documents\Kravitz Lab\freezeData\\0322\20260319172024-b94.55-f2.png,2026-03-19 17:20:24,2.0,57.9675159401876,7.443903470305082,454.5546835056,94.365064,0.7893161300793651
1215,C:\Users\joshy\OneDrive\Documents\Kravitz Lab\freezeData\\0322\20260319172102-b94.80-f6.png,2026-03-19 17:21:02,6.0,58.77033680823359,7.441159792128068,408.6235522052961,94.628528,0.78209338206628
1216,C:\Users\joshy\OneDrive\Documents\Kravitz Lab\freezeData\\0322\20260319172043-b94.58-f4.png,2026-03-19 17:20:43,4.0,58.448332008241266,7.44531150868792,408.64880042649605,94.39388,0.8447312097150613
1217,C:\Users\joshy\OneDrive\Documents\Kravitz Lab\freezeData\\0322\20260319172122-b94.40-f8.png,2026-03-19 17:21:22,8.0,59.09677660122603,7.4327635070133775,437.30996038169593,94.225972,0.7040005583089036
1218,C:\Users\joshy\OneDrive\Documents\Kravitz Lab\freezeData\\0322\20260319172143-b93.97-f10.png,2026-03-19 17:21:43,10.0,59.15600860871112,7.417606712680523,490.927172793344,93.806564,0.6390244332222424
1219,C:\Users\joshy\OneDrive\Documents\Kravitz Lab\freezeData\\0322\20260319172202-b93.73-f0.png,2026-03-19 17:22:02,0.0,57.46950771316783,7.432076873904955,437.915782065904,93.543488,0.7373306509739029
1220,C:\Users\joshy\OneDrive\Documents\Kravitz Lab\freezeData\\0322\20260319172223-b95.05-f2.png,2026-03-19 17:22:23,2.0,58.074987027167694,7.448079631304823,450.17199829745596,94.852048,0.7910297006196071
1221,C:\Users\joshy\OneDrive\Documents\Kravitz Lab\freezeData\\0322\20260319172242-b94.67-f4.png,2026-03-19 17:22:42,4.0,58.457009246734614,7.446570574189937,412.1963240475999,94.474428,0.8441630098810026
1222,C:\Users\joshy\OneDrive\Documents\Kravitz Lab\freezeData\\0322\20260319172301-b94.76-f6.png,2026-03-19 17:23:01,6.0,58.87387409786707,7.43991845726326,412.69182767359996,94.582636,0.7813576200585619
1223,C:\Users\joshy\OneDrive\Documents\Kravitz Lab\freezeData\\0322\20260319172322-b94.45-f8.png,2026-03-19 17:23:22,8.0,59.018274055620296,7.431889304833843,438.844177578736,94.270236,0.7048416320789912
1224,C:\Users\joshy\OneDrive\Documents\Kravitz Lab\freezeData\\0322\20260319172341-b94.35-f10.png,2026-03-19 17:23:41,10.0,59.2179346271116,7.419612907354697,487.27061261310394,94.191944,0.6398078766722811
1225,C:\Users\joshy\OneDrive\Documents\Kravitz Lab\freezeData\\0322\20260319172359-b94.05-f0.png,2026-03-19 17:23:59,0.0,57.516278526821395,7.435767365432597,447.385953322944,93.874348,0.7358946055260741
1226,C:\Users\joshy\OneDrive\Documents\Kravitz Lab\freezeData\\0322\20260319172419-b94.44-f2.png,2026-03-19 17:24:19,2.0,58.0037082148064,7.4433257878781145,438.384945689856,94.23854,0.7911429314969018
1227,C:\Users\joshy\OneDrive\Documents\Kravitz Lab\freezeData\\0322\20260319172439-b94.81-f4.png,2026-03-19 17:24:39,4.0,58.39767602832962,7.44107089344406,415.729359843264,94.617484,0.8424365045309736
1228,C:\Users\joshy\OneDrive\Documents\Kravitz Lab\freezeData\\0322\20260319172458-b94.68-f6.png,2026-03-19 17:24:58,6.0,58.75719290179558,7.440356288272993,427.99790006374405,94.509072,0.7814073316313371
1229,C:\Users\joshy\OneDrive\Documents\Kravitz Lab\freezeData\\0322\20260319172517-b94.71-f8.png,2026-03-19 17:25:17,8.0,59.05081944480622,7.43523294489363,419.84014425497605,94.522336,0.7042160220102427
1230,C:\Users\joshy\OneDrive\Documents\Kravitz Lab\freezeData\\0322\20260319172536-b94.14-f10.png,2026-03-19 17:25:36,10.0,59.28407830056377,7.420500029195992,519.3887632064,93.993068,0.6380377816281745
1231,C:\Users\joshy\OneDrive\Documents\Kravitz Lab\freezeData\\0322\20260319172556-b94.20-f0.png,2026-03-19 17:25:56,0.0,57.5553418951869,7.435112780816965,437.917074580416,94.027988,0.7380860112127257
1232,C:\Users\joshy\OneDrive\Documents\Kravitz Lab\freezeData\\0322\20260319172615-b94.55-f2.png,2026-03-19 17:26:15,2.0,57.94592249166817,7.441483401934624,447.9229062015361,94.365172,0.7897630301240509
1233,C:\Users\joshy\OneDrive\Documents\Kravitz Lab\freezeData\\0322\20260319172635-b94.99-f4.png,2026-03-19 17:26:35,4.0,58.45994835773511,7.451238725167377,417.07200471,94.796712,0.8430328239792519
1234,C:\Users\joshy\OneDrive\Documents\Kravitz Lab\freezeData\\0322\20260319172654-b94.60-f6.png,2026-03-19 17:26:54,6.0,58.78617860088883,7.44165574170164,423.13522760678393,94.41138,0.7830803115964723
1235,C:\Users\joshy\OneDrive\Documents\Kravitz Lab\freezeData\\0322\20260319172715-b94.47-f8.png,2026-03-19 17:27:15,8.0,59.14590882553132,7.436045522881421,430.92761413182393,94.275044,0.7047299702030705
1236,C:\Users\joshy\OneDrive\Documents\Kravitz Lab\freezeData\\0322\20260319172734-b94.29-f10.png,2026-03-19 17:27:34,10.0,59.27130701368074,7.421295865525428,498.11155447040005,94.1317,0.6375041639619069
1237,C:\Users\joshy\OneDrive\Documents\Kravitz Lab\freezeData\\0322\20260319172753-b94.16-f0.png,2026-03-19 17:27:53,0.0,57.57311772443122,7.4381100725141005,428.08634544640006,93.973028,0.7369279712825876
1238,C:\Users\joshy\OneDrive\Documents\Kravitz Lab\freezeData\\0322\20260319172813-b94.81-f2.png,2026-03-19 17:28:13,2.0,57.9486982201645,7.450620972112462,446.163041072576,94.621452,0.7904793551719974
1239,C:\Users\joshy\OneDrive\Documents\Kravitz Lab\freezeData\\0322\20260319172833-b94.88-f4.png,2026-03-19 17:28:33,4.0,58.44902725533571,7.447649465292219,414.5480548069759,94.688968,0.8422425725021462
1240,C:\Users\joshy\OneDrive\Documents\Kravitz Lab\freezeData\\0322\20260319172851-b94.55-f6.png,2026-03-19 17:28:51,6.0,58.77328037001358,7.437536231392106,416.32200671000004,94.383576,0.7826910827696079
1241,C:\Users\joshy\OneDrive\Documents\Kravitz Lab\freezeData\\0322\20260319172909-b94.58-f8.png,2026-03-19 17:29:09,8.0,59.151358774765065,7.428457236896307,446.005875451376,94.419532,0.7059272395678441
1242,C:\Users\joshy\OneDrive\Documents\Kravitz Lab\freezeData\\0322\20260319172929-b94.04-f10.png,2026-03-19 17:29:29,10.0,59.44023869201052,7.416197913240734,509.63281195238403,93.884604,0.6404704304390837
1243,C:\Users\joshy\OneDrive\Documents\Kravitz Lab\freezeData\\0322\20260319172948-b94.18-f0.png,2026-03-19 17:29:48,0.0,57.514586351432484,7.435139062917321,441.86781119,94.008296,0.7367828965615448
1244,C:\Users\joshy\OneDrive\Documents\Kravitz Lab\freezeData\\0322\20260319173007-b94.37-f2.png,2026-03-19 17:30:07,2.0,57.98676494265787,7.445402472927849,440.145651706816,94.185212,0.7915910509051008
1245,C:\Users\joshy\OneDrive\Documents\Kravitz Lab\freezeData\\0322\20260319173026-b94.85-f4.png,2026-03-19 17:30:26,4.0,58.57967730488805,7.444757619567792,412.99904921534403,94.662428,0.8440077203747923
1246,C:\Users\joshy\OneDrive\Documents\Kravitz Lab\freezeData\\0322\20260319173045-b94.88-f6.png,2026-03-19 17:30:45,6.0,58.74679214260414,7.44575436954512,423.581194838016,94.700392,0.7807460219627652
1247,C:\Users\joshy\OneDrive\Documents\Kravitz Lab\freezeData\\0322\20260319173104-b94.42-f8.png,2026-03-19 17:31:04,8.0,59.06101430791978,7.432294928011662,429.6492146944001,94.237236,0.7037758468085403
1248,C:\Users\joshy\OneDrive\Documents\Kravitz Lab\freezeData\\0322\20260319173123-b94.07-f10.png,2026-03-19 17:31:23,10.0,59.252706147635955,7.41391685058674,500.3011687516,93.914852,0.6398211901272406
1249,C:\Users\joshy\OneDrive\Documents\Kravitz Lab\freezeData\\0322\20260319173142-b94.08-f0.png,2026-03-19 17:31:42,0.0,57.58171014660471,7.438000853765285,421.46377437361605,93.87882,0.7399860082904463
1250,C:\Users\joshy\OneDrive\Documents\Kravitz Lab\freezeData\\0322\20260319173201-b94.73-f2.png,2026-03-19 17:32:01,2.0,58.03807869564478,7.451126559130033,442.0415263736159,94.544512,0.7913571228541649
1251,C:\Users\joshy\OneDrive\Documents\Kravitz Lab\freezeData\\0322\20260319173220-b94.70-f4.png,2026-03-19 17:32:20,4.0,58.27211773854113,7.441896900010478,411.564434439536,94.51784,0.8447847529950754
1252,C:\Users\joshy\OneDrive\Documents\Kravitz Lab\freezeData\\0322\20260319173240-b94.72-f6.png,2026-03-19 17:32:40,6.0,58.79099819772942,7.441524655491343,417.780088142704,94.555524,0.7840307012836618
1253,C:\Users\joshy\OneDrive\Documents\Kravitz Lab\freezeData\\0322\20260319173259-b94.34-f8.png,2026-03-19 17:32:59,8.0,59.135225175924916,7.430909356807062,440.558945715824,94.159284,0.7079016536442744
1254,C:\Users\joshy\OneDrive\Documents\Kravitz Lab\freezeData\\0322\20260319173318-b93.84-f10.png,2026-03-19 17:33:18,10.0,59.207359412824886,7.416099836890064,485.068096341504,93.679976,0.6409911905637182
1255,C:\Users\joshy\OneDrive\Documents\Kravitz Lab\freezeData\\0322\20260319173340-b93.73-f0.png,2026-03-19 17:33:40,0.0,57.518829596401766,7.431337400597346,434.560410874304,93.547936,0.7381516591507146
1256,C:\Users\joshy\OneDrive\Documents\Kravitz Lab\freezeData\\0322\20260319173359-b94.38-f2.png,2026-03-19 17:33:59,2.0,57.93515242660387,7.444985343387837,458.5452117068159,94.197224,0.7906339954235636
1257,C:\Users\joshy\OneDrive\Documents\Kravitz Lab\freezeData\\0322\20260319173419-b95.17-f4.png,2026-03-19 17:34:19,4.0,58.5002768629443,7.453359628518412,402.478685302256,94.970692,0.8420973600859846
1258,C:\Users\joshy\OneDrive\Documents\Kravitz Lab\freezeData\\0322\20260319173439-b94.60-f6.png,2026-03-19 17:34:39,6.0,58.689975726393484,7.435634008281043,428.7223600478559,94.424812,0.7830521821113977
1259,C:\Users\joshy\OneDrive\Documents\Kravitz Lab\freezeData\\0322\20260319173458-b94.29-f8.png,2026-03-19 17:34:58,8.0,59.08893545674229,7.431980420011644,438.093053129664,94.118788,0.7076276673713303
1260,C:\Users\joshy\OneDrive\Documents\Kravitz Lab\freezeData\\0322\20260319173517-b94.14-f10.png,2026-03-19 17:35:17,10.0,59.2083245776504,7.41828341708176,482.440221456496,93.96774,0.64213138059518
1261,C:\Users\joshy\OneDrive\Documents\Kravitz Lab\freezeData\\0322\20260319173536-b94.02-f0.png,2026-03-19 17:35:36,0.0,57.509549950760835,7.432941402458514,438.993077629424,93.840788,0.7365360326214696
1262,C:\Users\joshy\OneDrive\Documents\Kravitz Lab\freezeData\\0322\20260319173556-b94.30-f2.png,2026-03-19 17:35:56,2.0,57.99276002931276,7.444762765716418,460.19377756870404,94.107388,0.7903472794666544
1263,C:\Users\joshy\OneDrive\Documents\Kravitz Lab\freezeData\\0322\20260319173615-b94.71-f4.png,2026-03-19 17:36:15,4.0,58.44646569624699,7.446432791792629,402.2185922938241,94.525132,0.8427257900775308
1264,C:\Users\joshy\OneDrive\Documents\Kravitz Lab\freezeData\\0322\20260319173635-b94.75-f6.png,2026-03-19 17:36:35,6.0,58.711370932026995,7.444105191801583,422.8497656697439,94.564956,0.7825649148318151
1265,C:\Users\joshy\OneDrive\Documents\Kravitz Lab\freezeData\\0322\20260319173653-b94.12-f8.png,2026-03-19 17:36:53,8.0,59.01190928019476,7.427302693852075,439.01160284,93.946492,0.7083156552350414
1266,C:\Users\joshy\OneDrive\Documents\Kravitz Lab\freezeData\\0322\20260319173711-b94.00-f10.png,2026-03-19 17:37:11,10.0,59.267489483354225,7.415203488518008,462.528060068336,93.838636,0.6432253264300514
1267,C:\Users\joshy\OneDrive\Documents\Kravitz Lab\freezeData\\0322\20260319173730-b93.89-f0.png,2026-03-19 17:37:30,0.0,57.521310413759664,7.433067544892233,431.191208988096,93.709648,0.738364003425132
1268,C:\Users\joshy\OneDrive\Documents\Kravitz Lab\freezeData\\0322\20260319173750-b94.37-f2.png,2026-03-19 17:37:50,2.0,57.94546864766411,7.447717407146061,447.80750150769603,94.188476,0.7909179921221724
1269,C:\Users\joshy\OneDrive\Documents\Kravitz Lab\freezeData\\0322\20260319173809-b94.74-f4.png,2026-03-19 17:38:09,4.0,58.406821741360865,7.442943434268651,418.20387070969605,94.555336,0.8446442282318847
1270,C:\Users\joshy\OneDrive\Documents\Kravitz Lab\freezeData\\0322\20260319173828-b94.84-f6.png,2026-03-19 17:38:28,6.0,58.863007617549954,7.443858489622037,428.54646643039996,94.663016,0.779840500812852
1271,C:\Users\joshy\OneDrive\Documents\Kravitz Lab\freezeData\\0322\20260319173846-b94.20-f8.png,2026-03-19 17:38:46,8.0,58.990427174563024,7.427632411300753,444.5530378864639,94.031524,0.7069479536498604
1272,C:\Users\joshy\OneDrive\Documents\Kravitz Lab\freezeData\\0322\20260319173906-b94.11-f10.png,2026-03-19 17:39:06,10.0,59.220283625254616,7.417814537572895,514.5773491515998,93.95462,0.6410833507798475
1273,C:\Users\joshy\OneDrive\Documents\Kravitz Lab\freezeData\\0322\20260319173924-b94.28-f0.png,2026-03-19 17:39:24,0.0,57.67811368286671,7.436754079706533,436.62002186942397,94.104048,0.735616062057473
1274,C:\Users\joshy\OneDrive\Documents\Kravitz Lab\freezeData\\0322\20260319173944-b94.64-f2.png,2026-03-19 17:39:44,2.0,58.00937236041776,7.450388891730729,455.874838746736,94.44748,0.7903695474129043
1275,C:\Users\joshy\OneDrive\Documents\Kravitz Lab\freezeData\\0322\20260319174003-b94.71-f4.png,2026-03-19 17:40:03,4.0,58.4657732229008,7.4420797481456376,408.28393105382406,94.527156,0.8447227519608527
1276,C:\Users\joshy\OneDrive\Documents\Kravitz Lab\freezeData\\0322\20260319174022-b94.92-f6.png,2026-03-19 17:40:22,6.0,58.77264618303396,7.442468519126346,417.260996344256,94.744648,0.7839599663909683
1277,C:\Users\joshy\OneDrive\Documents\Kravitz Lab\freezeData\\0322\20260319174043-b94.66-f8.png,2026-03-19 17:40:43,8.0,59.07888329928575,7.431875689923663,434.3109660223999,94.484376,0.70520236996665
1278,C:\Users\joshy\OneDrive\Documents\Kravitz Lab\freezeData\\0322\20260319174102-b94.07-f10.png,2026-03-19 17:41:02,10.0,59.2941588336064,7.415585021941454,481.94059564185596,93.906084,0.6414971988879908
1279,C:\Users\joshy\OneDrive\Documents\Kravitz Lab\freezeData\\0322\20260319174121-b94.28-f0.png,2026-03-19 17:41:21,0.0,57.56062619764229,7.435938933539848,409.276815888896,94.090464,0.7364364940034803
1280,C:\Users\joshy\OneDrive\Documents\Kravitz Lab\freezeData\\0322\20260319174141-b94.15-f2.png,2026-03-19 17:41:41,2.0,57.89282960681207,7.444479910662255,425.1894936697441,93.942068,0.7917396480828726
1281,C:\Users\joshy\OneDrive\Documents\Kravitz Lab\freezeData\\0322\20260319174201-b94.57-f4.png,2026-03-19 17:42:01,4.0,58.3631690179483,7.446369816141458,397.8829753328639,94.37232,0.8443943956198758
1282,C:\Users\joshy\OneDrive\Documents\Kravitz Lab\freezeData\\0322\20260319174221-b94.61-f6.png,2026-03-19 17:42:21,6.0,58.73489433597088,7.439181614103633,406.617219539456,94.426656,0.7822562094775838
1283,C:\Users\joshy\OneDrive\Documents\Kravitz Lab\freezeData\\0322\20260319174241-b94.38-f8.png,2026-03-19 17:42:41,8.0,59.053151696037226,7.431083912353315,421.12884471033607,94.199396,0.7078012722170561
1284,C:\Users\joshy\OneDrive\Documents\Kravitz Lab\freezeData\\0322\20260319174301-b94.36-f10.png,2026-03-19 17:43:01,10.0,59.325617299777,7.418785557162758,481.04343519959997,94.20002,0.6411910985332344
1285,C:\Users\joshy\OneDrive\Documents\Kravitz Lab\freezeData\\0322\20260319174320-b93.92-f0.png,2026-03-19 17:43:20,0.0,57.54798126266116,7.438363840776769,431.3514918203999,93.74618,0.7398453938218572
1286,C:\Users\joshy\OneDrive\Documents\Kravitz Lab\freezeData\\0322\20260319174340-b94.50-f2.png,2026-03-19 17:43:40,2.0,57.950188417425395,7.441768109671374,452.09631368985606,94.323664,0.7902687355101821
1287,C:\Users\joshy\OneDrive\Documents\Kravitz Lab\freezeData\\0322\20260319174359-b94.46-f4.png,2026-03-19 17:43:59,4.0,58.32510202124296,7.44269817837344,414.05710791166393,94.27546,0.8440562660782656
1288,C:\Users\joshy\OneDrive\Documents\Kravitz Lab\freezeData\\0322\20260319174418-b94.46-f6.png,2026-03-19 17:44:18,6.0,58.72809162691722,7.440132908365643,407.429092063744,94.271304,0.7818319531495502
1289,C:\Users\joshy\OneDrive\Documents\Kravitz Lab\freezeData\\0322\20260319174438-b94.42-f8.png,2026-03-19 17:44:38,8.0,59.11824606192359,7.431717641005056,435.345470627776,94.246184,0.7088450869513437
1290,C:\Users\joshy\OneDrive\Documents\Kravitz Lab\freezeData\\0322\20260319174458-b94.05-f10.png,2026-03-19 17:44:58,10.0,59.2379093557852,7.420457389021204,514.4577140976,93.887576,0.6379287998130321
1291,C:\Users\joshy\OneDrive\Documents\Kravitz Lab\freezeData\\0322\20260319174517-b94.22-f0.png,2026-03-19 17:45:17,0.0,57.521551524018406,7.433137044705754,415.593483957104,94.025264,0.7370882659516942
1292,C:\Users\joshy\OneDrive\Documents\Kravitz Lab\freezeData\\0322\20260319174535-b94.51-f2.png,2026-03-19 17:45:35,2.0,58.14050630732085,7.45225615000482,452.35852948729604,94.322872,0.7897967863437264
1293,C:\Users\joshy\OneDrive\Documents\Kravitz Lab\freezeData\\0322\20260319174556-b94.84-f4.png,2026-03-19 17:45:56,4.0,58.44670652757858,7.447534518438138,416.33853542681595,94.660848,0.8422030059351449
1294,C:\Users\joshy\OneDrive\Documents\Kravitz Lab\freezeData\\0322\20260319174614-b94.78-f6.png,2026-03-19 17:46:14,6.0,58.79873348262338,7.440105159710913,400.6913599196,94.585632,0.7827527007419834
1295,C:\Users\joshy\OneDrive\Documents\Kravitz Lab\freezeData\\0322\20260319174633-b94.20-f8.png,2026-03-19 17:46:33,8.0,59.05855089234412,7.425537871904683,436.326700286704,94.02658,0.7074181816449145
1296,C:\Users\joshy\OneDrive\Documents\Kravitz Lab\freezeData\\0322\20260319174652-b93.93-f10.png,2026-03-19 17:46:52,10.0,59.297138495470215,7.414852168556681,501.5052575703039,93.792968,0.6407798030018763
1297,C:\Users\joshy\OneDrive\Documents\Kravitz Lab\freezeData\\0322\20260319174711-b93.93-f0.png,2026-03-19 17:47:11,0.0,57.46327065356096,7.434319325219267,403.83557087430404,93.72634,0.7373701315768627
1298,C:\Users\joshy\OneDrive\Documents\Kravitz Lab\freezeData\\0322\20260319174729-b94.58-f2.png,2026-03-19 17:47:29,2.0,58.002243108602066,7.4459316480640725,442.109945568704,94.381432,0.790100883450257
1299,C:\Users\joshy\OneDrive\Documents\Kravitz Lab\freezeData\\0322\20260319174748-b94.88-f4.png,2026-03-19 17:47:48,4.0,58.42437298701027,7.44784075017048,402.849660316016,94.681948,0.842548457576197
1300,C:\Users\joshy\OneDrive\Documents\Kravitz Lab\freezeData\\0322\20260319174807-b94.71-f6.png,2026-03-19 17:48:07,6.0,58.770297944498324,7.443146414830348,416.19837463614397,94.528836,0.7789496283265289
1301,C:\Users\joshy\OneDrive\Documents\Kravitz Lab\freezeData\\0322\20260319174826-b94.43-f8.png,2026-03-19 17:48:26,8.0,58.9983041971772,7.4306897437622625,443.61980313337597,94.259688,0.706132921353278
1302,C:\Users\joshy\OneDrive\Documents\Kravitz Lab\freezeData\\0322\20260319174845-b93.93-f10.png,2026-03-19 17:48:45,10.0,59.3122491275588,7.414971615148268,514.859245456496,93.77048,0.6399286591179565
1303,C:\Users\joshy\OneDrive\Documents\Kravitz Lab\freezeData\\0322\20260319174905-b94.14-f0.png,2026-03-19 17:49:05,0.0,57.535211006478455,7.434398832478041,434.1268705990241,93.9562,0.7379651241859214
1304,C:\Users\joshy\OneDrive\Documents\Kravitz Lab\freezeData\\0322\20260319174925-b94.69-f2.png,2026-03-19 17:49:25,2.0,57.96981102165561,7.446347207215477,459.91146486041606,94.504256,0.7894866885052486
1305,C:\Users\joshy\OneDrive\Documents\Kravitz Lab\freezeData\\0322\20260319174945-b94.89-f4.png,2026-03-19 17:49:45,4.0,58.379253706720164,7.441708228773629,413.119297928704,94.70408,0.844614405162925
1306,C:\Users\joshy\OneDrive\Documents\Kravitz Lab\freezeData\\0322\20260319175006-b94.77-f6.png,2026-03-19 17:50:06,6.0,58.7968379041076,7.442429809793963,430.0881920796,94.595564,0.7834733308769685
1307,C:\Users\joshy\OneDrive\Documents\Kravitz Lab\freezeData\\0322\20260319175026-b94.46-f8.png,2026-03-19 17:50:26,8.0,58.990220853537956,7.427709631884212,445.28862147558397,94.294896,0.7071304687355081
1308,C:\Users\joshy\OneDrive\Documents\Kravitz Lab\freezeData\\0322\20260319175046-b93.90-f10.png,2026-03-19 17:50:46,10.0,59.24712121739371,7.4151981818522374,503.3881875963999,93.753384,0.6423259420698185
1309,C:\Users\joshy\OneDrive\Documents\Kravitz Lab\freezeData\\0322\20260319175106-b94.21-f0.png,2026-03-19 17:51:06,0.0,57.51806583960222,7.438820305706413,433.3559146176001,94.026572,0.7386556678770599
1310,C:\Users\joshy\OneDrive\Documents\Kravitz Lab\freezeData\\0322\20260319175126-b94.72-f2.png,2026-03-19 17:51:26,2.0,58.032072617764875,7.448113928489747,445.82640765945604,94.529592,0.7911266787794335
1311,C:\Users\joshy\OneDrive\Documents\Kravitz Lab\freezeData\\0322\20260319175145-b94.65-f4.png,2026-03-19 17:51:45,4.0,58.375732952681766,7.444060510787347,404.25134031601607,94.453072,0.8454588194008786
1312,C:\Users\joshy\OneDrive\Documents\Kravitz Lab\freezeData\\0322\20260319175206-b94.91-f6.png,2026-03-19 17:52:06,6.0,58.785935429732305,7.44181924106793,429.16386698240007,94.741188,0.7811918630038015
1313,C:\Users\joshy\OneDrive\Documents\Kravitz Lab\freezeData\\0322\20260319175225-b94.62-f8.png,2026-03-19 17:52:25,8.0,59.26374126152537,7.437733447291664,444.2464760012159,94.446824,0.7055433835718175
1314,C:\Users\joshy\OneDrive\Documents\Kravitz Lab\freezeData\\0322\20260319175244-b94.17-f10.png,2026-03-19 17:52:44,10.0,59.325730193710186,7.418165972342696,488.70797794758397,94.009848,0.6412127483994325
1315,C:\Users\joshy\OneDrive\Documents\Kravitz Lab\freezeData\\0322\20260319175303-b93.94-f0.png,2026-03-19 17:53:03,0.0,57.48200232721807,7.436909203589052,436.689321609216,93.771736,0.7369495498983549
1316,C:\Users\joshy\OneDrive\Documents\Kravitz Lab\freezeData\\0322\20260319175323-b94.44-f2.png,2026-03-19 17:53:23,2.0,57.97679029102305,7.442254577221117,449.3621428561761,94.247644,0.7926797646013646
1317,C:\Users\joshy\OneDrive\Documents\Kravitz Lab\freezeData\\0322\20260319175343-b94.54-f4.png,2026-03-19 17:53:43,4.0,58.408063912235136,7.444277672733686,411.78840824934406,94.342984,0.8456906205985872
1318,C:\Users\joshy\OneDrive\Documents\Kravitz Lab\freezeData\\0322\20260319175402-b94.57-f6.png,2026-03-19 17:54:02,6.0,58.706397882482825,7.439697665227369,423.79767198398406,94.403296,0.7840259450883054
1319,C:\Users\joshy\OneDrive\Documents\Kravitz Lab\freezeData\\0322\20260319175421-b94.40-f8.png,2026-03-19 17:54:21,8.0,59.033973060221385,7.431662445409253,426.381549818304,94.211416,0.7079134343199135
1320,C:\Users\joshy\OneDrive\Documents\Kravitz Lab\freezeData\\0322\20260319175441-b93.88-f10.png,2026-03-19 17:54:41,10.0,59.317309509572866,7.419474195090297,486.34043645809595,93.709744,0.640445527124075
1321,C:\Users\joshy\OneDrive\Documents\Kravitz Lab\freezeData\\0322\20260319175500-b93.78-f0.png,2026-03-19 17:55:00,0.0,57.48691541215466,7.437354291927347,439.55922564959997,93.617424,0.738245403562376
1322,C:\Users\joshy\OneDrive\Documents\Kravitz Lab\freezeData\\0322\20260319175520-b94.53-f2.png,2026-03-19 17:55:20,2.0,57.92364441612824,7.4455885025289765,460.3645825244001,94.345956,0.7914770528278559
1323,C:\Users\joshy\OneDrive\Documents\Kravitz Lab\freezeData\\0322\20260319175540-b94.50-f4.png,2026-03-19 17:55:40,4.0,58.32217300125625,7.441585719584242,415.885887332864,94.320756,0.8450860764363067
1324,C:\Users\joshy\OneDrive\Documents\Kravitz Lab\freezeData\\0322\20260319175559-b94.47-f6.png,2026-03-19 17:55:59,6.0,58.688941024577225,7.438130022495251,432.2600360954239,94.298264,0.7812696417818569
1325,C:\Users\joshy\OneDrive\Documents\Kravitz Lab\freezeData\\0322\20260319175619-b94.52-f8.png,2026-03-19 17:56:19,8.0,59.043544288654076,7.429397136693926,433.863087242864,94.338588,0.7079032575786356
1326,C:\Users\joshy\OneDrive\Documents\Kravitz Lab\freezeData\\0322\20260319175638-b94.05-f10.png,2026-03-19 17:56:38,10.0,59.252777352184125,7.41387050859001,496.569804068336,93.890364,0.6437206342871358
1327,C:\Users\joshy\OneDrive\Documents\Kravitz Lab\freezeData\\0322\20260319175658-b93.87-f0.png,2026-03-19 17:56:58,0.0,57.463801713579656,7.433302281661365,440.2979208176,93.70668,0.7389943321683589
1328,C:\Users\joshy\OneDrive\Documents\Kravitz Lab\freezeData\\0322\20260319175718-b94.61-f2.png,2026-03-19 17:57:18,2.0,58.0424770115006,7.4463785146766215,440.2953396363361,94.418132,0.790963855873681
1329,C:\Users\joshy\OneDrive\Documents\Kravitz Lab\freezeData\\0322\20260319175738-b94.38-f4.png,2026-03-19 17:57:38,4.0,58.456193868729976,7.441598653124551,412.5869751434239,94.200884,0.8457253939381285
1330,C:\Users\joshy\OneDrive\Documents\Kravitz Lab\freezeData\\0322\20260319175756-b94.64-f6.png,2026-03-19 17:57:56,6.0,58.73260991774842,7.438331927314567,422.0033547650561,94.47136,0.784020155183273
1331,C:\Users\joshy\OneDrive\Documents\Kravitz Lab\freezeData\\0322\20260319175816-b94.42-f8.png,2026-03-19 17:58:16,8.0,59.07904629006044,7.431531426510872,437.405490661104,94.247664,0.7043674529073229
1332,C:\Users\joshy\OneDrive\Documents\Kravitz Lab\freezeData\\0322\20260319175834-b93.80-f10.png,2026-03-19 17:58:34,10.0,59.24149425247287,7.416918378413591,504.50827520640007,93.641332,0.6424342869502173
1333,C:\Users\joshy\OneDrive\Documents\Kravitz Lab\freezeData\\0322\20260319175853-b94.12-f0.png,2026-03-19 17:58:53,0.0,57.62673482508632,7.433749499333521,440.65979018225596,93.938572,0.7363110187188515
1334,C:\Users\joshy\OneDrive\Documents\Kravitz Lab\freezeData\\0322\20260319175912-b94.33-f2.png,2026-03-19 17:59:12,2.0,58.115713149598356,7.446064326485673,445.4699973436,94.14056,0.7906734098894935
1335,C:\Users\joshy\OneDrive\Documents\Kravitz Lab\freezeData\\0322\20260319175932-b94.63-f4.png,2026-03-19 17:59:32,4.0,58.36083590332133,7.441607424183989,418.3340744680961,94.44784,0.8452194132913006
1336,C:\Users\joshy\OneDrive\Documents\Kravitz Lab\freezeData\\0322\20260319175952-b94.48-f6.png,2026-03-19 17:59:52,6.0,58.69173369905087,7.4394285498629,435.3569191423841,94.297764,0.7815427143703451
1337,C:\Users\joshy\OneDrive\Documents\Kravitz Lab\freezeData\\0322\20260319180012-b93.93-f8.png,2026-03-19 18:00:12,8.0,58.989881643848584,7.423443597562265,435.43607056102405,93.773144,0.7085774892349004
1338,C:\Users\joshy\OneDrive\Documents\Kravitz Lab\freezeData\\0322\20260319180051-b93.94-f0.png,2026-03-19 18:00:51,0.0,57.55045474362321,7.437530806775875,436.920146162944,93.774224,0.7355410743827898
1339,C:\Users\joshy\OneDrive\Documents\Kravitz Lab\freezeData\\0322\20260319180031-b94.09-f10.png,2026-03-19 18:00:31,10.0,59.27709383488917,7.422203179900834,503.4305715964,93.944588,0.6382689858831179
1340,C:\Users\joshy\OneDrive\Documents\Kravitz Lab\freezeData\\0322\20260319180111-b94.44-f2.png,2026-03-19 18:01:11,2.0,57.93045930826497,7.442305932981959,430.26831029745597,94.239884,0.789444128665084
1341,C:\Users\joshy\OneDrive\Documents\Kravitz Lab\freezeData\\0322\20260319180131-b94.50-f4.png,2026-03-19 18:01:31,4.0,58.415098048139434,7.441252555565871,400.99284820473594,94.305516,0.8439488273396956
1342,C:\Users\joshy\OneDrive\Documents\Kravitz Lab\freezeData\\0322\20260319180151-b94.68-f6.png,2026-03-19 18:01:51,6.0,58.72852357165755,7.440153061965662,415.07558055526397,94.487708,0.7800467128540968
1343,C:\Users\joshy\OneDrive\Documents\Kravitz Lab\freezeData\\0322\20260319180211-b94.45-f8.png,2026-03-19 18:02:11,8.0,59.03124316133876,7.424966442562094,424.66868923377604,94.274836,0.7089709335159828
1344,C:\Users\joshy\OneDrive\Documents\Kravitz Lab\freezeData\\0322\20260319180230-b93.98-f10.png,2026-03-19 18:02:30,10.0,59.412658451272286,7.416647503114066,504.9824845424,93.841092,0.641540509142779
1345,C:\Users\joshy\OneDrive\Documents\Kravitz Lab\freezeData\\0322\20260319180251-b93.97-f0.png,2026-03-19 18:02:51,0.0,57.5608405177513,7.434318720429936,434.996174673136,93.8033,0.7365010821710386
1346,C:\Users\joshy\OneDrive\Documents\Kravitz Lab\freezeData\\0322\20260319180330-b94.84-f4.png,2026-03-19 18:03:30,4.0,58.46189997979539,7.446279076382169,422.925224688384,94.67282,0.8443212145842993
1347,C:\Users\joshy\OneDrive\Documents\Kravitz Lab\freezeData\\0322\20260319180311-b94.62-f2.png,2026-03-19 18:03:11,2.0,58.000920202958845,7.446043883523014,441.544995606784,94.4419,0.7896952232316596
1348,C:\Users\joshy\OneDrive\Documents\Kravitz Lab\freezeData\\0322\20260319180351-b94.59-f6.png,2026-03-19 18:03:51,6.0,58.733946904917744,7.440888192567904,429.0882427283839,94.416952,0.7819590301078134
1349,C:\Users\joshy\OneDrive\Documents\Kravitz Lab\freezeData\\0322\20260319180411-b94.72-f8.png,2026-03-19 18:04:11,8.0,59.210205158496244,7.4317791295549815,435.40651815782405,94.551972,0.7023193442632514
1350,C:\Users\joshy\OneDrive\Documents\Kravitz Lab\freezeData\\0322\20260319180431-b93.87-f10.png,2026-03-19 18:04:31,10.0,59.11849799673385,7.417667780121361,488.1202415703038,93.720224,0.6425807837422978
1351,C:\Users\joshy\OneDrive\Documents\Kravitz Lab\freezeData\\0322\20260319180510-b94.54-f2.png,2026-03-19 18:05:10,2.0,57.90212667830376,7.445240300058029,455.446801405376,94.360608,0.790677064743506
1352,C:\Users\joshy\OneDrive\Documents\Kravitz Lab\freezeData\\0322\20260319180451-b94.23-f0.png,2026-03-19 18:04:51,0.0,57.54137279603107,7.433430370478576,432.77459586609604,94.063724,0.7376968017349528
1353,C:\Users\joshy\OneDrive\Documents\Kravitz Lab\freezeData\\0322\20260319180530-b94.57-f4.png,2026-03-19 18:05:30,4.0,58.28927658795172,7.440613357187759,426.991289114624,94.402292,0.8423884282216857
1354,C:\Users\joshy\OneDrive\Documents\Kravitz Lab\freezeData\\0322\20260319180550-b94.83-f6.png,2026-03-19 18:05:50,6.0,58.798358004147154,7.44411367307544,439.1805908198241,94.665988,0.7808251039847491
1355,C:\Users\joshy\OneDrive\Documents\Kravitz Lab\freezeData\\0322\20260319180609-b94.41-f8.png,2026-03-19 18:06:09,8.0,59.045024801725674,7.43223090192282,468.3068685393759,94.25694,0.703075464113252
1356,C:\Users\joshy\OneDrive\Documents\Kravitz Lab\freezeData\\0322\20260319180628-b94.14-f10.png,2026-03-19 18:06:28,10.0,59.23378508240229,7.418467927979352,515.236295821936,94.009424,0.6421527635502711
1357,C:\Users\joshy\OneDrive\Documents\Kravitz Lab\freezeData\\0322\20260319180648-b94.08-f0.png,2026-03-19 18:06:48,0.0,57.63393030925793,7.436651975963306,443.7704094872961,93.92274,0.7373661776274524
1358,C:\Users\joshy\OneDrive\Documents\Kravitz Lab\freezeData\\0322\20260319180707-b94.62-f2.png,2026-03-19 18:07:07,2.0,58.0022467902906,7.440930881642474,447.318032328944,94.437332,0.7902215960458312
1359,C:\Users\joshy\OneDrive\Documents\Kravitz Lab\freezeData\\0322\20260319180726-b94.77-f4.png,2026-03-19 18:07:26,4.0,58.37747560301264,7.440848455712458,416.888551,94.586892,0.8431567208405709
1360,C:\Users\joshy\OneDrive\Documents\Kravitz Lab\freezeData\\0322\20260319180745-b94.66-f6.png,2026-03-19 18:07:45,6.0,58.78203605189599,7.439136081554098,426.38037143750404,94.49456,0.7842964607159877
1361,C:\Users\joshy\OneDrive\Documents\Kravitz Lab\freezeData\\0322\20260319180805-b94.49-f8.png,2026-03-19 18:08:05,8.0,59.06780464458465,7.435344095527829,468.691785499136,94.343928,0.7029676933246243
1362,C:\Users\joshy\OneDrive\Documents\Kravitz Lab\freezeData\\0322\20260319180825-b94.23-f10.png,2026-03-19 18:08:25,10.0,59.337600266174704,7.420339439297335,510.752738396096,94.084892,0.6403289259976201
1363,C:\Users\joshy\OneDrive\Documents\Kravitz Lab\freezeData\\0322\20260319180845-b94.08-f0.png,2026-03-19 18:08:45,0.0,57.49488210237847,7.43352965318024,451.025353405376,93.93156,0.7365743756501424
1364,C:\Users\joshy\OneDrive\Documents\Kravitz Lab\freezeData\\0322\20260319180904-b94.44-f2.png,2026-03-19 18:09:04,2.0,57.968498554494786,7.446017308958083,463.04068280160004,94.268744,0.7898839221495524
1365,C:\Users\joshy\OneDrive\Documents\Kravitz Lab\freezeData\\0322\20260319180923-b95.11-f4.png,2026-03-19 18:09:23,4.0,58.40411304914694,7.447321307224424,425.59024301817607,94.938592,0.841996792290808
1366,C:\Users\joshy\OneDrive\Documents\Kravitz Lab\freezeData\\0322\20260319180943-b94.62-f6.png,2026-03-19 18:09:43,6.0,58.6707431927445,7.438051919175231,432.31233160678397,94.452532,0.7859285090446653
1367,C:\Users\joshy\OneDrive\Documents\Kravitz Lab\freezeData\\0322\20260319181003-b94.34-f8.png,2026-03-19 18:10:03,8.0,59.095377766847385,7.430189643840397,443.2204561084,94.18044,0.7065612273539499
1368,C:\Users\joshy\OneDrive\Documents\Kravitz Lab\freezeData\\0322\20260319181023-b93.59-f10.png,2026-03-19 18:10:23,10.0,59.14898039324093,7.411261703441636,500.075092613104,93.4462,0.6427503898373378
1369,C:\Users\joshy\OneDrive\Documents\Kravitz Lab\freezeData\\0322\20260319181043-b94.10-f0.png,2026-03-19 18:10:43,0.0,57.484251458225465,7.436292571470746,432.88418938481607,93.931252,0.737480908551831
1370,C:\Users\joshy\OneDrive\Documents\Kravitz Lab\freezeData\\0322\20260319181102-b94.42-f2.png,2026-03-19 18:11:02,2.0,57.93706593543018,7.445235142880456,440.88643368985606,94.230796,0.7900190258945494
1371,C:\Users\joshy\OneDrive\Documents\Kravitz Lab\freezeData\\0322\20260319181122-b94.88-f4.png,2026-03-19 18:11:22,4.0,58.381808957941686,7.442180284869456,400.1977523824,94.68772,0.8434929936295755
1372,C:\Users\joshy\OneDrive\Documents\Kravitz Lab\freezeData\\0322\20260319181200-b94.36-f8.png,2026-03-19 18:12:00,8.0,58.96042511279253,7.430601678625626,446.7102323184001,94.209472,0.7043938572095877
1373,C:\Users\joshy\OneDrive\Documents\Kravitz Lab\freezeData\\0322\20260319181141-b94.90-f6.png,2026-03-19 18:11:41,6.0,58.84276447856868,7.437677900928989,395.27827416294394,94.712764,0.784739245064035
1374,C:\Users\joshy\OneDrive\Documents\Kravitz Lab\freezeData\\0322\20260319181220-b93.61-f10.png,2026-03-19 18:12:20,10.0,59.138798922971844,7.414330445897491,501.976397304304,93.461452,0.6417219682338421
1375,C:\Users\joshy\OneDrive\Documents\Kravitz Lab\freezeData\\0322\20260319181242-b94.20-f0.png,2026-03-19 18:12:42,0.0,57.5293729619192,7.434579504651623,432.550168204736,94.02422,0.738129372549516
1376,C:\Users\joshy\OneDrive\Documents\Kravitz Lab\freezeData\\0322\20260319181302-b94.88-f2.png,2026-03-19 18:13:02,2.0,57.99822846461488,7.447983162737357,443.6291774464,94.696344,0.7915759162535319
1377,C:\Users\joshy\OneDrive\Documents\Kravitz Lab\freezeData\\0322\20260319181321-b94.97-f4.png,2026-03-19 18:13:21,4.0,58.35742402841085,7.445137481477344,398.714212316016,94.774016,0.8425422641491712
1378,C:\Users\joshy\OneDrive\Documents\Kravitz Lab\freezeData\\0322\20260319181340-b94.83-f6.png,2026-03-19 18:13:40,6.0,58.81333933292018,7.440957926015179,419.61127750769595,94.647528,0.7817917084292969
1379,C:\Users\joshy\OneDrive\Documents\Kravitz Lab\freezeData\\0322\20260319181400-b94.92-f8.png,2026-03-19 18:14:00,8.0,59.21793913685062,7.4335607829054355,444.569654494144,94.762016,0.7033895374280302
1380,C:\Users\joshy\OneDrive\Documents\Kravitz Lab\freezeData\\0322\20260319181419-b93.89-f10.png,2026-03-19 18:14:19,10.0,59.20124484249621,7.414845477072528,495.12724787225596,93.736104,0.6414249545182164
1381,C:\Users\joshy\OneDrive\Documents\Kravitz Lab\freezeData\\0322\20260319181438-b94.27-f0.png,2026-03-19 18:14:38,0.0,57.56595619775438,7.438431611941146,439.711832426496,94.097668,0.7359994017973885
1382,C:\Users\joshy\OneDrive\Documents\Kravitz Lab\freezeData\\0322\20260319181456-b94.68-f2.png,2026-03-19 18:14:56,2.0,58.034194244689914,7.446183648996255,451.32797012422407,94.49236,0.7902046574666124
1383,C:\Users\joshy\OneDrive\Documents\Kravitz Lab\freezeData\\0322\20260319181517-b95.03-f4.png,2026-03-19 18:15:17,4.0,58.37977244077266,7.444495742735678,394.742469219184,94.84806,0.8422919379064399
1384,C:\Users\joshy\OneDrive\Documents\Kravitz Lab\freezeData\\0322\20260319181537-b94.52-f6.png,2026-03-19 18:15:37,6.0,58.63332124689387,7.435027981437974,414.59998529726397,94.333388,0.7824950577567337
1385,C:\Users\joshy\OneDrive\Documents\Kravitz Lab\freezeData\\0322\20260319181557-b94.15-f8.png,2026-03-19 18:15:57,8.0,59.109615600360655,7.424565367541179,436.20452149913604,93.97424,0.7071221062209009
1386,C:\Users\joshy\OneDrive\Documents\Kravitz Lab\freezeData\\0322\20260319181616-b93.90-f10.png,2026-03-19 18:16:16,10.0,59.236912873338156,7.4131822734682995,478.9092146789761,93.748888,0.644103840382366
1387,C:\Users\joshy\OneDrive\Documents\Kravitz Lab\freezeData\\0322\20260319181635-b94.13-f0.png,2026-03-19 18:16:35,0.0,57.52980667130958,7.433064555865545,441.03501452439997,93.966588,0.7373014603727646
1388,C:\Users\joshy\OneDrive\Documents\Kravitz Lab\freezeData\\0322\20260319181653-b94.15-f2.png,2026-03-19 18:16:53,2.0,57.78335337953643,7.440324976189791,448.06561035462397,93.965704,0.7913022340709724
1389,C:\Users\joshy\OneDrive\Documents\Kravitz Lab\freezeData\\0322\20260319181714-b94.66-f4.png,2026-03-19 18:17:14,4.0,58.28030930223689,7.438242326121693,389.00258844849606,94.46066,0.8442156803217732
1390,C:\Users\joshy\OneDrive\Documents\Kravitz Lab\freezeData\\0322\20260319181733-b94.82-f6.png,2026-03-19 18:17:33,6.0,58.776252479260506,7.443110469414909,415.587185297264,94.643668,0.7819867478747111
1391,C:\Users\joshy\OneDrive\Documents\Kravitz Lab\freezeData\\0322\20260319181751-b93.94-f8.png,2026-03-19 18:17:51,8.0,58.87143853909616,7.4244688602875675,421.687282986944,93.755132,0.7080712618731333
1392,C:\Users\joshy\OneDrive\Documents\Kravitz Lab\freezeData\\0322\20260319181811-b94.31-f10.png,2026-03-19 18:18:11,10.0,59.31029431623432,7.420287445581255,471.531224248176,94.147608,0.6410353087420994
1393,C:\Users\joshy\OneDrive\Documents\Kravitz Lab\freezeData\\0322\20260319181830-b93.84-f0.png,2026-03-19 18:18:30,0.0,57.412076077003164,7.437614351919339,440.03636594840003,93.68278,0.7377225405311096
1394,C:\Users\joshy\OneDrive\Documents\Kravitz Lab\freezeData\\0322\20260319181849-b94.70-f2.png,2026-03-19 18:18:49,2.0,57.92848866270675,7.445974559139953,454.597238819824,94.519216,0.7913840294787925
1395,C:\Users\joshy\OneDrive\Documents\Kravitz Lab\freezeData\\0322\20260319181909-b94.71-f4.png,2026-03-19 18:19:09,4.0,58.35731318368165,7.44382571623341,417.835947403376,94.520736,0.8443472309314234
1396,C:\Users\joshy\OneDrive\Documents\Kravitz Lab\freezeData\\0322\20260319181927-b94.37-f6.png,2026-03-19 18:19:27,6.0,58.69848750010174,7.437382352865917,415.19969101817605,94.19498,0.7807723855155689
1397,C:\Users\joshy\OneDrive\Documents\Kravitz Lab\freezeData\\0322\20260319181946-b94.55-f8.png,2026-03-19 18:19:46,8.0,59.15101124849569,7.430218897578106,440.3665982844,94.386844,0.7087041796399801
1398,C:\Users\joshy\OneDrive\Documents\Kravitz Lab\freezeData\\0322\20260319182005-b93.90-f10.png,2026-03-19 18:20:05,10.0,59.303459860302375,7.419232744944256,506.1146843804,93.758752,0.6440134755770671
1399,C:\Users\joshy\OneDrive\Documents\Kravitz Lab\freezeData\\0322\20260319182024-b94.23-f0.png,2026-03-19 18:20:24,0.0,57.59756622927729,7.43848838211988,438.671570543104,94.066996,0.7375568076845902
1400,C:\Users\joshy\OneDrive\Documents\Kravitz Lab\freezeData\\0322\20260319182042-b94.72-f2.png,2026-03-19 18:20:42,2.0,57.97848903800319,7.441769084246281,461.75146244926407,94.557488,0.790426715598201
1401,C:\Users\joshy\OneDrive\Documents\Kravitz Lab\freezeData\\0322\20260319182101-b94.63-f4.png,2026-03-19 18:21:01,4.0,58.4422323342038,7.441397986900996,400.51608770559994,94.437712,0.8424090956345612
1402,C:\Users\joshy\OneDrive\Documents\Kravitz Lab\freezeData\\0322\20260319182120-b94.79-f6.png,2026-03-19 18:21:20,6.0,58.684308711408846,7.44203538249802,423.69110650566404,94.620992,0.7804773420459337
1403,C:\Users\joshy\OneDrive\Documents\Kravitz Lab\freezeData\\0322\20260319182139-b94.44-f8.png,2026-03-19 18:21:39,8.0,59.07283042074974,7.428654119224465,447.612514992624,94.266312,0.7061242358811604
1404,C:\Users\joshy\OneDrive\Documents\Kravitz Lab\freezeData\\0322\20260319182159-b94.05-f10.png,2026-03-19 18:21:59,10.0,59.1743399732115,7.4182728750227644,506.158737333104,93.901528,0.6398215485283475
1405,C:\Users\joshy\OneDrive\Documents\Kravitz Lab\freezeData\\0322\20260319182220-b93.98-f0.png,2026-03-19 18:22:20,0.0,57.53344774837315,7.4386885450591524,442.49656530225604,93.821904,0.736190614150245
1406,C:\Users\joshy\OneDrive\Documents\Kravitz Lab\freezeData\\0322\20260319182238-b94.31-f2.png,2026-03-19 18:22:38,2.0,57.92961696145681,7.442901830898129,467.23134130225594,94.125836,0.7906020932252245
1407,C:\Users\joshy\OneDrive\Documents\Kravitz Lab\freezeData\\0322\20260319182258-b94.59-f4.png,2026-03-19 18:22:58,4.0,58.32299192972309,7.442596541962076,426.39041839000004,94.411116,0.8436788224696661
1408,C:\Users\joshy\OneDrive\Documents\Kravitz Lab\freezeData\\0322\20260319182317-b94.97-f6.png,2026-03-19 18:23:17,6.0,58.954975442327374,7.444155731702805,411.79956108273603,94.784476,0.7822868129852371
1409,C:\Users\joshy\OneDrive\Documents\Kravitz Lab\freezeData\\0322\20260319182336-b94.33-f8.png,2026-03-19 18:23:36,8.0,59.01650962005137,7.430298480936839,460.844359807424,94.187628,0.7063060238827541
1410,C:\Users\joshy\OneDrive\Documents\Kravitz Lab\freezeData\\0322\20260319182356-b93.63-f10.png,2026-03-19 18:23:56,10.0,59.17668096635579,7.412441890016048,515.233471821936,93.481512,0.6435189290400976
1411,C:\Users\joshy\OneDrive\Documents\Kravitz Lab\freezeData\\0322\20260319182416-b94.00-f0.png,2026-03-19 18:24:16,0.0,57.4538295729688,7.433748414711237,429.377347543536,93.825016,0.738042099536012
1412,C:\Users\joshy\OneDrive\Documents\Kravitz Lab\freezeData\\0322\20260319182435-b94.45-f2.png,2026-03-19 18:24:35,2.0,57.89836560517058,7.4432469947668825,461.2835191423839,94.2635,0.7922538652463587
1413,C:\Users\joshy\OneDrive\Documents\Kravitz Lab\freezeData\\0322\20260319182455-b94.39-f4.png,2026-03-19 18:24:55,4.0,58.317239088389634,7.443085896488367,425.34074361318403,94.20226,0.8422857995077577
1414,C:\Users\joshy\OneDrive\Documents\Kravitz Lab\freezeData\\0322\20260319182514-b94.49-f6.png,2026-03-19 18:25:14,6.0,58.67993572583583,7.438194107258661,420.41353035462396,94.309424,0.7837043334642455
1415,C:\Users\joshy\OneDrive\Documents\Kravitz Lab\freezeData\\0322\20260319182537-b94.16-f8.png,2026-03-19 18:25:37,8.0,59.00728073224741,7.429128702389646,451.127900850624,93.990588,0.7038752379578336
1416,C:\Users\joshy\OneDrive\Documents\Kravitz Lab\freezeData\\0322\20260319182555-b93.62-f10.png,2026-03-19 18:25:55,10.0,59.13920282457097,7.410921603765594,501.52622323942404,93.469516,0.6445880500252896
1417,C:\Users\joshy\OneDrive\Documents\Kravitz Lab\freezeData\\0322\20260319182615-b94.04-f0.png,2026-03-19 18:26:15,0.0,57.52528875023352,7.43747140375694,433.40016622078394,93.873516,0.7388718451479115
1418,C:\Users\joshy\OneDrive\Documents\Kravitz Lab\freezeData\\0322\20260319182635-b94.94-f2.png,2026-03-19 18:26:35,2.0,57.981952655174204,7.442990562454684,457.11808103040005,94.767444,0.7922220009379564
1419,C:\Users\joshy\OneDrive\Documents\Kravitz Lab\freezeData\\0322\20260319182654-b94.66-f4.png,2026-03-19 18:26:54,4.0,58.39644290228644,7.443658036811997,421.9207073564,94.4906,0.8446589835017531
1420,C:\Users\joshy\OneDrive\Documents\Kravitz Lab\freezeData\\0322\20260319182715-b95.08-f6.png,2026-03-19 18:27:15,6.0,58.753814905099595,7.441514278564939,416.08319903601597,94.918036,0.7811092437215258
1421,C:\Users\joshy\OneDrive\Documents\Kravitz Lab\freezeData\\0322\20260319182734-b94.20-f8.png,2026-03-19 18:27:34,8.0,59.082481424124225,7.43164306603496,437.010171386224,94.028996,0.7057647719714142
1422,C:\Users\joshy\OneDrive\Documents\Kravitz Lab\freezeData\\0322\20260319182754-b93.83-f10.png,2026-03-19 18:27:54,10.0,59.136331037618355,7.418374352436549,502.180474719216,93.674904,0.6398859599956865
1423,C:\Users\joshy\OneDrive\Documents\Kravitz Lab\freezeData\\0322\20260319182814-b93.97-f0.png,2026-03-19 18:28:14,0.0,57.43054928103948,7.43349524134039,427.89987006590394,93.820564,0.7387702340494178
1424,C:\Users\joshy\OneDrive\Documents\Kravitz Lab\freezeData\\0322\20260319182833-b94.76-f2.png,2026-03-19 18:28:33,2.0,57.97916026210397,7.444923412538898,462.678128070144,94.574292,0.790493923745417
1425,C:\Users\joshy\OneDrive\Documents\Kravitz Lab\freezeData\\0322\20260319182852-b94.61-f4.png,2026-03-19 18:28:52,4.0,58.31708923218428,7.441845423685137,425.221959143424,94.446116,0.8455532098329923
1426,C:\Users\joshy\OneDrive\Documents\Kravitz Lab\freezeData\\0322\20260319182913-b94.66-f6.png,2026-03-19 18:29:13,6.0,58.61708695285033,7.4360812863272665,419.532128111216,94.497728,0.7835383665091328
1427,C:\Users\joshy\OneDrive\Documents\Kravitz Lab\freezeData\\0322\20260319182932-b94.66-f8.png,2026-03-19 18:29:32,8.0,58.98793019050538,7.433180968355428,454.48579398246403,94.490008,0.7051080784173299
1428,C:\Users\joshy\OneDrive\Documents\Kravitz Lab\freezeData\\0322\20260319182951-b93.96-f10.png,2026-03-19 18:29:51,10.0,59.31413701801283,7.411764505583233,497.1025604192641,93.80422,0.6437700800199934
1429,C:\Users\joshy\OneDrive\Documents\Kravitz Lab\freezeData\\0322\20260319183012-b94.30-f0.png,2026-03-19 18:30:12,0.0,57.51223775439798,7.437094898592575,429.939823351664,94.14396,0.7376093401282755
1430,C:\Users\joshy\OneDrive\Documents\Kravitz Lab\freezeData\\0322\20260319183031-b94.49-f2.png,2026-03-19 18:30:31,2.0,57.9962704796395,7.445001898900116,451.82811972337606,94.315364,0.79005645634505
1431,C:\Users\joshy\OneDrive\Documents\Kravitz Lab\freezeData\\0322\20260319183050-b94.86-f4.png,2026-03-19 18:30:50,4.0,58.32709963303219,7.4433152083601515,424.483637093616,94.685344,0.8451934641873654
1432,C:\Users\joshy\OneDrive\Documents\Kravitz Lab\freezeData\\0322\20260319183110-b95.12-f6.png,2026-03-19 18:31:10,6.0,58.85310850515938,7.440442938344607,406.0133713343999,94.943544,0.7835784356373108
1433,C:\Users\joshy\OneDrive\Documents\Kravitz Lab\freezeData\\0322\20260319183130-b94.53-f8.png,2026-03-19 18:31:30,8.0,59.02864829059192,7.431700044417262,435.855184955504,94.37184,0.7090647828401119
1434,C:\Users\joshy\OneDrive\Documents\Kravitz Lab\freezeData\\0322\20260319183150-b93.95-f10.png,2026-03-19 18:31:50,10.0,59.190347604732175,7.413794348570817,491.60378703998396,93.799824,0.643952141701308
1435,C:\Users\joshy\OneDrive\Documents\Kravitz Lab\freezeData\\0322\20260319183210-b94.08-f0.png,2026-03-19 18:32:10,0.0,57.45686008296325,7.435978333235617,431.9996301436,93.913528,0.7361565854819699
1436,C:\Users\joshy\OneDrive\Documents\Kravitz Lab\freezeData\\0322\20260319183230-b94.77-f2.png,2026-03-19 18:32:30,2.0,57.986459124092065,7.444559738494136,451.329526373616,94.5935,0.7930770459314497
1437,C:\Users\joshy\OneDrive\Documents\Kravitz Lab\freezeData\\0322\20260319183248-b94.92-f4.png,2026-03-19 18:32:48,4.0,58.42067203902181,7.4471307123795025,421.307672688384,94.751584,0.8436339779244344
1438,C:\Users\joshy\OneDrive\Documents\Kravitz Lab\freezeData\\0322\20260319183308-b95.02-f6.png,2026-03-19 18:33:08,6.0,58.83571185054193,7.443410699394903,433.68919972337596,94.8548,0.7833879662215492
1439,C:\Users\joshy\OneDrive\Documents\Kravitz Lab\freezeData\\0322\20260319183327-b94.16-f8.png,2026-03-19 18:33:27,8.0,58.911362027343955,7.426652797766026,440.90394425497595,93.990404,0.7072256839580225
1440,C:\Users\joshy\OneDrive\Documents\Kravitz Lab\freezeData\\0322\20260319183347-b93.82-f10.png,2026-03-19 18:33:47,10.0,59.22016973568907,7.4133886639839215,492.34537307505593,93.674724,0.6447306686396158
1441,C:\Users\joshy\OneDrive\Documents\Kravitz Lab\freezeData\\0322\20260319183406-b94.26-f0.png,2026-03-19 18:34:06,0.0,57.56581919226373,7.435432900374095,446.30461876505603,94.09394,0.7380728606378677
1442,C:\Users\joshy\OneDrive\Documents\Kravitz Lab\freezeData\\0322\20260319183426-b94.48-f2.png,2026-03-19 18:34:26,2.0,58.00225196767326,7.445431104479015,458.12125792870404,94.296612,0.792119036908308
1443,C:\Users\joshy\OneDrive\Documents\Kravitz Lab\freezeData\\0322\20260319183444-b94.77-f4.png,2026-03-19 18:34:44,4.0,58.3455021326661,7.443846506041213,414.82094194839993,94.589916,0.8424641320667146
1444,C:\Users\joshy\OneDrive\Documents\Kravitz Lab\freezeData\\0322\20260319183503-b94.90-f6.png,2026-03-19 18:35:03,6.0,58.79088066334696,7.441853645824083,430.2427065804159,94.733064,0.7859753826734236
1445,C:\Users\joshy\OneDrive\Documents\Kravitz Lab\freezeData\\0322\20260319183522-b94.57-f8.png,2026-03-19 18:35:22,8.0,59.0346197224369,7.430812401992162,453.13228895550395,94.400792,0.7057703961212018
1446,C:\Users\joshy\OneDrive\Documents\Kravitz Lab\freezeData\\0322\20260319183541-b94.15-f10.png,2026-03-19 18:35:41,10.0,59.12036354892876,7.417247185006658,491.88940406833603,93.992136,0.6424581709677941
1447,C:\Users\joshy\OneDrive\Documents\Kravitz Lab\freezeData\\0322\20260319183600-b93.85-f0.png,2026-03-19 18:36:00,0.0,57.51153599239039,7.439193928813261,446.40272838239997,93.699228,0.7391571323568122
1448,C:\Users\joshy\OneDrive\Documents\Kravitz Lab\freezeData\\0322\20260319183621-b94.57-f2.png,2026-03-19 18:36:21,2.0,58.04528473919652,7.448418064173027,442.41494831360006,94.38616,0.7905965690613697
1449,C:\Users\joshy\OneDrive\Documents\Kravitz Lab\freezeData\\0322\20260319183642-b95.06-f4.png,2026-03-19 18:36:42,4.0,58.40234616201182,7.448470802088942,421.4178597745761,94.884888,0.8421969512814229
1450,C:\Users\joshy\OneDrive\Documents\Kravitz Lab\freezeData\\0322\20260319183701-b94.62-f6.png,2026-03-19 18:37:01,6.0,58.777613466339375,7.444037931332246,413.376851471616,94.44004,0.7837632697322315
1451,C:\Users\joshy\OneDrive\Documents\Kravitz Lab\freezeData\\0322\20260319183721-b94.68-f8.png,2026-03-19 18:37:21,8.0,59.09378095812871,7.4322080461455196,428.20631102560003,94.517552,0.7053630806185325
1452,C:\Users\joshy\OneDrive\Documents\Kravitz Lab\freezeData\\0322\20260319183742-b93.99-f10.png,2026-03-19 18:37:42,10.0,59.24612177611142,7.416605137635754,498.376604068336,93.844776,0.6428433172109969
1453,C:\Users\joshy\OneDrive\Documents\Kravitz Lab\freezeData\\0322\20260319183802-b94.38-f0.png,2026-03-19 18:38:02,0.0,57.504947240829146,7.4373964328969135,446.087673609216,94.211884,0.7383371439038453
1454,C:\Users\joshy\OneDrive\Documents\Kravitz Lab\freezeData\\0322\20260319183840-b94.44-f4.png,2026-03-19 18:38:40,4.0,58.286593365821474,7.4402841834687035,422.6713696898561,94.270876,0.8454018519819776
1455,C:\Users\joshy\OneDrive\Documents\Kravitz Lab\freezeData\\0322\20260319183821-b94.54-f2.png,2026-03-19 18:38:21,2.0,57.92639029627018,7.4455926884513355,453.9543546546559,94.359276,0.7899440845865692
1456,C:\Users\joshy\OneDrive\Documents\Kravitz Lab\freezeData\\0322\20260319183900-b94.49-f6.png,2026-03-19 18:39:00,6.0,58.579901799299726,7.438322217857913,438.12189492849586,94.32062,0.783301797281674
1457,C:\Users\joshy\OneDrive\Documents\Kravitz Lab\freezeData\\0322\20260319183920-b94.61-f8.png,2026-03-19 18:39:20,8.0,59.06292021890296,7.429902523084067,457.43940224710406,94.461748,0.7041894594466026
1458,C:\Users\joshy\OneDrive\Documents\Kravitz Lab\freezeData\\0322\20260319183940-b93.88-f10.png,2026-03-19 18:39:40,10.0,59.259323338489644,7.414233337526258,510.46585935206394,93.745156,0.6413123718243336
1459,C:\Users\joshy\OneDrive\Documents\Kravitz Lab\freezeData\\0322\20260319184000-b93.93-f0.png,2026-03-19 18:40:00,0.0,57.495369514321204,7.433767181427969,448.861629093616,93.775108,0.7369235309873231
1460,C:\Users\joshy\OneDrive\Documents\Kravitz Lab\freezeData\\0322\20260319184019-b94.54-f2.png,2026-03-19 18:40:19,2.0,57.9227595339088,7.444608051751169,445.310276623344,94.364324,0.7922705155677678
1461,C:\Users\joshy\OneDrive\Documents\Kravitz Lab\freezeData\\0322\20260319184038-b94.87-f4.png,2026-03-19 18:40:38,4.0,58.32986253814298,7.444510305228943,422.78204582974394,94.691312,0.8423589101778419
1462,C:\Users\joshy\OneDrive\Documents\Kravitz Lab\freezeData\\0322\20260319184058-b94.65-f6.png,2026-03-19 18:40:58,6.0,58.738694586989794,7.441775851261644,436.72294362353597,94.491156,0.7833916403556491
1463,C:\Users\joshy\OneDrive\Documents\Kravitz Lab\freezeData\\0322\20260319184116-b94.46-f8.png,2026-03-19 18:41:16,8.0,58.93575306973097,7.432675032600815,426.927993441136,94.284236,0.7065765014571299
1464,C:\Users\joshy\OneDrive\Documents\Kravitz Lab\freezeData\\0322\20260319184136-b93.92-f10.png,2026-03-19 18:41:36,10.0,59.165197823620055,7.416078609761232,497.199204613104,93.757648,0.6413719255651416
1465,C:\Users\joshy\OneDrive\Documents\Kravitz Lab\freezeData\\0322\20260319184155-b93.90-f0.png,2026-03-19 18:41:55,0.0,57.483523153430184,7.431810356658976,431.001312731584,93.728416,0.7367416206133501
1466,C:\Users\joshy\OneDrive\Documents\Kravitz Lab\freezeData\\0322\20260319184217-b94.69-f2.png,2026-03-19 18:42:17,2.0,57.891489660295186,7.4412663314170056,434.305674580416,94.492456,0.7913097399445062
1467,C:\Users\joshy\OneDrive\Documents\Kravitz Lab\freezeData\\0322\20260319184236-b94.80-f4.png,2026-03-19 18:42:36,4.0,58.2989182206818,7.446244516062565,420.949110855424,94.626516,0.8427927022252384
1468,C:\Users\joshy\OneDrive\Documents\Kravitz Lab\freezeData\\0322\20260319184255-b94.62-f6.png,2026-03-19 18:42:55,6.0,58.73444616124354,7.440907111058508,428.4635949824,94.444772,0.7868255428072891
1469,C:\Users\joshy\OneDrive\Documents\Kravitz Lab\freezeData\\0322\20260319184314-b94.41-f8.png,2026-03-19 18:43:14,8.0,59.0488168446278,7.425713040909677,431.778436852336,94.24636,0.7072195805629568
1470,C:\Users\joshy\OneDrive\Documents\Kravitz Lab\freezeData\\0322\20260319184333-b94.03-f10.png,2026-03-19 18:43:33,10.0,59.1264254981403,7.4198617744928415,497.79350251769597,93.885808,0.6421942832059874
1471,C:\Users\joshy\OneDrive\Documents\Kravitz Lab\freezeData\\0322\20260319184352-b93.82-f0.png,2026-03-19 18:43:52,0.0,57.49736829641635,7.431229423396593,439.694049198336,93.664484,0.7375730554056076
1472,C:\Users\joshy\OneDrive\Documents\Kravitz Lab\freezeData\\0322\20260319184411-b94.52-f2.png,2026-03-19 18:44:11,2.0,58.082184653352144,7.447115369898991,428.725205629424,94.317852,0.7910048122256987
1473,C:\Users\joshy\OneDrive\Documents\Kravitz Lab\freezeData\\0322\20260319184430-b94.74-f4.png,2026-03-19 18:44:30,4.0,58.41258469567859,7.4420349680162365,418.70704811513593,94.559776,0.8451324800795162
1474,C:\Users\joshy\OneDrive\Documents\Kravitz Lab\freezeData\\0322\20260319184449-b94.29-f6.png,2026-03-19 18:44:49,6.0,58.715052224305275,7.437270657856839,425.7477876402559,94.118652,0.7866140697567577
1475,C:\Users\joshy\OneDrive\Documents\Kravitz Lab\freezeData\\0322\20260319184508-b94.76-f8.png,2026-03-19 18:45:08,8.0,59.153850433203885,7.429705834913952,464.564067967984,94.611512,0.7055631583940247
1476,C:\Users\joshy\OneDrive\Documents\Kravitz Lab\freezeData\\0322\20260319184530-b94.15-f10.png,2026-03-19 18:45:30,10.0,59.28148357339664,7.41869347558683,518.493877304304,94.003652,0.6390854362354607
1477,C:\Users\joshy\OneDrive\Documents\Kravitz Lab\freezeData\\0322\20260319184549-b94.20-f0.png,2026-03-19 18:45:49,0.0,57.413786769196264,7.434480769618087,445.11464192870403,94.020708,0.7376511912545257
1478,C:\Users\joshy\OneDrive\Documents\Kravitz Lab\freezeData\\0322\20260319184607-b94.70-f2.png,2026-03-19 18:46:07,2.0,58.03410237877726,7.446143703899871,445.28291085617593,94.53164,0.7904922252349745
1479,C:\Users\joshy\OneDrive\Documents\Kravitz Lab\freezeData\\0322\20260319184627-b94.53-f4.png,2026-03-19 18:46:27,4.0,58.296687210712065,7.439636086777512,410.05787142681606,94.33758,0.8443209722771147
1480,C:\Users\joshy\OneDrive\Documents\Kravitz Lab\freezeData\\0322\20260319184646-b94.29-f6.png,2026-03-19 18:46:46,6.0,58.5671640447239,7.437330076169916,432.28459526502405,94.12172,0.7827891713838971
1481,C:\Users\joshy\OneDrive\Documents\Kravitz Lab\freezeData\\0322\20260319184705-b94.59-f8.png,2026-03-19 18:47:05,8.0,59.053020556367,7.429004128624521,441.09374302559996,94.419036,0.7061299293104488
1482,C:\Users\joshy\OneDrive\Documents\Kravitz Lab\freezeData\\0322\20260319184726-b94.03-f10.png,2026-03-19 18:47:26,10.0,59.211923624421324,7.417385398279611,501.69977618560006,93.879764,0.6399686436071329
1483,C:\Users\joshy\OneDrive\Documents\Kravitz Lab\freezeData\\0322\20260319184745-b94.00-f0.png,2026-03-19 18:47:45,0.0,57.520826188487106,7.430406656801537,432.87328119833603,93.829816,0.7377786447003593
1484,C:\Users\joshy\OneDrive\Documents\Kravitz Lab\freezeData\\0322\20260319184805-b94.76-f2.png,2026-03-19 18:48:05,2.0,57.87872533220876,7.4476704620291025,462.00005796806397,94.591356,0.7903445515082859
1485,C:\Users\joshy\OneDrive\Documents\Kravitz Lab\freezeData\\0322\20260319184825-b94.54-f4.png,2026-03-19 18:48:25,4.0,58.30745547451289,7.443754755184775,424.948192249344,94.356236,0.8435928747221902
1486,C:\Users\joshy\OneDrive\Documents\Kravitz Lab\freezeData\\0322\20260319184844-b94.66-f6.png,2026-03-19 18:48:44,6.0,58.91819325831586,7.438796819561432,429.1549928600159,94.481912,0.7837335594343687
1487,C:\Users\joshy\OneDrive\Documents\Kravitz Lab\freezeData\\0322\20260319184904-b94.14-f8.png,2026-03-19 18:49:04,8.0,58.956045791571334,7.423964419793328,448.28561307505595,93.984488,0.7076479554959705
1488,C:\Users\joshy\OneDrive\Documents\Kravitz Lab\freezeData\\0322\20260319184925-b93.87-f10.png,2026-03-19 18:49:25,10.0,59.152526332632526,7.414225139833208,519.9811610846559,93.738404,0.6392768869340133
1489,C:\Users\joshy\OneDrive\Documents\Kravitz Lab\freezeData\\0322\20260319184944-b93.78-f0.png,2026-03-19 18:49:44,0.0,57.47592628194257,7.433834984664451,437.55899802686395,93.617448,0.7374469364320305
1490,C:\Users\joshy\OneDrive\Documents\Kravitz Lab\freezeData\\0322\20260319185003-b94.59-f2.png,2026-03-19 18:50:03,2.0,57.976401929368606,7.4432446475770515,456.73926338609596,94.405452,0.7926324467793113
1491,C:\Users\joshy\OneDrive\Documents\Kravitz Lab\freezeData\\0322\20260319185022-b94.41-f4.png,2026-03-19 18:50:22,4.0,58.22404198208105,7.44137879755206,424.45604335639996,94.248192,0.8442769638470334
1492,C:\Users\joshy\OneDrive\Documents\Kravitz Lab\freezeData\\0322\20260319185042-b94.35-f6.png,2026-03-19 18:50:42,6.0,58.62360738855855,7.4385200073794735,435.55099501817597,94.176988,0.7842741325725812
1493,C:\Users\joshy\OneDrive\Documents\Kravitz Lab\freezeData\\0322\20260319185100-b94.58-f8.png,2026-03-19 18:51:00,8.0,59.07523806690502,7.42966253393073,448.90790496000005,94.435136,0.7065514102347835
1494,C:\Users\joshy\OneDrive\Documents\Kravitz Lab\freezeData\\0322\20260319185119-b93.50-f10.png,2026-03-19 18:51:19,10.0,59.128906000994945,7.414536442996513,496.319963119856,93.359248,0.639385313260278
1495,C:\Users\joshy\OneDrive\Documents\Kravitz Lab\freezeData\\0322\20260319185139-b93.94-f0.png,2026-03-19 18:51:39,0.0,57.570852795782,7.43454379573737,440.05433500030404,93.77108,0.7359468835049736
1496,C:\Users\joshy\OneDrive\Documents\Kravitz Lab\freezeData\\0322\20260319185158-b94.53-f2.png,2026-03-19 18:51:58,2.0,58.095496894127685,7.446342781593398,448.5441071599999,94.35162,0.7907847343397324
1497,C:\Users\joshy\OneDrive\Documents\Kravitz Lab\freezeData\\0322\20260319185218-b94.90-f4.png,2026-03-19 18:52:18,4.0,58.459144647688575,7.445308901052505,413.3269978621439,94.721068,0.8449132933946365
1498,C:\Users\joshy\OneDrive\Documents\Kravitz Lab\freezeData\\0322\20260319185237-b94.67-f6.png,2026-03-19 18:52:37,6.0,58.64288000894035,7.4396570757871885,427.262213219184,94.495968,0.7815045923752062
1499,C:\Users\joshy\OneDrive\Documents\Kravitz Lab\freezeData\\0322\20260319185256-b94.64-f8.png,2026-03-19 18:52:56,8.0,59.07784469378497,7.433375490389614,454.395095418816,94.474032,0.7059482289142992
1500,C:\Users\joshy\OneDrive\Documents\Kravitz Lab\freezeData\\0322\20260319185316-b93.98-f10.png,2026-03-19 18:53:16,10.0,59.20123432307472,7.414263026923134,496.51455059840004,93.82338,0.6414094040609921
1501,C:\Users\joshy\OneDrive\Documents\Kravitz Lab\freezeData\\0322\20260319185335-b93.91-f0.png,2026-03-19 18:53:35,0.0,57.398039970713285,7.433831205914132,445.280035089344,93.73698,0.737189721474907
1502,C:\Users\joshy\OneDrive\Documents\Kravitz Lab\freezeData\\0322\20260319185356-b94.49-f2.png,2026-03-19 18:53:56,2.0,57.958031039558264,7.443962836378872,464.34235547161603,94.32276,0.7902202437203834
1503,C:\Users\joshy\OneDrive\Documents\Kravitz Lab\freezeData\\0322\20260319185415-b94.92-f4.png,2026-03-19 18:54:15,4.0,58.35463330643846,7.4430224194785675,414.70506687960005,94.737848,0.842388831789469
1504,C:\Users\joshy\OneDrive\Documents\Kravitz Lab\freezeData\\0322\20260319185436-b94.53-f6.png,2026-03-19 18:54:36,6.0,58.67795502029988,7.439902742179294,440.73105521265603,94.364108,0.783042245174887
1505,C:\Users\joshy\OneDrive\Documents\Kravitz Lab\freezeData\\0322\20260319185454-b94.75-f8.png,2026-03-19 18:54:54,8.0,59.034996571945356,7.432797540203536,448.17284306022395,94.58752,0.7045117241889209
1506,C:\Users\joshy\OneDrive\Documents\Kravitz Lab\freezeData\\0322\20260319185514-b94.09-f10.png,2026-03-19 18:55:14,10.0,59.193366509059985,7.418338489977438,490.2692652661761,93.934936,0.6411429033827817
1507,C:\Users\joshy\OneDrive\Documents\Kravitz Lab\freezeData\\0322\20260319185533-b94.22-f0.png,2026-03-19 18:55:33,0.0,57.50052123816326,7.435188797052261,444.61591540337594,94.060244,0.7380383727923088
1508,C:\Users\joshy\OneDrive\Documents\Kravitz Lab\freezeData\\0322\20260319185552-b94.66-f2.png,2026-03-19 18:55:52,2.0,57.920073110600825,7.443377557617627,465.60819245054404,94.488216,0.7904079620342034
1509,C:\Users\joshy\OneDrive\Documents\Kravitz Lab\freezeData\\0322\20260319185612-b94.68-f4.png,2026-03-19 18:56:12,4.0,58.247397775899444,7.435627969952529,411.25973677465595,94.485988,0.8433153679573396
1510,C:\Users\joshy\OneDrive\Documents\Kravitz Lab\freezeData\\0322\20260319185631-b94.36-f6.png,2026-03-19 18:56:31,6.0,58.70920377540598,7.437956727364692,427.480672599664,94.193184,0.779939874124062
1511,C:\Users\joshy\OneDrive\Documents\Kravitz Lab\freezeData\\0322\20260319185650-b94.41-f8.png,2026-03-19 18:56:50,8.0,58.98526521071974,7.429420550797241,452.14911895961603,94.260584,0.7073253766991874
1512,C:\Users\joshy\OneDrive\Documents\Kravitz Lab\freezeData\\0322\20260319185710-b94.05-f10.png,2026-03-19 18:57:10,10.0,59.170785604348495,7.411674138098072,490.4957308399999,93.898832,0.6437515757152944
1513,C:\Users\joshy\OneDrive\Documents\Kravitz Lab\freezeData\\0322\20260319185729-b94.07-f0.png,2026-03-19 18:57:29,0.0,57.40639968501686,7.436092128350804,439.141123935744,93.900064,0.7377539403779597
1514,C:\Users\joshy\OneDrive\Documents\Kravitz Lab\freezeData\\0322\20260319185808-b94.42-f4.png,2026-03-19 18:58:08,4.0,58.23055429712137,7.441282896187093,430.858455011184,94.2535,0.8448985703938678
1515,C:\Users\joshy\OneDrive\Documents\Kravitz Lab\freezeData\\0322\20260319185749-b94.60-f2.png,2026-03-19 18:57:49,2.0,57.975415477035575,7.444430145441789,450.3738480478559,94.414348,0.7905824200818159
1516,C:\Users\joshy\OneDrive\Documents\Kravitz Lab\freezeData\\0322\20260319185828-b94.35-f6.png,2026-03-19 18:58:28,6.0,58.61155692875377,7.437780700576423,441.76746537559995,94.180384,0.7825246321606028
1517,C:\Users\joshy\OneDrive\Documents\Kravitz Lab\freezeData\\0322\20260319185848-b94.63-f8.png,2026-03-19 18:58:48,8.0,59.10263378230598,7.434305620179376,453.171249715824,94.472432,0.7072483023271589
1518,C:\Users\joshy\OneDrive\Documents\Kravitz Lab\freezeData\\0322\20260319185907-b94.09-f10.png,2026-03-19 18:59:07,10.0,59.12006873959184,7.412771766273767,510.69288254457604,93.951956,0.6417967287572584
1519,C:\Users\joshy\OneDrive\Documents\Kravitz Lab\freezeData\\0322\20260319185927-b93.67-f0.png,2026-03-19 18:59:27,0.0,57.332481185868666,7.431705858556245,441.040615332864,93.490996,0.7378186704573978
1520,C:\Users\joshy\OneDrive\Documents\Kravitz Lab\freezeData\\0322\20260319185946-b94.87-f2.png,2026-03-19 18:59:46,2.0,58.03733609596512,7.445542091142492,467.67431942039997,94.697228,0.7902939768801687
1521,C:\Users\joshy\OneDrive\Documents\Kravitz Lab\freezeData\\0322\20260319190005-b94.81-f4.png,2026-03-19 19:00:05,4.0,58.3347593621196,7.444529396005319,425.5174381436,94.64306,0.8426888797689115
1522,C:\Users\joshy\OneDrive\Documents\Kravitz Lab\freezeData\\0322\20260319190024-b94.72-f6.png,2026-03-19 19:00:24,6.0,58.72143930243876,7.438411077694429,432.820223983984,94.5585,0.780343075354503
1523,C:\Users\joshy\OneDrive\Documents\Kravitz Lab\freezeData\\0322\20260319190043-b94.28-f8.png,2026-03-19 19:00:43,8.0,59.044149289198025,7.43032303762334,443.1106203573759,94.128836,0.7081837386501387
1524,C:\Users\joshy\OneDrive\Documents\Kravitz Lab\freezeData\\0322\20260319190102-b93.84-f10.png,2026-03-19 19:01:02,10.0,59.05749248127503,7.412201036291646,495.857334358896,93.701012,0.6410013225243018
1525,C:\Users\joshy\OneDrive\Documents\Kravitz Lab\freezeData\\0322\20260319190120-b94.20-f0.png,2026-03-19 19:01:20,0.0,57.43380008038904,7.4342376863319375,433.52840689239997,94.025852,0.7367385319599548
1526,C:\Users\joshy\OneDrive\Documents\Kravitz Lab\freezeData\\0322\20260319190140-b94.60-f2.png,2026-03-19 19:01:40,2.0,57.96030924841157,7.444595224706089,448.25790271000005,94.417636,0.790030391640124
1527,C:\Users\joshy\OneDrive\Documents\Kravitz Lab\freezeData\\0322\20260319190200-b94.80-f4.png,2026-03-19 19:02:00,4.0,58.31439158851941,7.44495424807971,424.816384426496,94.637396,0.8426371729617651
1528,C:\Users\joshy\OneDrive\Documents\Kravitz Lab\freezeData\\0322\20260319190219-b94.52-f6.png,2026-03-19 19:02:19,6.0,58.63880807615435,7.437484002004634,421.87894043545595,94.350456,0.7851617154004628
1529,C:\Users\joshy\OneDrive\Documents\Kravitz Lab\freezeData\\0322\20260319190240-b94.47-f8.png,2026-03-19 19:02:40,8.0,58.94561806474452,7.4285132981244315,445.627291255536,94.320292,0.7084316925073088
1530,C:\Users\joshy\OneDrive\Documents\Kravitz Lab\freezeData\\0322\20260319190318-b94.03-f0.png,2026-03-19 19:03:18,0.0,57.45279516709891,7.431672948060275,434.277847107056,93.860876,0.736349532877023
1531,C:\Users\joshy\OneDrive\Documents\Kravitz Lab\freezeData\\0322\20260319190259-b94.10-f10.png,2026-03-19 19:02:59,10.0,59.14910556921665,7.416521270684042,520.833164844656,93.962392,0.6388897498813928
1532,C:\Users\joshy\OneDrive\Documents\Kravitz Lab\freezeData\\0322\20260319190339-b94.68-f2.png,2026-03-19 19:03:39,2.0,57.87319310139726,7.444801960696784,460.53958178993594,94.502872,0.7905364565362785
1533,C:\Users\joshy\OneDrive\Documents\Kravitz Lab\freezeData\\0322\20260319190357-b94.86-f4.png,2026-03-19 19:03:57,4.0,58.32784755649136,7.444152837551306,414.591375888896,94.668948,0.8425621389388853
1534,C:\Users\joshy\OneDrive\Documents\Kravitz Lab\freezeData\\0322\20260319190416-b94.64-f6.png,2026-03-19 19:04:16,6.0,58.8292187192495,7.439769915625922,425.03499117758406,94.470052,0.7821810097186618
1535,C:\Users\joshy\OneDrive\Documents\Kravitz Lab\freezeData\\0322\20260319190437-b94.53-f8.png,2026-03-19 19:04:37,8.0,58.95350017359784,7.42771072415391,441.93890835006397,94.36604,0.7077054094313281
1536,C:\Users\joshy\OneDrive\Documents\Kravitz Lab\freezeData\\0322\20260319190456-b93.62-f10.png,2026-03-19 19:04:56,10.0,58.99683838079515,7.409197695010847,518.573776496896,93.470656,0.6421076185519506
1537,C:\Users\joshy\OneDrive\Documents\Kravitz Lab\freezeData\\0322\20260319190515-b93.93-f0.png,2026-03-19 19:05:15,0.0,57.37546183021449,7.433024997723041,436.5183336058241,93.76264,0.7373397384362547
1538,C:\Users\joshy\OneDrive\Documents\Kravitz Lab\freezeData\\0322\20260319190535-b94.60-f2.png,2026-03-19 19:05:35,2.0,58.005989938899795,7.449200406125635,468.9831785431039,94.430984,0.7886880002183718
1539,C:\Users\joshy\OneDrive\Documents\Kravitz Lab\freezeData\\0322\20260319190554-b94.29-f4.png,2026-03-19 19:05:54,4.0,58.142339071263926,7.436736845397949,424.00157218238394,94.110776,0.8434631983137818
1540,C:\Users\joshy\OneDrive\Documents\Kravitz Lab\freezeData\\0322\20260319190612-b94.63-f6.png,2026-03-19 19:06:12,6.0,58.69965676116124,7.442060056385417,424.36366324759996,94.458816,0.7808798290976393
1541,C:\Users\joshy\OneDrive\Documents\Kravitz Lab\freezeData\\0322\20260319190632-b94.64-f8.png,2026-03-19 19:06:32,8.0,59.091542607146614,7.432200795581043,458.691896885616,94.486424,0.705797189923538
1542,C:\Users\joshy\OneDrive\Documents\Kravitz Lab\freezeData\\0322\20260319190652-b93.91-f10.png,2026-03-19 19:06:52,10.0,59.177469033607174,7.412312060481649,512.236475352064,93.772908,0.6422645968357509
1543,C:\Users\joshy\OneDrive\Documents\Kravitz Lab\freezeData\\0322\20260319190710-b94.30-f0.png,2026-03-19 19:07:10,0.0,57.39656633060553,7.433487445152551,428.48101398769603,94.13258,0.7368305703874212
1544,C:\Users\joshy\OneDrive\Documents\Kravitz Lab\freezeData\\0322\20260319190731-b94.32-f2.png,2026-03-19 19:07:31,2.0,57.85410747968735,7.443112400988733,440.657346392576,94.138028,0.7896247592272678
1545,C:\Users\joshy\OneDrive\Documents\Kravitz Lab\freezeData\\0322\20260319190751-b94.48-f4.png,2026-03-19 19:07:51,4.0,58.28939556915044,7.442940705080667,407.6866280475999,94.290152,0.8425264975683986
1546,C:\Users\joshy\OneDrive\Documents\Kravitz Lab\freezeData\\0322\20260319190810-b94.51-f6.png,2026-03-19 19:08:10,6.0,58.71347239697806,7.437655940121741,426.21198342040003,94.345964,0.7833930821947589
1547,C:\Users\joshy\OneDrive\Documents\Kravitz Lab\freezeData\\0322\20260319190829-b94.52-f8.png,2026-03-19 19:08:29,8.0,58.94510934177321,7.427990578470282,460.78035219142396,94.37308,0.705455026849944
1548,C:\Users\joshy\OneDrive\Documents\Kravitz Lab\freezeData\\0322\20260319190849-b94.06-f10.png,2026-03-19 19:08:49,10.0,59.277595188903,7.409095861151254,508.30812215294395,93.907888,0.6437530055560508
1549,C:\Users\joshy\OneDrive\Documents\Kravitz Lab\freezeData\\0322\20260319190908-b94.10-f0.png,2026-03-19 19:09:08,0.0,57.52591086466564,7.4342348607776225,449.146504204736,93.959612,0.7370648835690761
1550,C:\Users\joshy\OneDrive\Documents\Kravitz Lab\freezeData\\0322\20260319190927-b94.24-f2.png,2026-03-19 19:09:27,2.0,57.83010468512344,7.440721314905434,449.31092738609595,94.056108,0.790596264628409
1551,C:\Users\joshy\OneDrive\Documents\Kravitz Lab\freezeData\\0322\20260319190947-b94.90-f4.png,2026-03-19 19:09:47,4.0,58.325233063127115,7.442473329192704,415.582824293824,94.722648,0.8432062761736743
1552,C:\Users\joshy\OneDrive\Documents\Kravitz Lab\freezeData\\0322\20260319191006-b94.81-f6.png,2026-03-19 19:10:06,6.0,58.891287587088264,7.438892753270619,422.504983177584,94.640308,0.7818388063821045
1553,C:\Users\joshy\OneDrive\Documents\Kravitz Lab\freezeData\\0322\20260319191025-b94.61-f8.png,2026-03-19 19:10:25,8.0,58.98069329272704,7.429438156036566,445.49834564734397,94.436292,0.7038476742442813
1554,C:\Users\joshy\OneDrive\Documents\Kravitz Lab\freezeData\\0322\20260319191105-b93.79-f0.png,2026-03-19 19:11:05,0.0,57.27792996767729,7.430999800934431,427.03984196806397,93.613184,0.7364717162168627
1555,C:\Users\joshy\OneDrive\Documents\Kravitz Lab\freezeData\\0322\20260319191045-b93.71-f10.png,2026-03-19 19:10:45,10.0,59.12902351763086,7.4130786590391695,504.2631336081759,93.553384,0.6418269648197078
1556,C:\Users\joshy\OneDrive\Documents\Kravitz Lab\freezeData\\0322\20260319191124-b94.46-f2.png,2026-03-19 19:11:24,2.0,57.84950802390962,7.441164617766885,431.10429595185605,94.262704,0.790618254682156
1557,C:\Users\joshy\OneDrive\Documents\Kravitz Lab\freezeData\\0322\20260319191143-b94.91-f4.png,2026-03-19 19:11:43,4.0,58.39482841973991,7.444281612834309,398.197781669744,94.710556,0.8409634835930507
1558,C:\Users\joshy\OneDrive\Documents\Kravitz Lab\freezeData\\0322\20260319191203-b94.88-f6.png,2026-03-19 19:12:03,6.0,58.6126025069143,7.442943902144019,418.68422790342396,94.700408,0.7821970808967037
1559,C:\Users\joshy\OneDrive\Documents\Kravitz Lab\freezeData\\0322\20260319191240-b93.82-f10.png,2026-03-19 19:12:40,10.0,59.09866911943869,7.409941657278695,501.47362829030396,93.672152,0.642467704066959
1560,C:\Users\joshy\OneDrive\Documents\Kravitz Lab\freezeData\\0322\20260319191221-b94.50-f8.png,2026-03-19 19:12:21,8.0,58.89972124345908,7.4322702279902835,434.76376787174405,94.329104,0.703553387852396
1561,C:\Users\joshy\OneDrive\Documents\Kravitz Lab\freezeData\\0322\20260319191259-b94.01-f0.png,2026-03-19 19:12:59,0.0,57.406819057215706,7.43293880407603,437.257504903104,93.826064,0.7354984873580975
1562,C:\Users\joshy\OneDrive\Documents\Kravitz Lab\freezeData\\0322\20260319191318-b94.48-f2.png,2026-03-19 19:13:18,2.0,57.83547348116033,7.445473599519214,444.061698580416,94.2689,0.7896047507642548
1563,C:\Users\joshy\OneDrive\Documents\Kravitz Lab\freezeData\\0322\20260319191337-b94.65-f4.png,2026-03-19 19:13:37,4.0,58.31465494549774,7.443237590272563,402.5977394969439,94.456244,0.8417938218982354
1564,C:\Users\joshy\OneDrive\Documents\Kravitz Lab\freezeData\\0322\20260319191356-b94.86-f6.png,2026-03-19 19:13:56,6.0,58.71172700177422,7.4406362054822655,432.4121477399041,94.680556,0.7808756802947666
1565,C:\Users\joshy\OneDrive\Documents\Kravitz Lab\freezeData\\0322\20260319191415-b94.43-f8.png,2026-03-19 19:14:15,8.0,59.01839703324393,7.430343646722737,437.13336722278405,94.247628,0.7040120449172895
1566,C:\Users\joshy\OneDrive\Documents\Kravitz Lab\freezeData\\0322\20260319191434-b93.98-f10.png,2026-03-19 19:14:34,10.0,59.225616860565864,7.415197563041865,500.353250477296,93.821116,0.6381981708112736
1567,C:\Users\joshy\OneDrive\Documents\Kravitz Lab\freezeData\\0322\20260319191513-b94.87-f2.png,2026-03-19 19:15:13,2.0,57.92474838546426,7.444655343986562,437.547537322944,94.675284,0.7888960001171773
1568,C:\Users\joshy\OneDrive\Documents\Kravitz Lab\freezeData\\0322\20260319191454-b93.95-f0.png,2026-03-19 19:14:54,0.0,57.28605619215286,7.428362032896968,428.69134000241604,93.778248,0.7343613429213438
1569,C:\Users\joshy\OneDrive\Documents\Kravitz Lab\freezeData\\0322\20260319191532-b94.72-f4.png,2026-03-19 19:15:32,4.0,58.329221199391995,7.443208876633813,412.7792474268159,94.54082,0.84143758459173
1570,C:\Users\joshy\OneDrive\Documents\Kravitz Lab\freezeData\\0322\20260319191551-b94.66-f6.png,2026-03-19 19:15:51,6.0,58.57525441139035,7.4382124150134405,413.1566390360159,94.474336,0.7801121563019926
1571,C:\Users\joshy\OneDrive\Documents\Kravitz Lab\freezeData\\0322\20260319191611-b94.47-f8.png,2026-03-19 19:16:11,8.0,58.90041416111789,7.4313683407964835,414.71708615782404,94.291972,0.7050469881340489
1572,C:\Users\joshy\OneDrive\Documents\Kravitz Lab\freezeData\\0322\20260319191631-b93.87-f10.png,2026-03-19 19:16:31,10.0,59.14801617928987,7.41128754413406,492.5094383588961,93.718408,0.6405450424294867
1573,C:\Users\joshy\OneDrive\Documents\Kravitz Lab\freezeData\\0322\20260319191651-b94.08-f0.png,2026-03-19 19:16:51,0.0,57.39828548126378,7.432338122734627,426.751418838016,93.901188,0.7337730481984943
1574,C:\Users\joshy\OneDrive\Documents\Kravitz Lab\freezeData\\0322\20260319191711-b94.47-f2.png,2026-03-19 19:17:11,2.0,57.7093790984251,7.442605826863668,420.135755053824,94.255484,0.7900436331344168
1575,C:\Users\joshy\OneDrive\Documents\Kravitz Lab\freezeData\\0322\20260319191750-b95.21-f6.png,2026-03-19 19:17:50,6.0,58.863611442856616,7.4372587040870295,420.8502671600001,95.04862,0.7798011755622896
1576,C:\Users\joshy\OneDrive\Documents\Kravitz Lab\freezeData\\0322\20260319191731-b94.84-f4.png,2026-03-19 19:17:31,4.0,58.30932458248728,7.444301450592142,393.623351,94.646488,0.8400756767808215
1577,C:\Users\joshy\OneDrive\Documents\Kravitz Lab\freezeData\\0322\20260319191809-b94.64-f8.png,2026-03-19 19:18:09,8.0,58.89072506707507,7.428433834297961,444.4442853376,94.461776,0.7062209828556372
1578,C:\Users\joshy\OneDrive\Documents\Kravitz Lab\freezeData\\0322\20260319191828-b93.59-f10.png,2026-03-19 19:18:28,10.0,59.23292055893932,7.407553561969391,501.175414507504,93.444628,0.6425441881123313
1579,C:\Users\joshy\OneDrive\Documents\Kravitz Lab\freezeData\\0322\20260319191849-b93.93-f0.png,2026-03-19 19:18:49,0.0,57.23556881865276,7.427440553726381,436.66771294566405,93.755292,0.7376295892002167
1580,C:\Users\joshy\OneDrive\Documents\Kravitz Lab\freezeData\\0322\20260319191907-b94.23-f2.png,2026-03-19 19:19:07,2.0,57.782923864681685,7.436720257928654,442.32100011513603,94.04022,0.7887360718623614
1581,C:\Users\joshy\OneDrive\Documents\Kravitz Lab\freezeData\\0322\20260319191926-b94.36-f4.png,2026-03-19 19:19:26,4.0,58.30804252577705,7.436058551152239,416.243232514304,94.168276,0.8431200057423913
1582,C:\Users\joshy\OneDrive\Documents\Kravitz Lab\freezeData\\0322\20260319191947-b94.90-f6.png,2026-03-19 19:19:47,6.0,58.692418418142424,7.441085205660058,416.31965947161603,94.720264,0.7791423383522048
1583,C:\Users\joshy\OneDrive\Documents\Kravitz Lab\freezeData\\0322\20260319192005-b94.57-f8.png,2026-03-19 19:20:05,8.0,58.93247814730346,7.424746068241525,452.22184722278405,94.41776,0.7046909959569196
1584,C:\Users\joshy\OneDrive\Documents\Kravitz Lab\freezeData\\0322\20260319192024-b93.90-f10.png,2026-03-19 19:20:24,10.0,59.062315010449765,7.413411287148242,503.4687025984,93.76008,0.640420281375852
1585,C:\Users\joshy\OneDrive\Documents\Kravitz Lab\freezeData\\0322\20260319192044-b94.40-f0.png,2026-03-19 19:20:44,0.0,57.38278466643751,7.434019432511083,442.9755538098559,94.239708,0.7368124841778662
1586,C:\Users\joshy\OneDrive\Documents\Kravitz Lab\freezeData\\0322\20260319192102-b94.60-f2.png,2026-03-19 19:21:02,2.0,57.87377376327567,7.437005622628223,445.741064174064,94.406928,0.7892493425554534
1587,C:\Users\joshy\OneDrive\Documents\Kravitz Lab\freezeData\\0322\20260319192121-b94.73-f4.png,2026-03-19 19:21:21,4.0,58.196903592611044,7.4409185105334945,399.035436536176,94.540844,0.8422717912828608
1588,C:\Users\joshy\OneDrive\Documents\Kravitz Lab\freezeData\\0322\20260319192140-b94.91-f6.png,2026-03-19 19:21:40,6.0,58.627741261923575,7.437371677478296,422.2936831951358,94.729788,0.7786400320796512
1589,C:\Users\joshy\OneDrive\Documents\Kravitz Lab\freezeData\\0322\20260319192159-b94.75-f8.png,2026-03-19 19:21:59,8.0,59.12693495190157,7.430565764419584,448.422612413296,94.57544,0.7027986446909944
1590,C:\Users\joshy\OneDrive\Documents\Kravitz Lab\freezeData\\0322\20260319192219-b94.24-f10.png,2026-03-19 19:22:19,10.0,59.13091022118892,7.413633144551329,504.8260491676,94.076736,0.6410374668294225
1591,C:\Users\joshy\OneDrive\Documents\Kravitz Lab\freezeData\\0322\20260319192239-b93.76-f0.png,2026-03-19 19:22:39,0.0,57.28557029694986,7.427907378970745,446.9980059484,93.582096,0.734336691351981
1592,C:\Users\joshy\OneDrive\Documents\Kravitz Lab\freezeData\\0322\20260319192259-b94.12-f2.png,2026-03-19 19:22:59,2.0,57.617257099103355,7.43493986035162,463.9102552824161,93.939268,0.7891538784139068
1593,C:\Users\joshy\OneDrive\Documents\Kravitz Lab\freezeData\\0322\20260319192318-b94.49-f4.png,2026-03-19 19:23:18,4.0,58.08981320150375,7.439376923298139,414.23062150239997,94.30512,0.8402188944363337
1594,C:\Users\joshy\OneDrive\Documents\Kravitz Lab\freezeData\\0322\20260319192338-b94.74-f6.png,2026-03-19 19:23:38,6.0,58.59888757164948,7.439913081995597,433.667535723376,94.559928,0.7817395514732994
1595,C:\Users\joshy\OneDrive\Documents\Kravitz Lab\freezeData\\0322\20260319192359-b94.58-f8.png,2026-03-19 19:23:59,8.0,58.855987390471796,7.429152657703562,450.65683135359996,94.416932,0.7059358023532453
1596,C:\Users\joshy\OneDrive\Documents\Kravitz Lab\freezeData\\0322\20260319192438-b94.23-f0.png,2026-03-19 19:24:38,0.0,57.30008706271864,7.4273754289666964,450.462784860416,94.077192,0.734257221418784
1597,C:\Users\joshy\OneDrive\Documents\Kravitz Lab\freezeData\\0322\20260319192419-b93.73-f10.png,2026-03-19 19:24:19,10.0,58.93400359382295,7.410066545191792,510.485684793344,93.585208,0.6409478879681513
1598,C:\Users\joshy\OneDrive\Documents\Kravitz Lab\freezeData\\0322\20260319192458-b94.74-f2.png,2026-03-19 19:24:58,2.0,57.688536578389154,7.436013675149696,462.726639751616,94.567316,0.7877500899190018
1599,C:\Users\joshy\OneDrive\Documents\Kravitz Lab\freezeData\\0322\20260319192517-b94.94-f4.png,2026-03-19 19:25:17,4.0,58.097590284258914,7.440644451213231,404.616715636336,94.746372,0.8406614421902394
1600,C:\Users\joshy\OneDrive\Documents\Kravitz Lab\freezeData\\0322\20260319192556-b94.38-f8.png,2026-03-19 19:25:56,8.0,58.82350097380808,7.426929035699878,450.951090124016,94.22062,0.7069025851164827
1601,C:\Users\joshy\OneDrive\Documents\Kravitz Lab\freezeData\\0322\20260319192536-b94.48-f6.png,2026-03-19 19:25:36,6.0,58.47755895335659,7.436914898893167,440.17131128241607,94.313552,0.7781957893020487
1602,C:\Users\joshy\OneDrive\Documents\Kravitz Lab\freezeData\\0322\20260319192616-b94.32-f10.png,2026-03-19 19:26:16,10.0,59.330692994446515,7.416129460072708,511.873720675184,94.168644,0.6403437595910014
1603,C:\Users\joshy\OneDrive\Documents\Kravitz Lab\freezeData\\0322\20260319192635-b93.96-f0.png,2026-03-19 19:26:35,0.0,57.37708386626438,7.4289209554932105,446.96396278270396,93.787108,0.7363338031317342
1604,C:\Users\joshy\OneDrive\Documents\Kravitz Lab\freezeData\\0322\20260319192714-b94.49-f4.png,2026-03-19 19:27:14,4.0,58.213959987359594,7.441312672028719,401.1836353564,94.299564,0.8407216015845582
1605,C:\Users\joshy\OneDrive\Documents\Kravitz Lab\freezeData\\0322\20260319192653-b94.90-f2.png,2026-03-19 19:26:53,2.0,57.84116108316762,7.4483208456813035,463.31209050566406,94.716916,0.7880344347761725
1606,C:\Users\joshy\OneDrive\Documents\Kravitz Lab\freezeData\\0322\20260319192732-b94.67-f6.png,2026-03-19 19:27:32,6.0,58.641686179281855,7.438050194685778,425.3881185244,94.498568,0.7815175404665201
1607,C:\Users\joshy\OneDrive\Documents\Kravitz Lab\freezeData\\0322\20260319192751-b94.83-f8.png,2026-03-19 19:27:51,8.0,59.092882614998565,7.433254340240813,429.74094367793606,94.6685,0.702373361202872
1608,C:\Users\joshy\OneDrive\Documents\Kravitz Lab\freezeData\\0322\20260319192811-b93.75-f10.png,2026-03-19 19:28:11,10.0,59.16039356179247,7.413881869524308,493.668144496896,93.584768,0.6403933147538617
1609,C:\Users\joshy\OneDrive\Documents\Kravitz Lab\freezeData\\0322\20260319192830-b94.14-f0.png,2026-03-19 19:28:30,0.0,57.23060844156511,7.428703555394829,456.518208860416,93.955984,0.7348987182589638
1610,C:\Users\joshy\OneDrive\Documents\Kravitz Lab\freezeData\\0322\20260319192848-b94.37-f2.png,2026-03-19 19:28:48,2.0,57.70999075436016,7.442764773531666,467.232225809856,94.195108,0.7895690174931469
1611,C:\Users\joshy\OneDrive\Documents\Kravitz Lab\freezeData\\0322\20260319192907-b94.75-f4.png,2026-03-19 19:29:07,4.0,58.19772085413984,7.440168597054953,416.87258109361596,94.561704,0.8433327589733628
1612,C:\Users\joshy\OneDrive\Documents\Kravitz Lab\freezeData\\0322\20260319192946-b94.59-f8.png,2026-03-19 19:29:46,8.0,58.917303110927406,7.431386992354669,451.259315710704,94.428152,0.7044422941364988
1613,C:\Users\joshy\OneDrive\Documents\Kravitz Lab\freezeData\\0322\20260319192926-b94.88-f6.png,2026-03-19 19:29:26,6.0,58.71761945208324,7.439015812342325,436.38064011121605,94.711844,0.7833537691315907
1614,C:\Users\joshy\OneDrive\Documents\Kravitz Lab\freezeData\\0322\20260319193005-b93.93-f10.png,2026-03-19 19:30:05,10.0,59.03855590174868,7.417909649118857,508.6451395964,93.780936,0.641561445483806
1615,C:\Users\joshy\OneDrive\Documents\Kravitz Lab\freezeData\\0322\20260319193025-b94.26-f0.png,2026-03-19 19:30:25,0.0,57.22128923300852,7.436145941009295,449.25743852439996,94.083872,0.7343694425998067
1616,C:\Users\joshy\OneDrive\Documents\Kravitz Lab\freezeData\\0322\20260319193044-b94.80-f2.png,2026-03-19 19:30:44,2.0,57.86744843887264,7.4448921804219355,450.158022561776,94.616804,0.787941415436916
1617,C:\Users\joshy\OneDrive\Documents\Kravitz Lab\freezeData\\0322\20260319193104-b94.47-f4.png,2026-03-19 19:31:04,4.0,58.0379041010009,7.440966703753888,408.13286749694396,94.270532,0.8412688470181933
1618,C:\Users\joshy\OneDrive\Documents\Kravitz Lab\freezeData\\0322\20260319193123-b94.83-f6.png,2026-03-19 19:31:23,6.0,58.50530132021555,7.440001570759623,420.430226392576,94.657472,0.7777273162873135
1619,C:\Users\joshy\OneDrive\Documents\Kravitz Lab\freezeData\\0322\20260319193142-b94.48-f8.png,2026-03-19 19:31:42,8.0,58.78279268933262,7.431123716638371,436.912185372144,94.314712,0.7040004954203405
1620,C:\Users\joshy\OneDrive\Documents\Kravitz Lab\freezeData\\0322\20260319193201-b93.69-f10.png,2026-03-19 19:32:01,10.0,58.99901902826467,7.417833452447162,492.20763987225604,93.546408,0.6398742470085476
1621,C:\Users\joshy\OneDrive\Documents\Kravitz Lab\freezeData\\0322\20260319193221-b94.28-f0.png,2026-03-19 19:32:21,0.0,57.221801544547546,7.431914200480754,430.29507384959993,94.111696,0.7354252453453615
1622,C:\Users\joshy\OneDrive\Documents\Kravitz Lab\freezeData\\0322\20260319193240-b94.75-f2.png,2026-03-19 19:32:40,2.0,57.680141336764976,7.446329477736617,460.073551212656,94.579896,0.7878600028389128
1623,C:\Users\joshy\OneDrive\Documents\Kravitz Lab\freezeData\\0322\20260319193300-b94.74-f4.png,2026-03-19 19:33:00,4.0,58.09120504422251,7.443217935476636,424.9182087746561,94.564564,0.841738014539595
1624,C:\Users\joshy\OneDrive\Documents\Kravitz Lab\freezeData\\0322\20260319193322-b94.67-f6.png,2026-03-19 19:33:22,6.0,58.3753049048488,7.433049330804004,441.05454310705596,94.503044,0.7790424666699288
1625,C:\Users\joshy\OneDrive\Documents\Kravitz Lab\freezeData\\0322\20260319193341-b94.44-f8.png,2026-03-19 19:33:41,8.0,58.83242172660908,7.430544290869373,444.2185813376,94.257196,0.7014323945909673
1626,C:\Users\joshy\OneDrive\Documents\Kravitz Lab\freezeData\\0322\20260319193400-b94.23-f10.png,2026-03-19 19:34:00,10.0,59.077062168190594,7.418015784367169,503.8710758675841,94.081912,0.638776576316468
1627,C:\Users\joshy\OneDrive\Documents\Kravitz Lab\freezeData\\0322\20260319193421-b94.09-f0.png,2026-03-19 19:34:21,0.0,57.165265032535274,7.428739891958135,430.714749869424,93.9076,0.732382794418591
1628,C:\Users\joshy\OneDrive\Documents\Kravitz Lab\freezeData\\0322\20260319193440-b94.83-f2.png,2026-03-19 19:34:40,2.0,57.57267864080308,7.4402761042688015,456.4764970304001,94.664104,0.7857140586272501
1629,C:\Users\joshy\OneDrive\Documents\Kravitz Lab\freezeData\\0322\20260319193459-b95.36-f4.png,2026-03-19 19:34:59,4.0,58.094808562517045,7.444390650427072,426.2957249244,95.184364,0.8386542786608829
1630,C:\Users\joshy\OneDrive\Documents\Kravitz Lab\freezeData\\0322\20260319193520-b95.17-f6.png,2026-03-19 19:35:20,6.0,58.53036924500908,7.4431259349358125,441.04389459902404,95.002836,0.7749280708531504
1631,C:\Users\joshy\OneDrive\Documents\Kravitz Lab\freezeData\\0322\20260319193539-b94.46-f8.png,2026-03-19 19:35:39,8.0,58.72738788306185,7.427161529221687,466.6307593156961,94.30982,0.7007142048805993
1632,C:\Users\joshy\OneDrive\Documents\Kravitz Lab\freezeData\\0322\20260319193559-b94.26-f10.png,2026-03-19 19:35:59,10.0,59.097982403879605,7.418647133816994,501.927814112256,94.102644,0.6428255717545159
1633,C:\Users\joshy\OneDrive\Documents\Kravitz Lab\freezeData\\0322\20260319193619-b94.24-f0.png,2026-03-19 19:36:19,0.0,57.21315310892264,7.434883680474471,438.19260321470404,94.072824,0.7345931806168584
1634,C:\Users\joshy\OneDrive\Documents\Kravitz Lab\freezeData\\0322\20260319193639-b94.57-f2.png,2026-03-19 19:36:39,2.0,57.604916105618486,7.444274485157107,464.967801405376,94.388284,0.7848589216303535
1635,C:\Users\joshy\OneDrive\Documents\Kravitz Lab\freezeData\\0322\20260319193657-b94.79-f4.png,2026-03-19 19:36:57,4.0,58.06560505911857,7.445168446969876,417.7922198204,94.602592,0.8402035998855472
1636,C:\Users\joshy\OneDrive\Documents\Kravitz Lab\freezeData\\0322\20260319193716-b94.19-f6.png,2026-03-19 19:37:16,6.0,58.24029689884748,7.432922393808712,417.81642289239994,94.022564,0.7813034240625124
1637,C:\Users\joshy\OneDrive\Documents\Kravitz Lab\freezeData\\0322\20260319193736-b94.53-f8.png,2026-03-19 19:37:36,8.0,58.84443906414077,7.429024843822115,447.43650481559996,94.360432,0.7043478118192933
1638,C:\Users\joshy\OneDrive\Documents\Kravitz Lab\freezeData\\0322\20260319193756-b94.38-f10.png,2026-03-19 19:37:56,10.0,59.00053645282883,7.420910135196378,506.864624500464,94.220196,0.6381682401608795
1639,C:\Users\joshy\OneDrive\Documents\Kravitz Lab\freezeData\\0322\20260319193815-b94.06-f0.png,2026-03-19 19:38:15,0.0,57.143914135261824,7.430990777649227,438.67794044849603,93.882232,0.7332711330525886
1640,C:\Users\joshy\OneDrive\Documents\Kravitz Lab\freezeData\\0322\20260319193835-b94.58-f2.png,2026-03-19 19:38:35,2.0,57.58221618493599,7.441679335866332,468.3644190893439,94.402536,0.7850850597011658
1641,C:\Users\joshy\OneDrive\Documents\Kravitz Lab\freezeData\\0322\20260319193854-b94.69-f4.png,2026-03-19 19:38:54,4.0,58.063562098208756,7.442301092575791,424.114166951936,94.509616,0.8403019122481168
1642,C:\Users\joshy\OneDrive\Documents\Kravitz Lab\freezeData\\0322\20260319193914-b95.38-f6.png,2026-03-19 19:39:14,6.0,58.657735379006915,7.4418254327140385,425.311466505664,95.20492,0.7764467956893616
1643,C:\Users\joshy\OneDrive\Documents\Kravitz Lab\freezeData\\0322\20260319193933-b94.33-f8.png,2026-03-19 19:39:33,8.0,58.76596234554543,7.4321797622263315,465.22017266494396,94.174956,0.7001738912151935
1644,C:\Users\joshy\OneDrive\Documents\Kravitz Lab\freezeData\\0322\20260319193952-b94.12-f10.png,2026-03-19 19:39:52,10.0,59.05036030067299,7.422498445905866,497.19229222462405,93.960448,0.6411860131957738
1645,C:\Users\joshy\OneDrive\Documents\Kravitz Lab\freezeData\\0322\20260319194010-b94.27-f0.png,2026-03-19 19:40:10,0.0,57.19272683815312,7.434356083692553,435.11937382974406,94.10358,0.7315376439430218
1646,C:\Users\joshy\OneDrive\Documents\Kravitz Lab\freezeData\\0322\20260319194030-b94.77-f2.png,2026-03-19 19:40:30,2.0,57.77296759013911,7.442828089895255,456.73725292439997,94.583856,0.7879066990802741
1647,C:\Users\joshy\OneDrive\Documents\Kravitz Lab\freezeData\\0322\20260319194048-b94.93-f4.png,2026-03-19 19:40:48,4.0,58.211784871587504,7.445710793864525,420.48592737990396,94.758004,0.8406127968731981
1648,C:\Users\joshy\OneDrive\Documents\Kravitz Lab\freezeData\\0322\20260319194107-b95.06-f6.png,2026-03-19 19:41:07,6.0,58.69087347373266,7.438731154944326,408.707597629424,94.896952,0.7804011750445061
1649,C:\Users\joshy\OneDrive\Documents\Kravitz Lab\freezeData\\0322\20260319194127-b94.31-f8.png,2026-03-19 19:41:27,8.0,58.874420252183,7.432611827370275,437.6836243184,94.121688,0.6988815423685641
1650,C:\Users\joshy\OneDrive\Documents\Kravitz Lab\freezeData\\0322\20260319194147-b93.67-f10.png,2026-03-19 19:41:47,10.0,59.08179705237084,7.4268301506569285,484.3215327676,93.506408,0.6393826679733988
1651,C:\Users\joshy\OneDrive\Documents\Kravitz Lab\freezeData\\0322\20260319194206-b94.23-f0.png,2026-03-19 19:42:06,0.0,57.23290788331832,7.434171108778347,445.8591913516639,94.06514,0.7321557039937836
1652,C:\Users\joshy\OneDrive\Documents\Kravitz Lab\freezeData\\0322\20260319194226-b94.69-f2.png,2026-03-19 19:42:26,2.0,57.70688833901464,7.441913571732643,454.995762505664,94.507364,0.7877116509039922
1653,C:\Users\joshy\OneDrive\Documents\Kravitz Lab\freezeData\\0322\20260319194245-b94.65-f4.png,2026-03-19 19:42:45,4.0,58.17764458142334,7.4412574054678435,418.725524404464,94.462172,0.8427569908329999
1654,C:\Users\joshy\OneDrive\Documents\Kravitz Lab\freezeData\\0322\20260319194304-b94.73-f6.png,2026-03-19 19:43:04,6.0,58.59763411292835,7.4423984444357005,425.224124220864,94.550876,0.7836636649314013
1655,C:\Users\joshy\OneDrive\Documents\Kravitz Lab\freezeData\\0322\20260319194323-b94.98-f8.png,2026-03-19 19:43:23,8.0,59.01009961312535,7.436343567633321,448.165140710336,94.817968,0.7023303682416091
1656,C:\Users\joshy\OneDrive\Documents\Kravitz Lab\freezeData\\0322\20260319194342-b93.59-f10.png,2026-03-19 19:43:42,10.0,59.04022952923825,7.4186596188707465,504.35696351729604,93.434692,0.6406194064114449
1657,C:\Users\joshy\OneDrive\Documents\Kravitz Lab\freezeData\\0322\20260319194401-b93.94-f0.png,2026-03-19 19:44:01,0.0,57.22287194036231,7.428242768100636,430.7707140464,93.772336,0.7337353592700547
1658,C:\Users\joshy\OneDrive\Documents\Kravitz Lab\freezeData\\0322\20260319194421-b94.73-f2.png,2026-03-19 19:44:21,2.0,57.637719065852146,7.4414950752629245,450.63282300030403,94.540852,0.786130521542061
1659,C:\Users\joshy\OneDrive\Documents\Kravitz Lab\freezeData\\0322\20260319194440-b94.36-f4.png,2026-03-19 19:44:40,4.0,58.04384186212336,7.440410237398849,419.09674370560003,94.184396,0.8419947961029346
1660,C:\Users\joshy\OneDrive\Documents\Kravitz Lab\freezeData\\0322\20260319194500-b94.84-f6.png,2026-03-19 19:45:00,6.0,58.608487446368244,7.44320762926456,436.43613812422393,94.661664,0.7781038606938017
1661,C:\Users\joshy\OneDrive\Documents\Kravitz Lab\freezeData\\0322\20260319194519-b94.44-f8.png,2026-03-19 19:45:19,8.0,58.944273834378045,7.43264543014204,445.47566269440006,94.253184,0.7001926474472268
1662,C:\Users\joshy\OneDrive\Documents\Kravitz Lab\freezeData\\0322\20260319194538-b93.80-f10.png,2026-03-19 19:45:38,10.0,59.06831477510169,7.4165363611327955,502.827536079344,93.641752,0.6402797221714979
1663,C:\Users\joshy\OneDrive\Documents\Kravitz Lab\freezeData\\0322\20260319194558-b93.53-f0.png,2026-03-19 19:45:58,0.0,57.21602370671545,7.426885010715289,448.496080860416,93.370976,0.7328313575284058
1664,C:\Users\joshy\OneDrive\Documents\Kravitz Lab\freezeData\\0322\20260319194617-b94.40-f2.png,2026-03-19 19:46:17,2.0,57.68763698262913,7.437323083362397,442.30058938481596,94.21598,0.786175922866622
1665,C:\Users\joshy\OneDrive\Documents\Kravitz Lab\freezeData\\0322\20260319194636-b94.85-f4.png,2026-03-19 19:46:36,4.0,58.16635814510845,7.4370685870079924,423.9121068796,94.672824,0.8382044100102155
1666,C:\Users\joshy\OneDrive\Documents\Kravitz Lab\freezeData\\0322\20260319194656-b94.76-f6.png,2026-03-19 19:46:56,6.0,58.597132860162496,7.441684394810407,435.89989083801595,94.590092,0.7761821306399287
1667,C:\Users\joshy\OneDrive\Documents\Kravitz Lab\freezeData\\0322\20260319194716-b94.55-f8.png,2026-03-19 19:47:16,8.0,58.83264142571075,7.431044995947523,427.42798474545606,94.371412,0.69854939472137
1668,C:\Users\joshy\OneDrive\Documents\Kravitz Lab\freezeData\\0322\20260319194735-b93.96-f10.png,2026-03-19 19:47:35,10.0,59.08560910005901,7.421013997156542,496.169102759424,93.796468,0.6351026337904626
1669,C:\Users\joshy\OneDrive\Documents\Kravitz Lab\freezeData\\0322\20260319194755-b93.92-f0.png,2026-03-19 19:47:55,0.0,57.16073860307671,7.424407806369801,440.50758715999996,93.722644,0.7317249848903614
1670,C:\Users\joshy\OneDrive\Documents\Kravitz Lab\freezeData\\0322\20260319194816-b94.27-f2.png,2026-03-19 19:48:16,2.0,57.605523165287686,7.432142222421209,448.432087000304,94.072752,0.7842926567193013
1671,C:\Users\joshy\OneDrive\Documents\Kravitz Lab\freezeData\\0322\20260319194838-b94.51-f4.png,2026-03-19 19:48:38,4.0,58.11157350398063,7.4397979871671875,426.263539957104,94.333384,0.8366716296809041
1672,C:\Users\joshy\OneDrive\Documents\Kravitz Lab\freezeData\\0322\20260319194857-b94.74-f6.png,2026-03-19 19:48:57,6.0,58.5897459973296,7.439964904987233,426.17830783840003,94.55678,0.7734606350145943
1673,C:\Users\joshy\OneDrive\Documents\Kravitz Lab\freezeData\\0322\20260319194917-b94.41-f8.png,2026-03-19 19:49:17,8.0,58.680985292983756,7.431165646587564,426.34104371398405,94.234932,0.6990582225375693
1674,C:\Users\joshy\OneDrive\Documents\Kravitz Lab\freezeData\\0322\20260319194937-b93.54-f10.png,2026-03-19 19:49:37,10.0,59.0212054957713,7.419205720236361,489.09070449689597,93.373044,0.6361363455312391
1675,C:\Users\joshy\OneDrive\Documents\Kravitz Lab\freezeData\\0322\20260319194956-b93.57-f0.png,2026-03-19 19:49:56,0.0,57.18745900499738,7.424319768428963,446.86406560921597,93.405912,0.7292643624238657
1676,C:\Users\joshy\OneDrive\Documents\Kravitz Lab\freezeData\\0322\20260319195015-b94.31-f2.png,2026-03-19 19:50:15,2.0,57.55100195257365,7.440329892571907,460.42842271000006,94.114692,0.7814562501742507
1677,C:\Users\joshy\OneDrive\Documents\Kravitz Lab\freezeData\\0322\20260319195035-b94.40-f4.png,2026-03-19 19:50:35,4.0,58.01241814635194,7.439755478131495,430.33443600241606,94.218396,0.8340564047570548
1678,C:\Users\joshy\OneDrive\Documents\Kravitz Lab\freezeData\\0322\20260319195054-b94.42-f6.png,2026-03-19 19:50:54,6.0,58.33301037909071,7.4338687028988755,433.523503723376,94.250336,0.7734576891893563
1679,C:\Users\joshy\OneDrive\Documents\Kravitz Lab\freezeData\\0322\20260319195113-b94.33-f8.png,2026-03-19 19:51:13,8.0,58.628035854833,7.423455071443728,429.303273715824,94.164304,0.6956140622138197
1680,C:\Users\joshy\OneDrive\Documents\Kravitz Lab\freezeData\\0322\20260319195133-b93.89-f10.png,2026-03-19 19:51:33,10.0,58.786873077387064,7.415112613191176,502.601977084656,93.725428,0.632885017141449
1681,C:\Users\joshy\OneDrive\Documents\Kravitz Lab\freezeData\\0322\20260319195153-b93.93-f0.png,2026-03-19 19:51:53,0.0,56.88363707024916,7.421103604238968,435.535867230144,93.742276,0.724123869114069
1682,C:\Users\joshy\OneDrive\Documents\Kravitz Lab\freezeData\\0322\20260319195212-b94.34-f2.png,2026-03-19 19:52:12,2.0,57.268127860024066,7.433670924941556,457.54094448062403,94.149544,0.7758507594289981
1683,C:\Users\joshy\OneDrive\Documents\Kravitz Lab\freezeData\\0322\20260319195231-b94.69-f4.png,2026-03-19 19:52:31,4.0,57.83512300351405,7.43605148552894,415.05806871040005,94.50178,0.8267290148814849
1684,C:\Users\joshy\OneDrive\Documents\Kravitz Lab\freezeData\\0322\20260319195251-b94.85-f6.png,2026-03-19 19:52:51,6.0,58.28918904464271,7.441695897297246,426.53363431654407,94.673852,0.7659882626049306
1685,C:\Users\joshy\OneDrive\Documents\Kravitz Lab\freezeData\\0322\20260319195310-b94.52-f8.png,2026-03-19 19:53:10,8.0,58.580963777789655,7.432634627631115,438.660262494144,94.362964,0.6927034557380383
1686,C:\Users\joshy\OneDrive\Documents\Kravitz Lab\freezeData\\0322\20260319195329-b94.01-f10.png,2026-03-19 19:53:29,10.0,58.84962076352628,7.423932811381671,510.90003867897593,93.859444,0.63144951578746
1687,C:\Users\joshy\OneDrive\Documents\Kravitz Lab\freezeData\\0322\20260319195348-b93.83-f0.png,2026-03-19 19:53:48,0.0,56.84359661812246,7.4244730260786485,446.45340659902405,93.654724,0.7216850635724026
1688,C:\Users\joshy\OneDrive\Documents\Kravitz Lab\freezeData\\0322\20260319195409-b94.29-f2.png,2026-03-19 19:54:09,2.0,57.28849326310532,7.43399976225499,473.099121568704,94.095056,0.7747988583564845
1689,C:\Users\joshy\OneDrive\Documents\Kravitz Lab\freezeData\\0322\20260319195428-b94.47-f4.png,2026-03-19 19:54:28,4.0,57.82513492338307,7.439012322590285,427.6661589037439,94.295112,0.8269238769379446
1690,C:\Users\joshy\OneDrive\Documents\Kravitz Lab\freezeData\\0322\20260319195448-b93.97-f6.png,2026-03-19 19:54:48,6.0,58.090166624497954,7.431818371926619,440.8469183736161,93.794492,0.7673054161340505
1691,C:\Users\joshy\OneDrive\Documents\Kravitz Lab\freezeData\\0322\20260319195507-b94.51-f8.png,2026-03-19 19:55:07,8.0,58.535842290812695,7.434911706524341,443.344410393584,94.345652,0.6938395325886964
1692,C:\Users\joshy\OneDrive\Documents\Kravitz Lab\freezeData\\0322\20260319195526-b94.07-f10.png,2026-03-19 19:55:26,10.0,58.78030268303409,7.424942498715498,509.1410107996,93.913164,0.6299030196259985
1693,C:\Users\joshy\OneDrive\Documents\Kravitz Lab\freezeData\\0322\20260319195544-b93.90-f0.png,2026-03-19 19:55:44,0.0,56.910956553546,7.4246449679929265,447.8948863736159,93.72098,0.7205973953760482
1694,C:\Users\joshy\OneDrive\Documents\Kravitz Lab\freezeData\\0322\20260319195605-b94.62-f2.png,2026-03-19 19:56:05,2.0,57.440141761412676,7.443063928343784,475.231626007296,94.441396,0.7725576248866817
1695,C:\Users\joshy\OneDrive\Documents\Kravitz Lab\freezeData\\0322\20260319195622-b94.84-f4.png,2026-03-19 19:56:22,4.0,57.787370827185974,7.44642396237035,426.05525275313596,94.665036,0.8245049437843791
1696,C:\Users\joshy\OneDrive\Documents\Kravitz Lab\freezeData\\0322\20260319195642-b94.79-f6.png,2026-03-19 19:56:42,6.0,58.24675845084723,7.433746326336618,435.90373940326407,94.616284,0.7701039409792998
1697,C:\Users\joshy\OneDrive\Documents\Kravitz Lab\freezeData\\0322\20260319195702-b94.42-f8.png,2026-03-19 19:57:02,8.0,58.591943819738766,7.434523683188211,447.75795924286393,94.261976,0.6909766367501332
1698,C:\Users\joshy\OneDrive\Documents\Kravitz Lab\freezeData\\0322\20260319195720-b94.14-f10.png,2026-03-19 19:57:20,10.0,58.87322577398714,7.419795815661984,498.854892206016,93.988556,0.6309872466562019
1699,C:\Users\joshy\OneDrive\Documents\Kravitz Lab\freezeData\\0322\20260319195739-b93.98-f0.png,2026-03-19 19:57:39,0.0,57.01108390040715,7.427343904242693,445.01131427833604,93.789856,0.7229823935738745
1700,C:\Users\joshy\OneDrive\Documents\Kravitz Lab\freezeData\\0322\20260319195759-b94.85-f2.png,2026-03-19 19:57:59,2.0,57.5312080719519,7.446789259439901,462.15795696689594,94.663076,0.7744189503320571
1701,C:\Users\joshy\OneDrive\Documents\Kravitz Lab\freezeData\\0322\20260319195818-b94.65-f4.png,2026-03-19 19:58:18,4.0,57.810449061094275,7.438942115131057,419.3910099384159,94.462432,0.8283889997857019
1702,C:\Users\joshy\OneDrive\Documents\Kravitz Lab\freezeData\\0322\20260319195838-b94.73-f6.png,2026-03-19 19:58:38,6.0,58.286396023604,7.435722423595604,445.308876405184,94.57714,0.7708040689026286
1703,C:\Users\joshy\OneDrive\Documents\Kravitz Lab\freezeData\\0322\20260319195857-b94.31-f8.png,2026-03-19 19:58:57,8.0,58.64209457377866,7.4303638558728435,460.2708211991041,94.152,0.6930867340485649
1704,C:\Users\joshy\OneDrive\Documents\Kravitz Lab\freezeData\\0322\20260319195915-b94.22-f10.png,2026-03-19 19:59:15,10.0,58.79106481506917,7.420273253238881,496.04655203697604,94.084344,0.6339175869759053
1705,C:\Users\joshy\OneDrive\Documents\Kravitz Lab\freezeData\\0322\20260319195935-b94.09-f0.png,2026-03-19 19:59:35,0.0,56.89949792213762,7.4272814857592415,454.3502233171041,93.921284,0.7235279874969464
1706,C:\Users\joshy\OneDrive\Documents\Kravitz Lab\freezeData\\0322\20260319195955-b94.48-f2.png,2026-03-19 19:59:55,2.0,57.43607169988964,7.440710001497231,472.2081661822561,94.298556,0.7791279201131412
1707,C:\Users\joshy\OneDrive\Documents\Kravitz Lab\freezeData\\0322\20260319200014-b94.56-f4.png,2026-03-19 20:00:14,4.0,57.865902061927834,7.439690432607719,417.66176214040007,94.396876,0.830373057088274
1708,C:\Users\joshy\OneDrive\Documents\Kravitz Lab\freezeData\\0322\20260319200032-b94.41-f6.png,2026-03-19 20:00:32,6.0,58.27767586354199,7.437360196483585,442.818700095424,94.246544,0.7727491732961499
1709,C:\Users\joshy\OneDrive\Documents\Kravitz Lab\freezeData\\0322\20260319200051-b94.43-f8.png,2026-03-19 20:00:51,8.0,58.538356084036245,7.4314570255773305,448.359670803184,94.276476,0.6975192851962841
1710,C:\Users\joshy\OneDrive\Documents\Kravitz Lab\freezeData\\0322\20260319200130-b93.71-f0.png,2026-03-19 20:01:30,0.0,56.93040347052194,7.421724449723099,446.125111520256,93.553672,0.7234311834198747
1711,C:\Users\joshy\OneDrive\Documents\Kravitz Lab\freezeData\\0322\20260319200111-b93.84-f10.png,2026-03-19 20:01:11,10.0,58.72836362123855,7.421485083723871,490.31778938046403,93.680672,0.633512228190721
1712,C:\Users\joshy\OneDrive\Documents\Kravitz Lab\freezeData\\0322\20260319200150-b94.43-f2.png,2026-03-19 20:01:50,2.0,57.50815581670078,7.439729797387987,462.35713736422406,94.269508,0.7784943347687121
1713,C:\Users\joshy\OneDrive\Documents\Kravitz Lab\freezeData\\0322\20260319200210-b94.70-f4.png,2026-03-19 20:02:10,4.0,57.84342799755409,7.440939208617403,420.311594439536,94.544424,0.8299961959486918
1714,C:\Users\joshy\OneDrive\Documents\Kravitz Lab\freezeData\\0322\20260319200230-b94.34-f6.png,2026-03-19 20:02:30,6.0,58.29587940215205,7.437515145782819,446.587463522544,94.190412,0.7706208632483165
1715,C:\Users\joshy\OneDrive\Documents\Kravitz Lab\freezeData\\0322\20260319200309-b94.19-f10.png,2026-03-19 20:03:09,10.0,58.94736689782559,7.4224666038430875,526.5685160727039,94.057444,0.6337758892517918
1716,C:\Users\joshy\OneDrive\Documents\Kravitz Lab\freezeData\\0322\20260319200249-b94.17-f8.png,2026-03-19 20:02:49,8.0,58.621073116712424,7.42888802935924,454.94595571398395,94.021416,0.7002191868394375
1717,C:\Users\joshy\OneDrive\Documents\Kravitz Lab\freezeData\\0322\20260319200328-b94.28-f0.png,2026-03-19 20:03:28,0.0,57.01594892146989,7.42713765748801,457.06021784959995,94.130156,0.7242750891236741
1718,C:\Users\joshy\OneDrive\Documents\Kravitz Lab\freezeData\\0322\20260319200348-b94.45-f2.png,2026-03-19 20:03:48,2.0,57.483955340933036,7.4387554216563565,474.6541036902241,94.290204,0.7778218692842658
1719,C:\Users\joshy\OneDrive\Documents\Kravitz Lab\freezeData\\0322\20260319200407-b94.41-f4.png,2026-03-19 20:04:07,4.0,57.82776581843362,7.438480282900736,423.641003496944,94.23522,0.8312967262853374
1720,C:\Users\joshy\OneDrive\Documents\Kravitz Lab\freezeData\\0322\20260319200426-b94.51-f6.png,2026-03-19 20:04:26,6.0,58.27625725332525,7.436127831833918,441.83163874673596,94.357984,0.772693166427509
1721,C:\Users\joshy\OneDrive\Documents\Kravitz Lab\freezeData\\0322\20260319200445-b94.27-f8.png,2026-03-19 20:04:45,8.0,58.57306061933264,7.43018659997016,458.20540106950403,94.127772,0.6966998710797012
1722,C:\Users\joshy\OneDrive\Documents\Kravitz Lab\freezeData\\0322\20260319200504-b93.93-f10.png,2026-03-19 20:05:04,10.0,58.82830735511251,7.42063117125588,522.7647459204959,93.794696,0.6335414065593086
1723,C:\Users\joshy\OneDrive\Documents\Kravitz Lab\freezeData\\0322\20260319200524-b93.71-f0.png,2026-03-19 20:05:24,0.0,56.83505426625522,7.420267923723867,449.1945547650561,93.555268,0.7241103218427006
1724,C:\Users\joshy\OneDrive\Documents\Kravitz Lab\freezeData\\0322\20260319200543-b94.58-f2.png,2026-03-19 20:05:43,2.0,57.488916612786646,7.440269884527115,470.2736939483999,94.418008,0.7783171595514128
1725,C:\Users\joshy\OneDrive\Documents\Kravitz Lab\freezeData\\0322\20260319200603-b94.51-f4.png,2026-03-19 20:06:03,4.0,57.85616701692929,7.438301944903547,432.20262370560005,94.341072,0.8295353355111663
1726,C:\Users\joshy\OneDrive\Documents\Kravitz Lab\freezeData\\0322\20260319200624-b94.51-f6.png,2026-03-19 20:06:24,6.0,58.173407554842655,7.43568251040267,435.32605083801593,94.353776,0.774202866302393
1727,C:\Users\joshy\OneDrive\Documents\Kravitz Lab\freezeData\\0322\20260319200643-b94.27-f8.png,2026-03-19 20:06:43,8.0,58.66114215463589,7.429365521388834,451.7845760000001,94.10944,0.6982191872279047
1728,C:\Users\joshy\OneDrive\Documents\Kravitz Lab\freezeData\\0322\20260319200702-b93.52-f10.png,2026-03-19 20:07:02,10.0,58.768121877218434,7.415118964840378,514.726273662576,93.38838,0.6331138689723969
1729,C:\Users\joshy\OneDrive\Documents\Kravitz Lab\freezeData\\0322\20260319200723-b94.15-f0.png,2026-03-19 20:07:23,0.0,56.931120870710984,7.426126627546692,441.33673947161594,94.000636,0.7252734553115197
1730,C:\Users\joshy\OneDrive\Documents\Kravitz Lab\freezeData\\0322\20260319200742-b94.55-f2.png,2026-03-19 20:07:42,2.0,57.40278580398495,7.437969635765273,468.34247207959993,94.392232,0.7780766241594165
1731,C:\Users\joshy\OneDrive\Documents\Kravitz Lab\freezeData\\0322\20260319200801-b94.34-f4.png,2026-03-19 20:08:01,4.0,57.760617505116755,7.436327224704255,425.14115724159996,94.18174,0.8293267632630398
1732,C:\Users\joshy\OneDrive\Documents\Kravitz Lab\freezeData\\0322\20260319200820-b94.52-f6.png,2026-03-19 20:08:20,6.0,58.13937404503423,7.437032903199552,442.855473889216,94.36754,0.7742326261649966
1733,C:\Users\joshy\OneDrive\Documents\Kravitz Lab\freezeData\\0322\20260319200841-b94.16-f8.png,2026-03-19 20:08:41,8.0,58.532635664973235,7.430081909911759,462.541688127744,94.012252,0.6921656568885619
1734,C:\Users\joshy\OneDrive\Documents\Kravitz Lab\freezeData\\0322\20260319200900-b93.70-f10.png,2026-03-19 20:09:00,10.0,58.74765410996085,7.4140145186280675,525.7600459851359,93.58958,0.6333740746953784
1735,C:\Users\joshy\OneDrive\Documents\Kravitz Lab\freezeData\\0322\20260319200919-b93.87-f0.png,2026-03-19 20:09:19,0.0,56.925941635886886,7.421245002240339,445.8179396735999,93.71526,0.7239087467406135
1736,C:\Users\joshy\OneDrive\Documents\Kravitz Lab\freezeData\\0322\20260319200938-b94.56-f2.png,2026-03-19 20:09:38,2.0,57.383453675327,7.437698698488643,481.0256039357439,94.39946,0.7776829326412269
1737,C:\Users\joshy\OneDrive\Documents\Kravitz Lab\freezeData\\0322\20260319200956-b94.29-f4.png,2026-03-19 20:09:56,4.0,57.74828629499705,7.435159879142438,439.07807900000006,94.136916,0.8306092925062863
1738,C:\Users\joshy\OneDrive\Documents\Kravitz Lab\freezeData\\0322\20260319201016-b94.27-f6.png,2026-03-19 20:10:16,6.0,58.15862121605167,7.433139263325175,423.81553267302405,94.116268,0.7697088142835665
1739,C:\Users\joshy\OneDrive\Documents\Kravitz Lab\freezeData\\0322\20260319201035-b94.16-f8.png,2026-03-19 20:10:35,8.0,58.52432534898547,7.426654608473493,460.6023747212641,94.001564,0.6921625624252122
1740,C:\Users\joshy\OneDrive\Documents\Kravitz Lab\freezeData\\0322\20260319201054-b93.40-f10.png,2026-03-19 20:10:54,10.0,58.7422106545404,7.413009714188365,503.534784806144,93.26776,0.6324951091537087
1741,C:\Users\joshy\OneDrive\Documents\Kravitz Lab\freezeData\\0322\20260319201113-b94.25-f0.png,2026-03-19 20:11:13,0.0,56.8580423015884,7.4245486077018725,414.5129735484,94.082472,0.7225106112302937
1742,C:\Users\joshy\OneDrive\Documents\Kravitz Lab\freezeData\\0322\20260319201133-b94.74-f2.png,2026-03-19 20:11:33,2.0,57.342799945215226,7.437436979679355,454.4103815076959,94.565532,0.77622711437388
1743,C:\Users\joshy\OneDrive\Documents\Kravitz Lab\freezeData\\0322\20260319201153-b94.73-f4.png,2026-03-19 20:11:53,4.0,57.78517590334795,7.437166562216071,413.17034186214397,94.543056,0.8270660505699987
1744,C:\Users\joshy\OneDrive\Documents\Kravitz Lab\freezeData\\0322\20260319201212-b94.53-f6.png,2026-03-19 20:12:12,6.0,58.31922458518131,7.432690541140226,419.88785083801605,94.350428,0.7685188975477865
1745,C:\Users\joshy\OneDrive\Documents\Kravitz Lab\freezeData\\0322\20260319201230-b94.05-f8.png,2026-03-19 20:12:30,8.0,58.6673996120503,7.427240596691441,451.838178633664,93.8974,0.6943245910093714
1746,C:\Users\joshy\OneDrive\Documents\Kravitz Lab\freezeData\\0322\20260319201309-b93.99-f0.png,2026-03-19 20:13:09,0.0,56.88222371306607,7.4272677580182505,446.92822138481597,93.838552,0.7240516295282566
1747,C:\Users\joshy\OneDrive\Documents\Kravitz Lab\freezeData\\0322\20260319201250-b93.46-f10.png,2026-03-19 20:12:50,10.0,58.7657922066699,7.413884624456125,509.500639965424,93.332136,0.6344364475548238
1748,C:\Users\joshy\OneDrive\Documents\Kravitz Lab\freezeData\\0322\20260319201328-b94.42-f2.png,2026-03-19 20:13:28,2.0,57.32693243082787,7.438156767991231,467.33908492439997,94.252464,0.7775412176307683
1749,C:\Users\joshy\OneDrive\Documents\Kravitz Lab\freezeData\\0322\20260319201348-b94.24-f4.png,2026-03-19 20:13:48,4.0,57.66983032822622,7.436430307669182,422.6155112384,94.06944,0.8309640744822208
1750,C:\Users\joshy\OneDrive\Documents\Kravitz Lab\freezeData\\0322\20260319201408-b94.23-f6.png,2026-03-19 20:14:08,6.0,58.149429891137,7.437014622030791,435.795764845824,94.071912,0.7703398056980074
1751,C:\Users\joshy\OneDrive\Documents\Kravitz Lab\freezeData\\0322\20260319201427-b94.19-f8.png,2026-03-19 20:14:27,8.0,58.52437551893686,7.4251987647128725,436.40587538622407,94.022408,0.6955672402637982
1752,C:\Users\joshy\OneDrive\Documents\Kravitz Lab\freezeData\\0322\20260319201445-b93.52-f10.png,2026-03-19 20:14:45,10.0,58.737870734490336,7.411410102653703,507.800969662576,93.368952,0.6345351495613201
1753,C:\Users\joshy\OneDrive\Documents\Kravitz Lab\freezeData\\0322\20260319201505-b93.75-f0.png,2026-03-19 20:15:05,0.0,56.899000465648115,7.425999647078175,443.9137872650239,93.604776,0.7221513170195768
1754,C:\Users\joshy\OneDrive\Documents\Kravitz Lab\freezeData\\0322\20260319201523-b94.43-f2.png,2026-03-19 20:15:23,2.0,57.49981792236911,7.44334542801609,459.3005670716,94.26212,0.7771374728080132
1755,C:\Users\joshy\OneDrive\Documents\Kravitz Lab\freezeData\\0322\20260319201602-b94.47-f6.png,2026-03-19 20:16:02,6.0,58.328780771446816,7.4458972978940805,437.5646954204,94.321636,0.7689999720310574
1756,C:\Users\joshy\OneDrive\Documents\Kravitz Lab\freezeData\\0322\20260319201542-b94.36-f4.png,2026-03-19 20:15:42,4.0,57.79157281646534,7.441446387925244,421.679901189056,94.186428,0.8303264660024259
1757,C:\Users\joshy\OneDrive\Documents\Kravitz Lab\freezeData\\0322\20260319201621-b93.66-f8.png,2026-03-19 20:16:21,8.0,58.59404760668933,7.431980945110554,434.7504386044001,93.501032,0.6953075647886241
1758,C:\Users\joshy\OneDrive\Documents\Kravitz Lab\freezeData\\0322\20260327035756-b94.63-f2.png,2026-03-27 03:57:56,2.0,58.04530692138533,7.452217885569,473.137743797504,94.474224,0.7825162693409811
1759,C:\Users\joshy\OneDrive\Documents\Kravitz Lab\freezeData\\0322\20260327035814-b94.66-f4.png,2026-03-27 03:58:14,4.0,58.461349765398886,7.457118930823584,429.8990282270561,94.516236,0.8021533598790239
1760,C:\Users\joshy\OneDrive\Documents\Kravitz Lab\freezeData\\0322\20260327035833-b94.88-f6.png,2026-03-27 03:58:33,6.0,58.96722769430369,7.457078185728702,447.1037240637441,94.747988,0.7384368508339022
1761,C:\Users\joshy\OneDrive\Documents\Kravitz Lab\freezeData\\0322\20260327035852-b94.94-f8.png,2026-03-27 03:58:52,8.0,59.41873389775975,7.445801792067475,471.7735576816001,94.803404,0.6702296458229544
1762,C:\Users\joshy\OneDrive\Documents\Kravitz Lab\freezeData\\0322\20260327035910-b94.39-f10.png,2026-03-27 03:59:10,10.0,59.562692530537475,7.434555681111004,509.6353685744,94.249284,0.6147516971041289
1763,C:\Users\joshy\OneDrive\Documents\Kravitz Lab\freezeData\\0322\20260327035929-b94.21-f0.png,2026-03-27 03:59:29,0.0,57.657366141021875,7.438692801309806,462.215347124736,94.070012,0.7443355972195855
1764,C:\Users\joshy\OneDrive\Documents\Kravitz Lab\freezeData\\0322\20260327035950-b94.74-f2.png,2026-03-27 03:59:50,2.0,58.192879449345135,7.45722535052179,483.016972137584,94.594728,0.7831215285006152
1765,C:\Users\joshy\OneDrive\Documents\Kravitz Lab\freezeData\\0322\20260327040008-b95.06-f4.png,2026-03-27 04:00:08,4.0,58.67870158236278,7.458600981890581,440.326501093616,94.923996,0.803077119481778
1766,C:\Users\joshy\OneDrive\Documents\Kravitz Lab\freezeData\\0322\20260327040027-b95.08-f6.png,2026-03-27 04:00:27,6.0,59.03606963632996,7.452019945414612,428.9193556402561,94.93712,0.7391332080108564
1767,C:\Users\joshy\OneDrive\Documents\Kravitz Lab\freezeData\\0322\20260327040046-b94.77-f8.png,2026-03-27 04:00:46,8.0,59.30693614534125,7.439284086348673,460.87682152958394,94.629696,0.670390929081824
1768,C:\Users\joshy\OneDrive\Documents\Kravitz Lab\freezeData\\0322\20260327040106-b94.20-f10.png,2026-03-27 04:01:06,10.0,59.445922141714505,7.432258935501102,502.355560604784,94.061096,0.614819454393192
1769,C:\Users\joshy\OneDrive\Documents\Kravitz Lab\freezeData\\0322\20260327040125-b93.93-f0.png,2026-03-27 04:01:25,0.0,57.56678588889757,7.437452979957872,441.82851041150406,93.787768,0.7431406154917333
1770,C:\Users\joshy\OneDrive\Documents\Kravitz Lab\freezeData\\0322\20260327040145-b94.92-f2.png,2026-03-27 04:01:45,2.0,58.16340690109533,7.4568757709849365,467.22220002502405,94.772796,0.7819163647626178
1771,C:\Users\joshy\OneDrive\Documents\Kravitz Lab\freezeData\\0322\20260327040203-b94.95-f4.png,2026-03-27 04:02:03,4.0,58.65033729086932,7.459768157330293,435.2323306176,94.810792,0.8033198583683797
1772,C:\Users\joshy\OneDrive\Documents\Kravitz Lab\freezeData\\0322\20260327040221-b95.06-f6.png,2026-03-27 04:02:21,6.0,58.98807692688223,7.45688506192511,426.42384054039996,94.915168,0.739123707730484
1773,C:\Users\joshy\OneDrive\Documents\Kravitz Lab\freezeData\\0322\20260327040241-b94.81-f8.png,2026-03-27 04:02:41,8.0,59.28243704329288,7.439903978788952,448.46584332094403,94.651004,0.6714409715440859
1774,C:\Users\joshy\OneDrive\Documents\Kravitz Lab\freezeData\\0322\20260327040258-b94.55-f10.png,2026-03-27 04:02:58,10.0,59.51350646262087,7.436704412639654,514.221087242864,94.413672,0.6158121485308446
1775,C:\Users\joshy\OneDrive\Documents\Kravitz Lab\freezeData\\0322\20260327040337-b94.83-f2.png,2026-03-27 04:03:37,2.0,58.139322604598696,7.458009588448795,460.110493398464,94.67472,0.7819343754320768
1776,C:\Users\joshy\OneDrive\Documents\Kravitz Lab\freezeData\\0322\20260327040317-b94.01-f0.png,2026-03-27 04:03:17,0.0,57.561912048767105,7.438400032973939,432.2592898496,93.8727,0.7424867743956358
1777,C:\Users\joshy\OneDrive\Documents\Kravitz Lab\freezeData\\0322\20260327040354-b94.81-f4.png,2026-03-27 04:03:54,4.0,58.504026834275265,7.456267595032736,433.88315984326397,94.66588,0.8041518049762124
1778,C:\Users\joshy\OneDrive\Documents\Kravitz Lab\freezeData\\0322\20260327040415-b94.88-f6.png,2026-03-27 04:04:15,6.0,59.05587655681707,7.453047219844406,428.85532370681597,94.728272,0.7391695017347256
1779,C:\Users\joshy\OneDrive\Documents\Kravitz Lab\freezeData\\0322\20260327040510-b94.11-f0.png,2026-03-27 04:05:10,0.0,57.59002099427865,7.440409046969465,435.901701829744,93.971612,0.7441994379561614
1780,C:\Users\joshy\OneDrive\Documents\Kravitz Lab\freezeData\\0322\20260327040434-b94.85-f8.png,2026-03-27 04:04:34,8.0,59.274349977923364,7.44372347462337,458.30049375001596,94.689216,0.6695077788158493
1781,C:\Users\joshy\OneDrive\Documents\Kravitz Lab\freezeData\\0322\20260327040452-b94.36-f10.png,2026-03-27 04:04:52,10.0,59.608765532834184,7.437967977946309,512.629735096816,94.21754,0.6133285177560563
1782,C:\Users\joshy\OneDrive\Documents\Kravitz Lab\freezeData\\0322\20260327040530-b94.70-f2.png,2026-03-27 04:05:30,2.0,58.196548198695226,7.453928950085628,481.1003113328641,94.561788,0.7818532793484235
1783,C:\Users\joshy\OneDrive\Documents\Kravitz Lab\freezeData\\0322\20260327040548-b94.98-f4.png,2026-03-27 04:05:48,4.0,58.66054163798095,7.459931803014731,437.680488945664,94.834052,0.802516521646501
1784,C:\Users\joshy\OneDrive\Documents\Kravitz Lab\freezeData\\0322\20260327040606-b95.02-f6.png,2026-03-27 04:06:06,6.0,59.01826974287755,7.455429595262894,443.12016820529607,94.888212,0.7380407331480633
1785,C:\Users\joshy\OneDrive\Documents\Kravitz Lab\freezeData\\0322\20260327040625-b94.45-f8.png,2026-03-27 04:06:25,8.0,59.224598950908366,7.444687425032839,465.38543072945595,94.305992,0.6701169206014549
1786,C:\Users\joshy\OneDrive\Documents\Kravitz Lab\freezeData\\0322\20260327040644-b94.04-f10.png,2026-03-27 04:06:44,10.0,59.46966033815885,7.432822389389169,506.022298022656,93.908004,0.6141522304040197
1787,C:\Users\joshy\OneDrive\Documents\Kravitz Lab\freezeData\\0322\20260327040704-b94.19-f0.png,2026-03-27 04:07:04,0.0,57.656247424614655,7.437707768008236,436.67912243039996,94.047296,0.7434882001498867
1788,C:\Users\joshy\OneDrive\Documents\Kravitz Lab\freezeData\\0322\20260327040722-b94.68-f2.png,2026-03-27 04:07:22,2.0,58.09844005527873,7.456837266593842,468.605000412784,94.535428,0.7814015941331806
1789,C:\Users\joshy\OneDrive\Documents\Kravitz Lab\freezeData\\0322\20260327040741-b94.97-f4.png,2026-03-27 04:07:41,4.0,58.58529225114699,7.456639639349915,417.648381657344,94.811236,0.8042489314939686
1790,C:\Users\joshy\OneDrive\Documents\Kravitz Lab\freezeData\\0322\20260327040800-b95.16-f6.png,2026-03-27 04:08:00,6.0,59.062601229954105,7.454129176658353,443.4098681584,95.031368,0.7383992344311464
1791,C:\Users\joshy\OneDrive\Documents\Kravitz Lab\freezeData\\0322\20260327040838-b94.57-f10.png,2026-03-27 04:08:38,10.0,59.66303318445632,7.438270575016014,519.158231635904,94.429408,0.6136311142888718
1792,C:\Users\joshy\OneDrive\Documents\Kravitz Lab\freezeData\\0322\20260327040819-b94.82-f8.png,2026-03-27 04:08:19,8.0,59.30263309531664,7.444782132745944,455.25559095025596,94.678516,0.6690885613955115
1793,C:\Users\joshy\OneDrive\Documents\Kravitz Lab\freezeData\\0322\20260327040857-b94.21-f0.png,2026-03-27 04:08:57,0.0,57.652627987962525,7.440487506083076,444.833310486896,94.07604,0.745467890671656
1794,C:\Users\joshy\OneDrive\Documents\Kravitz Lab\freezeData\\0322\20260327040916-b94.83-f2.png,2026-03-27 04:09:16,2.0,58.21152437988891,7.455224352734654,457.26064239000004,94.68264,0.7848074888981097
1795,C:\Users\joshy\OneDrive\Documents\Kravitz Lab\freezeData\\0322\20260327040934-b94.98-f4.png,2026-03-27 04:09:34,4.0,58.62380898940006,7.458278523710665,437.9512249456639,94.837656,0.8004586756422746
1796,C:\Users\joshy\OneDrive\Documents\Kravitz Lab\freezeData\\0322\20260327040953-b94.97-f6.png,2026-03-27 04:09:53,6.0,59.00552528422348,7.455803539223362,443.792510220784,94.830808,0.7395955445712508
1797,C:\Users\joshy\OneDrive\Documents\Kravitz Lab\freezeData\\0322\20260327041012-b94.74-f8.png,2026-03-27 04:10:12,8.0,59.28339244646298,7.444729887180834,439.8999346944,94.581216,0.670324910249294
1798,C:\Users\joshy\OneDrive\Documents\Kravitz Lab\freezeData\\0322\20260327041031-b94.23-f10.png,2026-03-27 04:10:31,10.0,59.47072769034043,7.431937326795462,487.7743547663361,94.079624,0.6142824429593182
1799,C:\Users\joshy\OneDrive\Documents\Kravitz Lab\freezeData\\0322\20260327041050-b94.02-f0.png,2026-03-27 04:10:50,0.0,57.633452135731034,7.437434106000956,435.21766375640004,93.88928,0.744948799299801
1800,C:\Users\joshy\OneDrive\Documents\Kravitz Lab\freezeData\\0322\20260327041109-b94.81-f2.png,2026-03-27 04:11:09,2.0,58.080617262366076,7.455980672219974,457.020181862144,94.652612,0.7806837922733385
1801,C:\Users\joshy\OneDrive\Documents\Kravitz Lab\freezeData\\0322\20260327041127-b95.05-f4.png,2026-03-27 04:11:27,4.0,58.55052512351922,7.456116419792655,403.79027880697595,94.884988,0.8027813788008943
1802,C:\Users\joshy\OneDrive\Documents\Kravitz Lab\freezeData\\0322\20260327041146-b95.00-f6.png,2026-03-27 04:11:46,6.0,58.95660800230773,7.452845086643198,418.5295940464,94.843332,0.7376910688823677
1803,C:\Users\joshy\OneDrive\Documents\Kravitz Lab\freezeData\\0322\20260327041205-b95.02-f8.png,2026-03-27 04:12:05,8.0,59.45796621344716,7.4463952426717395,453.41902864,94.870024,0.6686705180600541
1804,C:\Users\joshy\OneDrive\Documents\Kravitz Lab\freezeData\\0322\20260327041223-b94.35-f10.png,2026-03-27 04:12:23,10.0,59.6484684638385,7.437093006672889,496.58311196542405,94.197408,0.6142475635290668
1805,C:\Users\joshy\OneDrive\Documents\Kravitz Lab\freezeData\\0322\20260327041242-b94.24-f0.png,2026-03-27 04:12:42,0.0,57.618563860400265,7.444000977796515,435.764533302256,94.095324,0.7439946962431003
1806,C:\Users\joshy\OneDrive\Documents\Kravitz Lab\freezeData\\0322\20260327041301-b94.84-f2.png,2026-03-27 04:13:01,2.0,58.13896294286591,7.456728940542811,459.5611244924001,94.683008,0.7795580831347678
1807,C:\Users\joshy\OneDrive\Documents\Kravitz Lab\freezeData\\0322\20260327041320-b95.06-f4.png,2026-03-27 04:13:20,4.0,58.54718447520782,7.458802241526869,426.552132360304,94.908272,0.8015685175242765
1808,C:\Users\joshy\OneDrive\Documents\Kravitz Lab\freezeData\\0322\20260327041339-b94.77-f6.png,2026-03-27 04:13:39,6.0,58.934125224427454,7.456552495827569,432.48339214270396,94.617252,0.7377211422429643
1809,C:\Users\joshy\OneDrive\Documents\Kravitz Lab\freezeData\\0322\20260327041358-b94.81-f8.png,2026-03-27 04:13:58,8.0,59.27489058907436,7.444131579119967,456.3260342590561,94.647708,0.6712350862598246
1810,C:\Users\joshy\OneDrive\Documents\Kravitz Lab\freezeData\\0322\20260327041417-b94.50-f10.png,2026-03-27 04:14:17,10.0,59.54234360576896,7.432257327187193,478.266799222784,94.330112,0.6153157752386402
1811,C:\Users\joshy\OneDrive\Documents\Kravitz Lab\freezeData\\0322\20260327041437-b94.02-f0.png,2026-03-27 04:14:37,0.0,57.55548079682365,7.438512529662216,425.659996796144,93.880408,0.74297989816776
1812,C:\Users\joshy\OneDrive\Documents\Kravitz Lab\freezeData\\0322\20260327041456-b94.83-f2.png,2026-03-27 04:14:56,2.0,58.05347003861031,7.456044156788356,466.33839215999996,94.674724,0.7811820897899292
1813,C:\Users\joshy\OneDrive\Documents\Kravitz Lab\freezeData\\0322\20260327041515-b95.02-f4.png,2026-03-27 04:15:15,4.0,58.605500052608164,7.4526852768623435,416.74808842649605,94.848912,0.8029982360380876
1814,C:\Users\joshy\OneDrive\Documents\Kravitz Lab\freezeData\\0322\20260327041537-b95.27-f6.png,2026-03-27 04:15:37,6.0,58.98719607357664,7.456864297536741,421.106663822064,95.115132,0.7380186005271896
1815,C:\Users\joshy\OneDrive\Documents\Kravitz Lab\freezeData\\0322\20260327041555-b94.69-f8.png,2026-03-27 04:15:55,8.0,59.35683567751313,7.446429920001001,456.8217526047841,94.537448,0.6698374325412207
1816,C:\Users\joshy\OneDrive\Documents\Kravitz Lab\freezeData\\0322\20260327041613-b94.37-f10.png,2026-03-27 04:16:13,10.0,59.50420009275191,7.435461251345569,487.39535002240007,94.198412,0.6146224173056575
1817,C:\Users\joshy\OneDrive\Documents\Kravitz Lab\freezeData\\0322\20260327041633-b94.35-f0.png,2026-03-27 04:16:33,0.0,57.63157817934192,7.439951552119713,436.786550903744,94.20828,0.7448940928919694
1818,C:\Users\joshy\OneDrive\Documents\Kravitz Lab\freezeData\\0322\20260327041651-b94.84-f2.png,2026-03-27 04:16:51,2.0,58.05057786706693,7.455472665690382,463.86525690310395,94.67614,0.7804674888668525
1819,C:\Users\joshy\OneDrive\Documents\Kravitz Lab\freezeData\\0322\20260327041709-b94.93-f4.png,2026-03-27 04:17:09,4.0,58.600481858550076,7.457209578969786,421.20275861190396,94.774412,0.8029680656291811
1820,C:\Users\joshy\OneDrive\Documents\Kravitz Lab\freezeData\\0322\20260327041728-b94.85-f6.png,2026-03-27 04:17:28,6.0,58.94800615901494,7.455825793970626,423.375720267376,94.687856,0.7375014117731741
1821,C:\Users\joshy\OneDrive\Documents\Kravitz Lab\freezeData\\0322\20260327041747-b94.84-f8.png,2026-03-27 04:17:47,8.0,59.24479671465422,7.444635860678005,433.987946393584,94.666536,0.6707370429439077
1822,C:\Users\joshy\OneDrive\Documents\Kravitz Lab\freezeData\\0322\20260327041805-b94.25-f10.png,2026-03-27 04:18:05,10.0,59.51963991078912,7.431835053486552,505.11687822534395,94.1267,0.6153219069431466
1823,C:\Users\joshy\OneDrive\Documents\Kravitz Lab\freezeData\\0322\20260327041825-b94.25-f0.png,2026-03-27 04:18:25,0.0,57.76454593144677,7.4415065318987486,443.397601322944,94.114076,0.7427682612456924
1824,C:\Users\joshy\OneDrive\Documents\Kravitz Lab\freezeData\\0322\20260327041843-b94.90-f2.png,2026-03-27 04:18:43,2.0,58.15578119202679,7.456397034094407,467.639420227056,94.744348,0.7810579404967118
1825,C:\Users\joshy\OneDrive\Documents\Kravitz Lab\freezeData\\0322\20260327041901-b94.83-f4.png,2026-03-27 04:19:01,4.0,58.55872454298861,7.456037032869251,417.8784322493439,94.665372,0.8039583981267947
1826,C:\Users\joshy\OneDrive\Documents\Kravitz Lab\freezeData\\0322\20260327041920-b94.77-f6.png,2026-03-27 04:19:20,6.0,58.99566136657292,7.4522504125462765,431.299352860416,94.619716,0.7385308397491183
1827,C:\Users\joshy\OneDrive\Documents\Kravitz Lab\freezeData\\0322\20260327041939-b94.77-f8.png,2026-03-27 04:19:39,8.0,59.292366229974526,7.446324377948036,458.572861228016,94.612476,0.6696543448445316
1828,C:\Users\joshy\OneDrive\Documents\Kravitz Lab\freezeData\\0322\20260327041956-b94.15-f10.png,2026-03-27 04:19:56,10.0,59.48607522002722,7.436809702998527,507.98999087678396,93.998292,0.613971252230552
1829,C:\Users\joshy\OneDrive\Documents\Kravitz Lab\freezeData\\0322\20260327042016-b94.12-f0.png,2026-03-27 04:20:16,0.0,57.55356520881868,7.437261779611018,435.74304453617594,93.984516,0.7447132066237977
1830,C:\Users\joshy\OneDrive\Documents\Kravitz Lab\freezeData\\0322\20260327042034-b94.60-f2.png,2026-03-27 04:20:34,2.0,58.05156898203872,7.451762009581204,473.445479285696,94.45606,0.7818558245591957
1831,C:\Users\joshy\OneDrive\Documents\Kravitz Lab\freezeData\\0322\20260327042052-b94.93-f4.png,2026-03-27 04:20:52,4.0,58.52165048713866,7.4532434269148,438.18111600241605,94.775928,0.8047489894141636
1832,C:\Users\joshy\OneDrive\Documents\Kravitz Lab\freezeData\\0322\20260327042112-b95.03-f6.png,2026-03-27 04:21:12,6.0,59.033797196973325,7.455238004058389,416.7899394375041,94.869568,0.7378527352073484
1833,C:\Users\joshy\OneDrive\Documents\Kravitz Lab\freezeData\\0322\20260327042131-b94.74-f8.png,2026-03-27 04:21:31,8.0,59.28956053903466,7.448531153166993,442.037074393584,94.587012,0.6682969663691064
1834,C:\Users\joshy\OneDrive\Documents\Kravitz Lab\freezeData\\0322\20260327042150-b94.30-f10.png,2026-03-27 04:21:50,10.0,59.500149877762695,7.434912731799765,500.14944896,94.146576,0.614886652797296
1835,C:\Users\joshy\OneDrive\Documents\Kravitz Lab\freezeData\\0322\20260327042210-b94.10-f0.png,2026-03-27 04:22:10,0.0,57.634553086505456,7.437927446660891,437.2958918204,93.959472,0.7450107922371492
1836,C:\Users\joshy\OneDrive\Documents\Kravitz Lab\freezeData\\0322\20260327042228-b94.89-f2.png,2026-03-27 04:22:28,2.0,58.06597318442532,7.455553396230363,473.6756561599999,94.74116,0.7823763994390006
1837,C:\Users\joshy\OneDrive\Documents\Kravitz Lab\freezeData\\0322\20260327042305-b95.03-f6.png,2026-03-27 04:23:05,6.0,58.952204686522116,7.45440958378136,442.648995539456,94.88272,0.7393149108254715
1838,C:\Users\joshy\OneDrive\Documents\Kravitz Lab\freezeData\\0322\20260327042246-b95.11-f4.png,2026-03-27 04:22:46,4.0,58.58212359988108,7.457596837783726,433.82976160921595,94.954016,0.8031909297109989
1839,C:\Users\joshy\OneDrive\Documents\Kravitz Lab\freezeData\\0322\20260327042324-b94.79-f8.png,2026-03-27 04:23:24,8.0,59.314778366687534,7.445252589637104,458.82745099262405,94.642644,0.6694900448545809
1840,C:\Users\joshy\OneDrive\Documents\Kravitz Lab\freezeData\\0322\20260327042342-b94.53-f10.png,2026-03-27 04:23:42,10.0,59.66020424552581,7.438831284163213,508.3916299851359,94.380512,0.6143029097910366
1841,C:\Users\joshy\OneDrive\Documents\Kravitz Lab\freezeData\\0322\20260327042401-b94.07-f0.png,2026-03-27 04:24:01,0.0,57.6259152985009,7.436191908594577,434.9665532815361,93.9299,0.7445133854979021
1842,C:\Users\joshy\OneDrive\Documents\Kravitz Lab\freezeData\\0322\20260327042419-b94.75-f2.png,2026-03-27 04:24:19,2.0,58.102699595418585,7.456829752926371,470.6355994684001,94.588112,0.7810058261782711
1843,C:\Users\joshy\OneDrive\Documents\Kravitz Lab\freezeData\\0322\20260327042438-b94.86-f4.png,2026-03-27 04:24:38,4.0,58.52366021530998,7.4572839059416856,438.54751786942404,94.704712,0.8026709498794125
1844,C:\Users\joshy\OneDrive\Documents\Kravitz Lab\freezeData\\0322\20260327042457-b94.92-f6.png,2026-03-27 04:24:57,6.0,59.023726851058804,7.454189612274348,430.702003573184,94.77046,0.738755239296414
1845,C:\Users\joshy\OneDrive\Documents\Kravitz Lab\freezeData\\0322\20260327042516-b94.58-f8.png,2026-03-27 04:25:16,8.0,59.27901640986968,7.444403557355144,456.4051094066559,94.43472,0.6698852404511392
1846,C:\Users\joshy\OneDrive\Documents\Kravitz Lab\freezeData\\0322\20260327042534-b94.36-f10.png,2026-03-27 04:25:34,10.0,59.549497985912055,7.43286646783856,509.399376806144,94.219184,0.6152036692730524
1847,C:\Users\joshy\OneDrive\Documents\Kravitz Lab\freezeData\\0322\20260327042554-b93.98-f0.png,2026-03-27 04:25:54,0.0,57.71277657803533,7.440451387518972,455.3113724923999,93.850924,0.7436410484466531
1848,C:\Users\joshy\OneDrive\Documents\Kravitz Lab\freezeData\\0322\20260327042614-b94.56-f2.png,2026-03-27 04:26:14,2.0,58.107031333916076,7.4550834148439415,460.51547453822394,94.398464,0.7821049378177688
1849,C:\Users\joshy\OneDrive\Documents\Kravitz Lab\freezeData\\0322\20260327042651-b94.91-f6.png,2026-03-27 04:26:51,6.0,58.96314992240139,7.45814034158102,429.75019198398405,94.757696,0.7385595342674661
1850,C:\Users\joshy\OneDrive\Documents\Kravitz Lab\freezeData\\0322\20260327042632-b95.29-f4.png,2026-03-27 04:26:32,4.0,58.51242377411634,7.456076820681712,438.46649209265587,95.137332,0.8016767645182461
1851,C:\Users\joshy\OneDrive\Documents\Kravitz Lab\freezeData\\0322\20260327042713-b94.92-f8.png,2026-03-27 04:27:13,8.0,59.30740604508398,7.448141374203948,444.20358202240004,94.761756,0.6694556908471704
1852,C:\Users\joshy\OneDrive\Documents\Kravitz Lab\freezeData\\0322\20260327042731-b94.40-f10.png,2026-03-27 04:27:31,10.0,59.55235236383543,7.433270927914547,489.796619641856,94.241172,0.6143969101819617
1853,C:\Users\joshy\OneDrive\Documents\Kravitz Lab\freezeData\\0322\20260327042749-b94.12-f0.png,2026-03-27 04:27:49,0.0,57.64701876378289,7.439885006281357,443.919084251904,93.978008,0.7436282807179502
1854,C:\Users\joshy\OneDrive\Documents\Kravitz Lab\freezeData\\0322\20260327042808-b94.47-f2.png,2026-03-27 04:28:08,2.0,58.13107558083735,7.454511833955657,479.494017989104,94.332824,0.7822142117122848
1855,C:\Users\joshy\OneDrive\Documents\Kravitz Lab\freezeData\\0322\20260327042827-b95.10-f4.png,2026-03-27 04:28:27,4.0,58.66209317746935,7.45793505951013,427.34298036030407,94.946148,0.8025756215534054
1856,C:\Users\joshy\OneDrive\Documents\Kravitz Lab\freezeData\\0322\20260327042845-b95.00-f6.png,2026-03-27 04:28:45,6.0,59.02971782159898,7.454848914021367,441.54510998769604,94.85468,0.7405702684446355
1857,C:\Users\joshy\OneDrive\Documents\Kravitz Lab\freezeData\\0322\20260327042905-b94.86-f8.png,2026-03-27 04:29:05,8.0,59.40671327632338,7.448945483629124,470.937965060096,94.725552,0.668704900634188
1858,C:\Users\joshy\OneDrive\Documents\Kravitz Lab\freezeData\\0322\20260327042923-b94.53-f10.png,2026-03-27 04:29:23,10.0,59.55567125076449,7.438934061864833,511.225539352064,94.386308,0.6144939684474628
1859,C:\Users\joshy\OneDrive\Documents\Kravitz Lab\freezeData\\0322\20260327042942-b94.23-f0.png,2026-03-27 04:29:42,0.0,57.67895490659296,7.4420045625543185,447.643699018176,94.090404,0.7438537800652144
1860,C:\Users\joshy\OneDrive\Documents\Kravitz Lab\freezeData\\0322\20260327043002-b94.77-f2.png,2026-03-27 04:30:02,2.0,58.1440453805204,7.456701514268826,473.33072915654407,94.618772,0.7810485247503731
1861,C:\Users\joshy\OneDrive\Documents\Kravitz Lab\freezeData\\0322\20260327043022-b95.32-f4.png,2026-03-27 04:30:22,4.0,58.69146995138561,7.456623560052297,431.37915919097594,95.16884,0.8041342168727988
1862,C:\Users\joshy\OneDrive\Documents\Kravitz Lab\freezeData\\0322\20260327043041-b94.76-f6.png,2026-03-27 04:30:41,6.0,58.94257593393095,7.454214458600807,425.781661096384,94.612028,0.739442479041868
1863,C:\Users\joshy\OneDrive\Documents\Kravitz Lab\freezeData\\0322\20260327043101-b94.67-f8.png,2026-03-27 04:31:01,8.0,59.26740179815963,7.442778130010207,440.9167881440639,94.508252,0.6708296413372854
1864,C:\Users\joshy\OneDrive\Documents\Kravitz Lab\freezeData\\0322\20260327043119-b94.45-f10.png,2026-03-27 04:31:19,10.0,59.5653796435414,7.436258918177284,488.913575821936,94.304972,0.6145034749499216
1865,C:\Users\joshy\OneDrive\Documents\Kravitz Lab\freezeData\\0322\20260327043138-b94.03-f0.png,2026-03-27 04:31:38,0.0,57.58328725050962,7.438863155237367,442.539107935744,93.882964,0.7444145921390972
1866,C:\Users\joshy\OneDrive\Documents\Kravitz Lab\freezeData\\0322\20260327043158-b94.52-f2.png,2026-03-27 04:31:58,2.0,58.07242463143773,7.452800481979594,474.7864289776,94.383272,0.7803600503327937
1867,C:\Users\joshy\OneDrive\Documents\Kravitz Lab\freezeData\\0322\20260327043215-b94.71-f4.png,2026-03-27 04:32:15,4.0,58.52254995710163,7.456631128292876,426.4285530304,94.543388,0.804084811498462
1868,C:\Users\joshy\OneDrive\Documents\Kravitz Lab\freezeData\\0322\20260327043233-b94.78-f6.png,2026-03-27 04:32:33,6.0,59.01552040980407,7.453286856674195,437.729086026864,94.6274,0.7390538957954637
1869,C:\Users\joshy\OneDrive\Documents\Kravitz Lab\freezeData\\0322\20260327043253-b94.84-f8.png,2026-03-27 04:32:53,8.0,59.37413254989469,7.446870114378802,463.05258899039995,94.698756,0.6691681433279465
1870,C:\Users\joshy\OneDrive\Documents\Kravitz Lab\freezeData\\0322\20260327043312-b94.27-f10.png,2026-03-27 04:33:12,10.0,59.49822960654328,7.430864540122015,498.65584392959994,94.114916,0.6164017039485218
1871,C:\Users\joshy\OneDrive\Documents\Kravitz Lab\freezeData\\0322\20260327043331-b94.08-f0.png,2026-03-27 04:33:31,0.0,57.730591530206794,7.442814163143523,436.476841156544,93.935304,0.7441847314716886
1872,C:\Users\joshy\OneDrive\Documents\Kravitz Lab\freezeData\\0322\20260327043350-b94.70-f2.png,2026-03-27 04:33:50,2.0,58.08133521967676,7.4546326451836915,478.08984699999996,94.544756,0.7807203798414789
1873,C:\Users\joshy\OneDrive\Documents\Kravitz Lab\freezeData\\0322\20260327043410-b94.76-f4.png,2026-03-27 04:34:10,4.0,58.49446672087007,7.455690451491817,423.395600774656,94.610032,0.8031761827474695
1874,C:\Users\joshy\OneDrive\Documents\Kravitz Lab\freezeData\\0322\20260327043428-b95.09-f6.png,2026-03-27 04:34:28,6.0,58.97215153821552,7.458586302119452,439.80875037361596,94.958588,0.736884840579735
1875,C:\Users\joshy\OneDrive\Documents\Kravitz Lab\freezeData\\0322\20260327043447-b94.38-f8.png,2026-03-27 04:34:47,8.0,59.40072711766737,7.444938787112416,452.5279110236,94.225304,0.6711223232240373
1876,C:\Users\joshy\OneDrive\Documents\Kravitz Lab\freezeData\\0322\20260327043506-b94.28-f10.png,2026-03-27 04:35:06,10.0,59.49941188147917,7.436265133295337,515.9271391333759,94.144436,0.6145297999956221
1877,C:\Users\joshy\OneDrive\Documents\Kravitz Lab\freezeData\\0322\20260327043525-b93.97-f0.png,2026-03-27 04:35:25,0.0,57.6566364988914,7.43911184678782,454.35114175,93.833052,0.7437802254763144
1878,C:\Users\joshy\OneDrive\Documents\Kravitz Lab\freezeData\\0322\20260327043545-b94.82-f2.png,2026-03-27 04:35:45,2.0,58.09599155422343,7.455875068483654,479.4720671196,94.66146,0.781282826153482
1879,C:\Users\joshy\OneDrive\Documents\Kravitz Lab\freezeData\\0322\20260327043604-b95.04-f4.png,2026-03-27 04:36:04,4.0,58.47576656157947,7.454938246693815,432.88054040446394,94.889108,0.8035706448256033
1880,C:\Users\joshy\OneDrive\Documents\Kravitz Lab\freezeData\\0322\20260327043623-b95.08-f6.png,2026-03-27 04:36:23,6.0,59.037641040864905,7.458935072176813,437.14237517758403,94.925728,0.7390872770038912
1881,C:\Users\joshy\OneDrive\Documents\Kravitz Lab\freezeData\\0322\20260327043641-b95.08-f8.png,2026-03-27 04:36:41,8.0,59.36546582740157,7.446811046907301,447.58738126841604,94.924296,0.6711658276389351
1882,C:\Users\joshy\OneDrive\Documents\Kravitz Lab\freezeData\\0322\20260327043659-b94.24-f10.png,2026-03-27 04:36:59,10.0,59.590260396270665,7.435304333699654,513.768203119856,94.093284,0.6153384340308521
1883,C:\Users\joshy\OneDrive\Documents\Kravitz Lab\freezeData\\0322\20260327043719-b94.06-f0.png,2026-03-27 04:37:19,0.0,57.56518823227802,7.4369831011677,433.465094026864,93.91232,0.7442121036861108
1884,C:\Users\joshy\OneDrive\Documents\Kravitz Lab\freezeData\\0322\20260327043736-b94.84-f2.png,2026-03-27 04:37:36,2.0,58.15355503927044,7.4591720397645584,468.365281836656,94.669388,0.7822931559255338
1885,C:\Users\joshy\OneDrive\Documents\Kravitz Lab\freezeData\\0322\20260327043755-b94.96-f4.png,2026-03-27 04:37:55,4.0,58.56288650347747,7.45816727755445,433.1421485361761,94.797396,0.8020030273979792
1886,C:\Users\joshy\OneDrive\Documents\Kravitz Lab\freezeData\\0322\20260327043814-b94.95-f6.png,2026-03-27 04:38:14,6.0,59.00053434583792,7.453686857225968,426.38181578929596,94.78416,0.7381051958839331
1887,C:\Users\joshy\OneDrive\Documents\Kravitz Lab\freezeData\\0322\20260327043833-b94.72-f8.png,2026-03-27 04:38:33,8.0,59.320387519579945,7.445617943596284,463.600298986944,94.577308,0.6702898818396192
1888,C:\Users\joshy\OneDrive\Documents\Kravitz Lab\freezeData\\0322\20260327043852-b93.78-f10.png,2026-03-27 04:38:52,10.0,59.39324469236629,7.431726431044087,514.948843039984,93.647448,0.6154417351751955
1889,C:\Users\joshy\OneDrive\Documents\Kravitz Lab\freezeData\\0322\20260327043911-b94.03-f0.png,2026-03-27 04:39:11,0.0,57.5371177914744,7.4359099222726215,430.51722624000007,93.8885,0.7429703548647407
1890,C:\Users\joshy\OneDrive\Documents\Kravitz Lab\freezeData\\0322\20260327043931-b94.96-f2.png,2026-03-27 04:39:31,2.0,58.13315137787168,7.456140341539004,465.0300653724,94.797884,0.7808573901041029
1891,C:\Users\joshy\OneDrive\Documents\Kravitz Lab\freezeData\\0322\20260327043949-b94.92-f4.png,2026-03-27 04:39:49,4.0,58.56422780298226,7.456892089817359,439.472180404464,94.77898,0.8044974709283672
1892,C:\Users\joshy\OneDrive\Documents\Kravitz Lab\freezeData\\0322\20260327044007-b94.92-f6.png,2026-03-27 04:40:07,6.0,59.02423865502524,7.458609013094221,427.363211640256,94.772432,0.7371223337606782
1893,C:\Users\joshy\OneDrive\Documents\Kravitz Lab\freezeData\\0322\20260327044028-b94.57-f8.png,2026-03-27 04:40:28,8.0,59.29953463179231,7.445349620687803,461.15372185239994,94.425808,0.6714127487437894
1894,C:\Users\joshy\OneDrive\Documents\Kravitz Lab\freezeData\\0322\20260327044046-b94.25-f10.png,2026-03-27 04:40:46,10.0,59.6545549795164,7.438759086998465,507.767968651776,94.103316,0.6141266176385656
1895,C:\Users\joshy\OneDrive\Documents\Kravitz Lab\freezeData\\0322\20260327044106-b94.07-f0.png,2026-03-27 04:41:06,0.0,57.68086290496827,7.441344189736974,439.75727515999995,93.928484,0.7433150523520323
1896,C:\Users\joshy\OneDrive\Documents\Kravitz Lab\freezeData\\0322\20260327044126-b94.69-f2.png,2026-03-27 04:41:26,2.0,58.18885349551875,7.454906412985092,455.19460253822405,94.527584,0.7821761493345633
1897,C:\Users\joshy\OneDrive\Documents\Kravitz Lab\freezeData\\0322\20260327044145-b95.06-f4.png,2026-03-27 04:41:45,4.0,58.59294473507936,7.458592471097064,421.92344924,94.897456,0.8030946215152743
1898,C:\Users\joshy\OneDrive\Documents\Kravitz Lab\freezeData\\0322\20260327044205-b95.10-f6.png,2026-03-27 04:42:05,6.0,58.98817691227706,7.453641546981377,438.83578358999995,94.960852,0.7383277160412121
1899,C:\Users\joshy\OneDrive\Documents\Kravitz Lab\freezeData\\0322\20260327044224-b94.83-f8.png,2026-03-27 04:42:24,8.0,59.29058729887583,7.442508358807488,450.94578991,94.685628,0.6706141555890022
1900,C:\Users\joshy\OneDrive\Documents\Kravitz Lab\freezeData\\0322\20260327044242-b94.26-f10.png,2026-03-27 04:42:42,10.0,59.542801687267485,7.436721667500384,506.63422699262406,94.107644,0.6139119557212812
1901,C:\Users\joshy\OneDrive\Documents\Kravitz Lab\freezeData\\0322\20260327044302-b94.17-f0.png,2026-03-27 04:43:02,0.0,57.66387063440317,7.441326613666695,448.0145860072959,94.031104,0.742617360638119
1902,C:\Users\joshy\OneDrive\Documents\Kravitz Lab\freezeData\\0322\20260327044320-b94.86-f2.png,2026-03-27 04:43:20,2.0,58.230749902935095,7.456908964429136,473.66709313560006,94.717232,0.7822433287117282
1903,C:\Users\joshy\OneDrive\Documents\Kravitz Lab\freezeData\\0322\20260327044338-b94.69-f4.png,2026-03-27 04:43:38,4.0,58.58223744446776,7.454503405205291,436.86391806590404,94.544,0.8035418330710894
1904,C:\Users\joshy\OneDrive\Documents\Kravitz Lab\freezeData\\0322\20260327044357-b95.02-f6.png,2026-03-27 04:43:57,6.0,58.94176844859394,7.456834593934444,428.135881281536,94.869156,0.7392941301671123
1905,C:\Users\joshy\OneDrive\Documents\Kravitz Lab\freezeData\\0322\20260327044416-b94.69-f8.png,2026-03-27 04:44:16,8.0,59.20795897363313,7.441624329244894,445.76417024710406,94.537976,0.6707920852059739
1906,C:\Users\joshy\OneDrive\Documents\Kravitz Lab\freezeData\\0322\20260327044434-b94.22-f10.png,2026-03-27 04:44:34,10.0,59.52777473112866,7.433641449202345,503.205537988464,94.0634,0.6154833112603014
1907,C:\Users\joshy\OneDrive\Documents\Kravitz Lab\freezeData\\0322\20260327044453-b93.91-f0.png,2026-03-27 04:44:53,0.0,57.66310951320735,7.4411898027129615,452.06746397977594,93.774316,0.7419144309873013
1908,C:\Users\joshy\OneDrive\Documents\Kravitz Lab\freezeData\\0322\20260327044512-b94.96-f2.png,2026-03-27 04:45:12,2.0,58.16950831071207,7.4611825109193886,463.62356570873595,94.8033,0.7798589064456124
1909,C:\Users\joshy\OneDrive\Documents\Kravitz Lab\freezeData\\0322\20260327044530-b94.99-f4.png,2026-03-27 04:45:30,4.0,58.61192319861739,7.458854543774023,437.36163846425603,94.846876,0.8032491623945699
1910,C:\Users\joshy\OneDrive\Documents\Kravitz Lab\freezeData\\0322\20260327044550-b95.22-f6.png,2026-03-27 04:45:50,6.0,59.02432386322155,7.45875535039684,440.185319983984,95.077256,0.7367794026670974
1911,C:\Users\joshy\OneDrive\Documents\Kravitz Lab\freezeData\\0322\20260327044608-b94.90-f8.png,2026-03-27 04:46:08,8.0,59.286255693123344,7.447607354206729,460.655560675184,94.75836,0.6712952819518384
1912,C:\Users\joshy\OneDrive\Documents\Kravitz Lab\freezeData\\0322\20260327044627-b94.38-f10.png,2026-03-27 04:46:27,10.0,59.5165972705295,7.433558335012676,500.43155622462405,94.23624,0.6153146336553411
1913,C:\Users\joshy\OneDrive\Documents\Kravitz Lab\freezeData\\0322\20260327044646-b94.20-f0.png,2026-03-27 04:46:46,0.0,57.655825017741265,7.441821315597504,444.63823519513596,94.05394,0.7448330022716948
1914,C:\Users\joshy\OneDrive\Documents\Kravitz Lab\freezeData\\0322\20260327044704-b94.63-f2.png,2026-03-27 04:47:04,2.0,58.18487560672708,7.452667607432559,458.09316475313597,94.479736,0.7812825727211933
1915,C:\Users\joshy\OneDrive\Documents\Kravitz Lab\freezeData\\0322\20260327044723-b95.07-f4.png,2026-03-27 04:47:23,4.0,58.709859763662045,7.460393124513196,422.4402624642559,94.905944,0.8034833213363273
1916,C:\Users\joshy\OneDrive\Documents\Kravitz Lab\freezeData\\0322\20260327044743-b95.11-f6.png,2026-03-27 04:47:43,6.0,58.95539752289705,7.454518474399128,424.035939805696,94.951928,0.7383757821196265
1917,C:\Users\joshy\OneDrive\Documents\Kravitz Lab\freezeData\\0322\20260327044801-b94.75-f8.png,2026-03-27 04:48:01,8.0,59.327972058696766,7.447304044358809,453.99298035737604,94.597136,0.6681370594592945
1918,C:\Users\joshy\OneDrive\Documents\Kravitz Lab\freezeData\\0322\20260327044820-b94.24-f10.png,2026-03-27 04:48:20,10.0,59.59835389578554,7.436121586644457,509.843802396096,94.102552,0.6159066267930995
1919,C:\Users\joshy\OneDrive\Documents\Kravitz Lab\freezeData\\0322\20260327044840-b94.03-f0.png,2026-03-27 04:48:40,0.0,57.58137583308325,7.4363809844709285,444.08216204639996,93.894904,0.744709270233096
1920,C:\Users\joshy\OneDrive\Documents\Kravitz Lab\freezeData\\0322\20260327044859-b95.11-f2.png,2026-03-27 04:48:59,2.0,58.19333123678884,7.459288149937935,480.2947138366561,94.962376,0.7804147908301279
1921,C:\Users\joshy\OneDrive\Documents\Kravitz Lab\freezeData\\0322\20260327044918-b95.21-f4.png,2026-03-27 04:49:18,4.0,58.55537608613235,7.459726105137636,424.52882388889594,95.06046,0.802413124122151
1922,C:\Users\joshy\OneDrive\Documents\Kravitz Lab\freezeData\\0322\20260327044939-b94.97-f6.png,2026-03-27 04:49:39,6.0,59.05281807808545,7.4537944334807555,442.48170369022404,94.826112,0.738703226830863
1923,C:\Users\joshy\OneDrive\Documents\Kravitz Lab\freezeData\\0322\20260327044956-b94.91-f8.png,2026-03-27 04:49:56,8.0,59.45585324656593,7.44661694960049,465.60115087678406,94.760896,0.6709527555706248
1924,C:\Users\joshy\OneDrive\Documents\Kravitz Lab\freezeData\\0322\20260327045015-b94.26-f10.png,2026-03-27 04:50:15,10.0,59.62213646979061,7.437166097997946,502.242964998384,94.113608,0.6143286709635816
1925,C:\Users\joshy\OneDrive\Documents\Kravitz Lab\freezeData\\0322\20260327045035-b94.11-f0.png,2026-03-27 04:50:35,0.0,57.54019584017823,7.438220914174687,455.794037629424,93.980956,0.7437902121675273
1926,C:\Users\joshy\OneDrive\Documents\Kravitz Lab\freezeData\\0322\20260327045053-b94.90-f2.png,2026-03-27 04:50:53,2.0,58.20517994075442,7.455470812478067,478.6403476363359,94.74238,0.7806341492841763
1927,C:\Users\joshy\OneDrive\Documents\Kravitz Lab\freezeData\\0322\20260327045112-b95.05-f4.png,2026-03-27 04:51:12,4.0,58.622362832019526,7.458160403816927,415.2489843824,94.886916,0.8021868173129042
1928,C:\Users\joshy\OneDrive\Documents\Kravitz Lab\freezeData\\0322\20260327045132-b94.96-f6.png,2026-03-27 04:51:32,6.0,59.034116112088945,7.45623077890651,432.301011772864,94.82762,0.7377869870855599
1929,C:\Users\joshy\OneDrive\Documents\Kravitz Lab\freezeData\\0322\20260327045150-b94.78-f8.png,2026-03-27 04:51:50,8.0,59.36779427414241,7.446648469712192,458.51487726841594,94.624848,0.6691931197307319
1930,C:\Users\joshy\OneDrive\Documents\Kravitz Lab\freezeData\\0322\20260327045229-b94.01-f0.png,2026-03-27 04:52:29,0.0,57.6449620568721,7.436019915543042,449.588712888304,93.878076,0.7452354198408282
1931,C:\Users\joshy\OneDrive\Documents\Kravitz Lab\freezeData\\0322\20260327045208-b94.31-f10.png,2026-03-27 04:52:08,10.0,59.602869959650896,7.438288089982482,516.6219576816001,94.177788,0.6147152336742214
1932,C:\Users\joshy\OneDrive\Documents\Kravitz Lab\freezeData\\0322\20260327045246-b94.84-f2.png,2026-03-27 04:52:46,2.0,58.139723798449545,7.457656095439893,475.75694083902397,94.6892,0.7820048387171075
1933,C:\Users\joshy\OneDrive\Documents\Kravitz Lab\freezeData\\0322\20260327045304-b94.90-f4.png,2026-03-27 04:53:04,4.0,58.55135817264279,7.4587732647073635,435.91922347359997,94.770836,0.8036360392427432
1934,C:\Users\joshy\OneDrive\Documents\Kravitz Lab\freezeData\\0322\20260327045323-b94.90-f6.png,2026-03-27 04:53:23,6.0,58.98788970565074,7.456117971046555,440.0536225990239,94.749728,0.737285268968819
1935,C:\Users\joshy\OneDrive\Documents\Kravitz Lab\freezeData\\0322\20260327045344-b94.91-f8.png,2026-03-27 04:53:44,8.0,59.35687559301767,7.4473514519417305,462.924385303024,94.756468,0.6691874277797318
1936,C:\Users\joshy\OneDrive\Documents\Kravitz Lab\freezeData\\0322\20260327045422-b94.26-f0.png,2026-03-27 04:54:22,0.0,57.646513880414865,7.44018232721497,451.205641968064,94.111056,0.744409000740772
1937,C:\Users\joshy\OneDrive\Documents\Kravitz Lab\freezeData\\0322\20260327045403-b94.38-f10.png,2026-03-27 04:54:03,10.0,59.66451788625746,7.436286548827944,510.4520128446561,94.236908,0.6144435034581128
1938,C:\Users\joshy\OneDrive\Documents\Kravitz Lab\freezeData\\0322\20260327045440-b94.88-f2.png,2026-03-27 04:54:40,2.0,58.20424965098601,7.458361730397768,474.72222735639997,94.732264,0.7808238137464854
1939,C:\Users\joshy\OneDrive\Documents\Kravitz Lab\freezeData\\0322\20260327045501-b94.79-f4.png,2026-03-27 04:55:01,4.0,58.50092475406713,7.454197669442918,429.152508623344,94.630824,0.8032703655757482
1940,C:\Users\joshy\OneDrive\Documents\Kravitz Lab\freezeData\\0322\20260327045519-b95.02-f6.png,2026-03-27 04:55:19,6.0,58.98257922997604,7.459909181984085,434.13488972998397,94.88786,0.7371392434256075
1941,C:\Users\joshy\OneDrive\Documents\Kravitz Lab\freezeData\\0322\20260327045538-b94.94-f8.png,2026-03-27 04:55:38,8.0,59.26727365404945,7.446103802825554,468.571169578736,94.797996,0.6701350456271541
1942,C:\Users\joshy\OneDrive\Documents\Kravitz Lab\freezeData\\0322\20260327045558-b94.27-f10.png,2026-03-27 04:55:58,10.0,59.47560668978784,7.435564392595908,519.648263159744,94.132608,0.6147106378171697
1943,C:\Users\joshy\OneDrive\Documents\Kravitz Lab\freezeData\\0322\20260327045616-b94.11-f0.png,2026-03-27 04:56:16,0.0,57.624317137732746,7.438898161495482,445.7306429824,93.9679,0.7444891505969831
1944,C:\Users\joshy\OneDrive\Documents\Kravitz Lab\freezeData\\0322\20260327045635-b94.52-f2.png,2026-03-27 04:56:35,2.0,58.0802112089471,7.4572993998099335,488.245514685296,94.359936,0.7805431612673399
1945,C:\Users\joshy\OneDrive\Documents\Kravitz Lab\freezeData\\0322\20260327045655-b94.95-f4.png,2026-03-27 04:56:55,4.0,58.5169639371776,7.455839097299035,443.311171774576,94.801084,0.8036765330245669
1946,C:\Users\joshy\OneDrive\Documents\Kravitz Lab\freezeData\\0322\20260327045712-b95.16-f6.png,2026-03-27 04:57:12,6.0,59.01495840678212,7.455730047079077,422.08934352254397,95.004924,0.7384150135856893
1947,C:\Users\joshy\OneDrive\Documents\Kravitz Lab\freezeData\\0322\20260327045730-b94.77-f8.png,2026-03-27 04:57:30,8.0,59.34124105415781,7.445817193722823,458.807200885616,94.619156,0.669524031835324
1948,C:\Users\joshy\OneDrive\Documents\Kravitz Lab\freezeData\\0322\20260327045808-b94.11-f0.png,2026-03-27 04:58:08,0.0,57.70752901417284,7.441842492190455,458.02715281760004,93.97472,0.7453775327581041
1949,C:\Users\joshy\OneDrive\Documents\Kravitz Lab\freezeData\\0322\20260327045750-b94.58-f10.png,2026-03-27 04:57:50,10.0,59.67248294054793,7.440020129301789,507.3277462471039,94.432504,0.6140268459452835
1950,C:\Users\joshy\OneDrive\Documents\Kravitz Lab\freezeData\\0322\20260327045826-b94.79-f2.png,2026-03-27 04:58:26,2.0,58.134177054944196,7.457266299280384,481.849803309296,94.64962,0.7811958072308866
1951,C:\Users\joshy\OneDrive\Documents\Kravitz Lab\freezeData\\0322\20260327045905-b95.02-f6.png,2026-03-27 04:59:05,6.0,59.019589340662684,7.4555936476969595,448.17167165694406,94.874756,0.7386664222976191
1952,C:\Users\joshy\OneDrive\Documents\Kravitz Lab\freezeData\\0322\20260327045847-b95.13-f4.png,2026-03-27 04:58:47,4.0,58.52632925540422,7.458411156116031,432.23873958999997,94.986004,0.8020761973792876
1953,C:\Users\joshy\OneDrive\Documents\Kravitz Lab\freezeData\\0322\20260327045923-b94.71-f8.png,2026-03-27 04:59:23,8.0,59.39289586448251,7.4500516828344265,469.042819386224,94.567356,0.6682968541726729
1954,C:\Users\joshy\OneDrive\Documents\Kravitz Lab\freezeData\\0322\20260327045943-b94.19-f10.png,2026-03-27 04:59:43,10.0,59.528230357621084,7.4363070658254,514.168980001216,94.0507,0.6171085234297675
1955,C:\Users\joshy\OneDrive\Documents\Kravitz Lab\freezeData\\0322\20260327050002-b93.95-f0.png,2026-03-27 05:00:02,0.0,57.61328174714771,7.438059551983317,454.3874210936161,93.828424,0.7432273332217111
1956,C:\Users\joshy\OneDrive\Documents\Kravitz Lab\freezeData\\0322\20260327050020-b94.93-f2.png,2026-03-27 05:00:20,2.0,58.2419158985521,7.45774119544134,483.8381621404001,94.793272,0.7812774559027265
1957,C:\Users\joshy\OneDrive\Documents\Kravitz Lab\freezeData\\0322\20260327050039-b94.81-f4.png,2026-03-27 05:00:39,4.0,58.59152113254218,7.458140356167935,448.02801963633596,94.669692,0.8024256546777434
1958,C:\Users\joshy\OneDrive\Documents\Kravitz Lab\freezeData\\0322\20260327050058-b95.09-f6.png,2026-03-27 05:00:58,6.0,58.93219366233026,7.454520977107217,450.62259863614395,94.95884,0.7386605181852992
1959,C:\Users\joshy\OneDrive\Documents\Kravitz Lab\freezeData\\0322\20260327050118-b94.84-f8.png,2026-03-27 05:01:18,8.0,59.32551365038149,7.449873780799289,448.45260575001595,94.69072,0.6692569409553455
1960,C:\Users\joshy\OneDrive\Documents\Kravitz Lab\freezeData\\0322\20260327050137-b94.25-f10.png,2026-03-27 05:01:37,10.0,59.541638177853315,7.434052686359198,496.91247174297604,94.10176,0.6133958998567743
1961,C:\Users\joshy\OneDrive\Documents\Kravitz Lab\freezeData\\0322\20260327050156-b94.12-f0.png,2026-03-27 05:01:56,0.0,57.672605675476255,7.4436943294978315,453.4910531355999,93.974968,0.7437221972283874
1962,C:\Users\joshy\OneDrive\Documents\Kravitz Lab\freezeData\\0322\20260327050215-b94.86-f2.png,2026-03-27 05:02:15,2.0,58.120613013983814,7.457443478470801,473.13719516721596,94.703644,0.7812346820315219
1963,C:\Users\joshy\OneDrive\Documents\Kravitz Lab\freezeData\\0322\20260327050234-b94.94-f4.png,2026-03-27 05:02:34,4.0,58.66415606767717,7.459949316912904,439.58005958999996,94.788404,0.8037356607805337
1964,C:\Users\joshy\OneDrive\Documents\Kravitz Lab\freezeData\\0322\20260327050310-b94.98-f8.png,2026-03-27 05:03:10,8.0,59.33164226009255,7.443828016139271,459.11085253937597,94.83198,0.6710912914402868
1965,C:\Users\joshy\OneDrive\Documents\Kravitz Lab\freezeData\\0322\20260327050252-b94.77-f6.png,2026-03-27 05:02:52,6.0,58.90698090169266,7.45372021178169,447.695406561776,94.630296,0.7375809696863627
1966,C:\Users\joshy\OneDrive\Documents\Kravitz Lab\freezeData\\0322\20260327050330-b94.52-f10.png,2026-03-27 05:03:30,10.0,59.537820713078304,7.434172932699829,517.326474321664,94.389688,0.6154404496437189
1967,C:\Users\joshy\OneDrive\Documents\Kravitz Lab\freezeData\\0322\20260327050347-b94.11-f0.png,2026-03-27 05:03:47,0.0,57.652664673770076,7.438529789673483,446.273997507696,93.984768,0.7442328525109159
1968,C:\Users\joshy\OneDrive\Documents\Kravitz Lab\freezeData\\0322\20260327050406-b94.88-f2.png,2026-03-27 05:04:06,2.0,58.175416040159234,7.459543794122452,487.32268606590395,94.735628,0.7807355365341824
1969,C:\Users\joshy\OneDrive\Documents\Kravitz Lab\freezeData\\0322\20260327050425-b94.86-f4.png,2026-03-27 05:04:25,4.0,58.51917368444295,7.455119409823198,445.297750562816,94.7123,0.8034896561983674
1970,C:\Users\joshy\OneDrive\Documents\Kravitz Lab\freezeData\\0322\20260327050443-b94.97-f6.png,2026-03-27 05:04:43,6.0,59.04951949322589,7.458525618854445,442.01354767359993,94.818056,0.7388106936767713
1971,C:\Users\joshy\OneDrive\Documents\Kravitz Lab\freezeData\\0322\20260327050503-b94.81-f8.png,2026-03-27 05:05:03,8.0,59.3464684850506,7.445325734599958,473.02581942470397,94.670336,0.6699719508211157
1972,C:\Users\joshy\OneDrive\Documents\Kravitz Lab\freezeData\\0322\20260327050522-b94.31-f10.png,2026-03-27 05:05:22,10.0,59.6183487733069,7.432689162859173,518.353997544384,94.164844,0.6155230635806695
1973,C:\Users\joshy\OneDrive\Documents\Kravitz Lab\freezeData\\0322\20260327050539-b94.30-f0.png,2026-03-27 05:05:39,0.0,57.653073734335315,7.44163736043016,458.02432670999997,94.156464,0.7448270283386247
1974,C:\Users\joshy\OneDrive\Documents\Kravitz Lab\freezeData\\0322\20260327050558-b94.45-f2.png,2026-03-27 05:05:58,2.0,58.09437524943206,7.452357094993384,492.20921130929594,94.311224,0.7812519639295028
1975,C:\Users\joshy\OneDrive\Documents\Kravitz Lab\freezeData\\0322\20260327050617-b95.05-f4.png,2026-03-27 05:06:17,4.0,58.54426129351897,7.456392061121862,424.66688462334395,94.885276,0.8030843010800855
1976,C:\Users\joshy\OneDrive\Documents\Kravitz Lab\freezeData\\0322\20260327050636-b94.90-f6.png,2026-03-27 05:06:36,6.0,58.9752197345985,7.456274191440136,450.14701854310397,94.769268,0.737913419401924
1977,C:\Users\joshy\OneDrive\Documents\Kravitz Lab\freezeData\\0322\20260327050655-b94.83-f8.png,2026-03-27 05:06:55,8.0,59.381632660613164,7.449955772341768,473.696482326384,94.6884,0.6693415346509545
1978,C:\Users\joshy\OneDrive\Documents\Kravitz Lab\freezeData\\0322\20260327050713-b94.51-f10.png,2026-03-27 05:07:13,10.0,59.59257118655297,7.433463345720968,495.95603761305597,94.360704,0.6154667723733033
1979,C:\Users\joshy\OneDrive\Documents\Kravitz Lab\freezeData\\0322\20260327050732-b94.26-f0.png,2026-03-27 05:07:32,0.0,57.71453063589446,7.440763337978894,446.78030088177604,94.11528,0.7446735730948378
1980,C:\Users\joshy\OneDrive\Documents\Kravitz Lab\freezeData\\0322\20260327050751-b94.80-f2.png,2026-03-27 05:07:51,2.0,58.14423533278614,7.453590332997511,462.807850278336,94.644172,0.7818319832926363
1981,C:\Users\joshy\OneDrive\Documents\Kravitz Lab\freezeData\\0322\20260327050810-b95.11-f4.png,2026-03-27 05:08:10,4.0,58.544839869721876,7.456395679316079,432.8657713564,94.965932,0.802212681273945
1982,C:\Users\joshy\OneDrive\Documents\Kravitz Lab\freezeData\\0322\20260327050828-b95.03-f6.png,2026-03-27 05:08:28,6.0,58.99182101428217,7.455691728508565,451.30050445054405,94.885836,0.7389372071780954
1983,C:\Users\joshy\OneDrive\Documents\Kravitz Lab\freezeData\\0322\20260327050847-b94.62-f8.png,2026-03-27 05:08:47,8.0,59.33115877824346,7.442365395250815,462.79282302559994,94.478692,0.6708006539164745
1984,C:\Users\joshy\OneDrive\Documents\Kravitz Lab\freezeData\\0322\20260327050907-b94.66-f10.png,2026-03-27 05:09:07,10.0,59.47642140768,7.437066619874164,508.2335984271359,94.528992,0.6147662172330036
1985,C:\Users\joshy\OneDrive\Documents\Kravitz Lab\freezeData\\0322\20260327050925-b94.09-f0.png,2026-03-27 05:09:25,0.0,57.69323897468458,7.44215991404502,465.81463085617594,93.958956,0.7434777729530001
1986,C:\Users\joshy\OneDrive\Documents\Kravitz Lab\freezeData\\0322\20260327050943-b94.59-f2.png,2026-03-27 05:09:43,2.0,58.14430047834246,7.453070462389586,482.970568688384,94.446168,0.7829381335822575
1987,C:\Users\joshy\OneDrive\Documents\Kravitz Lab\freezeData\\0322\20260327051021-b94.98-f6.png,2026-03-27 05:10:21,6.0,59.1138281566537,7.458057389646296,422.78842263614405,94.821796,0.7381830606386514
1988,C:\Users\joshy\OneDrive\Documents\Kravitz Lab\freezeData\\0322\20260327051002-b95.04-f4.png,2026-03-27 05:10:02,4.0,58.5331343169738,7.457915720726057,432.9012096830561,94.897848,0.8031228151850712
1989,C:\Users\joshy\OneDrive\Documents\Kravitz Lab\freezeData\\0322\20260327051040-b94.68-f8.png,2026-03-27 05:10:40,8.0,59.280838710240126,7.445005020975841,458.1946204132959,94.536136,0.6704264700745151
1990,C:\Users\joshy\OneDrive\Documents\Kravitz Lab\freezeData\\0322\20260327051059-b94.20-f10.png,2026-03-27 05:10:59,10.0,59.4337740430855,7.432121933205253,511.1832070236,94.063616,0.6149983533226437
1991,C:\Users\joshy\OneDrive\Documents\Kravitz Lab\freezeData\\0322\20260327051117-b94.30-f0.png,2026-03-27 05:11:17,0.0,57.66366497483142,7.44512398970011,413.82720678334397,94.13552,0.7428970986416503
1992,C:\Users\joshy\OneDrive\Documents\Kravitz Lab\freezeData\\0322\20260327051136-b94.81-f2.png,2026-03-27 05:11:36,2.0,58.11651698579329,7.455706042372765,465.15448395710393,94.6512,0.7820364010481723
1993,C:\Users\joshy\OneDrive\Documents\Kravitz Lab\freezeData\\0322\20260327051155-b94.94-f4.png,2026-03-27 05:11:55,4.0,58.54819309628608,7.4566800824154,426.3665831434239,94.7854,0.8032256094688496
1994,C:\Users\joshy\OneDrive\Documents\Kravitz Lab\freezeData\\0322\20260327051213-b94.76-f6.png,2026-03-27 05:12:13,6.0,58.926261622054255,7.457643996942001,422.82087545022404,94.595096,0.738104953343057
1995,C:\Users\joshy\OneDrive\Documents\Kravitz Lab\freezeData\\0322\20260327051231-b94.95-f8.png,2026-03-27 05:12:31,8.0,59.32632157272507,7.44180804721685,448.455993025264,94.776204,0.6702232922826266
1996,C:\Users\joshy\OneDrive\Documents\Kravitz Lab\freezeData\\0322\20260327051253-b94.30-f10.png,2026-03-27 05:12:53,10.0,59.50869354591129,7.4386760308306705,507.05061502359996,94.156104,0.6145603747893718
1997,C:\Users\joshy\OneDrive\Documents\Kravitz Lab\freezeData\\0322\20260327051311-b94.14-f0.png,2026-03-27 05:13:11,0.0,57.6067163519298,7.436413814154051,425.324451805696,93.988548,0.7430963492388412
1998,C:\Users\joshy\OneDrive\Documents\Kravitz Lab\freezeData\\0322\20260327051330-b94.95-f2.png,2026-03-27 05:13:30,2.0,58.07134195707607,7.454249460537324,472.43167572862404,94.815156,0.7800007451318509
1999,C:\Users\joshy\OneDrive\Documents\Kravitz Lab\freezeData\\0322\20260327051349-b95.21-f4.png,2026-03-27 05:13:49,4.0,58.625371287874465,7.457171742610658,431.154931774576,95.054308,0.8031988311892776
2000,C:\Users\joshy\OneDrive\Documents\Kravitz Lab\freezeData\\0322\20260327051407-b94.86-f6.png,2026-03-27 05:14:07,6.0,59.049163146107325,7.453680342586527,424.934775789296,94.71038,0.738067109031729
2001,C:\Users\joshy\OneDrive\Documents\Kravitz Lab\freezeData\\0322\20260327051425-b94.55-f8.png,2026-03-27 05:14:25,8.0,59.395364941937885,7.447275678038793,460.728629834736,94.395504,0.6705504038441867
2002,C:\Users\joshy\OneDrive\Documents\Kravitz Lab\freezeData\\0322\20260327051445-b94.28-f10.png,2026-03-27 05:14:45,10.0,59.544733150590034,7.435187073544345,504.3492784332639,94.108968,0.6157610371123453
2003,C:\Users\joshy\OneDrive\Documents\Kravitz Lab\freezeData\\0322\20260327051505-b93.89-f0.png,2026-03-27 05:15:05,0.0,57.57218736382699,7.439370851530276,456.050532536176,93.75038,0.7431910842779187
2004,C:\Users\joshy\OneDrive\Documents\Kravitz Lab\freezeData\\0322\20260327051524-b94.71-f2.png,2026-03-27 05:15:24,2.0,58.04035486383921,7.452482912309794,462.55268444849594,94.551296,0.7824483735922051
2005,C:\Users\joshy\OneDrive\Documents\Kravitz Lab\freezeData\\0322\20260327051543-b95.09-f4.png,2026-03-27 05:15:43,4.0,58.54879118538329,7.458075444594316,431.979036448496,94.943372,0.8028943826713544
2006,C:\Users\joshy\OneDrive\Documents\Kravitz Lab\freezeData\\0322\20260327051602-b95.04-f6.png,2026-03-27 05:16:02,6.0,58.990785663829094,7.4573350916826175,436.83408227833604,94.880724,0.7376199310816296
2007,C:\Users\joshy\OneDrive\Documents\Kravitz Lab\freezeData\\0322\20260327051641-b94.41-f10.png,2026-03-27 05:16:41,10.0,59.61912909259913,7.432646100143763,491.01407975,94.2532,0.6147976164698601
2008,C:\Users\joshy\OneDrive\Documents\Kravitz Lab\freezeData\\0322\20260327051622-b94.67-f8.png,2026-03-27 05:16:22,8.0,59.42107076457185,7.443708256142079,458.2544743263839,94.515912,0.670446756009364
2009,C:\Users\joshy\OneDrive\Documents\Kravitz Lab\freezeData\\0322\20260327051700-b94.18-f0.png,2026-03-27 05:17:00,0.0,57.611225281380854,7.439172242007037,440.66944717758395,94.033728,0.7440168211617046
2010,C:\Users\joshy\OneDrive\Documents\Kravitz Lab\freezeData\\0322\20260327051720-b94.62-f2.png,2026-03-27 05:17:20,2.0,58.15182880221752,7.455486936719595,460.07628611526405,94.462172,0.7809696814761041
2011,C:\Users\joshy\OneDrive\Documents\Kravitz Lab\freezeData\\0322\20260327051738-b94.99-f4.png,2026-03-27 05:17:38,4.0,58.60108345764594,7.460168826397373,429.749227496944,94.832496,0.8022413270173969
2012,C:\Users\joshy\OneDrive\Documents\Kravitz Lab\freezeData\\0322\20260327051757-b95.05-f6.png,2026-03-27 05:17:57,6.0,58.990079022212676,7.460092979553327,420.47996111000015,94.892348,0.7364701631236767
2013,C:\Users\joshy\OneDrive\Documents\Kravitz Lab\freezeData\\0322\20260327051815-b94.66-f8.png,2026-03-27 05:18:15,8.0,59.26017344166195,7.443636042141187,452.72472728825596,94.513988,0.6706090831479717
2014,C:\Users\joshy\OneDrive\Documents\Kravitz Lab\freezeData\\0322\20260327051835-b94.50-f10.png,2026-03-27 05:18:35,10.0,59.52115823206387,7.437086422470282,510.98822541849603,94.365796,0.6145772110418961
2015,C:\Users\joshy\OneDrive\Documents\Kravitz Lab\freezeData\\0322\20260327051853-b94.20-f0.png,2026-03-27 05:18:53,0.0,57.602937910141904,7.438803759312993,445.865617968064,94.066844,0.7456233620894487
2016,C:\Users\joshy\OneDrive\Documents\Kravitz Lab\freezeData\\0322\20260327051912-b94.58-f2.png,2026-03-27 05:19:12,2.0,58.08418932366514,7.452775873624343,463.527385580016,94.421932,0.780626734261398
2017,C:\Users\joshy\OneDrive\Documents\Kravitz Lab\freezeData\\0322\20260327051930-b94.80-f4.png,2026-03-27 05:19:30,4.0,58.51081261187324,7.4559185986252166,438.673935979776,94.648484,0.8014951454269335
2018,C:\Users\joshy\OneDrive\Documents\Kravitz Lab\freezeData\\0322\20260327051950-b94.98-f6.png,2026-03-27 05:19:50,6.0,59.11875450423685,7.456483312990114,441.24853290240003,94.831424,0.7390522443149384
2019,C:\Users\joshy\OneDrive\Documents\Kravitz Lab\freezeData\\0322\20260327052009-b94.69-f8.png,2026-03-27 05:20:09,8.0,59.132408138490554,7.438788273227357,473.33248635889595,94.556176,0.6714073970806468
2020,C:\Users\joshy\OneDrive\Documents\Kravitz Lab\freezeData\\0322\20260327052046-b94.29-f0.png,2026-03-27 05:20:46,0.0,57.6545670847948,7.440020148481858,456.10340265465607,94.158664,0.7436300725215517
2021,C:\Users\joshy\OneDrive\Documents\Kravitz Lab\freezeData\\0322\20260327052028-b94.20-f10.png,2026-03-27 05:20:28,10.0,59.51223897770757,7.437593303631535,519.750286507504,94.062832,0.6148864724025792
2022,C:\Users\joshy\OneDrive\Documents\Kravitz Lab\freezeData\\0322\20260327052106-b94.91-f2.png,2026-03-27 05:21:06,2.0,58.12128847484082,7.455281916342339,473.44798022705595,94.750156,0.7812268422709588
2023,C:\Users\joshy\OneDrive\Documents\Kravitz Lab\freezeData\\0322\20260327052125-b94.93-f4.png,2026-03-27 05:21:25,4.0,58.552157087544295,7.456930981966421,430.178934414784,94.777756,0.8047471140117584
2024,C:\Users\joshy\OneDrive\Documents\Kravitz Lab\freezeData\\0322\20260327052145-b94.74-f6.png,2026-03-27 05:21:45,6.0,59.00897295401438,7.452316715869673,433.86656137560004,94.58318,0.7389890466320446
2025,C:\Users\joshy\OneDrive\Documents\Kravitz Lab\freezeData\\0322\20260327052205-b94.86-f8.png,2026-03-27 05:22:05,8.0,59.321158111322,7.4483027422806485,471.15091862777604,94.730756,0.6692411037912389
2026,C:\Users\joshy\OneDrive\Documents\Kravitz Lab\freezeData\\0322\20260327052243-b93.86-f0.png,2026-03-27 05:22:43,0.0,57.60890516410615,7.437697610165393,456.75423344640006,93.721968,0.7437014332772046
2027,C:\Users\joshy\OneDrive\Documents\Kravitz Lab\freezeData\\0322\20260327052224-b94.27-f10.png,2026-03-27 05:22:24,10.0,59.49263953051483,7.434118105734118,510.03979015782403,94.125832,0.6143453230950844
2028,C:\Users\joshy\OneDrive\Documents\Kravitz Lab\freezeData\\0322\20260327052321-b94.82-f4.png,2026-03-27 05:23:21,4.0,58.56174994517551,7.454651676983986,431.99570486041597,94.663644,0.803546634909547
2029,C:\Users\joshy\OneDrive\Documents\Kravitz Lab\freezeData\\0322\20260327052302-b94.90-f2.png,2026-03-27 05:23:02,2.0,58.11943014429388,7.45972815226634,483.085848514304,94.747612,0.7809293120000123
2030,C:\Users\joshy\OneDrive\Documents\Kravitz Lab\freezeData\\0322\20260327052419-b94.22-f10.png,2026-03-27 05:24:19,10.0,59.66981712421368,7.436499299729698,506.09536041926395,94.062164,0.6136252433768844
2031,C:\Users\joshy\OneDrive\Documents\Kravitz Lab\freezeData\\0322\20260327052340-b95.11-f6.png,2026-03-27 05:23:40,6.0,58.98740325567485,7.456603551582528,444.362007690224,94.96718,0.738414442737833
2032,C:\Users\joshy\OneDrive\Documents\Kravitz Lab\freezeData\\0322\20260327052359-b94.99-f8.png,2026-03-27 05:23:59,8.0,59.31940753910464,7.446174475486901,474.248182157824,94.846204,0.6705396753279615
2033,C:\Users\joshy\OneDrive\Documents\Kravitz Lab\freezeData\\0322\20260327052437-b94.07-f0.png,2026-03-27 05:24:37,0.0,57.70235466630817,7.441987523280569,452.83840614359997,93.923672,0.742284920644945
2034,C:\Users\joshy\OneDrive\Documents\Kravitz Lab\freezeData\\0322\20260327052456-b94.97-f2.png,2026-03-27 05:24:56,2.0,58.092249371351976,7.4580851439307665,495.002706039664,94.822284,0.7792615107916733
2035,C:\Users\joshy\OneDrive\Documents\Kravitz Lab\freezeData\\0322\20260327052516-b95.07-f4.png,2026-03-27 05:25:16,4.0,58.61426141198826,7.456615548891894,433.569150449264,94.923848,0.8022475632251129
2036,C:\Users\joshy\OneDrive\Documents\Kravitz Lab\freezeData\\0322\20260327052552-b94.80-f8.png,2026-03-27 05:25:52,8.0,59.33386020228935,7.44431998497944,473.58757716439993,94.647572,0.6711078058466264
2037,C:\Users\joshy\OneDrive\Documents\Kravitz Lab\freezeData\\0322\20260327052534-b95.07-f6.png,2026-03-27 05:25:34,6.0,58.956362712650446,7.453688587632572,443.5810308198239,94.93212,0.7398946241056134
2038,C:\Users\joshy\OneDrive\Documents\Kravitz Lab\freezeData\\0322\20260327052629-b94.30-f0.png,2026-03-27 05:26:29,0.0,57.6213797136238,7.438742180714711,454.184562124224,94.165372,0.7447824910941124
2039,C:\Users\joshy\OneDrive\Documents\Kravitz Lab\freezeData\\0322\20260327052612-b94.14-f10.png,2026-03-27 05:26:12,10.0,59.63348138912086,7.434842257772723,506.31475795449603,93.988624,0.6149321978621111
2040,C:\Users\joshy\OneDrive\Documents\Kravitz Lab\freezeData\\0322\20260327052649-b94.82-f2.png,2026-03-27 05:26:49,2.0,58.22407434924066,7.456305998361792,483.37214473158394,94.672436,0.7820312038829718
2041,C:\Users\joshy\OneDrive\Documents\Kravitz Lab\freezeData\\0322\20260327052707-b95.02-f4.png,2026-03-27 05:27:07,4.0,58.669678560846265,7.457105376492567,425.895200945664,94.868176,0.803278713815333
2042,C:\Users\joshy\OneDrive\Documents\Kravitz Lab\freezeData\\0322\20260327052727-b94.92-f6.png,2026-03-27 05:27:27,6.0,58.920323345196124,7.451376451769948,429.63202783840006,94.763744,0.737517053699403
2043,C:\Users\joshy\OneDrive\Documents\Kravitz Lab\freezeData\\0322\20260327052746-b94.67-f8.png,2026-03-27 05:27:46,8.0,59.34125792960928,7.444977629267978,462.446585922496,94.520672,0.6697312521734068
2044,C:\Users\joshy\OneDrive\Documents\Kravitz Lab\freezeData\\0322\20260327052806-b94.33-f10.png,2026-03-27 05:28:06,10.0,59.56464450814439,7.437122589616862,523.685824675184,94.204628,0.6161249378092349
2045,C:\Users\joshy\OneDrive\Documents\Kravitz Lab\freezeData\\0322\20260327052825-b94.00-f0.png,2026-03-27 05:28:25,0.0,57.589379683875876,7.439167794282636,459.7175579484001,93.872628,0.7437794315859336
2046,C:\Users\joshy\OneDrive\Documents\Kravitz Lab\freezeData\\0322\20260327052845-b94.79-f2.png,2026-03-27 05:28:45,2.0,58.14588828054882,7.45710743955794,479.255399520256,94.646956,0.7818412581123539
2047,C:\Users\joshy\OneDrive\Documents\Kravitz Lab\freezeData\\0322\20260327052904-b94.84-f4.png,2026-03-27 05:29:04,4.0,58.494684881991255,7.458138451271681,445.08488229054393,94.693888,0.803045132759938
2048,C:\Users\joshy\OneDrive\Documents\Kravitz Lab\freezeData\\0322\20260327052922-b95.09-f6.png,2026-03-27 05:29:22,6.0,58.9331649390574,7.453668616162143,447.483502636144,94.949184,0.7394898611345997
2049,C:\Users\joshy\OneDrive\Documents\Kravitz Lab\freezeData\\0322\20260327052941-b94.57-f8.png,2026-03-27 05:29:41,8.0,59.30230943556867,7.4445901895187845,460.76318720640006,94.413008,0.6715819354245776
2050,C:\Users\joshy\OneDrive\Documents\Kravitz Lab\freezeData\\0322\20260327052959-b94.63-f10.png,2026-03-27 05:29:59,10.0,59.71348851715109,7.440204694162113,523.107679965424,94.492992,0.6154971743586998
2051,C:\Users\joshy\OneDrive\Documents\Kravitz Lab\freezeData\\0322\20260327053056-b94.87-f4.png,2026-03-27 05:30:56,4.0,58.636655585833815,7.458829078618889,446.2844446233441,94.723548,0.8011678812438955
2052,C:\Users\joshy\OneDrive\Documents\Kravitz Lab\freezeData\\0322\20260327053018-b94.18-f0.png,2026-03-27 05:30:18,0.0,57.69870381409953,7.441589349334253,447.151529528064,94.048396,0.7430440476728164
2053,C:\Users\joshy\OneDrive\Documents\Kravitz Lab\freezeData\\0322\20260327053037-b94.76-f2.png,2026-03-27 05:30:37,2.0,58.13585160583111,7.458163505084137,477.92058438239997,94.605972,0.7801222726593063
2054,C:\Users\joshy\OneDrive\Documents\Kravitz Lab\freezeData\\0322\20260327053115-b94.90-f6.png,2026-03-27 05:31:15,6.0,58.98763035887588,7.452778651722838,424.57171833559994,94.740068,0.7391005249535376
2055,C:\Users\joshy\OneDrive\Documents\Kravitz Lab\freezeData\\0322\20260327053154-b94.40-f10.png,2026-03-27 05:31:54,10.0,59.539219887468995,7.436261260718175,504.2863853424001,94.237704,0.6140652954121875
2056,C:\Users\joshy\OneDrive\Documents\Kravitz Lab\freezeData\\0322\20260327053136-b94.76-f8.png,2026-03-27 05:31:36,8.0,59.2324578611519,7.447011882104274,461.78849751,94.597692,0.6707937231176413
2057,C:\Users\joshy\OneDrive\Documents\Kravitz Lab\freezeData\\0322\20260327053212-b94.15-f0.png,2026-03-27 05:32:12,0.0,57.61520219080503,7.438972026917534,446.285743000304,94.000716,0.7428671236161283
2058,C:\Users\joshy\OneDrive\Documents\Kravitz Lab\freezeData\\0322\20260327053251-b94.88-f4.png,2026-03-27 05:32:51,4.0,58.65589640556032,7.460458412840986,430.89444235462395,94.717276,0.804002408367711
2059,C:\Users\joshy\OneDrive\Documents\Kravitz Lab\freezeData\\0322\20260327053232-b94.98-f2.png,2026-03-27 05:32:32,2.0,58.21104538485265,7.456552511407764,488.40349240446403,94.830568,0.7806314710169122
2060,C:\Users\joshy\OneDrive\Documents\Kravitz Lab\freezeData\\0322\20260327053310-b95.00-f6.png,2026-03-27 05:33:10,6.0,58.92312571311892,7.45557087417208,434.47727931710403,94.849228,0.7384537434363012
2061,C:\Users\joshy\OneDrive\Documents\Kravitz Lab\freezeData\\0322\20260327053329-b94.41-f8.png,2026-03-27 05:33:29,8.0,59.20704712722106,7.439585565520788,470.66258940665597,94.253532,0.6698316657588469
2062,C:\Users\joshy\OneDrive\Documents\Kravitz Lab\freezeData\\0322\20260327053347-b94.50-f10.png,2026-03-27 05:33:47,10.0,59.519088812248995,7.438318126700163,504.4755857216,94.341296,0.6151089790766073
2063,C:\Users\joshy\OneDrive\Documents\Kravitz Lab\freezeData\\0322\20260327053408-b94.12-f0.png,2026-03-27 05:34:08,0.0,57.59206371730869,7.4386434977264635,456.333818316544,93.999116,0.7441418136544844
2064,C:\Users\joshy\OneDrive\Documents\Kravitz Lab\freezeData\\0322\20260327053446-b95.06-f4.png,2026-03-27 05:34:46,4.0,58.61159050243301,7.456484342220393,442.78515104793604,94.911848,0.8043354610139078
2065,C:\Users\joshy\OneDrive\Documents\Kravitz Lab\freezeData\\0322\20260327053427-b94.55-f2.png,2026-03-27 05:34:27,2.0,58.13618054734026,7.4517184545118065,461.48323904793597,94.395084,0.7817128741571739
2066,C:\Users\joshy\OneDrive\Documents\Kravitz Lab\freezeData\\0322\20260327053505-b95.10-f6.png,2026-03-27 05:35:05,6.0,59.03380530343691,7.455570939790944,449.66432759,94.956648,0.7391829786459714
2067,C:\Users\joshy\OneDrive\Documents\Kravitz Lab\freezeData\\0322\20260327053543-b94.32-f10.png,2026-03-27 05:35:43,10.0,59.49443266616345,7.434412624002027,514.5557580601441,94.178812,0.6155350821695126
2068,C:\Users\joshy\OneDrive\Documents\Kravitz Lab\freezeData\\0322\20260327053524-b94.63-f8.png,2026-03-27 05:35:24,8.0,59.25052871827073,7.44488539519409,466.28126686039997,94.482376,0.6688062609828728
2069,C:\Users\joshy\OneDrive\Documents\Kravitz Lab\freezeData\\0322\20260327053602-b94.34-f0.png,2026-03-27 05:36:02,0.0,57.76306827583992,7.440820358129615,454.99588851430406,94.210284,0.744143578683771
2070,C:\Users\joshy\OneDrive\Documents\Kravitz Lab\freezeData\\0322\20260327053621-b94.88-f2.png,2026-03-27 05:36:21,2.0,58.06340501436463,7.455539144464792,469.26394018238403,94.746816,0.7800079089308264
2071,C:\Users\joshy\OneDrive\Documents\Kravitz Lab\freezeData\\0322\20260327053659-b95.07-f6.png,2026-03-27 05:36:59,6.0,58.98860111571103,7.455563218613282,449.083991454576,94.929244,0.7379964282790443
2072,C:\Users\joshy\OneDrive\Documents\Kravitz Lab\freezeData\\0322\20260327053641-b95.02-f4.png,2026-03-27 05:36:41,4.0,58.582015323235716,7.461275638406112,429.939364579824,94.853724,0.8045849980032961
2073,C:\Users\joshy\OneDrive\Documents\Kravitz Lab\freezeData\\0322\20260327053717-b94.72-f8.png,2026-03-27 05:37:17,8.0,59.27305212878527,7.446519419624128,442.252185372144,94.558952,0.6685241432072515
2074,C:\Users\joshy\OneDrive\Documents\Kravitz Lab\freezeData\\0322\20260327053736-b94.26-f10.png,2026-03-27 05:37:36,10.0,59.428036438848764,7.430900491454134,513.7769540976,94.116692,0.6157622395792569
2075,C:\Users\joshy\OneDrive\Documents\Kravitz Lab\freezeData\\0322\20260327053755-b93.99-f0.png,2026-03-27 05:37:55,0.0,57.64728481183841,7.438765662832489,452.440414856176,93.849528,0.7443772213931021
2076,C:\Users\joshy\OneDrive\Documents\Kravitz Lab\freezeData\\0322\20260327053813-b94.63-f2.png,2026-03-27 05:38:13,2.0,58.095113942908625,7.453486172889016,469.13479085542406,94.478092,0.782864980371637
2077,C:\Users\joshy\OneDrive\Documents\Kravitz Lab\freezeData\\0322\20260327053832-b94.61-f4.png,2026-03-27 05:38:32,4.0,58.49024977778858,7.456392860541161,445.52067242649605,94.477352,0.8042784300639503
2078,C:\Users\joshy\OneDrive\Documents\Kravitz Lab\freezeData\\0322\20260327053913-b94.63-f8.png,2026-03-27 05:39:13,8.0,59.24404110338133,7.438522651760377,458.537168392816,94.481192,0.6721651220167957
2079,C:\Users\joshy\OneDrive\Documents\Kravitz Lab\freezeData\\0322\20260327053851-b95.03-f6.png,2026-03-27 05:38:51,6.0,59.14587128488291,7.457667090323942,436.174795053824,94.877992,0.7392411294993632
2080,C:\Users\joshy\OneDrive\Documents\Kravitz Lab\freezeData\\0322\20260327053950-b94.05-f0.png,2026-03-27 05:39:50,0.0,57.64962363710542,7.440069568306106,466.752662746736,93.917936,0.7432651766555255
2081,C:\Users\joshy\OneDrive\Documents\Kravitz Lab\freezeData\\0322\20260327053931-b94.29-f10.png,2026-03-27 05:39:31,10.0,59.54167627575414,7.434073847318213,507.899667497216,94.148964,0.6152051107093907
2082,C:\Users\joshy\OneDrive\Documents\Kravitz Lab\freezeData\\0322\20260327054029-b94.67-f4.png,2026-03-27 05:40:29,4.0,58.55591389137736,7.4554624481012715,441.7728148554239,94.52616,0.8040486213277359
2083,C:\Users\joshy\OneDrive\Documents\Kravitz Lab\freezeData\\0322\20260327054009-b94.61-f2.png,2026-03-27 05:40:09,2.0,58.089345124433414,7.452977358374219,490.36553633817596,94.471592,0.7811219682708772
2084,C:\Users\joshy\OneDrive\Documents\Kravitz Lab\freezeData\\0322\20260327054106-b94.61-f8.png,2026-03-27 05:41:06,8.0,59.27041221136901,7.44428777646831,458.35368286039994,94.44712,0.6701831309870795
2085,C:\Users\joshy\OneDrive\Documents\Kravitz Lab\freezeData\\0322\20260327054048-b94.72-f6.png,2026-03-27 05:40:48,6.0,59.01764513172799,7.458062045567729,443.7710115056001,94.582868,0.7385063701790257
2086,C:\Users\joshy\OneDrive\Documents\Kravitz Lab\freezeData\\0322\20260327054203-b94.69-f2.png,2026-03-27 05:42:03,2.0,58.11382682792879,7.453945363735248,474.40112675840004,94.537248,0.7827154058280872
2087,C:\Users\joshy\OneDrive\Documents\Kravitz Lab\freezeData\\0322\20260327054125-b94.37-f10.png,2026-03-27 05:41:25,10.0,59.50093905346221,7.434107478354166,503.937557304304,94.215276,0.6134929533569513
2088,C:\Users\joshy\OneDrive\Documents\Kravitz Lab\freezeData\\0322\20260327054144-b94.20-f0.png,2026-03-27 05:41:44,0.0,57.70371670162316,7.442817071137685,434.275365709936,94.048896,0.7438346838605303
2089,C:\Users\joshy\OneDrive\Documents\Kravitz Lab\freezeData\\0322\20260327054222-b94.93-f4.png,2026-03-27 05:42:22,4.0,58.51082405679564,7.458549115771263,439.28663885542403,94.776948,0.801249585580875
2090,C:\Users\joshy\OneDrive\Documents\Kravitz Lab\freezeData\\0322\20260327054240-b94.76-f6.png,2026-03-27 05:42:40,6.0,58.907308883773126,7.4515464471050326,440.2885663356,94.614088,0.7394833121582715
2091,C:\Users\joshy\OneDrive\Documents\Kravitz Lab\freezeData\\0322\20260327054259-b94.84-f8.png,2026-03-27 05:42:59,8.0,59.3532741201098,7.445618690577618,469.156420914544,94.699848,0.6689424739485456
2092,C:\Users\joshy\OneDrive\Documents\Kravitz Lab\freezeData\\0322\20260327054319-b94.38-f10.png,2026-03-27 05:43:19,10.0,59.48553439240448,7.432636723769323,502.743813621504,94.237508,0.6159019464277555
2093,C:\Users\joshy\OneDrive\Documents\Kravitz Lab\freezeData\\0322\20260327054336-b93.99-f0.png,2026-03-27 05:43:36,0.0,57.693036543093626,7.439112547533791,455.14480671,93.846708,0.7444118730821874
2094,C:\Users\joshy\OneDrive\Documents\Kravitz Lab\freezeData\\0322\20260327054355-b94.85-f2.png,2026-03-27 05:43:55,2.0,58.16444832931732,7.457061205676445,481.327235957104,94.702224,0.7809511199280204
2095,C:\Users\joshy\OneDrive\Documents\Kravitz Lab\freezeData\\0322\20260327054414-b94.87-f4.png,2026-03-27 05:44:14,4.0,58.621260117366155,7.458563009930888,421.97432110999995,94.708936,0.8011651374092698
2096,C:\Users\joshy\OneDrive\Documents\Kravitz Lab\freezeData\\0322\20260327054431-b94.97-f6.png,2026-03-27 05:44:31,6.0,58.96502249318984,7.454186066891429,429.81075443040004,94.807796,0.7383406810222382
2097,C:\Users\joshy\OneDrive\Documents\Kravitz Lab\freezeData\\0322\20260327054449-b94.86-f8.png,2026-03-27 05:44:49,8.0,59.36594126347988,7.444987729076103,465.4424447103361,94.704416,0.6693589413626794
2098,C:\Users\joshy\OneDrive\Documents\Kravitz Lab\freezeData\\0322\20260327054509-b94.27-f10.png,2026-03-27 05:45:09,10.0,59.60363468357761,7.4363511895183745,517.840659646064,94.130432,0.6141690152077209
2099,C:\Users\joshy\OneDrive\Documents\Kravitz Lab\freezeData\\0322\20260327054545-b94.90-f2.png,2026-03-27 05:45:45,2.0,58.13226936746179,7.451947074997007,470.23285863640007,94.753192,0.7828269869478179
2100,C:\Users\joshy\OneDrive\Documents\Kravitz Lab\freezeData\\0322\20260327054526-b94.17-f0.png,2026-03-27 05:45:26,0.0,57.705910219878035,7.440796558453702,453.45584505150407,94.035124,0.7445863160444973
2101,C:\Users\joshy\OneDrive\Documents\Kravitz Lab\freezeData\\0322\20260327054605-b94.86-f4.png,2026-03-27 05:46:05,4.0,58.57250951591198,7.459136505299014,442.971949829744,94.71578,0.803210788893493
2102,C:\Users\joshy\OneDrive\Documents\Kravitz Lab\freezeData\\0322\20260327054623-b94.99-f6.png,2026-03-27 05:46:23,6.0,59.06426106652313,7.457682671269091,441.29535476505606,94.84784,0.7379469573169585
2103,C:\Users\joshy\OneDrive\Documents\Kravitz Lab\freezeData\\0322\20260327054701-b94.46-f10.png,2026-03-27 05:47:01,10.0,59.633450461463525,7.437692433294072,493.32176950999997,94.307724,0.6134870654229317
2104,C:\Users\joshy\OneDrive\Documents\Kravitz Lab\freezeData\\0322\20260327054642-b94.88-f8.png,2026-03-27 05:46:42,8.0,59.28250514814636,7.4484062467412695,465.349530766336,94.7256,0.6689118922680859
2105,C:\Users\joshy\OneDrive\Documents\Kravitz Lab\freezeData\\0322\20260327054719-b94.17-f0.png,2026-03-27 05:47:19,0.0,57.58511286107186,7.44417584541384,442.7187222015361,94.007796,0.7426126319720825
2106,C:\Users\joshy\OneDrive\Documents\Kravitz Lab\freezeData\\0322\20260327054738-b94.78-f2.png,2026-03-27 05:47:38,2.0,58.13956885121608,7.455847634239707,461.86291409009607,94.623052,0.783006952769935
2107,C:\Users\joshy\OneDrive\Documents\Kravitz Lab\freezeData\\0322\20260327054757-b94.89-f4.png,2026-03-27 05:47:57,4.0,58.51940479132972,7.45508434375272,424.37119766974394,94.737636,0.8041731147379536
2108,C:\Users\joshy\OneDrive\Documents\Kravitz Lab\freezeData\\0322\20260327054816-b94.83-f6.png,2026-03-27 05:48:16,6.0,58.999194719653595,7.450910791185909,434.454047488624,94.68482,0.7388886606606321
2109,C:\Users\joshy\OneDrive\Documents\Kravitz Lab\freezeData\\0322\20260327054838-b94.60-f8.png,2026-03-27 05:48:38,8.0,59.346545070310405,7.448777186224292,474.601643279296,94.452796,0.6686093142050274
2110,C:\Users\joshy\OneDrive\Documents\Kravitz Lab\freezeData\\0322\20260327054856-b94.33-f10.png,2026-03-27 05:48:56,10.0,59.51375482398281,7.4363409112200545,518.267420498944,94.191308,0.615258626654716
2111,C:\Users\joshy\OneDrive\Documents\Kravitz Lab\freezeData\\0322\20260327054934-b95.00-f2.png,2026-03-27 05:49:34,2.0,58.10896558458028,7.456611651311775,471.0890217500001,94.847492,0.7810179410683654
2112,C:\Users\joshy\OneDrive\Documents\Kravitz Lab\freezeData\\0322\20260327054915-b94.02-f0.png,2026-03-27 05:49:15,0.0,57.60484050163826,7.439496878287197,448.7621808817761,93.872396,0.7444974140616821
2113,C:\Users\joshy\OneDrive\Documents\Kravitz Lab\freezeData\\0322\20260327054952-b95.04-f4.png,2026-03-27 05:49:52,4.0,58.55795602467709,7.457353387112173,444.947180137584,94.889772,0.8042114787960992
2114,C:\Users\joshy\OneDrive\Documents\Kravitz Lab\freezeData\\0322\20260327055031-b94.70-f8.png,2026-03-27 05:50:31,8.0,59.21581959205685,7.445518692705716,461.57283802239994,94.557324,0.669545474451033
2115,C:\Users\joshy\OneDrive\Documents\Kravitz Lab\freezeData\\0322\20260327055011-b95.09-f6.png,2026-03-27 05:50:11,6.0,58.94108626886939,7.456982516455205,425.37274982974407,94.942264,0.7366804029614349
2116,C:\Users\joshy\OneDrive\Documents\Kravitz Lab\freezeData\\0322\20260327055108-b94.24-f0.png,2026-03-27 05:51:08,0.0,57.61586580843912,7.438551088883681,450.177863854704,94.103456,0.7440949968239582
2117,C:\Users\joshy\OneDrive\Documents\Kravitz Lab\freezeData\\0322\20260327055049-b94.37-f10.png,2026-03-27 05:50:49,10.0,59.68827116824129,7.436998943566021,518.616341985136,94.224136,0.6144631681219619
2118,C:\Users\joshy\OneDrive\Documents\Kravitz Lab\freezeData\\0322\20260327055128-b94.85-f2.png,2026-03-27 05:51:28,2.0,58.131675941615995,7.455996530662794,473.392538240624,94.688712,0.7804527914385174
2119,C:\Users\joshy\OneDrive\Documents\Kravitz Lab\freezeData\\0322\20260327055146-b94.94-f4.png,2026-03-27 05:51:46,4.0,58.590846454127835,7.458630341322709,435.09088330929603,94.771396,0.8015192446274719
2120,C:\Users\joshy\OneDrive\Documents\Kravitz Lab\freezeData\\0322\20260327055222-b94.79-f8.png,2026-03-27 05:52:22,8.0,59.38699549730342,7.446942161727251,469.79187692057593,94.639792,0.6705435407170451
2121,C:\Users\joshy\OneDrive\Documents\Kravitz Lab\freezeData\\0322\20260327055204-b95.05-f6.png,2026-03-27 05:52:04,6.0,58.950154336497,7.4545027292487065,443.525715967936,94.920428,0.7391601263576671
2122,C:\Users\joshy\OneDrive\Documents\Kravitz Lab\freezeData\\0322\20260327055258-b94.03-f0.png,2026-03-27 05:52:58,0.0,57.68467782041134,7.440212526106935,460.148188966896,93.904812,0.744339685966597
2123,C:\Users\joshy\OneDrive\Documents\Kravitz Lab\freezeData\\0322\20260327055241-b94.42-f10.png,2026-03-27 05:52:41,10.0,59.55283101854232,7.439642451511557,507.0221913883999,94.268212,0.6140426753470402
2124,C:\Users\joshy\OneDrive\Documents\Kravitz Lab\freezeData\\0322\20260327055317-b94.72-f2.png,2026-03-27 05:53:17,2.0,58.164845390335216,7.453015364244593,456.93091031545606,94.54428,0.7825708295640801
2125,C:\Users\joshy\OneDrive\Documents\Kravitz Lab\freezeData\\0322\20260327055336-b94.76-f4.png,2026-03-27 05:53:36,4.0,58.6106119707208,7.459623784127184,448.011359797504,94.60724,0.8020908372470973
2126,C:\Users\joshy\OneDrive\Documents\Kravitz Lab\freezeData\\0322\20260327055355-b94.91-f6.png,2026-03-27 05:53:55,6.0,58.97702206580119,7.455253125398537,452.63729320441604,94.7595,0.7379326076825156
2127,C:\Users\joshy\OneDrive\Documents\Kravitz Lab\freezeData\\0322\20260327055451-b94.25-f0.png,2026-03-27 05:54:51,0.0,57.64918745650606,7.441703109287822,448.5823435667839,94.100068,0.7427941053782063
2128,C:\Users\joshy\OneDrive\Documents\Kravitz Lab\freezeData\\0322\20260327055413-b94.47-f8.png,2026-03-27 05:54:13,8.0,59.20850850405931,7.438340953511006,459.1229788604,94.308144,0.6699018017720869
2129,C:\Users\joshy\OneDrive\Documents\Kravitz Lab\freezeData\\0322\20260327055432-b94.35-f10.png,2026-03-27 05:54:32,10.0,59.62160109881774,7.434816800519548,518.099156535664,94.200116,0.6147198493352758
2130,C:\Users\joshy\OneDrive\Documents\Kravitz Lab\freezeData\\0322\20260327055511-b94.78-f2.png,2026-03-27 05:55:11,2.0,58.158340673644254,7.455161765919901,462.0972244704639,94.622156,0.7804848477598074
2131,C:\Users\joshy\OneDrive\Documents\Kravitz Lab\freezeData\\0322\20260327055529-b95.20-f4.png,2026-03-27 05:55:29,4.0,58.625256836068324,7.4594627143466745,449.635807566784,95.061032,0.8023249445123805
2132,C:\Users\joshy\OneDrive\Documents\Kravitz Lab\freezeData\\0322\20260327055547-b95.19-f6.png,2026-03-27 05:55:47,6.0,58.974614282025314,7.456209598447537,440.8684222974559,95.038656,0.7371858858506316
2133,C:\Users\joshy\OneDrive\Documents\Kravitz Lab\freezeData\\0322\20260327055606-b95.02-f8.png,2026-03-27 05:56:06,8.0,59.363967549010745,7.448031862384528,474.98220510040005,94.8778,0.6709606513656201
2134,C:\Users\joshy\OneDrive\Documents\Kravitz Lab\freezeData\\0322\20260327055625-b94.32-f10.png,2026-03-27 05:56:25,10.0,59.604807113365474,7.437201026279016,523.332300428224,94.180136,0.6156604913628204
2135,C:\Users\joshy\OneDrive\Documents\Kravitz Lab\freezeData\\0322\20260327055645-b93.95-f0.png,2026-03-27 05:56:45,0.0,57.70667839697932,7.43744756783188,456.555923682544,93.81626,0.745071237591593
2136,C:\Users\joshy\OneDrive\Documents\Kravitz Lab\freezeData\\0322\20260327055703-b94.71-f2.png,2026-03-27 05:57:03,2.0,58.113851968713966,7.457173349124365,480.854434439536,94.56172,0.7805199654587878
2137,C:\Users\joshy\OneDrive\Documents\Kravitz Lab\freezeData\\0322\20260327055722-b94.93-f4.png,2026-03-27 05:57:22,4.0,58.53380022194356,7.453726602474195,437.37819277465604,94.77424,0.8035496028967971
2138,C:\Users\joshy\OneDrive\Documents\Kravitz Lab\freezeData\\0322\20260327055741-b94.83-f6.png,2026-03-27 05:57:41,6.0,58.90620852628694,7.454085902522793,428.0252362270561,94.67524,0.7385172346337966
2139,C:\Users\joshy\OneDrive\Documents\Kravitz Lab\freezeData\\0322\20260327055759-b94.45-f8.png,2026-03-27 05:57:59,8.0,59.3549026218066,7.445590900996583,469.53908676089594,94.308316,0.6695079375601527
2140,C:\Users\joshy\OneDrive\Documents\Kravitz Lab\freezeData\\0322\20260327055818-b93.98-f10.png,2026-03-27 05:58:18,10.0,59.48765427066776,7.435054091291296,513.483493456496,93.827752,0.6149909103058068
2141,C:\Users\joshy\OneDrive\Documents\Kravitz Lab\freezeData\\0322\20260327055837-b94.02-f0.png,2026-03-27 05:58:37,0.0,57.551306830214166,7.437658323679028,457.5320690092639,93.884388,0.743533695978451
2142,C:\Users\joshy\OneDrive\Documents\Kravitz Lab\freezeData\\0322\20260327055855-b94.97-f2.png,2026-03-27 05:58:55,2.0,58.2560291822282,7.4598961016213625,490.77046091454406,94.826876,0.781035050999124
2143,C:\Users\joshy\OneDrive\Documents\Kravitz Lab\freezeData\\0322\20260327055915-b95.04-f4.png,2026-03-27 05:59:15,4.0,58.519704149594055,7.454792054634173,439.5794620144,94.882228,0.8018213532226346
2144,C:\Users\joshy\OneDrive\Documents\Kravitz Lab\freezeData\\0322\20260327055934-b94.91-f6.png,2026-03-27 05:59:34,6.0,58.947479666520636,7.454436612744666,449.31008393574405,94.761444,0.7376075581140099
2145,C:\Users\joshy\OneDrive\Documents\Kravitz Lab\freezeData\\0322\20260327055952-b94.67-f8.png,2026-03-27 05:59:52,8.0,59.31155266208214,7.44354648849086,477.642208604784,94.520416,0.6703806165461903
2146,C:\Users\joshy\OneDrive\Documents\Kravitz Lab\freezeData\\0322\20260327060010-b94.11-f10.png,2026-03-27 06:00:10,10.0,59.55868316495105,7.4285476014735075,504.31163036000004,93.975676,0.6159138221988179
2147,C:\Users\joshy\OneDrive\Documents\Kravitz Lab\freezeData\\0322\20260327060030-b94.29-f0.png,2026-03-27 06:00:30,0.0,57.743870983753766,7.440279320349688,455.83831870999995,94.16954,0.7434983862339335
2148,C:\Users\joshy\OneDrive\Documents\Kravitz Lab\freezeData\\0322\20260327060048-b94.87-f2.png,2026-03-27 06:00:48,2.0,58.225464817899045,7.459346024785467,480.006492000704,94.72414,0.7819990384700655
2149,C:\Users\joshy\OneDrive\Documents\Kravitz Lab\freezeData\\0322\20260327060107-b95.09-f4.png,2026-03-27 06:01:07,4.0,58.620704088559016,7.4621358304698955,422.77351080697605,94.95204,0.8020465447140706
2150,C:\Users\joshy\OneDrive\Documents\Kravitz Lab\freezeData\\0322\20260327060127-b94.77-f6.png,2026-03-27 06:01:27,6.0,58.95445096701568,7.453347137034615,425.64505296689606,94.607588,0.7371991333520569
2151,C:\Users\joshy\OneDrive\Documents\Kravitz Lab\freezeData\\0322\20260327060145-b94.84-f8.png,2026-03-27 06:01:45,8.0,59.32001966612958,7.44842304311436,459.0567686047841,94.6941,0.6704921671950825
2152,C:\Users\joshy\OneDrive\Documents\Kravitz Lab\freezeData\\0322\20260327060223-b94.24-f0.png,2026-03-27 06:02:23,0.0,57.551586730428205,7.441360016491441,457.21680224000005,94.1041,0.7416009856218327
2153,C:\Users\joshy\OneDrive\Documents\Kravitz Lab\freezeData\\0322\20260327060203-b94.34-f10.png,2026-03-27 06:02:03,10.0,59.58911790499725,7.433661899375577,516.378612613104,94.190156,0.6147680087665622
2154,C:\Users\joshy\OneDrive\Documents\Kravitz Lab\freezeData\\0322\20260327060242-b95.04-f2.png,2026-03-27 06:02:42,2.0,58.186030150326495,7.45877235194386,485.4207604704641,94.897964,0.7819440404102828
2155,C:\Users\joshy\OneDrive\Documents\Kravitz Lab\freezeData\\0322\20260327060300-b94.87-f4.png,2026-03-27 06:03:00,4.0,58.529519012851075,7.453215706876587,445.73498447046404,94.730452,0.8033466552606773
2156,C:\Users\joshy\OneDrive\Documents\Kravitz Lab\freezeData\\0322\20260327060319-b95.08-f6.png,2026-03-27 06:03:19,6.0,58.96558782738,7.456861113230296,436.76950701817606,94.949244,0.7375790957255629
2157,C:\Users\joshy\OneDrive\Documents\Kravitz Lab\freezeData\\0322\20260327060338-b94.65-f8.png,2026-03-27 06:03:38,8.0,59.27550107894491,7.444993775625724,475.8459684636,94.5072,0.6685523642544223
2158,C:\Users\joshy\OneDrive\Documents\Kravitz Lab\freezeData\\0322\20260327060358-b94.41-f10.png,2026-03-27 06:03:58,10.0,59.6100925395787,7.4383339886947475,521.414004224624,94.283308,0.6150486025766368
2159,C:\Users\joshy\OneDrive\Documents\Kravitz Lab\freezeData\\0322\20260327060435-b94.92-f2.png,2026-03-27 06:04:35,2.0,58.15585423455919,7.455536873168693,488.380121476464,94.788448,0.7798068734306889
2160,C:\Users\joshy\OneDrive\Documents\Kravitz Lab\freezeData\\0322\20260327060417-b94.09-f0.png,2026-03-27 06:04:17,0.0,57.57484248050011,7.4367688243600725,442.53615404639993,93.95116,0.744489484785784
2161,C:\Users\joshy\OneDrive\Documents\Kravitz Lab\freezeData\\0322\20260327060453-b94.88-f4.png,2026-03-27 06:04:53,4.0,58.56781988763113,7.457372612825714,443.2458995900001,94.7369,0.8019402772094505
2162,C:\Users\joshy\OneDrive\Documents\Kravitz Lab\freezeData\\0322\20260327060513-b95.03-f6.png,2026-03-27 06:05:13,6.0,59.04082144004583,7.45618437120582,434.712428374784,94.880068,0.7393166672125033
2163,C:\Users\joshy\OneDrive\Documents\Kravitz Lab\freezeData\\0322\20260327060550-b94.29-f10.png,2026-03-27 06:05:50,10.0,59.56001298562639,7.435578575155166,520.975622760896,94.144004,0.6142213651827184
2164,C:\Users\joshy\OneDrive\Documents\Kravitz Lab\freezeData\\0322\20260327060531-b94.99-f8.png,2026-03-27 06:05:31,8.0,59.41175902892962,7.449907720069547,461.929358157824,94.83378,0.6688838708900428
2165,C:\Users\joshy\OneDrive\Documents\Kravitz Lab\freezeData\\0322\20260327060609-b94.03-f0.png,2026-03-27 06:06:09,0.0,57.656699164782026,7.441118892561902,462.02423089239994,93.912768,0.7448923496527541
2166,C:\Users\joshy\OneDrive\Documents\Kravitz Lab\freezeData\\0322\20260327060627-b94.94-f2.png,2026-03-27 06:06:27,2.0,58.13653969499196,7.458505666928859,480.49118970873593,94.791932,0.7796805662119025
2167,C:\Users\joshy\OneDrive\Documents\Kravitz Lab\freezeData\\0322\20260327060647-b94.79-f4.png,2026-03-27 06:06:47,4.0,58.589336994556405,7.453603388661283,431.20227875840004,94.641048,0.8051433782449233
2168,C:\Users\joshy\OneDrive\Documents\Kravitz Lab\freezeData\\0322\20260327060705-b95.03-f6.png,2026-03-27 06:07:05,6.0,59.044052943169675,7.4583680402500425,442.03970760678396,94.884276,0.7372501295951298
2169,C:\Users\joshy\OneDrive\Documents\Kravitz Lab\freezeData\\0322\20260327060723-b94.78-f8.png,2026-03-27 06:07:23,8.0,59.209748355270015,7.443180715203726,461.8075479296,94.62584,0.670783017688626
2170,C:\Users\joshy\OneDrive\Documents\Kravitz Lab\freezeData\\0322\20260327060743-b94.19-f10.png,2026-03-27 06:07:43,10.0,59.57541983291767,7.433558429084735,507.06788817969596,94.05646,0.6158390421813994
2171,C:\Users\joshy\OneDrive\Documents\Kravitz Lab\freezeData\\0322\20260327060802-b94.18-f0.png,2026-03-27 06:08:02,0.0,57.72690042518077,7.441822990346354,456.580456070144,94.050708,0.7454212481232708
2172,C:\Users\joshy\OneDrive\Documents\Kravitz Lab\freezeData\\0322\20260327060820-b94.82-f2.png,2026-03-27 06:08:20,2.0,58.173952494748846,7.4563780339155405,485.231303805936,94.684052,0.781235495003951
2173,C:\Users\joshy\OneDrive\Documents\Kravitz Lab\freezeData\\0322\20260327060841-b95.01-f4.png,2026-03-27 06:08:41,4.0,58.54684376360304,7.4583189876991325,433.287137528304,94.864984,0.8028398281747953
2174,C:\Users\joshy\OneDrive\Documents\Kravitz Lab\freezeData\\0322\20260327060901-b94.94-f6.png,2026-03-27 06:09:01,6.0,59.04359023734664,7.456560516519187,437.35679257009593,94.795452,0.7371448936388324
2175,C:\Users\joshy\OneDrive\Documents\Kravitz Lab\freezeData\\0322\20260327060919-b94.84-f8.png,2026-03-27 06:09:19,8.0,59.45102281760488,7.438865341462746,463.4865147276639,94.698932,0.6713128252006003
2176,C:\Users\joshy\OneDrive\Documents\Kravitz Lab\freezeData\\0322\20260327060937-b94.27-f10.png,2026-03-27 06:09:37,10.0,59.55632110663169,7.434686726276823,512.240625647344,94.118424,0.6145759073920536
2177,C:\Users\joshy\OneDrive\Documents\Kravitz Lab\freezeData\\0322\20260327060957-b94.34-f0.png,2026-03-27 06:09:57,0.0,57.6652225080089,7.444620148433415,452.68276762353594,94.207232,0.7449524728063942
2178,C:\Users\joshy\OneDrive\Documents\Kravitz Lab\freezeData\\0322\20260327061015-b94.77-f2.png,2026-03-27 06:10:15,2.0,58.17783295177241,7.456122125362662,462.5241642716,94.610892,0.7804462200801132
2179,C:\Users\joshy\OneDrive\Documents\Kravitz Lab\freezeData\\0322\20260327061034-b94.87-f4.png,2026-03-27 06:10:34,4.0,58.4764307370927,7.455553398213388,429.39225480697604,94.7245,0.8023915735157333
2180,C:\Users\joshy\OneDrive\Documents\Kravitz Lab\freezeData\\0322\20260327061054-b95.18-f6.png,2026-03-27 06:10:54,6.0,59.09804822823183,7.455578620037661,434.176982373616,95.038828,0.738251040669158
2181,C:\Users\joshy\OneDrive\Documents\Kravitz Lab\freezeData\\0322\20260327061111-b94.53-f8.png,2026-03-27 06:11:11,8.0,59.321498180911654,7.446003391935019,424.55866549913605,94.356064,0.6704507009393796
2182,C:\Users\joshy\OneDrive\Documents\Kravitz Lab\freezeData\\0322\20260327061131-b94.48-f10.png,2026-03-27 06:11:31,10.0,59.56512597643638,7.437464760577519,481.52272074545596,94.323208,0.6160524684910818
2183,C:\Users\joshy\OneDrive\Documents\Kravitz Lab\freezeData\\0322\20260327061151-b93.92-f0.png,2026-03-27 06:11:51,0.0,57.60866582749661,7.433915712918796,428.872962162944,93.764268,0.7431252002451609
2184,C:\Users\joshy\OneDrive\Documents\Kravitz Lab\freezeData\\0322\20260327061227-b94.98-f4.png,2026-03-27 06:12:27,4.0,58.620147043522024,7.458528019089618,423.1283674736,94.821684,0.8027912955815766
2185,C:\Users\joshy\OneDrive\Documents\Kravitz Lab\freezeData\\0322\20260327061209-b94.84-f2.png,2026-03-27 06:12:09,2.0,58.19771878550224,7.455632533110755,470.16648898809603,94.69306,0.7811502863777289
2186,C:\Users\joshy\OneDrive\Documents\Kravitz Lab\freezeData\\0322\20260327061249-b95.07-f6.png,2026-03-27 06:12:49,6.0,58.99543103894389,7.453082564847365,435.74942423639993,94.935096,0.7374711163981724
2187,C:\Users\joshy\OneDrive\Documents\Kravitz Lab\freezeData\\0322\20260327061307-b95.03-f8.png,2026-03-27 06:13:07,8.0,59.36429950698531,7.4461385922554895,452.02631219142404,94.875212,0.6685807452423062
2188,C:\Users\joshy\OneDrive\Documents\Kravitz Lab\freezeData\\0322\20260327061345-b94.16-f0.png,2026-03-27 06:13:45,0.0,57.672234002959726,7.440339945245382,445.5171419089761,94.019316,0.7444853807006422
2189,C:\Users\joshy\OneDrive\Documents\Kravitz Lab\freezeData\\0322\20260327061326-b94.40-f10.png,2026-03-27 06:13:26,10.0,59.58349543639801,7.435433419325028,506.574374950256,94.254856,0.6140735004165223
2190,C:\Users\joshy\OneDrive\Documents\Kravitz Lab\freezeData\\0322\20260327061404-b94.94-f2.png,2026-03-27 06:14:04,2.0,58.1163628091917,7.456530077335809,467.20060307185594,94.78952,0.7813737422322522
2191,C:\Users\joshy\OneDrive\Documents\Kravitz Lab\freezeData\\0322\20260327061424-b95.22-f4.png,2026-03-27 06:14:24,4.0,58.58684572307664,7.458966334741985,426.30309892785596,95.066304,0.8013352136551939
2192,C:\Users\joshy\OneDrive\Documents\Kravitz Lab\freezeData\\0322\20260327061443-b94.67-f6.png,2026-03-27 06:14:43,6.0,58.96324071289162,7.4545423290735195,432.2501190360161,94.51344,0.7384975823108361
2193,C:\Users\joshy\OneDrive\Documents\Kravitz Lab\freezeData\\0322\20260327061501-b94.84-f8.png,2026-03-27 06:15:01,8.0,59.42857971097731,7.4459410089226745,450.8052529904,94.692004,0.6707008515362012
2194,C:\Users\joshy\OneDrive\Documents\Kravitz Lab\freezeData\\0322\20260327061520-b94.60-f10.png,2026-03-27 06:15:20,10.0,59.572059417411445,7.437386027926217,508.01605142470396,94.46322,0.6142367528484456
2195,C:\Users\joshy\OneDrive\Documents\Kravitz Lab\freezeData\\0322\20260327061540-b93.86-f0.png,2026-03-27 06:15:40,0.0,57.57493951253097,7.439900176677622,444.4268780659041,93.71778,0.744379421173698
2196,C:\Users\joshy\OneDrive\Documents\Kravitz Lab\freezeData\\0322\20260327061557-b94.74-f2.png,2026-03-27 06:15:57,2.0,58.09846429944516,7.455569608828264,468.237346240624,94.576564,0.7814246652168066
2197,C:\Users\joshy\OneDrive\Documents\Kravitz Lab\freezeData\\0322\20260327061617-b95.04-f4.png,2026-03-27 06:16:17,4.0,58.53606663415641,7.456798268318772,412.56743705150393,94.87504,0.8008053226211388
2198,C:\Users\joshy\OneDrive\Documents\Kravitz Lab\freezeData\\0322\20260327061636-b94.86-f6.png,2026-03-27 06:16:36,6.0,58.96939440378963,7.453110384106664,438.70125724,94.711952,0.7384440870744616
2199,C:\Users\joshy\OneDrive\Documents\Kravitz Lab\freezeData\\0322\20260327061654-b94.47-f8.png,2026-03-27 06:16:54,8.0,59.33706088919956,7.444647793810942,458.8811152063999,94.313632,0.6702468481536236
2200,C:\Users\joshy\OneDrive\Documents\Kravitz Lab\freezeData\\0322\20260327061712-b94.10-f10.png,2026-03-27 06:17:12,10.0,59.44392250415768,7.433658103554864,488.12148364185595,93.937764,0.6156174563490223
2201,C:\Users\joshy\OneDrive\Documents\Kravitz Lab\freezeData\\0322\20260327061732-b93.79-f0.png,2026-03-27 06:17:32,0.0,57.55307645946291,7.437781451029026,439.75232283121596,93.636404,0.7443648596546479
2202,C:\Users\joshy\OneDrive\Documents\Kravitz Lab\freezeData\\0322\20260327061751-b95.08-f2.png,2026-03-27 06:17:51,2.0,58.11236593667258,7.455852140637591,446.8136787584,94.906484,0.7818657392282987
2203,C:\Users\joshy\OneDrive\Documents\Kravitz Lab\freezeData\\0322\20260327061810-b94.99-f4.png,2026-03-27 06:18:10,4.0,58.541911281611426,7.456819308705205,422.37968659902396,94.849456,0.804369195897966
2204,C:\Users\joshy\OneDrive\Documents\Kravitz Lab\freezeData\\0322\20260327061828-b95.05-f6.png,2026-03-27 06:18:28,6.0,59.013455814055014,7.4561327000929,439.88911577286393,94.903476,0.7375562174131851
2205,C:\Users\joshy\OneDrive\Documents\Kravitz Lab\freezeData\\0322\20260327061850-b94.74-f8.png,2026-03-27 06:18:50,8.0,59.4847825860166,7.451291027552565,466.956977988464,94.597656,0.6705257724511956
2206,C:\Users\joshy\OneDrive\Documents\Kravitz Lab\freezeData\\0322\20260327061907-b94.41-f10.png,2026-03-27 06:19:07,10.0,59.56655900729791,7.43625038023521,501.49133106022407,94.279564,0.6159201179347994
2207,C:\Users\joshy\OneDrive\Documents\Kravitz Lab\freezeData\\0322\20260327061926-b94.06-f0.png,2026-03-27 06:19:26,0.0,57.57008923878941,7.438424880321721,450.37623435462416,93.931232,0.7439811296546428
2208,C:\Users\joshy\OneDrive\Documents\Kravitz Lab\freezeData\\0322\20260327062007-b94.87-f4.png,2026-03-27 06:20:07,4.0,58.64728147886017,7.456541760848085,433.931344204736,94.729188,0.8036119790143456
2209,C:\Users\joshy\OneDrive\Documents\Kravitz Lab\freezeData\\0322\20260327061947-b94.68-f2.png,2026-03-27 06:19:47,2.0,58.182056052414104,7.455919231011214,458.660417198336,94.518588,0.7815817534564878
2210,C:\Users\joshy\OneDrive\Documents\Kravitz Lab\freezeData\\0322\20260327062025-b94.81-f6.png,2026-03-27 06:20:25,6.0,58.9885630892259,7.454050849443636,448.56522194839994,94.672304,0.7388709153153767
2211,C:\Users\joshy\OneDrive\Documents\Kravitz Lab\freezeData\\0322\20260327062044-b94.78-f8.png,2026-03-27 06:20:44,8.0,59.253294231129594,7.443094958334579,465.849537988464,94.628572,0.6706208897040825
2212,C:\Users\joshy\OneDrive\Documents\Kravitz Lab\freezeData\\0322\20260327062122-b93.93-f0.png,2026-03-27 06:21:22,0.0,57.67942445171935,7.438276061707507,442.242049114624,93.78928,0.744608013419471
2213,C:\Users\joshy\OneDrive\Documents\Kravitz Lab\freezeData\\0322\20260327062104-b94.37-f10.png,2026-03-27 06:21:04,10.0,59.567881675410824,7.432000211156694,502.0769541916,94.227984,0.6157301771533045
2214,C:\Users\joshy\OneDrive\Documents\Kravitz Lab\freezeData\\0322\20260327062143-b94.74-f2.png,2026-03-27 06:21:43,2.0,58.118296758634074,7.454044562740747,471.50991654854397,94.590188,0.7812690503816038
2215,C:\Users\joshy\OneDrive\Documents\Kravitz Lab\freezeData\\0322\20260327062203-b94.95-f4.png,2026-03-27 06:22:03,4.0,58.581914200071814,7.457843533818261,440.8616586176,94.804632,0.8036945680568764
2216,C:\Users\joshy\OneDrive\Documents\Kravitz Lab\freezeData\\0322\20260327062221-b94.96-f6.png,2026-03-27 06:22:21,6.0,58.96570109811242,7.457057707287835,432.48278417406397,94.813008,0.7365672331341506
2217,C:\Users\joshy\OneDrive\Documents\Kravitz Lab\freezeData\\0322\20260327062240-b94.62-f8.png,2026-03-27 06:22:40,8.0,59.264066358381314,7.444697230474551,467.5961703935841,94.485624,0.6717349982898995
2218,C:\Users\joshy\OneDrive\Documents\Kravitz Lab\freezeData\\0322\20260327062300-b94.02-f10.png,2026-03-27 06:23:00,10.0,59.6193521719757,7.431431369405374,519.848264729024,93.890956,0.6159303636184663
2219,C:\Users\joshy\OneDrive\Documents\Kravitz Lab\freezeData\\0322\20260327062318-b93.79-f0.png,2026-03-27 06:23:18,0.0,57.58457014159484,7.4389774826796025,447.07868903039997,93.649912,0.7437227075337004
2220,C:\Users\joshy\OneDrive\Documents\Kravitz Lab\freezeData\\0322\20260327062339-b94.64-f2.png,2026-03-27 06:23:39,2.0,58.18128581287368,7.456251547010345,483.059748360304,94.489552,0.7810673483680486
2221,C:\Users\joshy\OneDrive\Documents\Kravitz Lab\freezeData\\0322\20260327062359-b94.94-f4.png,2026-03-27 06:23:59,4.0,58.627304948801324,7.457151107445956,448.072872558016,94.795016,0.8029700918516766
2222,C:\Users\joshy\OneDrive\Documents\Kravitz Lab\freezeData\\0322\20260327062416-b94.90-f6.png,2026-03-27 06:24:16,6.0,59.00115436971097,7.454207292955604,435.622791317104,94.748256,0.7382635728852361
2223,C:\Users\joshy\OneDrive\Documents\Kravitz Lab\freezeData\\0322\20260327062435-b94.97-f8.png,2026-03-27 06:24:35,8.0,59.32895501588074,7.44794674358773,473.0844224271361,94.83106,0.6713833408637588
2224,C:\Users\joshy\OneDrive\Documents\Kravitz Lab\freezeData\\0322\20260327062455-b94.39-f10.png,2026-03-27 06:24:55,10.0,59.55793998234325,7.43775215221409,519.3372812337759,94.24314,0.614089959601787
2225,C:\Users\joshy\OneDrive\Documents\Kravitz Lab\freezeData\\0322\20260327062513-b93.88-f0.png,2026-03-27 06:25:13,0.0,57.522317976860286,7.437077433987547,443.574818654656,93.743324,0.7439212332464752
2226,C:\Users\joshy\OneDrive\Documents\Kravitz Lab\freezeData\\0322\20260327062533-b94.69-f2.png,2026-03-27 06:25:33,2.0,58.140336474070594,7.457174769048245,488.79632275040007,94.538816,0.7815121511298905
2227,C:\Users\joshy\OneDrive\Documents\Kravitz Lab\freezeData\\0322\20260327062552-b94.77-f4.png,2026-03-27 06:25:52,4.0,58.46570932844598,7.453195130924915,448.463684316016,94.622608,0.8039571862239768
2228,C:\Users\joshy\OneDrive\Documents\Kravitz Lab\freezeData\\0322\20260327062610-b94.99-f6.png,2026-03-27 06:26:10,6.0,58.98370557396624,7.457965888506957,434.78557091046406,94.852892,0.7372506795797661
2229,C:\Users\joshy\OneDrive\Documents\Kravitz Lab\freezeData\\0322\20260327062631-b94.67-f8.png,2026-03-27 06:26:31,8.0,59.30437489303749,7.446006019324227,458.325303460976,94.518508,0.671292573186322
2230,C:\Users\joshy\OneDrive\Documents\Kravitz Lab\freezeData\\0322\20260327062649-b94.10-f10.png,2026-03-27 06:26:49,10.0,59.52106615484639,7.435928017130283,517.9470415804,93.96148,0.6140754470140601
2231,C:\Users\joshy\OneDrive\Documents\Kravitz Lab\freezeData\\0322\20260327062708-b94.06-f0.png,2026-03-27 06:27:08,0.0,57.63832755060903,7.441685817738109,453.67548924000005,93.933448,0.744588031994537
2232,C:\Users\joshy\OneDrive\Documents\Kravitz Lab\freezeData\\0322\20260327062728-b94.74-f2.png,2026-03-27 06:27:28,2.0,58.12804420664422,7.454123762597624,475.007781913024,94.591196,0.7814103195461007
2233,C:\Users\joshy\OneDrive\Documents\Kravitz Lab\freezeData\\0322\20260327062746-b94.95-f4.png,2026-03-27 06:27:46,4.0,58.58931711338564,7.45305718090286,435.1411095484,94.792944,0.8042364510839339
2234,C:\Users\joshy\OneDrive\Documents\Kravitz Lab\freezeData\\0322\20260327062805-b94.82-f6.png,2026-03-27 06:28:05,6.0,58.96579804063491,7.457275377908792,452.44893531710403,94.681916,0.7385411033172097
2235,C:\Users\joshy\OneDrive\Documents\Kravitz Lab\freezeData\\0322\20260327062824-b94.70-f8.png,2026-03-27 06:28:24,8.0,59.50959697912141,7.444517795664406,465.34238191,94.567612,0.6697311817041933
2236,C:\Users\joshy\OneDrive\Documents\Kravitz Lab\freezeData\\0322\20260327062842-b94.48-f10.png,2026-03-27 06:28:42,10.0,59.53822667551784,7.434282669780727,515.77677436,94.334216,0.6159932754604986
2237,C:\Users\joshy\OneDrive\Documents\Kravitz Lab\freezeData\\0322\20260327062902-b94.21-f0.png,2026-03-27 06:29:02,0.0,57.6900915822631,7.4418454473795395,459.8953731356,94.070436,0.743121302080793
2238,C:\Users\joshy\OneDrive\Documents\Kravitz Lab\freezeData\\0322\20260327062921-b94.54-f2.png,2026-03-27 06:29:21,2.0,58.12316633032843,7.454760518012468,469.960236966896,94.390676,0.7830162054786779
2239,C:\Users\joshy\OneDrive\Documents\Kravitz Lab\freezeData\\0322\20260327062941-b95.01-f4.png,2026-03-27 06:29:41,4.0,58.62352150616283,7.4584380058833695,432.30615729401603,94.862908,0.8029187757970789
2240,C:\Users\joshy\OneDrive\Documents\Kravitz Lab\freezeData\\0322\20260327063000-b94.81-f6.png,2026-03-27 06:30:00,6.0,58.90321594900924,7.45319497834853,447.38962858489595,94.691872,0.738663716451103
2241,C:\Users\joshy\OneDrive\Documents\Kravitz Lab\freezeData\\0322\20260327063019-b94.86-f8.png,2026-03-27 06:30:19,8.0,59.35642465448619,7.444007238752709,461.288947497216,94.708452,0.670353994712887
2242,C:\Users\joshy\OneDrive\Documents\Kravitz Lab\freezeData\\0322\20260327063037-b93.93-f10.png,2026-03-27 06:30:37,10.0,59.442301191635025,7.43486173867479,508.31396775,93.789712,0.6143407918285386
2243,C:\Users\joshy\OneDrive\Documents\Kravitz Lab\freezeData\\0322\20260327063055-b94.19-f0.png,2026-03-27 06:30:55,0.0,57.57051902842648,7.438361006347049,463.5285320476,94.052828,0.7440117653228523
2244,C:\Users\joshy\OneDrive\Documents\Kravitz Lab\freezeData\\0322\20260327063114-b94.84-f2.png,2026-03-27 06:31:14,2.0,58.12657731719823,7.452908836020342,448.86605053822404,94.678576,0.7820541867971218
2245,C:\Users\joshy\OneDrive\Documents\Kravitz Lab\freezeData\\0322\20260327063133-b95.20-f4.png,2026-03-27 06:31:33,4.0,58.55850180359139,7.457821519925496,432.1744708554239,95.040528,0.8016452154999887
2246,C:\Users\joshy\OneDrive\Documents\Kravitz Lab\freezeData\\0322\20260327063151-b95.18-f6.png,2026-03-27 06:31:51,6.0,58.91998977460875,7.457929859477521,424.72583214270395,95.0236,0.737132666686775
2247,C:\Users\joshy\OneDrive\Documents\Kravitz Lab\freezeData\\0322\20260327063210-b94.97-f8.png,2026-03-27 06:32:10,8.0,59.364050075478374,7.441949985971054,456.3057397859839,94.830936,0.6715576984595347
2248,C:\Users\joshy\OneDrive\Documents\Kravitz Lab\freezeData\\0322\20260327063228-b94.29-f10.png,2026-03-27 06:32:28,10.0,59.533111246148195,7.433755401602444,517.089970022656,94.141412,0.6156150218911707
2249,C:\Users\joshy\OneDrive\Documents\Kravitz Lab\freezeData\\0322\20260327063248-b94.19-f0.png,2026-03-27 06:32:48,0.0,57.639845282874106,7.440120531715659,456.73899547161597,94.046344,0.744413047014993
2250,C:\Users\joshy\OneDrive\Documents\Kravitz Lab\freezeData\\0322\20260327063307-b94.57-f2.png,2026-03-27 06:33:07,2.0,58.056487963935126,7.453475643251063,481.2265560024161,94.415116,0.7795457495975946
2251,C:\Users\joshy\OneDrive\Documents\Kravitz Lab\freezeData\\0322\20260327063325-b95.06-f4.png,2026-03-27 06:33:25,4.0,58.620049724902145,7.457028810700144,445.39743705150397,94.9065,0.8041500906494037
2252,C:\Users\joshy\OneDrive\Documents\Kravitz Lab\freezeData\\0322\20260327063343-b94.90-f6.png,2026-03-27 06:33:43,6.0,58.96412049692308,7.45439972578313,442.6816880796,94.749844,0.7393417526834075
2253,C:\Users\joshy\OneDrive\Documents\Kravitz Lab\freezeData\\0322\20260327063403-b94.84-f8.png,2026-03-27 06:34:03,8.0,59.31932311501593,7.447259543624204,468.8388012337761,94.678844,0.6688702364570588
2254,C:\Users\joshy\OneDrive\Documents\Kravitz Lab\freezeData\\0322\20260327063420-b93.90-f10.png,2026-03-27 06:34:20,10.0,59.450435939859545,7.432149634877944,517.513576883136,93.764716,0.6156835570989607
2255,C:\Users\joshy\OneDrive\Documents\Kravitz Lab\freezeData\\0322\20260327063439-b93.80-f0.png,2026-03-27 06:34:39,0.0,57.64132719490418,7.437615239014318,456.384930392576,93.6639,0.7438921738001204
2256,C:\Users\joshy\OneDrive\Documents\Kravitz Lab\freezeData\\0322\20260327063458-b94.94-f2.png,2026-03-27 06:34:58,2.0,58.18798595234587,7.458915319986604,496.375328070144,94.76936,0.7810807200304714
2257,C:\Users\joshy\OneDrive\Documents\Kravitz Lab\freezeData\\0322\20260327063516-b95.01-f4.png,2026-03-27 06:35:16,4.0,58.50968423049627,7.454515319478217,434.352343566784,94.855296,0.8041858117604452
2258,C:\Users\joshy\OneDrive\Documents\Kravitz Lab\freezeData\\0322\20260327063536-b94.91-f6.png,2026-03-27 06:35:36,6.0,58.97613361634769,7.455088119350784,451.6003512476,94.766052,0.7379992539322107
2259,C:\Users\joshy\OneDrive\Documents\Kravitz Lab\freezeData\\0322\20260327063556-b94.77-f8.png,2026-03-27 06:35:56,8.0,59.31568339396466,7.444467249986186,473.7549913156961,94.624288,0.6699637966889369
2260,C:\Users\joshy\OneDrive\Documents\Kravitz Lab\freezeData\\0322\20260327063615-b94.23-f10.png,2026-03-27 06:36:15,10.0,59.54281949861239,7.4329969403783345,506.327792179696,94.084108,0.6156846817907465
2261,C:\Users\joshy\OneDrive\Documents\Kravitz Lab\freezeData\\0322\20260327063634-b93.94-f0.png,2026-03-27 06:36:34,0.0,57.62954050356383,7.440926090244065,452.8071272126561,93.801936,0.7450952699517209
2262,C:\Users\joshy\OneDrive\Documents\Kravitz Lab\freezeData\\0322\20260327063712-b94.85-f4.png,2026-03-27 06:37:12,4.0,58.55769047298829,7.455713820191091,422.346292796144,94.699736,0.8027109383284585
2263,C:\Users\joshy\OneDrive\Documents\Kravitz Lab\freezeData\\0322\20260327063653-b94.99-f2.png,2026-03-27 06:36:53,2.0,58.236533436361064,7.4636021895455675,478.80862629054405,94.83466,0.7817815989324678
2264,C:\Users\joshy\OneDrive\Documents\Kravitz Lab\freezeData\\0322\20260327063731-b94.90-f6.png,2026-03-27 06:37:31,6.0,58.990070826467054,7.456594969505585,427.4206996067839,94.73622,0.73835592111698
2265,C:\Users\joshy\OneDrive\Documents\Kravitz Lab\freezeData\\0322\20260327063750-b94.87-f8.png,2026-03-27 06:37:50,8.0,59.3218759684896,7.4488456672195555,467.746749818304,94.726944,0.6700060932015939
2266,C:\Users\joshy\OneDrive\Documents\Kravitz Lab\freezeData\\0322\20260327063809-b94.20-f10.png,2026-03-27 06:38:09,10.0,59.562193641268784,7.431555231871612,520.649531060224,94.0592,0.6147296570919268
2267,C:\Users\joshy\OneDrive\Documents\Kravitz Lab\freezeData\\0322\20260327063828-b93.85-f0.png,2026-03-27 06:38:28,0.0,57.54819799075471,7.437974486664719,464.74574150769604,93.732336,0.7433002385055948
2268,C:\Users\joshy\OneDrive\Documents\Kravitz Lab\freezeData\\0322\20260327063847-b94.93-f2.png,2026-03-27 06:38:47,2.0,58.18479341822239,7.456747406944057,465.0416680476,94.774472,0.783425619340846
2269,C:\Users\joshy\OneDrive\Documents\Kravitz Lab\freezeData\\0322\20260327063905-b94.90-f4.png,2026-03-27 06:39:05,4.0,58.538486257900324,7.458139664217602,449.10700400241603,94.750796,0.8040926070558048
2270,C:\Users\joshy\OneDrive\Documents\Kravitz Lab\freezeData\\0322\20260327063925-b94.73-f6.png,2026-03-27 06:39:25,6.0,58.970460454716346,7.453585837113839,450.39667664377595,94.588644,0.7394544720757693
2271,C:\Users\joshy\OneDrive\Documents\Kravitz Lab\freezeData\\0322\20260327063943-b94.76-f8.png,2026-03-27 06:39:43,8.0,59.45682026205855,7.446922110590047,469.33477764734397,94.610292,0.6696187133349459
2272,C:\Users\joshy\OneDrive\Documents\Kravitz Lab\freezeData\\0322\20260327064002-b94.32-f10.png,2026-03-27 06:40:02,10.0,59.52120862548354,7.435506072353921,514.6701597401441,94.187392,0.6157434303963539
2273,C:\Users\joshy\OneDrive\Documents\Kravitz Lab\freezeData\\0322\20260327064023-b94.14-f0.png,2026-03-27 06:40:23,0.0,57.60655534841499,7.443932127288959,454.69062905150395,94.0133,0.7432576909991149
2274,C:\Users\joshy\OneDrive\Documents\Kravitz Lab\freezeData\\0322\20260327064042-b94.65-f2.png,2026-03-27 06:40:42,2.0,58.20420539532984,7.4560714199258085,481.0004788554239,94.501516,0.7820034051055348
2275,C:\Users\joshy\OneDrive\Documents\Kravitz Lab\freezeData\\0322\20260327064101-b95.05-f4.png,2026-03-27 06:41:01,4.0,58.47824447290585,7.456594665110905,417.47878190897603,94.895084,0.8022406638272234
2276,C:\Users\joshy\OneDrive\Documents\Kravitz Lab\freezeData\\0322\20260327064121-b94.93-f6.png,2026-03-27 06:41:21,6.0,59.04601558899242,7.456787058681081,418.62616142718394,94.765908,0.7387409914206162
2277,C:\Users\joshy\OneDrive\Documents\Kravitz Lab\freezeData\\0322\20260327064140-b94.59-f8.png,2026-03-27 06:41:40,8.0,59.362483242919815,7.442555827251872,453.7163824332641,94.436508,0.6697220870933032
2278,C:\Users\joshy\OneDrive\Documents\Kravitz Lab\freezeData\\0322\20260327064218-b94.26-f0.png,2026-03-27 06:42:18,0.0,57.66513874738961,7.440554211111476,448.47232610481603,94.114548,0.7426903188095619
2279,C:\Users\joshy\OneDrive\Documents\Kravitz Lab\freezeData\\0322\20260327064158-b94.18-f10.png,2026-03-27 06:41:58,10.0,59.428613001799874,7.431498957870808,506.8703036779361,94.044952,0.6156551685518266
2280,C:\Users\joshy\OneDrive\Documents\Kravitz Lab\freezeData\\0322\20260327064236-b94.91-f2.png,2026-03-27 06:42:36,2.0,58.16641897263251,7.456578496674879,479.022928338176,94.762724,0.7806606190865378
2281,C:\Users\joshy\OneDrive\Documents\Kravitz Lab\freezeData\\0322\20260327064255-b94.89-f4.png,2026-03-27 06:42:55,4.0,58.498133061475244,7.456337897800329,443.851894165504,94.734956,0.8033638632828846
2282,C:\Users\joshy\OneDrive\Documents\Kravitz Lab\freezeData\\0322\20260327064314-b94.96-f6.png,2026-03-27 06:43:14,6.0,58.93960355757056,7.456573156649389,427.14529133439993,94.801696,0.7373775930731176
2283,C:\Users\joshy\OneDrive\Documents\Kravitz Lab\freezeData\\0322\20260327064332-b94.67-f8.png,2026-03-27 06:43:32,8.0,59.37378437091912,7.445766999161769,469.81351628640004,94.52266,0.6697800987355121
2284,C:\Users\joshy\OneDrive\Documents\Kravitz Lab\freezeData\\0322\20260327064350-b94.23-f10.png,2026-03-27 06:43:50,10.0,59.53866227888752,7.4339763423243,517.819860498944,94.105024,0.6155157445865354
2285,C:\Users\joshy\OneDrive\Documents\Kravitz Lab\freezeData\\0322\20260327064410-b94.14-f0.png,2026-03-27 06:44:10,0.0,57.637861684427676,7.439540963942009,441.024669908976,94.003528,0.7431234888047104
2286,C:\Users\joshy\OneDrive\Documents\Kravitz Lab\freezeData\\0322\20260327064447-b94.90-f4.png,2026-03-27 06:44:47,4.0,58.54141758413439,7.455659411838724,429.622451403376,94.7382,0.8031754728188051
2287,C:\Users\joshy\OneDrive\Documents\Kravitz Lab\freezeData\\0322\20260327064428-b94.71-f2.png,2026-03-27 06:44:28,2.0,58.151144397939404,7.45657459289448,476.5907586119041,94.5589,0.7815548620510142
2288,C:\Users\joshy\OneDrive\Documents\Kravitz Lab\freezeData\\0322\20260327064507-b95.01-f6.png,2026-03-27 06:45:07,6.0,58.94075952889633,7.45802157991485,435.02813732294396,94.875396,0.7362035062679952
2289,C:\Users\joshy\OneDrive\Documents\Kravitz Lab\freezeData\\0322\20260327064525-b94.70-f8.png,2026-03-27 06:45:25,8.0,59.32928918298873,7.442592243572865,471.878727893744,94.554964,0.6693608110739531
2290,C:\Users\joshy\OneDrive\Documents\Kravitz Lab\freezeData\\0322\20260327064543-b94.14-f10.png,2026-03-27 06:45:43,10.0,59.670716285397475,7.436730917674934,510.603220710336,94.00374,0.6149617640586174
2291,C:\Users\joshy\OneDrive\Documents\Kravitz Lab\freezeData\\0322\20260327064603-b94.01-f0.png,2026-03-27 06:46:03,0.0,57.63369984701992,7.440209602257218,458.057592249344,93.881704,0.7433981910231341
2292,C:\Users\joshy\OneDrive\Documents\Kravitz Lab\freezeData\\0322\20260327064622-b94.83-f2.png,2026-03-27 06:46:22,2.0,58.12126136772959,7.455337751811791,475.17583841478404,94.685992,0.7805385607322419
2293,C:\Users\joshy\OneDrive\Documents\Kravitz Lab\freezeData\\0322\20260327064641-b94.91-f4.png,2026-03-27 06:46:41,4.0,58.60138058055889,7.457958986999305,428.72777227160003,94.765364,0.8023369422449883
2294,C:\Users\joshy\OneDrive\Documents\Kravitz Lab\freezeData\\0322\20260327064700-b94.91-f6.png,2026-03-27 06:47:00,6.0,59.003309301735136,7.455247525672877,437.212023656944,94.768424,0.7383716190324995
2295,C:\Users\joshy\OneDrive\Documents\Kravitz Lab\freezeData\\0322\20260327064719-b94.69-f8.png,2026-03-27 06:47:19,8.0,59.31453201693574,7.4422069277830225,450.2195266556001,94.522352,0.6709212996550745
2296,C:\Users\joshy\OneDrive\Documents\Kravitz Lab\freezeData\\0322\20260327064738-b94.36-f10.png,2026-03-27 06:47:38,10.0,59.65290361205375,7.438233820145236,508.50546267897613,94.212468,0.6143391192929254
2297,C:\Users\joshy\OneDrive\Documents\Kravitz Lab\freezeData\\0322\20260327064758-b93.97-f0.png,2026-03-27 06:47:58,0.0,57.638365984764,7.438588844453604,450.296807177584,93.83508,0.7441588632426112
2298,C:\Users\joshy\OneDrive\Documents\Kravitz Lab\freezeData\\0322\20260327064816-b94.58-f2.png,2026-03-27 06:48:16,2.0,58.120742180301725,7.455579800318643,467.768392426496,94.428164,0.7821020647067407
2299,C:\Users\joshy\OneDrive\Documents\Kravitz Lab\freezeData\\0322\20260327064836-b94.85-f4.png,2026-03-27 06:48:36,4.0,58.5719568103687,7.45644950949901,445.79911424062396,94.699548,0.8045201958915813
2300,C:\Users\joshy\OneDrive\Documents\Kravitz Lab\freezeData\\0322\20260327064856-b95.19-f6.png,2026-03-27 06:48:56,6.0,59.054679907365035,7.457897344861665,449.978511177584,95.043784,0.7378718044479744
2301,C:\Users\joshy\OneDrive\Documents\Kravitz Lab\freezeData\\0322\20260327064914-b94.85-f8.png,2026-03-27 06:49:14,8.0,59.36103023766013,7.449477581554825,456.1968209904,94.70106,0.6686811996368731
2302,C:\Users\joshy\OneDrive\Documents\Kravitz Lab\freezeData\\0322\20260327064932-b94.11-f10.png,2026-03-27 06:49:32,10.0,59.483713358350585,7.43107445322333,517.6785369456,93.961828,0.6162149789199868
2303,C:\Users\joshy\OneDrive\Documents\Kravitz Lab\freezeData\\0322\20260327064952-b94.02-f0.png,2026-03-27 06:49:52,0.0,57.61455230324714,7.439145767790673,456.99978540537603,93.88342,0.7435880442770362
2304,C:\Users\joshy\OneDrive\Documents\Kravitz Lab\freezeData\\0322\20260327065011-b94.51-f2.png,2026-03-27 06:50:11,2.0,57.96843702744672,7.4479453336784225,463.58388068838394,94.362288,0.7815032096916327
2305,C:\Users\joshy\OneDrive\Documents\Kravitz Lab\freezeData\\0322\20260327065029-b95.29-f4.png,2026-03-27 06:50:29,4.0,58.70981776625017,7.464738363406524,446.18170772862396,95.153264,0.8025997061132413
2306,C:\Users\joshy\OneDrive\Documents\Kravitz Lab\freezeData\\0322\20260327065048-b94.81-f6.png,2026-03-27 06:50:48,6.0,58.91401586779159,7.45326571967411,448.5024318220641,94.68536,0.7385914089292444
2307,C:\Users\joshy\OneDrive\Documents\Kravitz Lab\freezeData\\0322\20260327065108-b94.58-f8.png,2026-03-27 06:51:08,8.0,59.339172552980415,7.4430073846570215,465.572332710336,94.420296,0.6707126062619667
2308,C:\Users\joshy\OneDrive\Documents\Kravitz Lab\freezeData\\0322\20260327065125-b94.56-f10.png,2026-03-27 06:51:25,10.0,59.73598010681335,7.437982843493054,507.944768179696,94.41472,0.614544600474718
2309,C:\Users\joshy\OneDrive\Documents\Kravitz Lab\freezeData\\0322\20260327065143-b94.13-f0.png,2026-03-27 06:51:43,0.0,57.743255897917635,7.441217175701719,446.550845384816,93.98726,0.7448348184011152
2310,C:\Users\joshy\OneDrive\Documents\Kravitz Lab\freezeData\\0322\20260327065203-b94.94-f2.png,2026-03-27 06:52:03,2.0,58.165750885500444,7.457804641512932,493.233813913024,94.800852,0.7815568636618553
2311,C:\Users\joshy\OneDrive\Documents\Kravitz Lab\freezeData\\0322\20260327065221-b94.65-f4.png,2026-03-27 06:52:21,4.0,58.543791865699994,7.452653890084182,430.8773061404001,94.50316,0.8048163466274965
2312,C:\Users\joshy\OneDrive\Documents\Kravitz Lab\freezeData\\0322\20260327065240-b95.16-f6.png,2026-03-27 06:52:40,6.0,58.987373937053206,7.456208416007774,446.72885150559995,95.007484,0.7385785229906393
2313,C:\Users\joshy\OneDrive\Documents\Kravitz Lab\freezeData\\0322\20260327065300-b94.54-f8.png,2026-03-27 06:53:00,8.0,59.26785305072476,7.441619054029846,472.491608885616,94.403736,0.6701917313139617
2314,C:\Users\joshy\OneDrive\Documents\Kravitz Lab\freezeData\\0322\20260327065317-b94.22-f10.png,2026-03-27 06:53:17,10.0,59.527813194588084,7.42993238850332,499.763737988464,94.065332,0.6156211418713065
2315,C:\Users\joshy\OneDrive\Documents\Kravitz Lab\freezeData\\0322\20260327065337-b93.95-f0.png,2026-03-27 06:53:37,0.0,57.643870756036364,7.440426290752004,450.296661629424,93.814624,0.7449042097713923
2316,C:\Users\joshy\OneDrive\Documents\Kravitz Lab\freezeData\\0322\20260327065356-b94.72-f2.png,2026-03-27 06:53:56,2.0,58.22497288885435,7.456516797967672,485.34470370560007,94.566724,0.7830660543615993
2317,C:\Users\joshy\OneDrive\Documents\Kravitz Lab\freezeData\\0322\20260327065414-b94.86-f4.png,2026-03-27 06:54:14,4.0,58.589680317868265,7.460107315656877,430.04060709574395,94.6995,0.8030238604051324
2318,C:\Users\joshy\OneDrive\Documents\Kravitz Lab\freezeData\\0322\20260327065434-b95.12-f6.png,2026-03-27 06:54:34,6.0,58.94843993152199,7.45764922884554,443.49451294566404,94.967912,0.7368172735173116
2319,C:\Users\joshy\OneDrive\Documents\Kravitz Lab\freezeData\\0322\20260327065453-b94.77-f8.png,2026-03-27 06:54:53,8.0,59.30304049188318,7.445260702920277,472.3490835696,94.614492,0.670205410131451
2320,C:\Users\joshy\OneDrive\Documents\Kravitz Lab\freezeData\\0322\20260327065512-b94.38-f10.png,2026-03-27 06:55:12,10.0,59.572913220528804,7.438395819718114,510.845364146544,94.240812,0.6136234200997388
2321,C:\Users\joshy\OneDrive\Documents\Kravitz Lab\freezeData\\0322\20260327065531-b93.81-f0.png,2026-03-27 06:55:31,0.0,57.57481287524482,7.435589671770948,447.08232273406406,93.667888,0.7439642177672746
2322,C:\Users\joshy\OneDrive\Documents\Kravitz Lab\freezeData\\0322\20260327065550-b94.92-f2.png,2026-03-27 06:55:50,2.0,58.243755665224754,7.459296977897759,482.514408737264,94.77064,0.7812567059583265
2323,C:\Users\joshy\OneDrive\Documents\Kravitz Lab\freezeData\\0322\20260327065609-b94.97-f4.png,2026-03-27 06:56:09,4.0,58.51882022841828,7.457893473493089,450.22646375161605,94.823492,0.8015721856014026
2324,C:\Users\joshy\OneDrive\Documents\Kravitz Lab\freezeData\\0322\20260327065627-b95.16-f6.png,2026-03-27 06:56:27,6.0,59.025159184513036,7.453633880325209,438.609730874304,95.022164,0.7387704036640577
2325,C:\Users\joshy\OneDrive\Documents\Kravitz Lab\freezeData\\0322\20260327065647-b94.93-f8.png,2026-03-27 06:56:47,8.0,59.35009071951281,7.445629838113048,463.370163386224,94.76684,0.6695932167073019
2326,C:\Users\joshy\OneDrive\Documents\Kravitz Lab\freezeData\\0322\20260327065705-b94.35-f10.png,2026-03-27 06:57:05,10.0,59.53219500170119,7.434411212902676,515.000070678976,94.204368,0.6144414790424984
2327,C:\Users\joshy\OneDrive\Documents\Kravitz Lab\freezeData\\0322\20260327065724-b93.98-f0.png,2026-03-27 06:57:24,0.0,57.63686737259353,7.440628136099225,442.2090328176,93.826508,0.7436465864271403
2328,C:\Users\joshy\OneDrive\Documents\Kravitz Lab\freezeData\\0322\20260327065744-b94.65-f2.png,2026-03-27 06:57:44,2.0,58.05272363450576,7.4551273273036776,469.13555988889607,94.480236,0.7812800974386462
2329,C:\Users\joshy\OneDrive\Documents\Kravitz Lab\freezeData\\0322\20260327065802-b94.85-f4.png,2026-03-27 06:58:02,4.0,58.57343414185663,7.453754388363398,451.00248198910396,94.700172,0.802642032468735
2330,C:\Users\joshy\OneDrive\Documents\Kravitz Lab\freezeData\\0322\20260327065820-b94.94-f6.png,2026-03-27 06:58:20,6.0,58.97552305888415,7.454164712537439,451.1186070716,94.807532,0.7383767039294348
2331,C:\Users\joshy\OneDrive\Documents\Kravitz Lab\freezeData\\0322\20260327065839-b94.85-f8.png,2026-03-27 06:58:39,8.0,59.372868377857436,7.448072382956513,479.17280003697596,94.706796,0.6692234200362809
2332,C:\Users\joshy\OneDrive\Documents\Kravitz Lab\freezeData\\0322\20260327065858-b94.13-f10.png,2026-03-27 06:58:58,10.0,59.45204755955508,7.4308153678019675,527.7279897500159,93.99542,0.6146196821224252
2333,C:\Users\joshy\OneDrive\Documents\Kravitz Lab\freezeData\\0322\20260327065916-b94.12-f0.png,2026-03-27 06:59:16,0.0,57.627593353791895,7.438230605078834,448.2459668561761,93.9755,0.7450273084256621
2334,C:\Users\joshy\OneDrive\Documents\Kravitz Lab\freezeData\\0322\20260327065935-b94.84-f2.png,2026-03-27 06:59:35,2.0,58.141767105417905,7.456500738258022,489.72883502398395,94.675812,0.7815729231917397
2335,C:\Users\joshy\OneDrive\Documents\Kravitz Lab\freezeData\\0322\20260327065954-b94.88-f4.png,2026-03-27 06:59:54,4.0,58.53652439378491,7.4546127244174185,448.56047368305593,94.740732,0.8038602632314005
2336,C:\Users\joshy\OneDrive\Documents\Kravitz Lab\freezeData\\0322\20260327070012-b95.14-f6.png,2026-03-27 07:00:12,6.0,58.980732640989665,7.454921845418799,421.659478928496,95.001064,0.7381496652262491
2337,C:\Users\joshy\OneDrive\Documents\Kravitz Lab\freezeData\\0322\20260327070031-b94.82-f8.png,2026-03-27 07:00:31,8.0,59.39409242214933,7.444859931045435,444.521205129664,94.676072,0.6710868100693959
2338,C:\Users\joshy\OneDrive\Documents\Kravitz Lab\freezeData\\0322\20260327070050-b94.27-f10.png,2026-03-27 07:00:50,10.0,59.64471224062847,7.4362508273823735,507.8109660601439,94.123068,0.6161909867942615
2339,C:\Users\joshy\OneDrive\Documents\Kravitz Lab\freezeData\\0322\20260327070109-b94.31-f0.png,2026-03-27 07:01:09,0.0,57.5253225218667,7.438930827681956,432.552728359536,94.174404,0.7445502333082201
2340,C:\Users\joshy\OneDrive\Documents\Kravitz Lab\freezeData\\0322\20260327070127-b94.64-f2.png,2026-03-27 07:01:27,2.0,58.02216298877029,7.454018777654877,447.655072426496,94.476976,0.7803509110505985
2341,C:\Users\joshy\OneDrive\Documents\Kravitz Lab\freezeData\\0322\20260327070148-b95.21-f4.png,2026-03-27 07:01:48,4.0,58.609666416706524,7.459803238199246,419.9094760476,95.061372,0.802335657098285
2342,C:\Users\joshy\OneDrive\Documents\Kravitz Lab\freezeData\\0322\20260327070206-b94.87-f6.png,2026-03-27 07:02:06,6.0,58.92326749782635,7.453748790087964,436.29343841150404,94.73714,0.7396201355755797
2343,C:\Users\joshy\OneDrive\Documents\Kravitz Lab\freezeData\\0322\20260327070225-b94.70-f8.png,2026-03-27 07:02:25,8.0,59.313061482705336,7.446802561865413,459.70263850750405,94.551396,0.6707948680620948
2344,C:\Users\joshy\OneDrive\Documents\Kravitz Lab\freezeData\\0322\20260327070245-b94.12-f10.png,2026-03-27 07:02:45,10.0,59.47103856975346,7.430652433600384,504.93044903673604,93.986164,0.6171223645845966
2345,C:\Users\joshy\OneDrive\Documents\Kravitz Lab\freezeData\\0322\20260327070303-b94.11-f0.png,2026-03-27 07:03:03,0.0,57.653203768787876,7.436862495132535,441.10011790897596,93.977568,0.7451849844781896
2346,C:\Users\joshy\OneDrive\Documents\Kravitz Lab\freezeData\\0322\20260327070321-b94.65-f2.png,2026-03-27 07:03:21,2.0,58.061847202182605,7.4552108759705655,460.92027770873597,94.48052,0.7813842897024857
2347,C:\Users\joshy\OneDrive\Documents\Kravitz Lab\freezeData\\0322\20260327070341-b95.03-f4.png,2026-03-27 07:03:41,4.0,58.51375033888373,7.45872262223163,416.872403636336,94.875528,0.8025839205259954
2348,C:\Users\joshy\OneDrive\Documents\Kravitz Lab\freezeData\\0322\20260327070359-b94.78-f6.png,2026-03-27 07:03:59,6.0,59.08283773387666,7.4522382661227615,437.83864891646397,94.64818,0.7390657377462921
2349,C:\Users\joshy\OneDrive\Documents\Kravitz Lab\freezeData\\0322\20260327070417-b94.66-f8.png,2026-03-27 07:04:17,8.0,59.304534247521545,7.443688860966244,435.7633583599999,94.503112,0.6713590222984904
2350,C:\Users\joshy\OneDrive\Documents\Kravitz Lab\freezeData\\0322\20260327070436-b94.38-f10.png,2026-03-27 07:04:36,10.0,59.57945949320064,7.439146556017641,506.859985303024,94.234492,0.6141396588257778
2351,C:\Users\joshy\OneDrive\Documents\Kravitz Lab\freezeData\\0322\20260327070455-b94.02-f0.png,2026-03-27 07:04:55,0.0,57.62656548648708,7.437127849447234,449.1977891356,93.882296,0.7439625454823842
2352,C:\Users\joshy\OneDrive\Documents\Kravitz Lab\freezeData\\0322\20260327070513-b94.67-f2.png,2026-03-27 07:05:13,2.0,58.05112052611064,7.453003634735485,458.07674624,94.516176,0.7820406234919773
2353,C:\Users\joshy\OneDrive\Documents\Kravitz Lab\freezeData\\0322\20260327070531-b95.15-f4.png,2026-03-27 07:05:31,4.0,58.625283603549896,7.459444289203004,419.9797698876,94.993188,0.8023091720871817
2354,C:\Users\joshy\OneDrive\Documents\Kravitz Lab\freezeData\\0322\20260327070550-b94.90-f6.png,2026-03-27 07:05:50,6.0,58.942170925507114,7.4562509625073865,437.575672570096,94.753548,0.7385005521596898
2355,C:\Users\joshy\OneDrive\Documents\Kravitz Lab\freezeData\\0322\20260327070609-b94.84-f8.png,2026-03-27 07:06:09,8.0,59.28610626712886,7.447753325458876,462.756158090176,94.704948,0.6688194489545127
2356,C:\Users\joshy\OneDrive\Documents\Kravitz Lab\freezeData\\0322\20260327070628-b94.37-f10.png,2026-03-27 07:06:28,10.0,59.56711535694654,7.4353514615219725,505.86197650790393,94.240832,0.6151657507984257
2357,C:\Users\joshy\OneDrive\Documents\Kravitz Lab\freezeData\\0322\20260327070647-b94.13-f0.png,2026-03-27 07:06:47,0.0,57.6527935285185,7.442926221262186,436.03228081759994,93.986496,0.7436915737432265
2358,C:\Users\joshy\OneDrive\Documents\Kravitz Lab\freezeData\\0322\20260327070706-b94.92-f2.png,2026-03-27 07:07:06,2.0,58.117379277365764,7.45826076249772,465.64891933286407,94.759896,0.7815118632209785
2359,C:\Users\joshy\OneDrive\Documents\Kravitz Lab\freezeData\\0322\20260327070743-b95.17-f6.png,2026-03-27 07:07:43,6.0,58.97557769705342,7.455419575714179,422.49761072838396,95.011104,0.7379939248976349
2360,C:\Users\joshy\OneDrive\Documents\Kravitz Lab\freezeData\\0322\20260327070724-b95.01-f4.png,2026-03-27 07:07:24,4.0,58.548650030092276,7.456017398903279,418.90419540337604,94.850924,0.8035147520518955
2361,C:\Users\joshy\OneDrive\Documents\Kravitz Lab\freezeData\\0322\20260327070802-b94.70-f8.png,2026-03-27 07:08:02,8.0,59.326977131428364,7.44840990031733,460.5320333721439,94.558176,0.669575363363171
2362,C:\Users\joshy\OneDrive\Documents\Kravitz Lab\freezeData\\0322\20260327070820-b94.46-f10.png,2026-03-27 07:08:20,10.0,59.568695902292305,7.436054135928902,505.410141759344,94.322832,0.6164263712403443
2363,C:\Users\joshy\OneDrive\Documents\Kravitz Lab\freezeData\\0322\20260327070841-b94.07-f0.png,2026-03-27 07:08:41,0.0,57.62751225146808,7.440696421886718,434.19150358999997,93.939836,0.743549005456392
2364,C:\Users\joshy\OneDrive\Documents\Kravitz Lab\freezeData\\0322\20260327070919-b95.19-f4.png,2026-03-27 07:09:19,4.0,58.60718270920383,7.455857808567644,423.53976176998395,95.0383,0.8027677399095878
2365,C:\Users\joshy\OneDrive\Documents\Kravitz Lab\freezeData\\0322\20260327070900-b94.96-f2.png,2026-03-27 07:09:00,2.0,58.09841070406302,7.455696874964604,476.1780293463041,94.823496,0.7819039184056024
2366,C:\Users\joshy\OneDrive\Documents\Kravitz Lab\freezeData\\0322\20260327070938-b95.09-f6.png,2026-03-27 07:09:38,6.0,59.069220428273,7.455147859878505,441.1293431775839,94.960936,0.7380342193794347
2367,C:\Users\joshy\OneDrive\Documents\Kravitz Lab\freezeData\\0322\20260327070957-b94.79-f8.png,2026-03-27 07:09:57,8.0,59.31801240684236,7.4421433907647945,453.7628534686561,94.644264,0.670848108513492
2368,C:\Users\joshy\OneDrive\Documents\Kravitz Lab\freezeData\\0322\20260327071019-b94.30-f10.png,2026-03-27 07:10:19,10.0,59.51392369352759,7.434057089707304,483.9432453376,94.152324,0.6156530418178888
2369,C:\Users\joshy\OneDrive\Documents\Kravitz Lab\freezeData\\0322\20260327071037-b94.20-f0.png,2026-03-27 07:10:37,0.0,57.620296619836445,7.440693835704432,422.49441058041594,94.050492,0.7428402601730935
2370,C:\Users\joshy\OneDrive\Documents\Kravitz Lab\freezeData\\0322\20260327071057-b94.54-f2.png,2026-03-27 07:10:57,2.0,58.0670745150628,7.455606772865151,454.878515957104,94.374488,0.781045287770584
2371,C:\Users\joshy\OneDrive\Documents\Kravitz Lab\freezeData\\0322\20260327071115-b94.90-f4.png,2026-03-27 07:11:15,4.0,58.57736459333977,7.45685472164292,398.66597629382403,94.733712,0.802326259576037
2372,C:\Users\joshy\OneDrive\Documents\Kravitz Lab\freezeData\\0322\20260327071133-b94.90-f6.png,2026-03-27 07:11:33,6.0,58.91093104314261,7.453519491937863,411.59579412422397,94.729564,0.7392517646695863
2373,C:\Users\joshy\OneDrive\Documents\Kravitz Lab\freezeData\\0322\20260327071152-b94.83-f8.png,2026-03-27 07:11:52,8.0,59.32052551094415,7.4439724521191515,437.54991002239996,94.667132,0.6703781485359815
2374,C:\Users\joshy\OneDrive\Documents\Kravitz Lab\freezeData\\0322\20260327071211-b94.43-f10.png,2026-03-27 07:12:11,10.0,59.44935758702528,7.433276490730567,470.746842879856,94.2643,0.6144645298685669
2375,C:\Users\joshy\OneDrive\Documents\Kravitz Lab\freezeData\\0322\20260327071229-b94.20-f0.png,2026-03-27 07:12:29,0.0,57.59977736639141,7.439570883051462,436.86583311462397,94.045512,0.7424552617125189
2376,C:\Users\joshy\OneDrive\Documents\Kravitz Lab\freezeData\\0322\20260327071249-b94.67-f2.png,2026-03-27 07:12:49,2.0,58.17447123470968,7.4561407677539355,455.410201320176,94.495044,0.7826099640514206
2377,C:\Users\joshy\OneDrive\Documents\Kravitz Lab\freezeData\\0322\20260327071307-b95.04-f4.png,2026-03-27 07:13:07,4.0,58.61149503294806,7.45859920374214,408.9208691774561,94.874948,0.8024758844439571
2378,C:\Users\joshy\OneDrive\Documents\Kravitz Lab\freezeData\\0322\20260327071325-b94.99-f6.png,2026-03-27 07:13:25,6.0,58.98824632407714,7.452981905965375,426.016191177584,94.8331,0.7378621847976163
2379,C:\Users\joshy\OneDrive\Documents\Kravitz Lab\freezeData\\0322\20260327071345-b94.68-f8.png,2026-03-27 07:13:45,8.0,59.302258302634506,7.443224052417161,446.6265712064,94.514704,0.6693770937299258
2380,C:\Users\joshy\OneDrive\Documents\Kravitz Lab\freezeData\\0322\20260327071403-b94.31-f10.png,2026-03-27 07:14:03,10.0,59.49277582345944,7.432683751020033,493.106551222784,94.16014,0.6151683968177266
2381,C:\Users\joshy\OneDrive\Documents\Kravitz Lab\freezeData\\0322\20260327071422-b93.95-f0.png,2026-03-27 07:14:22,0.0,57.59877176356024,7.439063939790947,431.1050392476,93.800964,0.7422804206247512
2382,C:\Users\joshy\OneDrive\Documents\Kravitz Lab\freezeData\\0322\20260327071441-b94.95-f2.png,2026-03-27 07:14:41,2.0,58.06298300269996,7.458009487982022,442.336397708736,94.773724,0.7810987434606665
2383,C:\Users\joshy\OneDrive\Documents\Kravitz Lab\freezeData\\0322\20260327071459-b94.88-f4.png,2026-03-27 07:14:59,4.0,58.53949248271974,7.455322082500864,423.8895913799039,94.71216,0.8027184465382776
2384,C:\Users\joshy\OneDrive\Documents\Kravitz Lab\freezeData\\0322\20260327071519-b94.78-f6.png,2026-03-27 07:15:19,6.0,58.89662749598229,7.451245471438189,415.30766049561606,94.615748,0.7381864310209888
2385,C:\Users\joshy\OneDrive\Documents\Kravitz Lab\freezeData\\0322\20260327071538-b94.77-f8.png,2026-03-27 07:15:38,8.0,59.370389528394234,7.444529282674402,451.011816392816,94.614644,0.6706199628436535
2386,C:\Users\joshy\OneDrive\Documents\Kravitz Lab\freezeData\\0322\20260327071558-b94.37-f10.png,2026-03-27 07:15:58,10.0,59.520052461476745,7.437170313267343,500.89069772160013,94.232084,0.6154537427742611
2387,C:\Users\joshy\OneDrive\Documents\Kravitz Lab\freezeData\\0322\20260327071617-b94.04-f0.png,2026-03-27 07:16:17,0.0,57.65251406803849,7.437149002691856,409.3155336697439,93.892568,0.743892938497221
2388,C:\Users\joshy\OneDrive\Documents\Kravitz Lab\freezeData\\0322\20260327071655-b95.11-f4.png,2026-03-27 07:16:55,4.0,58.526089797433215,7.457565297905632,424.6264726015999,94.950472,0.8027293962118548
2389,C:\Users\joshy\OneDrive\Documents\Kravitz Lab\freezeData\\0322\20260327071636-b94.95-f2.png,2026-03-27 07:16:36,2.0,58.164450574136914,7.459121813638938,456.279344467184,94.793028,0.78123264015785
2390,C:\Users\joshy\OneDrive\Documents\Kravitz Lab\freezeData\\0322\20260327071714-b95.11-f6.png,2026-03-27 07:17:14,6.0,59.056968511110554,7.456802105532992,400.20690106905596,94.936264,0.7385892021663567
2391,C:\Users\joshy\OneDrive\Documents\Kravitz Lab\freezeData\\0322\20260327071733-b94.41-f8.png,2026-03-27 07:17:33,8.0,59.22210672154701,7.4406790549963535,440.507493544384,94.235736,0.6701227676393209
2392,C:\Users\joshy\OneDrive\Documents\Kravitz Lab\freezeData\\0322\20260327071753-b94.23-f10.png,2026-03-27 07:17:53,10.0,59.5825622423408,7.434097686334108,486.7968147608959,94.067828,0.615837891854259
2393,C:\Users\joshy\OneDrive\Documents\Kravitz Lab\freezeData\\0322\20260327071814-b93.95-f0.png,2026-03-27 07:18:14,0.0,57.580590836307884,7.438659872864036,421.9654465628159,93.799264,0.7437571066523554
2394,C:\Users\joshy\OneDrive\Documents\Kravitz Lab\freezeData\\0322\20260327071833-b94.73-f2.png,2026-03-27 07:18:33,2.0,58.10647879442016,7.458544236205924,468.4504828795999,94.56556,0.7802517807464779
2395,C:\Users\joshy\OneDrive\Documents\Kravitz Lab\freezeData\\0322\20260327071852-b95.08-f4.png,2026-03-27 07:18:52,4.0,58.5334090491622,7.456195857142647,424.54166913638403,94.927384,0.802440516886945
2396,C:\Users\joshy\OneDrive\Documents\Kravitz Lab\freezeData\\0322\20260327071910-b94.66-f6.png,2026-03-27 07:19:10,6.0,58.893569491718054,7.452678653974589,413.50577173990405,94.499276,0.7393653971247184
2397,C:\Users\joshy\OneDrive\Documents\Kravitz Lab\freezeData\\0322\20260327071929-b95.12-f8.png,2026-03-27 07:19:29,8.0,59.42838536173689,7.4495771861529185,452.314773475584,94.972336,0.6703886738491254
2398,C:\Users\joshy\OneDrive\Documents\Kravitz Lab\freezeData\\0322\20260327071948-b94.49-f10.png,2026-03-27 07:19:48,10.0,59.562800840953884,7.437224328883319,497.236612458096,94.341192,0.6159553830331784
2399,C:\Users\joshy\OneDrive\Documents\Kravitz Lab\freezeData\\0322\20260327072005-b94.18-f0.png,2026-03-27 07:20:05,0.0,57.621993327241434,7.441188396559083,447.479746838016,94.039812,0.744750835855155
2400,C:\Users\joshy\OneDrive\Documents\Kravitz Lab\freezeData\\0322\20260327072024-b94.68-f2.png,2026-03-27 07:20:24,2.0,58.025431301906096,7.452688383249809,462.72253651430395,94.526424,0.780393732657966
2401,C:\Users\joshy\OneDrive\Documents\Kravitz Lab\freezeData\\0322\20260327072044-b94.94-f4.png,2026-03-27 07:20:44,4.0,58.61721525271579,7.456048368677913,424.705138290544,94.786028,0.8049758201665532
2402,C:\Users\joshy\OneDrive\Documents\Kravitz Lab\freezeData\\0322\20260327072101-b94.65-f6.png,2026-03-27 07:21:01,6.0,58.840277777322704,7.451089787412861,409.9009897899361,94.493748,0.7378353767058844
2403,C:\Users\joshy\OneDrive\Documents\Kravitz Lab\freezeData\\0322\20260327072120-b94.61-f8.png,2026-03-27 07:21:20,8.0,59.225899759620575,7.442152931312873,445.23054249414406,94.448876,0.670855013034254
2404,C:\Users\joshy\OneDrive\Documents\Kravitz Lab\freezeData\\0322\20260327072140-b94.61-f10.png,2026-03-27 07:21:40,10.0,59.711114544334,7.435669281326362,491.226122247104,94.454132,0.6159056763136923
2405,C:\Users\joshy\OneDrive\Documents\Kravitz Lab\freezeData\\0322\20260327072159-b94.15-f0.png,2026-03-27 07:21:59,0.0,57.63611404397503,7.439549003350226,434.958902561776,94.003148,0.7436483738496239
2406,C:\Users\joshy\OneDrive\Documents\Kravitz Lab\freezeData\\0322\20260327072218-b94.77-f2.png,2026-03-27 07:22:18,2.0,58.20153977363265,7.4564262330377105,458.00428457982395,94.616516,0.7823092570872741
2407,C:\Users\joshy\OneDrive\Documents\Kravitz Lab\freezeData\\0322\20260327072236-b94.71-f4.png,2026-03-27 07:22:36,4.0,58.5142240849548,7.455151107081508,431.81218022705605,94.559764,0.8046268128634441
2408,C:\Users\joshy\OneDrive\Documents\Kravitz Lab\freezeData\\0322\20260327072255-b94.94-f6.png,2026-03-27 07:22:55,6.0,58.91464509577238,7.4570066000733775,436.9145561584,94.798572,0.7389167489745575
2409,C:\Users\joshy\OneDrive\Documents\Kravitz Lab\freezeData\\0322\20260327072313-b94.93-f8.png,2026-03-27 07:23:13,8.0,59.379458528161074,7.442531072382963,441.345607418816,94.77032,0.671416398132603
2410,C:\Users\joshy\OneDrive\Documents\Kravitz Lab\freezeData\\0322\20260327072333-b94.75-f10.png,2026-03-27 07:23:33,10.0,59.641030406175915,7.439122734217037,502.719167821936,94.60664,0.6135341092209025
2411,C:\Users\joshy\OneDrive\Documents\Kravitz Lab\freezeData\\0322\20260327072353-b94.24-f0.png,2026-03-27 07:23:53,0.0,57.68362236320337,7.441947126618923,441.8776710003039,94.100812,0.7450647792540537
2412,C:\Users\joshy\OneDrive\Documents\Kravitz Lab\freezeData\\0322\20260327072411-b94.80-f2.png,2026-03-27 07:24:11,2.0,58.204068563834404,7.454940919278238,440.95025834033595,94.637908,0.7801496002858375
2413,C:\Users\joshy\OneDrive\Documents\Kravitz Lab\freezeData\\0322\20260327072429-b95.07-f4.png,2026-03-27 07:24:29,4.0,58.68736387796801,7.45717645408475,431.259597425904,94.912176,0.8035804183127665
2414,C:\Users\joshy\OneDrive\Documents\Kravitz Lab\freezeData\\0322\20260327072507-b94.90-f8.png,2026-03-27 07:25:07,8.0,59.351392382956746,7.448455571434653,445.06777164185604,94.750452,0.6704773453441649
2415,C:\Users\joshy\OneDrive\Documents\Kravitz Lab\freezeData\\0322\20260327072448-b95.05-f6.png,2026-03-27 07:24:48,6.0,58.90869894336476,7.454001603779065,433.9447144680959,94.899996,0.7391825826110479
2416,C:\Users\joshy\OneDrive\Documents\Kravitz Lab\freezeData\\0322\20260327072526-b94.39-f10.png,2026-03-27 07:25:26,10.0,59.585963520331326,7.433753730323268,507.295127222784,94.233588,0.6152805249629965
2417,C:\Users\joshy\OneDrive\Documents\Kravitz Lab\freezeData\\0322\20260327072545-b94.31-f0.png,2026-03-27 07:25:45,0.0,57.68446335624177,7.442652892111328,453.28073804639996,94.16968,0.7436414598284734
2418,C:\Users\joshy\OneDrive\Documents\Kravitz Lab\freezeData\\0322\20260327072604-b94.73-f2.png,2026-03-27 07:26:04,2.0,58.11953399460804,7.45293762563541,462.26427786214396,94.57864,0.7825136165008894
2419,C:\Users\joshy\OneDrive\Documents\Kravitz Lab\freezeData\\0322\20260327072623-b95.07-f4.png,2026-03-27 07:26:23,4.0,58.58866050563491,7.4574122973819295,428.46065945022406,94.931384,0.8037798274845656
2420,C:\Users\joshy\OneDrive\Documents\Kravitz Lab\freezeData\\0322\20260327072642-b94.89-f6.png,2026-03-27 07:26:42,6.0,59.083587987174106,7.45844571609082,431.79798362353597,94.746184,0.7384041034478905
2421,C:\Users\joshy\OneDrive\Documents\Kravitz Lab\freezeData\\0322\20260327072701-b94.80-f8.png,2026-03-27 07:27:01,8.0,59.3882972265754,7.442015264690246,434.33226085062404,94.639544,0.6708783997649731
2422,C:\Users\joshy\OneDrive\Documents\Kravitz Lab\freezeData\\0322\20260327072719-b94.17-f10.png,2026-03-27 07:27:19,10.0,59.52216126478151,7.432558436211313,486.98196839281593,94.021688,0.614780312431084
2423,C:\Users\joshy\OneDrive\Documents\Kravitz Lab\freezeData\\0322\20260327072738-b94.08-f0.png,2026-03-27 07:27:38,0.0,57.54510141284257,7.437425254645689,439.15735424,93.948392,0.7439448479102139
2424,C:\Users\joshy\OneDrive\Documents\Kravitz Lab\freezeData\\0322\20260327072757-b95.07-f2.png,2026-03-27 07:27:57,2.0,58.16480265318826,7.45912751985007,450.065950855424,94.905892,0.7811794527088833
2425,C:\Users\joshy\OneDrive\Documents\Kravitz Lab\freezeData\\0322\20260327072815-b94.89-f4.png,2026-03-27 07:28:15,4.0,58.65138218632042,7.4569571986159335,421.421884966896,94.741776,0.8040795932177958
2426,C:\Users\joshy\OneDrive\Documents\Kravitz Lab\freezeData\\0322\20260327072834-b94.85-f6.png,2026-03-27 07:28:34,6.0,59.069342978573786,7.4573364212108295,432.596629260784,94.701296,0.7389147121606622
2427,C:\Users\joshy\OneDrive\Documents\Kravitz Lab\freezeData\\0322\20260327072853-b94.83-f8.png,2026-03-27 07:28:53,8.0,59.36309854906309,7.445250989411769,458.764540569536,94.671332,0.6712190349500968
2428,C:\Users\joshy\OneDrive\Documents\Kravitz Lab\freezeData\\0322\20260327072911-b94.23-f10.png,2026-03-27 07:29:11,10.0,59.457804227570875,7.43393772982228,484.48793106022407,94.076684,0.6141324676569152
2429,C:\Users\joshy\OneDrive\Documents\Kravitz Lab\freezeData\\0322\20260327072930-b94.37-f0.png,2026-03-27 07:29:30,0.0,57.59980973848077,7.440572775198563,449.54490772862397,94.239896,0.7435978359297697
2430,C:\Users\joshy\OneDrive\Documents\Kravitz Lab\freezeData\\0322\20260327072949-b94.93-f2.png,2026-03-27 07:29:49,2.0,58.16383968712877,7.45974010990408,474.75440107257606,94.779272,0.7809184085253559
2431,C:\Users\joshy\OneDrive\Documents\Kravitz Lab\freezeData\\0322\20260327073009-b94.98-f4.png,2026-03-27 07:30:09,4.0,58.53461088986939,7.459735366557783,433.19716881759996,94.830672,0.80390445595731
2432,C:\Users\joshy\OneDrive\Documents\Kravitz Lab\freezeData\\0322\20260327073028-b94.98-f6.png,2026-03-27 07:30:28,6.0,59.00752860339351,7.455400807315295,435.3841992476001,94.837236,0.7366714793517394
2433,C:\Users\joshy\OneDrive\Documents\Kravitz Lab\freezeData\\0322\20260327073048-b94.95-f8.png,2026-03-27 07:30:48,8.0,59.338892200710454,7.448646066895681,454.32460053425604,94.801092,0.6715631064888175
2434,C:\Users\joshy\OneDrive\Documents\Kravitz Lab\freezeData\\0322\20260327073107-b94.21-f10.png,2026-03-27 07:31:07,10.0,59.51328759952365,7.430899284982427,483.18385032638406,94.055128,0.6150031117998626
2435,C:\Users\joshy\OneDrive\Documents\Kravitz Lab\freezeData\\0322\20260327073126-b94.13-f0.png,2026-03-27 07:31:26,0.0,57.6232745345741,7.441806199075109,432.7295359344,93.972652,0.744305980928101
2436,C:\Users\joshy\OneDrive\Documents\Kravitz Lab\freezeData\\0322\20260327073145-b94.75-f2.png,2026-03-27 07:31:45,2.0,58.08735656950129,7.458737407874684,460.9105465382239,94.584704,0.7812613082455603
2437,C:\Users\joshy\OneDrive\Documents\Kravitz Lab\freezeData\\0322\20260327073206-b94.89-f4.png,2026-03-27 07:32:06,4.0,58.553498751911455,7.455026688485649,432.254103520256,94.746852,0.8022061407498057
2438,C:\Users\joshy\OneDrive\Documents\Kravitz Lab\freezeData\\0322\20260327073225-b94.92-f6.png,2026-03-27 07:32:25,6.0,58.97350053678008,7.456076254600143,434.82541290239993,94.76872,0.7389260252394094
2439,C:\Users\joshy\OneDrive\Documents\Kravitz Lab\freezeData\\0322\20260327073243-b95.05-f8.png,2026-03-27 07:32:43,8.0,59.28931266603302,7.44703922299143,450.43469264,94.900624,0.6692049711580365
2440,C:\Users\joshy\OneDrive\Documents\Kravitz Lab\freezeData\\0322\20260327073302-b94.19-f10.png,2026-03-27 07:33:02,10.0,59.51273013737763,7.433912345341733,502.120317613056,94.049108,0.6160308137370596
2441,C:\Users\joshy\OneDrive\Documents\Kravitz Lab\freezeData\\0322\20260327073321-b94.17-f0.png,2026-03-27 07:33:21,0.0,57.69741629054583,7.441908170760124,433.886027606784,94.013616,0.7434485694870555
2442,C:\Users\joshy\OneDrive\Documents\Kravitz Lab\freezeData\\0322\20260327073341-b94.96-f2.png,2026-03-27 07:33:41,2.0,58.21946558586397,7.458641679482222,446.76494800241596,94.80842,0.7828693288019234
2443,C:\Users\joshy\OneDrive\Documents\Kravitz Lab\freezeData\\0322\20260327073401-b95.00-f4.png,2026-03-27 07:34:01,4.0,58.53998743482421,7.460025355216732,418.10148132294404,94.846432,0.8025018508108842
2444,C:\Users\joshy\OneDrive\Documents\Kravitz Lab\freezeData\\0322\20260327073419-b95.01-f6.png,2026-03-27 07:34:19,6.0,58.92083732454589,7.454243849586126,422.95639396806405,94.85412,0.7402560046052061
2445,C:\Users\joshy\OneDrive\Documents\Kravitz Lab\freezeData\\0322\20260327073438-b94.80-f8.png,2026-03-27 07:34:38,8.0,59.30606836673293,7.448013927700843,459.5351686751841,94.64702,0.6699868122019874
2446,C:\Users\joshy\OneDrive\Documents\Kravitz Lab\freezeData\\0322\20260327073457-b94.14-f10.png,2026-03-27 07:34:57,10.0,59.52479704531294,7.431767913605838,496.81501319910393,93.997048,0.6156444687603916
2447,C:\Users\joshy\OneDrive\Documents\Kravitz Lab\freezeData\\0322\20260327073516-b94.01-f0.png,2026-03-27 07:35:16,0.0,57.54529614498826,7.437828609898067,436.13913253617585,93.86684,0.7437597979083832
2448,C:\Users\joshy\OneDrive\Documents\Kravitz Lab\freezeData\\0322\20260327073535-b94.78-f2.png,2026-03-27 07:35:35,2.0,58.19645253824724,7.457648990230272,476.514867167216,94.616756,0.7805637329663665
2449,C:\Users\joshy\OneDrive\Documents\Kravitz Lab\freezeData\\0322\20260327073553-b94.83-f4.png,2026-03-27 07:35:53,4.0,58.53879452375438,7.457655047588228,430.40557436518407,94.678392,0.8054373657174771
2450,C:\Users\joshy\OneDrive\Documents\Kravitz Lab\freezeData\\0322\20260327073611-b94.90-f6.png,2026-03-27 07:36:11,6.0,58.989671357777745,7.449059484370275,409.656892643776,94.730376,0.7401241113549564
2451,C:\Users\joshy\OneDrive\Documents\Kravitz Lab\freezeData\\0322\20260327073630-b94.86-f8.png,2026-03-27 07:36:30,8.0,59.29080632101324,7.443226768918971,457.546390893504,94.725064,0.6696012616583341
2452,C:\Users\joshy\OneDrive\Documents\Kravitz Lab\freezeData\\0322\20260327073649-b94.57-f10.png,2026-03-27 07:36:49,10.0,59.579768642417676,7.4344328042870504,503.222209988464,94.430772,0.6163801377796376
2453,C:\Users\joshy\OneDrive\Documents\Kravitz Lab\freezeData\\0322\20260327073708-b94.17-f0.png,2026-03-27 07:37:08,0.0,57.601357167783334,7.436154699823235,439.73276894566396,94.036884,0.7440278930366652
2454,C:\Users\joshy\OneDrive\Documents\Kravitz Lab\freezeData\\0322\20260327073728-b94.95-f2.png,2026-03-27 07:37:28,2.0,58.15584608893245,7.453940947407671,457.57563880697603,94.78298,0.7810363533787809
2455,C:\Users\joshy\OneDrive\Documents\Kravitz Lab\freezeData\\0322\20260327073746-b94.87-f4.png,2026-03-27 07:37:46,4.0,58.52524028173267,7.45763362211373,424.05800842649614,94.711116,0.8021106656698301
2456,C:\Users\joshy\OneDrive\Documents\Kravitz Lab\freezeData\\0322\20260327073805-b94.97-f6.png,2026-03-27 07:38:05,6.0,59.038503465195525,7.454477124837006,437.97436530225605,94.825436,0.7385066959247997
2457,C:\Users\joshy\OneDrive\Documents\Kravitz Lab\freezeData\\0322\20260327073825-b94.69-f8.png,2026-03-27 07:38:25,8.0,59.260584965963886,7.444228821251474,460.76770598246407,94.544424,0.6712436642147944
2458,C:\Users\joshy\OneDrive\Documents\Kravitz Lab\freezeData\\0322\20260327073843-b94.35-f10.png,2026-03-27 07:38:43,10.0,59.59083703278134,7.434112096650609,502.15429328510396,94.200364,0.6167065177828978
2459,C:\Users\joshy\OneDrive\Documents\Kravitz Lab\freezeData\\0322\20260327073902-b94.48-f0.png,2026-03-27 07:39:02,0.0,57.588977604090175,7.4412348514976845,445.94412919833604,94.34466,0.7441738140546357
2460,C:\Users\joshy\OneDrive\Documents\Kravitz Lab\freezeData\\0322\20260327073921-b94.58-f2.png,2026-03-27 07:39:21,2.0,58.07292477330564,7.452420300783113,460.6308404264959,94.425272,0.7825407061172797
2461,C:\Users\joshy\OneDrive\Documents\Kravitz Lab\freezeData\\0322\20260327073940-b95.20-f4.png,2026-03-27 07:39:40,4.0,58.544263452228215,7.4596014970239475,431.645690782704,95.055936,0.802456661771575
2462,C:\Users\joshy\OneDrive\Documents\Kravitz Lab\freezeData\\0322\20260327073958-b94.90-f6.png,2026-03-27 07:39:58,6.0,59.018533910313835,7.459348425970705,440.44939226737614,94.760444,0.739321043625012
2463,C:\Users\joshy\OneDrive\Documents\Kravitz Lab\freezeData\\0322\20260327074018-b94.75-f8.png,2026-03-27 07:40:18,8.0,59.35336189686971,7.442009292970375,446.3755411991041,94.597404,0.6703879729559618
2464,C:\Users\joshy\OneDrive\Documents\Kravitz Lab\freezeData\\0322\20260327074036-b94.27-f10.png,2026-03-27 07:40:36,10.0,59.53194944782628,7.43196976347858,505.101472883136,94.129116,0.6164299411340791
2465,C:\Users\joshy\OneDrive\Documents\Kravitz Lab\freezeData\\0322\20260327074056-b94.06-f0.png,2026-03-27 07:40:56,0.0,57.71257094989881,7.4393469099294105,443.43207577457594,93.920336,0.7439463060180093
2466,C:\Users\joshy\OneDrive\Documents\Kravitz Lab\freezeData\\0322\20260327074116-b94.55-f2.png,2026-03-27 07:41:16,2.0,58.00696425436256,7.45258424801633,445.73245629382404,94.382348,0.7805209821141835
2467,C:\Users\joshy\OneDrive\Documents\Kravitz Lab\freezeData\\0322\20260327074134-b95.07-f4.png,2026-03-27 07:41:34,4.0,58.58733036934181,7.458295314341282,411.33512208537604,94.89956,0.8034931855627196
2468,C:\Users\joshy\OneDrive\Documents\Kravitz Lab\freezeData\\0322\20260327074154-b94.79-f6.png,2026-03-27 07:41:54,6.0,58.99056334126455,7.45405386000029,415.700914316544,94.634984,0.7397452345531227
2469,C:\Users\joshy\OneDrive\Documents\Kravitz Lab\freezeData\\0322\20260327074214-b94.83-f8.png,2026-03-27 07:42:14,8.0,59.33038716388141,7.444538763786654,437.24225241329606,94.673456,0.6692898999193422
2470,C:\Users\joshy\OneDrive\Documents\Kravitz Lab\freezeData\\0322\20260327074251-b94.26-f0.png,2026-03-27 07:42:51,0.0,57.66807272483117,7.442188027018156,428.849621466864,94.116328,0.743045126779701
2471,C:\Users\joshy\OneDrive\Documents\Kravitz Lab\freezeData\\0322\20260327074232-b94.12-f10.png,2026-03-27 07:42:32,10.0,59.48641870469259,7.434855622836456,501.5672632882561,93.9613,0.6156160820294048
2472,C:\Users\joshy\OneDrive\Documents\Kravitz Lab\freezeData\\0322\20260327074310-b94.72-f2.png,2026-03-27 07:43:10,2.0,58.095682746822966,7.452914076753311,449.18428086041604,94.558636,0.7825563534296215
2473,C:\Users\joshy\OneDrive\Documents\Kravitz Lab\freezeData\\0322\20260327074328-b95.05-f4.png,2026-03-27 07:43:28,4.0,58.63937212478469,7.45877355259231,427.8853482716,94.897468,0.8044123194666496
2474,C:\Users\joshy\OneDrive\Documents\Kravitz Lab\freezeData\\0322\20260327074346-b95.13-f6.png,2026-03-27 07:43:46,6.0,59.06132632355626,7.458558365417889,429.31862375640003,94.97968,0.738217088530669
2475,C:\Users\joshy\OneDrive\Documents\Kravitz Lab\freezeData\\0322\20260327074406-b94.65-f8.png,2026-03-27 07:44:06,8.0,59.34081841247557,7.446270880150797,456.6333845342559,94.50376,0.6699388586068151
2476,C:\Users\joshy\OneDrive\Documents\Kravitz Lab\freezeData\\0322\20260327074442-b94.09-f0.png,2026-03-27 07:44:42,0.0,57.60593364670469,7.439915580884278,438.3472059484001,93.941616,0.7430641277527723
2477,C:\Users\joshy\OneDrive\Documents\Kravitz Lab\freezeData\\0322\20260327074423-b94.29-f10.png,2026-03-27 07:44:23,10.0,59.581757725048156,7.431220152736451,496.607519893744,94.139608,0.6157112191427779
2478,C:\Users\joshy\OneDrive\Documents\Kravitz Lab\freezeData\\0322\20260327074502-b94.71-f2.png,2026-03-27 07:45:02,2.0,58.16109894238574,7.455476412043992,469.2653160476,94.554496,0.7804469622306269
2479,C:\Users\joshy\OneDrive\Documents\Kravitz Lab\freezeData\\0322\20260327074520-b95.03-f4.png,2026-03-27 07:45:20,4.0,58.62262484030888,7.45703771738547,427.25885868529593,94.88018,0.8038596124483636
2480,C:\Users\joshy\OneDrive\Documents\Kravitz Lab\freezeData\\0322\20260327074538-b95.07-f6.png,2026-03-27 07:45:38,6.0,58.980110937152226,7.45613662269096,435.478572095424,94.921096,0.7389134892503545
2481,C:\Users\joshy\OneDrive\Documents\Kravitz Lab\freezeData\\0322\20260327074558-b94.85-f8.png,2026-03-27 07:45:58,8.0,59.29036951286777,7.443983509880436,460.576234460656,94.70174,0.6699779543930288
2482,C:\Users\joshy\OneDrive\Documents\Kravitz Lab\freezeData\\0322\20260327074616-b94.40-f10.png,2026-03-27 07:46:16,10.0,59.59123331145292,7.432161633263851,490.39377927929587,94.253228,0.6157752644641123
2483,C:\Users\joshy\OneDrive\Documents\Kravitz Lab\freezeData\\0322\20260327074635-b94.12-f0.png,2026-03-27 07:46:35,0.0,57.61467799888719,7.438141300615479,443.57652542590404,93.978112,0.7436990705589284
2484,C:\Users\joshy\OneDrive\Documents\Kravitz Lab\freezeData\\0322\20260327074654-b95.08-f2.png,2026-03-27 07:46:54,2.0,58.12133651991138,7.459094005527421,468.13048829382404,94.922404,0.7803764106108801
2485,C:\Users\joshy\OneDrive\Documents\Kravitz Lab\freezeData\\0322\20260327074712-b95.08-f4.png,2026-03-27 07:47:12,4.0,58.55125839765018,7.457624845345731,407.310172227056,94.92254,0.8014084600064147
2486,C:\Users\joshy\OneDrive\Documents\Kravitz Lab\freezeData\\0322\20260327074731-b94.83-f6.png,2026-03-27 07:47:31,6.0,58.99173874001261,7.455037499339796,411.5288429824001,94.670436,0.7373172964902673
2487,C:\Users\joshy\OneDrive\Documents\Kravitz Lab\freezeData\\0322\20260327074750-b94.55-f8.png,2026-03-27 07:47:50,8.0,59.345533489368655,7.447879007278875,451.78364930302394,94.406668,0.6696036482190361
2488,C:\Users\joshy\OneDrive\Documents\Kravitz Lab\freezeData\\0322\20260327074808-b94.36-f10.png,2026-03-27 07:48:08,10.0,59.40596551116919,7.43478452486988,507.7473295703039,94.215076,0.6142359530799772
2489,C:\Users\joshy\OneDrive\Documents\Kravitz Lab\freezeData\\0322\20260327074827-b94.02-f0.png,2026-03-27 07:48:27,0.0,57.58617039853926,7.435369615668728,431.05525545457596,93.86452,0.7441610364556169
2490,C:\Users\joshy\OneDrive\Documents\Kravitz Lab\freezeData\\0322\20260327074847-b94.62-f2.png,2026-03-27 07:48:47,2.0,58.1323711093743,7.455196539413554,462.90043708358405,94.462728,0.7797776289601651
2491,C:\Users\joshy\OneDrive\Documents\Kravitz Lab\freezeData\\0322\20260327074905-b95.05-f4.png,2026-03-27 07:49:05,4.0,58.6240508358621,7.459281254560411,432.21522088177596,94.895484,0.8037203653528318
2492,C:\Users\joshy\OneDrive\Documents\Kravitz Lab\freezeData\\0322\20260327074923-b95.10-f6.png,2026-03-27 07:49:23,6.0,58.97075529301567,7.453901375832014,431.93185050566393,94.941792,0.738314378700489
2493,C:\Users\joshy\OneDrive\Documents\Kravitz Lab\freezeData\\0322\20260327074942-b94.82-f8.png,2026-03-27 07:49:42,8.0,59.30612208001518,7.445692289188682,455.91172888561596,94.674344,0.6713506211463771
2494,C:\Users\joshy\OneDrive\Documents\Kravitz Lab\freezeData\\0322\20260327075003-b94.12-f10.png,2026-03-27 07:50:03,10.0,59.42730064295918,7.433436350637506,506.49911961369605,93.993812,0.6159178002128207
2495,C:\Users\joshy\OneDrive\Documents\Kravitz Lab\freezeData\\0322\20260327075021-b94.21-f0.png,2026-03-27 07:50:21,0.0,57.54755123587255,7.439245313648268,440.05547501817597,94.062568,0.7425233690831373
2496,C:\Users\joshy\OneDrive\Documents\Kravitz Lab\freezeData\\0322\20260327075040-b94.64-f2.png,2026-03-27 07:50:40,2.0,58.21167110893746,7.457503814131769,468.19984307185604,94.486336,0.7816142658051872
2497,C:\Users\joshy\OneDrive\Documents\Kravitz Lab\freezeData\\0322\20260327075100-b94.99-f4.png,2026-03-27 07:51:00,4.0,58.5644197466112,7.456786115936274,424.505393889216,94.831644,0.8017249768610889
2498,C:\Users\joshy\OneDrive\Documents\Kravitz Lab\freezeData\\0322\20260327075118-b94.91-f6.png,2026-03-27 07:51:18,6.0,59.051522047041054,7.455741042993472,414.792526026864,94.746268,0.7387789139945967
2499,C:\Users\joshy\OneDrive\Documents\Kravitz Lab\freezeData\\0322\20260327075136-b94.63-f8.png,2026-03-27 07:51:36,8.0,59.28581092686768,7.441727393865856,450.581764072704,94.470764,0.6705682860618081
2500,C:\Users\joshy\OneDrive\Documents\Kravitz Lab\freezeData\\0322\20260327075156-b94.41-f10.png,2026-03-27 07:51:56,10.0,59.50964173866766,7.433119949852255,500.4917955164001,94.250368,0.6161793509888968
2501,C:\Users\joshy\OneDrive\Documents\Kravitz Lab\freezeData\\0322\20260327075215-b94.16-f0.png,2026-03-27 07:52:15,0.0,57.69857656301424,7.441213001084213,436.558549669744,94.012272,0.7445044820585738
2502,C:\Users\joshy\OneDrive\Documents\Kravitz Lab\freezeData\\0322\20260327075233-b94.90-f2.png,2026-03-27 07:52:33,2.0,58.10809399475718,7.455598183805457,473.53607811526405,94.742908,0.7805480027208287
2503,C:\Users\joshy\OneDrive\Documents\Kravitz Lab\freezeData\\0322\20260327075253-b95.12-f4.png,2026-03-27 07:52:53,4.0,58.5840280659504,7.458629071862312,434.32403530929594,94.969544,0.8037755552306436
2504,C:\Users\joshy\OneDrive\Documents\Kravitz Lab\freezeData\\0322\20260327075330-b94.53-f8.png,2026-03-27 07:53:30,8.0,59.19444074511106,7.4421241005365975,461.37974063999997,94.390744,0.6715236555684413
2505,C:\Users\joshy\OneDrive\Documents\Kravitz Lab\freezeData\\0322\20260327075311-b94.82-f6.png,2026-03-27 07:53:11,6.0,58.91814540122647,7.453592014491292,413.61867128241596,94.656456,0.73882312107083
2506,C:\Users\joshy\OneDrive\Documents\Kravitz Lab\freezeData\\0322\20260327075349-b94.15-f10.png,2026-03-27 07:53:49,10.0,59.51586418401656,7.435888648797362,507.227566209776,94.004736,0.6167734425079892
2507,C:\Users\joshy\OneDrive\Documents\Kravitz Lab\freezeData\\0322\20260327075408-b94.03-f0.png,2026-03-27 07:54:08,0.0,57.63413836354089,7.440449792757094,448.5154588380159,93.899168,0.7424886130322063
2508,C:\Users\joshy\OneDrive\Documents\Kravitz Lab\freezeData\\0322\20260327075446-b94.93-f4.png,2026-03-27 07:54:46,4.0,58.549060847165634,7.4589118710001205,430.91693068529594,94.771164,0.8028909429671306
2509,C:\Users\joshy\OneDrive\Documents\Kravitz Lab\freezeData\\0322\20260327075427-b94.99-f2.png,2026-03-27 07:54:27,2.0,58.04901714707473,7.455391170367898,467.56795284440005,94.823432,0.7795469163715871
2510,C:\Users\joshy\OneDrive\Documents\Kravitz Lab\freezeData\\0322\20260327075504-b94.70-f6.png,2026-03-27 07:55:04,6.0,58.941840823461085,7.450354532685869,433.9274657299839,94.556924,0.7374343538657692
2511,C:\Users\joshy\OneDrive\Documents\Kravitz Lab\freezeData\\0322\20260327075524-b94.72-f8.png,2026-03-27 07:55:24,8.0,59.2464441699464,7.445228729782627,458.73203161369605,94.574868,0.6694464277899612
2512,C:\Users\joshy\OneDrive\Documents\Kravitz Lab\freezeData\\0322\20260327075542-b94.19-f10.png,2026-03-27 07:55:42,10.0,59.51845163925607,7.429755017350706,505.6008607676,94.049744,0.6163725901030082
2513,C:\Users\joshy\OneDrive\Documents\Kravitz Lab\freezeData\\0322\20260327075602-b94.03-f0.png,2026-03-27 07:56:02,0.0,57.67167384804419,7.436900646864546,446.5586859484,93.900604,0.7448518454478873
2514,C:\Users\joshy\OneDrive\Documents\Kravitz Lab\freezeData\\0322\20260327075622-b94.84-f2.png,2026-03-27 07:56:22,2.0,58.15906969573967,7.45693030855272,470.830501346304,94.688436,0.7817729764806587
2515,C:\Users\joshy\OneDrive\Documents\Kravitz Lab\freezeData\\0322\20260327075641-b95.11-f4.png,2026-03-27 07:56:41,4.0,58.5996429129542,7.459414419846632,420.6225926016,94.944516,0.8031126476992837
2516,C:\Users\joshy\OneDrive\Documents\Kravitz Lab\freezeData\\0322\20260327075659-b95.00-f6.png,2026-03-27 07:56:59,6.0,58.882428512557944,7.453806879760062,439.4577803136,94.850252,0.7377857994481206
2517,C:\Users\joshy\OneDrive\Documents\Kravitz Lab\freezeData\\0322\20260327075718-b94.62-f8.png,2026-03-27 07:57:18,8.0,59.2983034200765,7.44855224000231,442.548613475584,94.462112,0.6702931567543416
2518,C:\Users\joshy\OneDrive\Documents\Kravitz Lab\freezeData\\0322\20260327075736-b94.20-f10.png,2026-03-27 07:57:36,10.0,59.41998417529833,7.435464068836064,504.27822991,94.060536,0.614351607406427
2519,C:\Users\joshy\OneDrive\Documents\Kravitz Lab\freezeData\\0322\20260327075754-b94.29-f0.png,2026-03-27 07:57:54,0.0,57.72222910224739,7.442132797806933,437.184652536176,94.141108,0.7438535640203724
2520,C:\Users\joshy\OneDrive\Documents\Kravitz Lab\freezeData\\0322\20260327075813-b94.89-f2.png,2026-03-27 07:58:13,2.0,58.13198084400138,7.457272075655561,466.01075026559994,94.729284,0.7814819243147746
2521,C:\Users\joshy\OneDrive\Documents\Kravitz Lab\freezeData\\0322\20260327075832-b94.91-f4.png,2026-03-27 07:58:32,4.0,58.58224777573916,7.456361704292189,436.049483167216,94.754852,0.8033399069515612
2522,C:\Users\joshy\OneDrive\Documents\Kravitz Lab\freezeData\\0322\20260327075851-b94.70-f6.png,2026-03-27 07:58:51,6.0,58.90413828856224,7.452626025982309,429.50875975639997,94.539956,0.7378907868825586
2523,C:\Users\joshy\OneDrive\Documents\Kravitz Lab\freezeData\\0322\20260327075909-b94.65-f8.png,2026-03-27 07:59:09,8.0,59.37061667175088,7.444881194249126,466.761987710704,94.502004,0.6707659971736726
2524,C:\Users\joshy\OneDrive\Documents\Kravitz Lab\freezeData\\0322\20260327075929-b94.46-f10.png,2026-03-27 07:59:29,10.0,59.59014765568832,7.437264291183298,510.06284485062395,94.317708,0.6157662143751115
2525,C:\Users\joshy\OneDrive\Documents\Kravitz Lab\freezeData\\0322\20260327075948-b93.91-f0.png,2026-03-27 07:59:48,0.0,57.66927948738045,7.443238435047576,447.221976111216,93.76508,0.7459342440741077
2526,C:\Users\joshy\OneDrive\Documents\Kravitz Lab\freezeData\\0322\20260327080006-b94.73-f2.png,2026-03-27 08:00:06,2.0,58.208658643275264,7.4582743835693615,480.00343036518393,94.597216,0.78153730278333
2527,C:\Users\joshy\OneDrive\Documents\Kravitz Lab\freezeData\\0322\20260327080025-b95.21-f4.png,2026-03-27 08:00:25,4.0,58.60140251556729,7.459270664614948,445.7547765580159,95.074908,0.803967547017075
2528,C:\Users\joshy\OneDrive\Documents\Kravitz Lab\freezeData\\0322\20260327080043-b95.04-f6.png,2026-03-27 08:00:43,6.0,58.83044203404506,7.453194427425422,443.201951212656,94.900692,0.7395568272366115
2529,C:\Users\joshy\OneDrive\Documents\Kravitz Lab\freezeData\\0322\20260327080101-b94.56-f8.png,2026-03-27 08:01:01,8.0,59.3281231217006,7.443752480008316,448.2818463588961,94.413844,0.6704034131607325
2530,C:\Users\joshy\OneDrive\Documents\Kravitz Lab\freezeData\\0322\20260327080121-b94.33-f10.png,2026-03-27 08:01:21,10.0,59.61525051124566,7.436381784387053,493.133933075056,94.176132,0.613955195229346
2531,C:\Users\joshy\OneDrive\Documents\Kravitz Lab\freezeData\\0322\20260327080139-b94.12-f0.png,2026-03-27 08:01:39,0.0,57.68417420883076,7.439213089648688,446.2603334259039,93.984708,0.7440704444452364
2532,C:\Users\joshy\OneDrive\Documents\Kravitz Lab\freezeData\\0322\20260327080158-b94.71-f2.png,2026-03-27 08:01:58,2.0,58.04742268342242,7.4547227106059095,477.30414022705605,94.563936,0.7819538581794258
2533,C:\Users\joshy\OneDrive\Documents\Kravitz Lab\freezeData\\0322\20260327080218-b95.05-f4.png,2026-03-27 08:02:18,4.0,58.55863374958129,7.458006962818673,433.7997998888961,94.89768,0.8026706454061179
2534,C:\Users\joshy\OneDrive\Documents\Kravitz Lab\freezeData\\0322\20260327080237-b95.06-f6.png,2026-03-27 08:02:37,6.0,59.048421617509945,7.458309139202774,437.71822503040005,94.919972,0.7376524145715466
2535,C:\Users\joshy\OneDrive\Documents\Kravitz Lab\freezeData\\0322\20260327080255-b94.57-f8.png,2026-03-27 08:02:55,8.0,59.274411906319244,7.444771946852986,475.73521105854394,94.4346,0.6692780405392911
2536,C:\Users\joshy\OneDrive\Documents\Kravitz Lab\freezeData\\0322\20260327080314-b94.35-f10.png,2026-03-27 08:03:14,10.0,59.52799296587783,7.433832171038472,499.89777009759996,94.20612,0.6153243919408905
2537,C:\Users\joshy\OneDrive\Documents\Kravitz Lab\freezeData\\0322\20260327080335-b94.40-f0.png,2026-03-27 08:03:35,0.0,57.69636647747045,7.441086292127936,458.5783872147039,94.270132,0.7434895937814369
2538,C:\Users\joshy\OneDrive\Documents\Kravitz Lab\freezeData\\0322\20260327080353-b94.91-f2.png,2026-03-27 08:03:53,2.0,58.17545365163916,7.4578265682631075,487.68197475840003,94.758272,0.7815543622534528
2539,C:\Users\joshy\OneDrive\Documents\Kravitz Lab\freezeData\\0322\20260327080413-b94.94-f4.png,2026-03-27 08:04:13,4.0,58.52380111247239,7.455976402198929,429.625144070144,94.783576,0.8042312228008008
2540,C:\Users\joshy\OneDrive\Documents\Kravitz Lab\freezeData\\0322\20260327080431-b94.77-f6.png,2026-03-27 08:04:31,6.0,58.96429712142642,7.4555792549624815,434.616056047856,94.625988,0.7365359316669006
2541,C:\Users\joshy\OneDrive\Documents\Kravitz Lab\freezeData\\0322\20260327080448-b94.74-f8.png,2026-03-27 08:04:48,8.0,59.29418217461474,7.446205837280216,471.90991069439997,94.59794,0.6701330095135443
2542,C:\Users\joshy\OneDrive\Documents\Kravitz Lab\freezeData\\0322\20260327080507-b94.50-f10.png,2026-03-27 08:05:07,10.0,59.641166919762526,7.433935949749306,507.4220376130561,94.367968,0.6168579562575632
2543,C:\Users\joshy\OneDrive\Documents\Kravitz Lab\freezeData\\0322\20260327080527-b93.86-f0.png,2026-03-27 08:05:27,0.0,57.527615507531685,7.437349286202255,444.81333796806405,93.72724,0.7442244446663492
2544,C:\Users\joshy\OneDrive\Documents\Kravitz Lab\freezeData\\0322\20260327080546-b94.85-f2.png,2026-03-27 08:05:46,2.0,58.22485337153075,7.458239937332863,480.51580307185594,94.693912,0.7823759977906848
2545,C:\Users\joshy\OneDrive\Documents\Kravitz Lab\freezeData\\0322\20260327080604-b94.91-f4.png,2026-03-27 08:06:04,4.0,58.616195930645105,7.45845034042967,441.4908666852961,94.777832,0.8034408954999864
2546,C:\Users\joshy\OneDrive\Documents\Kravitz Lab\freezeData\\0322\20260327080622-b94.98-f6.png,2026-03-27 08:06:22,6.0,59.03008566012419,7.456124706051786,445.9663641584,94.85172,0.7387249558660972
2547,C:\Users\joshy\OneDrive\Documents\Kravitz Lab\freezeData\\0322\20260327080641-b94.57-f8.png,2026-03-27 08:06:41,8.0,59.34899917761903,7.446444410717112,458.33948510040005,94.432824,0.6700845953665185
2548,C:\Users\joshy\OneDrive\Documents\Kravitz Lab\freezeData\\0322\20260327080700-b94.14-f10.png,2026-03-27 08:07:00,10.0,59.537885018929714,7.4338499921810515,512.7589196779359,94.007448,0.6139526805320019
2549,C:\Users\joshy\OneDrive\Documents\Kravitz Lab\freezeData\\0322\20260327080719-b94.10-f0.png,2026-03-27 08:07:19,0.0,57.63141526840721,7.44072155003712,440.44636550769593,93.95402,0.7441651736358408
2550,C:\Users\joshy\OneDrive\Documents\Kravitz Lab\freezeData\\0322\20260327080738-b94.92-f2.png,2026-03-27 08:07:38,2.0,58.115496981781234,7.458066240333888,482.95324330929594,94.779976,0.7810970830951823
2551,C:\Users\joshy\OneDrive\Documents\Kravitz Lab\freezeData\\0322\20260327080757-b94.97-f4.png,2026-03-27 08:07:57,4.0,58.63554795060226,7.459975214305364,428.1952163824,94.826932,0.8027193877774501
2552,C:\Users\joshy\OneDrive\Documents\Kravitz Lab\freezeData\\0322\20260327080814-b94.99-f6.png,2026-03-27 08:08:14,6.0,59.02637273888681,7.45468385869953,433.89594708934396,94.8473,0.7377874744987216
2553,C:\Users\joshy\OneDrive\Documents\Kravitz Lab\freezeData\\0322\20260327080833-b94.79-f8.png,2026-03-27 08:08:33,8.0,59.2572576874609,7.444993570876088,474.472304745456,94.653816,0.669989249348597
2554,C:\Users\joshy\OneDrive\Documents\Kravitz Lab\freezeData\\0322\20260327080852-b94.41-f10.png,2026-03-27 08:08:52,10.0,59.52636873015508,7.438832720543885,521.4724023216639,94.279796,0.6145354495055386
2555,C:\Users\joshy\OneDrive\Documents\Kravitz Lab\freezeData\\0322\20260327080911-b94.21-f0.png,2026-03-27 08:09:11,0.0,57.69248968488068,7.443470927874578,432.95138588921606,94.071456,0.745198008094076
2556,C:\Users\joshy\OneDrive\Documents\Kravitz Lab\freezeData\\0322\20260327080949-b95.06-f4.png,2026-03-27 08:09:49,4.0,58.48922036285031,7.458861652299037,447.815463566784,94.913044,0.8015396449281329
2557,C:\Users\joshy\OneDrive\Documents\Kravitz Lab\freezeData\\0322\20260327080930-b94.73-f2.png,2026-03-27 08:09:30,2.0,58.1286384554256,7.452460350137279,490.5153867827041,94.590196,0.7819706548504299
2558,C:\Users\joshy\OneDrive\Documents\Kravitz Lab\freezeData\\0322\20260327081008-b95.06-f6.png,2026-03-27 08:10:08,6.0,58.99657294007509,7.452828973151433,439.123153928704,94.92292,0.7382981184734626
2559,C:\Users\joshy\OneDrive\Documents\Kravitz Lab\freezeData\\0322\20260327081026-b94.76-f8.png,2026-03-27 08:10:26,8.0,59.26052187853684,7.443205991633023,461.1444491644,94.627384,0.6694265927406954
2560,C:\Users\joshy\OneDrive\Documents\Kravitz Lab\freezeData\\0322\20260327081045-b94.47-f10.png,2026-03-27 08:10:45,10.0,59.60858001054546,7.438807656817221,508.010313570304,94.33208,0.6159669798370101
2561,C:\Users\joshy\OneDrive\Documents\Kravitz Lab\freezeData\\0322\20260327081103-b94.00-f0.png,2026-03-27 08:11:03,0.0,57.67493116762256,7.4376981221054335,430.682276966896,93.8691,0.7453595806464841
2562,C:\Users\joshy\OneDrive\Documents\Kravitz Lab\freezeData\\0322\20260327081122-b94.97-f2.png,2026-03-27 08:11:22,2.0,58.1811995866948,7.4560563605452455,457.510446855424,94.817072,0.7808857355186248
2563,C:\Users\joshy\OneDrive\Documents\Kravitz Lab\freezeData\\0322\20260327081142-b94.81-f4.png,2026-03-27 08:11:42,4.0,58.55916581319389,7.458258473242218,419.757240688384,94.648308,0.801849949292513
2564,C:\Users\joshy\OneDrive\Documents\Kravitz Lab\freezeData\\0322\20260327081219-b94.46-f8.png,2026-03-27 08:12:19,8.0,59.37166356922319,7.445105665377252,450.1870213376,94.303824,0.6710442460305384
2565,C:\Users\joshy\OneDrive\Documents\Kravitz Lab\freezeData\\0322\20260327081201-b95.00-f6.png,2026-03-27 08:12:01,6.0,58.940266643441646,7.45715996271374,423.867455522544,94.848,0.7382003185789228
2566,C:\Users\joshy\OneDrive\Documents\Kravitz Lab\freezeData\\0322\20260327081238-b94.60-f10.png,2026-03-27 08:12:38,10.0,59.5638354304172,7.4386523075561835,508.0670460601439,94.466224,0.6142658458081565
2567,C:\Users\joshy\OneDrive\Documents\Kravitz Lab\freezeData\\0322\20260327081257-b93.84-f0.png,2026-03-27 08:12:57,0.0,57.632531260804576,7.4375842799048995,443.73918879614405,93.701128,0.7433298428257222
2568,C:\Users\joshy\OneDrive\Documents\Kravitz Lab\freezeData\\0322\20260327081316-b94.91-f2.png,2026-03-27 08:13:16,2.0,58.09563738252448,7.454828569194639,460.91469382974395,94.747332,0.7818329794880494
2569,C:\Users\joshy\OneDrive\Documents\Kravitz Lab\freezeData\\0322\20260327081335-b95.01-f4.png,2026-03-27 08:13:35,4.0,58.55313512482146,7.459168422143238,437.63248173438393,94.85388,0.8015228944081267
2570,C:\Users\joshy\OneDrive\Documents\Kravitz Lab\freezeData\\0322\20260327081353-b94.94-f6.png,2026-03-27 08:13:53,6.0,58.966346647961835,7.4584022948318545,436.42913850566407,94.78618,0.7391834607079026
2571,C:\Users\joshy\OneDrive\Documents\Kravitz Lab\freezeData\\0322\20260327081412-b94.58-f8.png,2026-03-27 08:14:12,8.0,59.40092285234632,7.449232783259906,446.565668852336,94.42164,0.668855304458875
2572,C:\Users\joshy\OneDrive\Documents\Kravitz Lab\freezeData\\0322\20260327081433-b94.12-f10.png,2026-03-27 08:14:33,10.0,59.45158839329371,7.432138267090529,504.0337108767839,93.979372,0.6138629920160938
2573,C:\Users\joshy\OneDrive\Documents\Kravitz Lab\freezeData\\0322\20260327081451-b94.27-f0.png,2026-03-27 08:14:51,0.0,57.67057431612264,7.441230262647056,434.2299578297439,94.123976,0.7429443244471663
2574,C:\Users\joshy\OneDrive\Documents\Kravitz Lab\freezeData\\0322\20260327081509-b94.83-f2.png,2026-03-27 08:15:09,2.0,58.26360746481804,7.457509877357115,475.72312073158395,94.68684,0.7808728066943167
2575,C:\Users\joshy\OneDrive\Documents\Kravitz Lab\freezeData\\0322\20260327081529-b94.51-f4.png,2026-03-27 08:15:29,4.0,58.5436533659943,7.455894685489607,436.47049902398396,94.360048,0.8046283173594502
2576,C:\Users\joshy\OneDrive\Documents\Kravitz Lab\freezeData\\0322\20260327081547-b94.99-f6.png,2026-03-27 08:15:47,6.0,58.9415842016125,7.455139853825213,426.19402616294394,94.833832,0.7380465582853591
2577,C:\Users\joshy\OneDrive\Documents\Kravitz Lab\freezeData\\0322\20260327081605-b94.91-f8.png,2026-03-27 08:16:05,8.0,59.32049721376934,7.447086836110853,461.887060710336,94.763428,0.6696626760126388
2578,C:\Users\joshy\OneDrive\Documents\Kravitz Lab\freezeData\\0322\20260327081624-b94.32-f10.png,2026-03-27 08:16:24,10.0,59.54402014276685,7.43836936486074,499.61413718982396,94.166076,0.6134288867014468
2579,C:\Users\joshy\OneDrive\Documents\Kravitz Lab\freezeData\\0322\20260327081643-b93.83-f0.png,2026-03-27 08:16:43,0.0,57.5358552753985,7.436720090541699,442.438625928704,93.67778,0.7444066635366972
2580,C:\Users\joshy\OneDrive\Documents\Kravitz Lab\freezeData\\0322\20260327081703-b94.91-f2.png,2026-03-27 08:17:03,2.0,58.21572791908921,7.451705651586853,455.73030643953604,94.762524,0.7818595743068592
2581,C:\Users\joshy\OneDrive\Documents\Kravitz Lab\freezeData\\0322\20260327081723-b95.14-f4.png,2026-03-27 08:17:23,4.0,58.63242792045726,7.459532002993115,423.93603036518397,94.981128,0.8002464625951662
2582,C:\Users\joshy\OneDrive\Documents\Kravitz Lab\freezeData\\0322\20260327081741-b95.19-f6.png,2026-03-27 08:17:41,6.0,58.886091618255534,7.457270582799908,413.97147033560003,95.035804,0.7367378560392429
2583,C:\Users\joshy\OneDrive\Documents\Kravitz Lab\freezeData\\0322\20260327081800-b94.82-f8.png,2026-03-27 08:18:00,8.0,59.169653319392836,7.442771695547898,464.5675138524,94.698308,0.6700219235157344
2584,C:\Users\joshy\OneDrive\Documents\Kravitz Lab\freezeData\\0322\20260327081820-b94.08-f10.png,2026-03-27 08:18:20,10.0,59.466253802610304,7.432689594335051,506.30456499039997,93.948244,0.6149221733110501
2585,C:\Users\joshy\OneDrive\Documents\Kravitz Lab\freezeData\\0322\20260327081841-b93.98-f0.png,2026-03-27 08:18:41,0.0,57.577716305683545,7.4394534727639865,435.35463859902393,93.841668,0.743224600807248
2586,C:\Users\joshy\OneDrive\Documents\Kravitz Lab\freezeData\\0322\20260327081900-b94.98-f2.png,2026-03-27 08:19:00,2.0,58.07823137034377,7.457973755794763,478.726944470464,94.833396,0.7807806129717074
2587,C:\Users\joshy\OneDrive\Documents\Kravitz Lab\freezeData\\0322\20260327081920-b94.81-f4.png,2026-03-27 08:19:20,4.0,58.56638531239229,7.45304915950135,435.85009297759996,94.66102,0.8028572342512812
2588,C:\Users\joshy\OneDrive\Documents\Kravitz Lab\freezeData\\0322\20260327081938-b94.81-f6.png,2026-03-27 08:19:38,6.0,58.897779505330625,7.454132550428177,440.99161072838405,94.670884,0.7401263150919835
2589,C:\Users\joshy\OneDrive\Documents\Kravitz Lab\freezeData\\0322\20260327081957-b94.64-f8.png,2026-03-27 08:19:57,8.0,59.32821329030148,7.446931187704642,455.38833263999993,94.483636,0.6693893973582397
2590,C:\Users\joshy\OneDrive\Documents\Kravitz Lab\freezeData\\0322\20260327082017-b94.30-f10.png,2026-03-27 08:20:17,10.0,59.54305358782453,7.435254489395018,494.527314926576,94.157116,0.6158216168214002
2591,C:\Users\joshy\OneDrive\Documents\Kravitz Lab\freezeData\\0322\20260327082035-b94.16-f0.png,2026-03-27 08:20:35,0.0,57.71766217958534,7.441163442093001,456.639705487296,94.030208,0.7450586450577343
2592,C:\Users\joshy\OneDrive\Documents\Kravitz Lab\freezeData\\0322\20260327082053-b94.87-f2.png,2026-03-27 08:20:53,2.0,58.15527549744887,7.449738109598849,471.7320160701441,94.729268,0.7839833635389436
2593,C:\Users\joshy\OneDrive\Documents\Kravitz Lab\freezeData\\0322\20260327082113-b95.08-f4.png,2026-03-27 08:21:13,4.0,58.62341090093629,7.4593536664418005,420.512365709936,94.926772,0.8033480417445311
2594,C:\Users\joshy\OneDrive\Documents\Kravitz Lab\freezeData\\0322\20260327082130-b94.87-f6.png,2026-03-27 08:21:30,6.0,59.00717604029883,7.457115553192114,437.665311386096,94.723928,0.7380331922147373
2595,C:\Users\joshy\OneDrive\Documents\Kravitz Lab\freezeData\\0322\20260327082148-b94.50-f8.png,2026-03-27 08:21:48,8.0,59.26695221832538,7.44369438132805,459.777923060224,94.352356,0.6694271367269702
2596,C:\Users\joshy\OneDrive\Documents\Kravitz Lab\freezeData\\0322\20260327082207-b94.28-f10.png,2026-03-27 08:22:07,10.0,59.54918304606114,7.434844601631834,507.71736595449596,94.138948,0.6156013363199792
2597,C:\Users\joshy\OneDrive\Documents\Kravitz Lab\freezeData\\0322\20260327082226-b93.81-f0.png,2026-03-27 08:22:26,0.0,57.61302114218611,7.440366437266229,449.9714939876961,93.672496,0.746360629784851
2598,C:\Users\joshy\OneDrive\Documents\Kravitz Lab\freezeData\\0322\20260327082245-b94.70-f2.png,2026-03-27 08:22:45,2.0,58.17507039493793,7.454218078429894,486.55941158999997,94.568004,0.7817865347405398
2599,C:\Users\joshy\OneDrive\Documents\Kravitz Lab\freezeData\\0322\20260327082304-b95.06-f4.png,2026-03-27 08:23:04,4.0,58.58359253033225,7.46013130918925,441.01643026560004,94.9268,0.8015229980215773
2600,C:\Users\joshy\OneDrive\Documents\Kravitz Lab\freezeData\\0322\20260327082323-b94.95-f6.png,2026-03-27 08:23:23,6.0,59.04539281880001,7.45612641177215,444.942955640256,94.81144,0.7370609087460486
2601,C:\Users\joshy\OneDrive\Documents\Kravitz Lab\freezeData\\0322\20260327082342-b95.05-f8.png,2026-03-27 08:23:42,8.0,59.39985262367495,7.451802096420442,468.92409580742395,94.902736,0.6701215171363524
2602,C:\Users\joshy\OneDrive\Documents\Kravitz Lab\freezeData\\0322\20260327082401-b94.53-f10.png,2026-03-27 08:24:01,10.0,59.67476260283116,7.440676246524444,503.33935535206393,94.388088,0.6140933055224685
2603,C:\Users\joshy\OneDrive\Documents\Kravitz Lab\freezeData\\0322\20260327082421-b94.20-f0.png,2026-03-27 08:24:21,0.0,57.60372956545519,7.441215781707126,444.77445772998396,94.056852,0.7420096080003901
2604,C:\Users\joshy\OneDrive\Documents\Kravitz Lab\freezeData\\0322\20260327082440-b94.72-f2.png,2026-03-27 08:24:40,2.0,58.04961382023484,7.457475112792819,480.62514503040006,94.57904,0.7808619437953521
2605,C:\Users\joshy\OneDrive\Documents\Kravitz Lab\freezeData\\0322\20260327082459-b94.90-f4.png,2026-03-27 08:24:59,4.0,58.575205935731006,7.458064416018176,446.91163147360004,94.753948,0.8030593428205157
2606,C:\Users\joshy\OneDrive\Documents\Kravitz Lab\freezeData\\0322\20260327082518-b94.94-f6.png,2026-03-27 08:25:18,6.0,58.999150499847566,7.456301846848937,438.106894486896,94.793844,0.7379150934367248
2607,C:\Users\joshy\OneDrive\Documents\Kravitz Lab\freezeData\\0322\20260327082538-b94.59-f8.png,2026-03-27 08:25:38,8.0,59.290344003738085,7.44254866979502,474.43962892057607,94.43572,0.6714122944802524
2608,C:\Users\joshy\OneDrive\Documents\Kravitz Lab\freezeData\\0322\20260327082556-b94.33-f10.png,2026-03-27 08:25:56,10.0,59.549260078788016,7.439115038330761,522.9331357936001,94.198192,0.6157538436081107
2609,C:\Users\joshy\OneDrive\Documents\Kravitz Lab\freezeData\\0322\20260327082615-b93.77-f0.png,2026-03-27 08:26:15,0.0,57.54186804244033,7.437094922856437,451.196616988096,93.632628,0.7432371022819014
2610,C:\Users\joshy\OneDrive\Documents\Kravitz Lab\freezeData\\0322\20260327082634-b94.90-f2.png,2026-03-27 08:26:34,2.0,58.05971275612528,7.455943107240059,478.103264860416,94.756832,0.7820342808334525
2611,C:\Users\joshy\OneDrive\Documents\Kravitz Lab\freezeData\\0322\20260327082653-b95.09-f4.png,2026-03-27 08:26:53,4.0,58.61615557014758,7.459302177309282,443.3251304304,94.931984,0.8047610920863141
2612,C:\Users\joshy\OneDrive\Documents\Kravitz Lab\freezeData\\0322\20260327082711-b94.84-f6.png,2026-03-27 08:27:11,6.0,58.96590845054739,7.453800887554972,417.0299908923999,94.677608,0.7375301085514585
2613,C:\Users\joshy\OneDrive\Documents\Kravitz Lab\freezeData\\0322\20260327082729-b94.84-f8.png,2026-03-27 08:27:29,8.0,59.44527887931556,7.444034131862313,466.43417465560003,94.67402,0.671068397335996
2614,C:\Users\joshy\OneDrive\Documents\Kravitz Lab\freezeData\\0322\20260327082748-b94.42-f10.png,2026-03-27 08:27:48,10.0,59.49323046481924,7.438123250563699,511.5137939083361,94.265648,0.6144378610947387
2615,C:\Users\joshy\OneDrive\Documents\Kravitz Lab\freezeData\\0322\20260327082807-b94.16-f0.png,2026-03-27 08:28:07,0.0,57.57461506635021,7.438154454277357,451.3159651356,94.03704,0.744352305534117
2616,C:\Users\joshy\OneDrive\Documents\Kravitz Lab\freezeData\\0322\20260327082826-b94.73-f2.png,2026-03-27 08:28:26,2.0,58.10224653817703,7.454014042871309,494.10087439,94.582336,0.7806549827891682
2617,C:\Users\joshy\OneDrive\Documents\Kravitz Lab\freezeData\\0322\20260327082844-b94.89-f4.png,2026-03-27 08:28:44,4.0,58.56298428769504,7.454821599440382,440.91594697598396,94.743572,0.8045624926894918
2618,C:\Users\joshy\OneDrive\Documents\Kravitz Lab\freezeData\\0322\20260327082904-b94.88-f6.png,2026-03-27 08:29:04,6.0,59.01178158257837,7.454245900111798,445.89233157318404,94.737492,0.7369500937190674
2619,C:\Users\joshy\OneDrive\Documents\Kravitz Lab\freezeData\\0322\20260327082923-b94.90-f8.png,2026-03-27 08:29:23,8.0,59.39807832097143,7.4508506892433894,470.212044357376,94.756912,0.6704137490134882
2620,C:\Users\joshy\OneDrive\Documents\Kravitz Lab\freezeData\\0322\20260327082942-b94.23-f10.png,2026-03-27 08:29:42,10.0,59.62291535968552,7.434671279117521,518.481914913536,94.090576,0.6156104990626946
2621,C:\Users\joshy\OneDrive\Documents\Kravitz Lab\freezeData\\0322\20260327083001-b94.04-f0.png,2026-03-27 08:30:01,0.0,57.53053492240155,7.436681187168821,441.10184960921595,93.901656,0.7444157512648971
2622,C:\Users\joshy\OneDrive\Documents\Kravitz Lab\freezeData\\0322\20260327083020-b94.86-f2.png,2026-03-27 08:30:20,2.0,58.078478711622466,7.460895266335054,490.215464025024,94.706704,0.7808767353332997
2623,C:\Users\joshy\OneDrive\Documents\Kravitz Lab\freezeData\\0322\20260327083039-b94.77-f4.png,2026-03-27 08:30:39,4.0,58.51983920731157,7.4557503161430745,447.30316015999995,94.62748,0.8030939683793856
2624,C:\Users\joshy\OneDrive\Documents\Kravitz Lab\freezeData\\0322\20260327083059-b94.72-f6.png,2026-03-27 08:30:59,6.0,58.91409637937597,7.451385579734682,449.9167194204,94.58504,0.7396405777204231
2625,C:\Users\joshy\OneDrive\Documents\Kravitz Lab\freezeData\\0322\20260327083118-b94.68-f8.png,2026-03-27 08:31:18,8.0,59.327488999994465,7.445212447233945,449.1931058524,94.532756,0.6707207366780895
2626,C:\Users\joshy\OneDrive\Documents\Kravitz Lab\freezeData\\0322\20260327083137-b94.39-f10.png,2026-03-27 08:31:37,10.0,59.50909671176211,7.431335343905063,494.4233069599839,94.237488,0.6144447031256866
2627,C:\Users\joshy\OneDrive\Documents\Kravitz Lab\freezeData\\0322\20260327083156-b94.12-f0.png,2026-03-27 08:31:56,0.0,57.56682393944012,7.43936840142069,444.299855317104,93.990752,0.7435605355211802
2628,C:\Users\joshy\OneDrive\Documents\Kravitz Lab\freezeData\\0322\20260327083215-b94.62-f2.png,2026-03-27 08:32:15,2.0,58.18403787789445,7.456514652495546,469.870245384816,94.458912,0.7820109327957606
2629,C:\Users\joshy\OneDrive\Documents\Kravitz Lab\freezeData\\0322\20260327083233-b95.25-f4.png,2026-03-27 08:32:33,4.0,58.59758667992791,7.458935517283701,441.41763595710404,95.097156,0.802049520194716
2630,C:\Users\joshy\OneDrive\Documents\Kravitz Lab\freezeData\\0322\20260327083253-b94.99-f6.png,2026-03-27 08:32:53,6.0,59.078110674710786,7.453578086846269,445.22573919513593,94.844568,0.7401146094731719
2631,C:\Users\joshy\OneDrive\Documents\Kravitz Lab\freezeData\\0322\20260327083311-b94.73-f8.png,2026-03-27 08:33:11,8.0,59.24285289396668,7.44682604565059,448.22752471033596,94.567268,0.6685117105014566
2632,C:\Users\joshy\OneDrive\Documents\Kravitz Lab\freezeData\\0322\20260327083330-b94.30-f10.png,2026-03-27 08:33:30,10.0,59.69207450188355,7.436775713581906,518.4264464271359,94.153172,0.6155516105222824
2633,C:\Users\joshy\OneDrive\Documents\Kravitz Lab\freezeData\\0322\20260327083349-b94.05-f0.png,2026-03-27 08:33:49,0.0,57.71246040050887,7.438398031239784,455.305018085376,93.912236,0.744834393996395
2634,C:\Users\joshy\OneDrive\Documents\Kravitz Lab\freezeData\\0322\20260327083409-b94.78-f2.png,2026-03-27 08:34:09,2.0,58.10822034804011,7.45712418907051,488.58664007014414,94.636704,0.7812286241892411
2635,C:\Users\joshy\OneDrive\Documents\Kravitz Lab\freezeData\\0322\20260327083427-b94.78-f4.png,2026-03-27 08:34:27,4.0,58.5221176363322,7.453978304828701,430.79111216,94.623464,0.8044423627547378
2636,C:\Users\joshy\OneDrive\Documents\Kravitz Lab\freezeData\\0322\20260327083446-b95.08-f6.png,2026-03-27 08:34:46,6.0,58.994869981056624,7.457808082114215,445.117526561776,94.927668,0.7384689660155446
2637,C:\Users\joshy\OneDrive\Documents\Kravitz Lab\freezeData\\0322\20260327083505-b95.08-f8.png,2026-03-27 08:35:05,8.0,59.30904540226545,7.445780971586823,474.09381567793605,94.940996,0.6697145437443996
2638,C:\Users\joshy\OneDrive\Documents\Kravitz Lab\freezeData\\0322\20260327083524-b94.30-f10.png,2026-03-27 08:35:24,10.0,59.513450258428136,7.4336978684844635,512.1555487676001,94.16124,0.6154381678921397
2639,C:\Users\joshy\OneDrive\Documents\Kravitz Lab\freezeData\\0322\20260327083542-b94.15-f0.png,2026-03-27 08:35:42,0.0,57.67325285652558,7.439416703288296,454.72473043040003,94.019208,0.7448165519888295
2640,C:\Users\joshy\OneDrive\Documents\Kravitz Lab\freezeData\\0322\20260327083600-b94.83-f2.png,2026-03-27 08:36:00,2.0,58.13369048267292,7.455712647804309,489.8776502905439,94.694028,0.7815830584053003
2641,C:\Users\joshy\OneDrive\Documents\Kravitz Lab\freezeData\\0322\20260327083618-b94.76-f4.png,2026-03-27 08:36:18,4.0,58.53757922676284,7.457139826716067,434.01806027160006,94.619408,0.8035816723811647
2642,C:\Users\joshy\OneDrive\Documents\Kravitz Lab\freezeData\\0322\20260327083636-b94.93-f6.png,2026-03-27 08:36:36,6.0,58.860196124321575,7.454042508916419,449.68480350560003,94.80492,0.7376723125987147
2643,C:\Users\joshy\OneDrive\Documents\Kravitz Lab\freezeData\\0322\20260327083656-b94.83-f8.png,2026-03-27 08:36:56,8.0,59.27801876975728,7.445964236979565,472.90576789374404,94.692548,0.6707585893666987
2644,C:\Users\joshy\OneDrive\Documents\Kravitz Lab\freezeData\\0322\20260327083714-b94.40-f10.png,2026-03-27 08:37:14,10.0,59.56869936951305,7.433061658798957,491.5716550236001,94.238024,0.6156731719552092
2645,C:\Users\joshy\OneDrive\Documents\Kravitz Lab\freezeData\\0322\20260327083733-b93.82-f0.png,2026-03-27 08:37:33,0.0,57.636532983999096,7.439171209517137,447.240819805696,93.678128,0.744279310195656
2646,C:\Users\joshy\OneDrive\Documents\Kravitz Lab\freezeData\\0322\20260327083752-b95.00-f2.png,2026-03-27 08:37:52,2.0,58.151426702236634,7.458711681488492,474.66647545022397,94.85212,0.7819044033035915
2647,C:\Users\joshy\OneDrive\Documents\Kravitz Lab\freezeData\\0322\20260327083811-b95.07-f4.png,2026-03-27 08:38:11,4.0,58.615878628463264,7.459267658167983,423.09680911462397,94.917292,0.8025639263952891
2648,C:\Users\joshy\OneDrive\Documents\Kravitz Lab\freezeData\\0322\20260327083829-b94.94-f6.png,2026-03-27 08:38:29,6.0,58.985435551281505,7.456169280743944,449.530317669744,94.801796,0.738759113711552
2649,C:\Users\joshy\OneDrive\Documents\Kravitz Lab\freezeData\\0322\20260327083849-b94.88-f8.png,2026-03-27 08:38:49,8.0,59.28785991083692,7.448849373127407,470.96582417969597,94.718676,0.6696886986624497
2650,C:\Users\joshy\OneDrive\Documents\Kravitz Lab\freezeData\\0322\20260327083910-b94.05-f10.png,2026-03-27 08:39:10,10.0,59.58962890509536,7.432714800528245,508.157683133376,93.906968,0.6154925754952617
2651,C:\Users\joshy\OneDrive\Documents\Kravitz Lab\freezeData\\0322\20260327083927-b94.06-f0.png,2026-03-27 08:39:27,0.0,57.54082826136934,7.439639526260534,452.00360323014405,93.91634,0.7432661526968671
2652,C:\Users\joshy\OneDrive\Documents\Kravitz Lab\freezeData\\0322\20260327083945-b95.10-f2.png,2026-03-27 08:39:45,2.0,58.18519492514721,7.456986643027973,482.22741930929595,94.950568,0.7822151377106826
2653,C:\Users\joshy\OneDrive\Documents\Kravitz Lab\freezeData\\0322\20260327084005-b95.27-f4.png,2026-03-27 08:40:05,4.0,58.7281401830392,7.460868721645482,441.812489785584,95.129964,0.8020378123118769
2654,C:\Users\joshy\OneDrive\Documents\Kravitz Lab\freezeData\\0322\20260327084024-b94.78-f6.png,2026-03-27 08:40:24,6.0,58.90794858290687,7.451039395596052,438.17976731710405,94.63744,0.7372888743142052
2655,C:\Users\joshy\OneDrive\Documents\Kravitz Lab\freezeData\\0322\20260327084042-b94.81-f8.png,2026-03-27 08:40:42,8.0,59.240622464872736,7.446226910909056,466.1819959038561,94.658196,0.6696365452696426
2656,C:\Users\joshy\OneDrive\Documents\Kravitz Lab\freezeData\\0322\20260327084101-b94.42-f10.png,2026-03-27 08:41:01,10.0,59.56235166410124,7.437331215431446,489.66983309489603,94.269956,0.6132280971905569
2657,C:\Users\joshy\OneDrive\Documents\Kravitz Lab\freezeData\\0322\20260327084119-b94.08-f0.png,2026-03-27 08:41:19,0.0,57.70318963029687,7.4387142055540245,430.4142353344001,93.9443,0.7445863275807262
2658,C:\Users\joshy\OneDrive\Documents\Kravitz Lab\freezeData\\0322\20260327084138-b94.75-f2.png,2026-03-27 08:41:38,2.0,58.108156031727596,7.454737049714083,469.95965490374397,94.60382,0.7810412439848186
2659,C:\Users\joshy\OneDrive\Documents\Kravitz Lab\freezeData\\0322\20260327084158-b94.78-f4.png,2026-03-27 08:41:58,4.0,58.58738665807664,7.456637499750811,435.0868263900001,94.634032,0.8009408221359396
2660,C:\Users\joshy\OneDrive\Documents\Kravitz Lab\freezeData\\0322\20260327084216-b95.36-f6.png,2026-03-27 08:42:16,6.0,59.05082142442335,7.458594880718569,432.37227640518404,95.228808,0.7368104152015125
2661,C:\Users\joshy\OneDrive\Documents\Kravitz Lab\freezeData\\0322\20260327084235-b94.81-f8.png,2026-03-27 08:42:35,8.0,59.42423200507807,7.4444420104695785,468.62119344113603,94.669784,0.670401831613563
2662,C:\Users\joshy\OneDrive\Documents\Kravitz Lab\freezeData\\0322\20260327084255-b94.32-f10.png,2026-03-27 08:42:55,10.0,59.51439764355123,7.437477450273079,517.1352641084001,94.185292,0.6144168736430321
2663,C:\Users\joshy\OneDrive\Documents\Kravitz Lab\freezeData\\0322\20260327084313-b94.03-f0.png,2026-03-27 08:43:13,0.0,57.57903490059749,7.439519303934502,438.50907450566405,93.892576,0.7438083300159903
2664,C:\Users\joshy\OneDrive\Documents\Kravitz Lab\freezeData\\0322\20260327084332-b94.79-f2.png,2026-03-27 08:43:32,2.0,58.17480925976108,7.459287700302728,479.775536988096,94.643804,0.7809748878847522
2665,C:\Users\joshy\OneDrive\Documents\Kravitz Lab\freezeData\\0322\20260327084351-b94.96-f4.png,2026-03-27 08:43:51,4.0,58.48283453842243,7.457437291196792,430.414130538224,94.802748,0.8027952461980445
2666,C:\Users\joshy\OneDrive\Documents\Kravitz Lab\freezeData\\0322\20260327084411-b95.06-f6.png,2026-03-27 08:44:11,6.0,58.9679091154752,7.455678728047859,418.58276071665597,94.906584,0.7375977228523534
2667,C:\Users\joshy\OneDrive\Documents\Kravitz Lab\freezeData\\0322\20260327084429-b94.79-f8.png,2026-03-27 08:44:29,8.0,59.34880342983828,7.448261243028994,468.289581129664,94.649196,0.6703920741028333
2668,C:\Users\joshy\OneDrive\Documents\Kravitz Lab\freezeData\\0322\20260327084449-b94.15-f10.png,2026-03-27 08:44:49,10.0,59.54785005081195,7.432654487862567,511.29579492657604,94.009504,0.6143917649529216
2669,C:\Users\joshy\OneDrive\Documents\Kravitz Lab\freezeData\\0322\20260327084508-b93.92-f0.png,2026-03-27 08:45:08,0.0,57.53556748202225,7.438849548331588,457.41519609265595,93.797608,0.7441556159265986
2670,C:\Users\joshy\OneDrive\Documents\Kravitz Lab\freezeData\\0322\20260327084527-b94.89-f2.png,2026-03-27 08:45:27,2.0,58.168031328455875,7.457116932659599,468.5857323160161,94.729424,0.7807496097814179
2671,C:\Users\joshy\OneDrive\Documents\Kravitz Lab\freezeData\\0322\20260327084546-b95.15-f4.png,2026-03-27 08:45:46,4.0,58.654409324940474,7.459094957273115,440.742491866096,94.998344,0.8027982496927561
2672,C:\Users\joshy\OneDrive\Documents\Kravitz Lab\freezeData\\0322\20260327084604-b95.05-f6.png,2026-03-27 08:46:04,6.0,58.97529366079989,7.453876780655858,439.450739403264,94.902196,0.7388894438105073
2673,C:\Users\joshy\OneDrive\Documents\Kravitz Lab\freezeData\\0322\20260327084623-b94.78-f8.png,2026-03-27 08:46:23,8.0,59.41243264248465,7.448881845969637,465.326322259056,94.646668,0.6685157878763863
2674,C:\Users\joshy\OneDrive\Documents\Kravitz Lab\freezeData\\0322\20260327084643-b94.35-f10.png,2026-03-27 08:46:43,10.0,59.53263258919431,7.437268164296703,510.341194326384,94.219,0.6140491270500239
2675,C:\Users\joshy\OneDrive\Documents\Kravitz Lab\freezeData\\0322\20260327084701-b94.28-f0.png,2026-03-27 08:47:01,0.0,57.67146037400697,7.44442435122924,435.7801771146239,94.143312,0.7436782459188324
2676,C:\Users\joshy\OneDrive\Documents\Kravitz Lab\freezeData\\0322\20260327084720-b94.96-f2.png,2026-03-27 08:47:20,2.0,58.1365300251606,7.458206611659368,473.69337461190395,94.81344,0.7813422865445916
2677,C:\Users\joshy\OneDrive\Documents\Kravitz Lab\freezeData\\0322\20260327084740-b94.83-f4.png,2026-03-27 08:47:40,4.0,58.53238241836886,7.4567652438940115,431.85493523839995,94.690768,0.8027242947240156
2678,C:\Users\joshy\OneDrive\Documents\Kravitz Lab\freezeData\\0322\20260327084758-b95.01-f6.png,2026-03-27 08:47:58,6.0,59.007727040802514,7.457635122076932,440.16371368985597,94.865488,0.7378280414419579
2679,C:\Users\joshy\OneDrive\Documents\Kravitz Lab\freezeData\\0322\20260327084817-b94.57-f8.png,2026-03-27 08:48:17,8.0,59.353477431195415,7.44624656277579,450.1705395164,94.413024,0.6708125922001698
2680,C:\Users\joshy\OneDrive\Documents\Kravitz Lab\freezeData\\0322\20260327084836-b94.14-f10.png,2026-03-27 08:48:36,10.0,59.49139516950921,7.431319291469693,518.0747953520639,94.002964,0.6161250818989366
2681,C:\Users\joshy\OneDrive\Documents\Kravitz Lab\freezeData\\0322\20260327084855-b94.07-f0.png,2026-03-27 08:48:55,0.0,57.667992822626175,7.439721071457582,458.69619416294404,93.937744,0.7440410828227029
2682,C:\Users\joshy\OneDrive\Documents\Kravitz Lab\freezeData\\0322\20260327084914-b95.11-f2.png,2026-03-27 08:49:14,2.0,58.18585096892199,7.459042755567549,463.09830908358396,94.95332,0.7804959993066762
2683,C:\Users\joshy\OneDrive\Documents\Kravitz Lab\freezeData\\0322\20260327084933-b95.11-f4.png,2026-03-27 08:49:33,4.0,58.61081695409216,7.455053146577204,442.99929053822405,94.962852,0.8043265634777459
2684,C:\Users\joshy\OneDrive\Documents\Kravitz Lab\freezeData\\0322\20260327084951-b95.04-f6.png,2026-03-27 08:49:51,6.0,58.97614216206075,7.458600578331367,436.47473105382403,94.89202,0.7363288690101968
2685,C:\Users\joshy\OneDrive\Documents\Kravitz Lab\freezeData\\0322\20260327085010-b94.75-f8.png,2026-03-27 08:50:10,8.0,59.35446820395836,7.445966719273726,460.181970393584,94.607964,0.6700697667883984
2686,C:\Users\joshy\OneDrive\Documents\Kravitz Lab\freezeData\\0322\20260327085029-b94.35-f10.png,2026-03-27 08:50:29,10.0,59.55081773681352,7.4346765073992245,521.317448604784,94.214604,0.6154409184052482
2687,C:\Users\joshy\OneDrive\Documents\Kravitz Lab\freezeData\\0322\20260327085048-b94.04-f0.png,2026-03-27 08:50:48,0.0,57.68520939679079,7.43886580391229,460.71848144640006,93.92022,0.7448174034768392
2688,C:\Users\joshy\OneDrive\Documents\Kravitz Lab\freezeData\\0322\20260327085106-b94.70-f2.png,2026-03-27 08:51:06,2.0,58.129385373657755,7.456822457609338,480.734467023984,94.555028,0.7804390277955928
2689,C:\Users\joshy\OneDrive\Documents\Kravitz Lab\freezeData\\0322\20260327085125-b95.17-f4.png,2026-03-27 08:51:25,4.0,58.58976769794043,7.461397485331929,435.17641519097594,95.019624,0.8015349783541305
2690,C:\Users\joshy\OneDrive\Documents\Kravitz Lab\freezeData\\0322\20260327085145-b94.94-f6.png,2026-03-27 08:51:45,6.0,59.010439825556425,7.451501654231634,438.4179873344,94.799372,0.7388715033472996
2691,C:\Users\joshy\OneDrive\Documents\Kravitz Lab\freezeData\\0322\20260327085203-b94.54-f8.png,2026-03-27 08:52:03,8.0,59.21214220531677,7.440940716223491,471.691833784176,94.390312,0.6705134941252949
2692,C:\Users\joshy\OneDrive\Documents\Kravitz Lab\freezeData\\0322\20260327085222-b94.53-f10.png,2026-03-27 08:52:22,10.0,59.602648439749586,7.437946161877776,517.1104922246241,94.390296,0.6140795298801016
2693,C:\Users\joshy\OneDrive\Documents\Kravitz Lab\freezeData\\0322\20260327085240-b94.14-f0.png,2026-03-27 08:52:40,0.0,57.67242864026255,7.443490968054598,462.91476915654397,94.004768,0.743663844463426
2694,C:\Users\joshy\OneDrive\Documents\Kravitz Lab\freezeData\\0322\20260327085318-b94.85-f4.png,2026-03-27 08:53:18,4.0,58.61511265754401,7.457004465556043,435.28312128153595,94.696632,0.8024844995253348
2695,C:\Users\joshy\OneDrive\Documents\Kravitz Lab\freezeData\\0322\20260327085259-b94.69-f2.png,2026-03-27 08:52:59,2.0,58.094726880704066,7.454919969959019,490.826724656576,94.55258,0.781906985757803
2696,C:\Users\joshy\OneDrive\Documents\Kravitz Lab\freezeData\\0322\20260327085338-b95.06-f6.png,2026-03-27 08:53:38,6.0,58.974510588954075,7.455909233185766,452.48107969022396,94.929312,0.7367808350642934
2697,C:\Users\joshy\OneDrive\Documents\Kravitz Lab\freezeData\\0322\20260327085356-b94.85-f8.png,2026-03-27 08:53:56,8.0,59.28122774500596,7.446138696103466,476.09077879409597,94.698144,0.6717952277275535
2698,C:\Users\joshy\OneDrive\Documents\Kravitz Lab\freezeData\\0322\20260327085415-b94.35-f10.png,2026-03-27 08:54:15,10.0,59.57933601371858,7.435602561314343,508.550027857856,94.209304,0.6152124368516511
2699,C:\Users\joshy\OneDrive\Documents\Kravitz Lab\freezeData\\0322\20260327085433-b94.19-f0.png,2026-03-27 08:54:33,0.0,57.631009375805455,7.439017103764282,457.830235230144,94.048232,0.7437695448449909
2700,C:\Users\joshy\OneDrive\Documents\Kravitz Lab\freezeData\\0322\20260327085453-b94.88-f2.png,2026-03-27 08:54:53,2.0,58.12158222979137,7.4576181247972855,483.26316616550406,94.73084,0.7813201586834272
2701,C:\Users\joshy\OneDrive\Documents\Kravitz Lab\freezeData\\0322\20260327085512-b95.19-f4.png,2026-03-27 08:55:12,4.0,58.529669865595515,7.461205212924033,434.01553651430396,95.04662,0.8032634074276988
2702,C:\Users\joshy\OneDrive\Documents\Kravitz Lab\freezeData\\0322\20260327085550-b94.88-f8.png,2026-03-27 08:55:50,8.0,59.35254135577872,7.444911974952275,476.5802758396,94.742476,0.6714514910703345
2703,C:\Users\joshy\OneDrive\Documents\Kravitz Lab\freezeData\\0322\20260327085531-b95.06-f6.png,2026-03-27 08:55:31,6.0,58.99404754702617,7.457178790872646,439.48886787097604,94.907404,0.7378552897584779
2704,C:\Users\joshy\OneDrive\Documents\Kravitz Lab\freezeData\\0322\20260327085609-b94.26-f10.png,2026-03-27 08:56:09,10.0,59.610870541059,7.4375293807983125,522.346307279296,94.121348,0.615807755766944
2705,C:\Users\joshy\OneDrive\Documents\Kravitz Lab\freezeData\\0322\20260327085627-b94.07-f0.png,2026-03-27 08:56:27,0.0,57.5824267110883,7.438898226026851,447.570580031936,93.924488,0.744562251197309
2706,C:\Users\joshy\OneDrive\Documents\Kravitz Lab\freezeData\\0322\20260327085646-b94.82-f2.png,2026-03-27 08:56:46,2.0,58.12264773184374,7.455411998827886,480.616126855424,94.6708,0.7810174192197135
2707,C:\Users\joshy\OneDrive\Documents\Kravitz Lab\freezeData\\0322\20260327085705-b94.85-f4.png,2026-03-27 08:57:05,4.0,58.51651849338353,7.456030392920976,441.79461958999997,94.712752,0.8026030030040263
2708,C:\Users\joshy\OneDrive\Documents\Kravitz Lab\freezeData\\0322\20260327085724-b94.86-f6.png,2026-03-27 08:57:24,6.0,58.9029281789238,7.453509918480987,437.192556702144,94.714112,0.7366340596418723
2709,C:\Users\joshy\OneDrive\Documents\Kravitz Lab\freezeData\\0322\20260327085743-b94.74-f8.png,2026-03-27 08:57:43,8.0,59.33963635490531,7.4471183881553795,461.75213574297607,94.58526,0.669487159467991
2710,C:\Users\joshy\OneDrive\Documents\Kravitz Lab\freezeData\\0322\20260327085821-b93.99-f0.png,2026-03-27 08:58:21,0.0,57.685476638350345,7.440961656543705,443.45039814360007,93.848656,0.7448810803456793
2711,C:\Users\joshy\OneDrive\Documents\Kravitz Lab\freezeData\\0322\20260327085801-b94.20-f10.png,2026-03-27 08:58:01,10.0,59.572182561917806,7.43414249530212,510.776644072704,94.062744,0.6155517908159057
2712,C:\Users\joshy\OneDrive\Documents\Kravitz Lab\freezeData\\0322\20260327085840-b94.92-f2.png,2026-03-27 08:58:40,2.0,58.20155131518966,7.456884092346665,483.0142437286239,94.782688,0.7838649788826648
2713,C:\Users\joshy\OneDrive\Documents\Kravitz Lab\freezeData\\0322\20260327085859-b94.94-f4.png,2026-03-27 08:58:59,4.0,58.62966090074354,7.460324561166181,453.114954975984,94.802732,0.8035092364022893
2714,C:\Users\joshy\OneDrive\Documents\Kravitz Lab\freezeData\\0322\20260327085918-b94.99-f6.png,2026-03-27 08:59:18,6.0,58.97054580652358,7.453571109214796,442.4229806144,94.855448,0.738396877991022
2715,C:\Users\joshy\OneDrive\Documents\Kravitz Lab\freezeData\\0322\20260327085937-b94.81-f8.png,2026-03-27 08:59:37,8.0,59.298159568323875,7.444355032254005,467.882009303024,94.65564,0.6714088462722109
2716,C:\Users\joshy\OneDrive\Documents\Kravitz Lab\freezeData\\0322\20260327085956-b94.38-f10.png,2026-03-27 08:59:56,10.0,59.6421289145062,7.437769815979585,528.120990627776,94.247868,0.6150784049071754
2717,C:\Users\joshy\OneDrive\Documents\Kravitz Lab\freezeData\\0322\20260327090017-b94.24-f0.png,2026-03-27 09:00:17,0.0,57.674882825557816,7.442059880664286,437.6507376092161,94.096224,0.7440267016415666
2718,C:\Users\joshy\OneDrive\Documents\Kravitz Lab\freezeData\\0322\20260327090035-b94.69-f2.png,2026-03-27 09:00:35,2.0,58.10387182193971,7.45517749002253,485.42392765945596,94.55114,0.782075346924467
2719,C:\Users\joshy\OneDrive\Documents\Kravitz Lab\freezeData\\0322\20260327090053-b94.86-f4.png,2026-03-27 09:00:53,4.0,58.594830588969195,7.4561668956729275,443.853492796144,94.7195,0.8040475909955224
2720,C:\Users\joshy\OneDrive\Documents\Kravitz Lab\freezeData\\0322\20260327090112-b94.93-f6.png,2026-03-27 09:01:12,6.0,58.97981240653449,7.453793780644216,423.9251398384,94.7857,0.738116911425989
2721,C:\Users\joshy\OneDrive\Documents\Kravitz Lab\freezeData\\0322\20260327090131-b94.55-f8.png,2026-03-27 09:01:31,8.0,59.2615474429887,7.440300344434581,447.4956591899999,94.40432,0.6698845587158352
2722,C:\Users\joshy\OneDrive\Documents\Kravitz Lab\freezeData\\0322\20260327090150-b94.12-f10.png,2026-03-27 09:01:50,10.0,59.5491293076196,7.431202041996663,507.64710988646414,93.98138,0.6164536579123073
2723,C:\Users\joshy\OneDrive\Documents\Kravitz Lab\freezeData\\0322\20260327090228-b95.00-f2.png,2026-03-27 09:02:28,2.0,58.09768601129321,7.454798796736333,491.2289649244,94.862072,0.7804643431221829
2724,C:\Users\joshy\OneDrive\Documents\Kravitz Lab\freezeData\\0322\20260327090209-b94.03-f0.png,2026-03-27 09:02:09,0.0,57.73426153723281,7.4405683500730335,459.34364457982394,93.91252,0.7453253126796434
2725,C:\Users\joshy\OneDrive\Documents\Kravitz Lab\freezeData\\0322\20260327090246-b95.20-f4.png,2026-03-27 09:02:46,4.0,58.69940769937959,7.463378067095933,441.554912860416,95.063496,0.802881842235455
2726,C:\Users\joshy\OneDrive\Documents\Kravitz Lab\freezeData\\0322\20260327090306-b94.89-f6.png,2026-03-27 09:03:06,6.0,58.94019567786126,7.456011606244887,451.2359383925761,94.754632,0.7369532606877851
2727,C:\Users\joshy\OneDrive\Documents\Kravitz Lab\freezeData\\0322\20260327090325-b94.86-f8.png,2026-03-27 09:03:25,8.0,59.26633834471302,7.445311396632766,471.469620357376,94.7111,0.670701148251464
2728,C:\Users\joshy\OneDrive\Documents\Kravitz Lab\freezeData\\0322\20260327090343-b94.22-f10.png,2026-03-27 09:03:43,10.0,59.67496280938987,7.435834701975961,514.141567714816,94.082956,0.6158249206467361
2729,C:\Users\joshy\OneDrive\Documents\Kravitz Lab\freezeData\\0322\20260327090402-b93.99-f0.png,2026-03-27 09:04:02,0.0,57.66448024666832,7.440794233097468,450.14605784959997,93.86104,0.7452820542080029
2730,C:\Users\joshy\OneDrive\Documents\Kravitz Lab\freezeData\\0322\20260327090422-b94.74-f2.png,2026-03-27 09:04:22,2.0,58.18372320813565,7.456656411701448,476.040699450224,94.599084,0.7823890936368314
2731,C:\Users\joshy\OneDrive\Documents\Kravitz Lab\freezeData\\0322\20260327090440-b94.96-f4.png,2026-03-27 09:04:40,4.0,58.60052621142237,7.460207627156615,439.81106175,94.81038,0.8032231003419873
2732,C:\Users\joshy\OneDrive\Documents\Kravitz Lab\freezeData\\0322\20260327090459-b94.94-f6.png,2026-03-27 09:04:59,6.0,58.90366258510437,7.455908771771159,449.25798822086404,94.807724,0.7368197516386296
2733,C:\Users\joshy\OneDrive\Documents\Kravitz Lab\freezeData\\0322\20260327090518-b94.86-f8.png,2026-03-27 09:05:18,8.0,59.40200689011522,7.4471788050151675,460.704221475584,94.706052,0.670331104284188
2734,C:\Users\joshy\OneDrive\Documents\Kravitz Lab\freezeData\\0322\20260327090537-b94.50-f10.png,2026-03-27 09:05:37,10.0,59.52442548910476,7.43510375692103,509.19442807270394,94.350996,0.614188831121675
2735,C:\Users\joshy\OneDrive\Documents\Kravitz Lab\freezeData\\0322\20260327090555-b94.01-f0.png,2026-03-27 09:05:55,0.0,57.65534307280865,7.441154595833004,464.53416968985607,93.877856,0.7445494337140032
2736,C:\Users\joshy\OneDrive\Documents\Kravitz Lab\freezeData\\0322\20260327090614-b94.87-f2.png,2026-03-27 09:06:14,2.0,58.12697908355314,7.455211080480372,466.93462759,94.722276,0.7808035704398507
2737,C:\Users\joshy\OneDrive\Documents\Kravitz Lab\freezeData\\0322\20260327090634-b95.18-f4.png,2026-03-27 09:06:34,4.0,58.60429229542437,7.455807153203355,439.772709507696,95.041092,0.8035771878942064
2738,C:\Users\joshy\OneDrive\Documents\Kravitz Lab\freezeData\\0322\20260327090653-b94.78-f6.png,2026-03-27 09:06:53,6.0,58.997781619816045,7.452442682119365,446.077642654656,94.638636,0.7394299166732606
2739,C:\Users\joshy\OneDrive\Documents\Kravitz Lab\freezeData\\0322\20260327090712-b94.91-f8.png,2026-03-27 09:07:12,8.0,59.353116778180535,7.446444894035505,451.0445829596161,94.755892,0.6697287431621138
2740,C:\Users\joshy\OneDrive\Documents\Kravitz Lab\freezeData\\0322\20260327090731-b94.25-f10.png,2026-03-27 09:07:31,10.0,59.52643360170216,7.432671355277887,498.484130022656,94.100512,0.6152568384867176
2741,C:\Users\joshy\OneDrive\Documents\Kravitz Lab\freezeData\\0322\20260327090750-b94.05-f0.png,2026-03-27 09:07:50,0.0,57.617603580893366,7.438102153022312,451.043425198336,93.916468,0.7433320338513101
2742,C:\Users\joshy\OneDrive\Documents\Kravitz Lab\freezeData\\0322\20260327090808-b94.85-f2.png,2026-03-27 09:08:08,2.0,58.10472394621229,7.45612178723034,493.49931866086405,94.723408,0.781694674320294
2743,C:\Users\joshy\OneDrive\Documents\Kravitz Lab\freezeData\\0322\20260327090827-b94.80-f4.png,2026-03-27 09:08:27,4.0,58.58360923567124,7.4586151205336035,435.4362911196001,94.660776,0.8044257947220348
2744,C:\Users\joshy\OneDrive\Documents\Kravitz Lab\freezeData\\0322\20260327090845-b94.93-f6.png,2026-03-27 09:08:45,6.0,58.943881078701835,7.4559094351017805,449.1989149823999,94.790316,0.7385806149540542
2745,C:\Users\joshy\OneDrive\Documents\Kravitz Lab\freezeData\\0322\20260327090905-b94.73-f8.png,2026-03-27 09:09:05,8.0,59.31967646349477,7.447976984726704,477.372495893744,94.590952,0.6690500049615709
2746,C:\Users\joshy\OneDrive\Documents\Kravitz Lab\freezeData\\0322\20260327090924-b94.41-f10.png,2026-03-27 09:09:24,10.0,59.59050149788357,7.433945558277902,513.945785494464,94.267356,0.6156178428196549
2747,C:\Users\joshy\OneDrive\Documents\Kravitz Lab\freezeData\\0322\20260327090943-b94.11-f0.png,2026-03-27 09:09:43,0.0,57.612034683941374,7.440953534888374,455.30332550769606,93.978844,0.7441966320200746
2748,C:\Users\joshy\OneDrive\Documents\Kravitz Lab\freezeData\\0322\20260327091001-b94.81-f2.png,2026-03-27 09:10:01,2.0,58.15920483407124,7.45454401191993,460.2095795900001,94.655888,0.7810618325356699
2749,C:\Users\joshy\OneDrive\Documents\Kravitz Lab\freezeData\\0322\20260327091020-b94.86-f4.png,2026-03-27 09:10:20,4.0,58.65993918054753,7.459486678355076,433.430744514304,94.701592,0.8015643229982116
2750,C:\Users\joshy\OneDrive\Documents\Kravitz Lab\freezeData\\0322\20260327091038-b94.77-f6.png,2026-03-27 09:10:38,6.0,59.07656260093189,7.457043716149494,439.108089689856,94.621224,0.7388117653196291
2751,C:\Users\joshy\OneDrive\Documents\Kravitz Lab\freezeData\\0322\20260327091057-b94.65-f8.png,2026-03-27 09:10:57,8.0,59.24982931631449,7.440417526938286,451.3233260223999,94.49626,0.6706748840609794
2752,C:\Users\joshy\OneDrive\Documents\Kravitz Lab\freezeData\\0322\20260327091116-b94.31-f10.png,2026-03-27 09:11:16,10.0,59.52265162588965,7.4321363207775635,483.95780010839997,94.146176,0.615947668208942
2753,C:\Users\joshy\OneDrive\Documents\Kravitz Lab\freezeData\\0322\20260327091135-b94.03-f0.png,2026-03-27 09:11:35,0.0,57.57756420294988,7.439525192488755,433.0549704304,93.887428,0.7454018021851464
2754,C:\Users\joshy\OneDrive\Documents\Kravitz Lab\freezeData\\0322\20260327091153-b94.76-f2.png,2026-03-27 09:11:53,2.0,58.20752536077939,7.460272846066506,457.628733963776,94.598668,0.781570809300971
2755,C:\Users\joshy\OneDrive\Documents\Kravitz Lab\freezeData\\0322\20260327091212-b95.07-f4.png,2026-03-27 09:12:12,4.0,58.56597616925527,7.454902462866842,419.63102663640007,94.913332,0.8033961762774038
2756,C:\Users\joshy\OneDrive\Documents\Kravitz Lab\freezeData\\0322\20260327091231-b94.85-f6.png,2026-03-27 09:12:31,6.0,58.95411629554306,7.454229096703725,423.28808051057604,94.690672,0.7362955320096225
2757,C:\Users\joshy\OneDrive\Documents\Kravitz Lab\freezeData\\0322\20260327091250-b94.87-f8.png,2026-03-27 09:12:50,8.0,59.345617467511246,7.446403365583581,460.9199402864,94.726732,0.669476575132852
2758,C:\Users\joshy\OneDrive\Documents\Kravitz Lab\freezeData\\0322\20260327091309-b94.29-f10.png,2026-03-27 09:13:09,10.0,59.61105250480666,7.438070216348222,510.4795595334239,94.143928,0.613822644825192
2759,C:\Users\joshy\OneDrive\Documents\Kravitz Lab\freezeData\\0322\20260327091327-b93.98-f0.png,2026-03-27 09:13:27,0.0,57.63209658623209,7.438243429501195,432.95572462334394,93.839404,0.7435406052281404
2760,C:\Users\joshy\OneDrive\Documents\Kravitz Lab\freezeData\\0322\20260327091347-b94.91-f2.png,2026-03-27 09:13:47,2.0,58.19268821751063,7.456383013556828,453.41528611526405,94.74986,0.7818460641013315
2761,C:\Users\joshy\OneDrive\Documents\Kravitz Lab\freezeData\\0322\20260327091407-b94.77-f4.png,2026-03-27 09:14:07,4.0,58.56042027805689,7.456953101523159,424.33357588889606,94.615312,0.8012328216256894
2762,C:\Users\joshy\OneDrive\Documents\Kravitz Lab\freezeData\\0322\20260327091426-b94.74-f6.png,2026-03-27 09:14:26,6.0,59.010432245355936,7.452920157382249,435.809649487296,94.586984,0.7376392032954873
2763,C:\Users\joshy\OneDrive\Documents\Kravitz Lab\freezeData\\0322\20260327091445-b94.57-f8.png,2026-03-27 09:14:45,8.0,59.34235702378003,7.442249551027077,458.8945032882559,94.406668,0.6709129177274249
2764,C:\Users\joshy\OneDrive\Documents\Kravitz Lab\freezeData\\0322\20260327091503-b94.23-f10.png,2026-03-27 09:15:03,10.0,59.543682755355334,7.433375747291092,507.192838433264,94.08464,0.6153699695848549
2765,C:\Users\joshy\OneDrive\Documents\Kravitz Lab\freezeData\\0322\20260327091523-b94.03-f0.png,2026-03-27 09:15:23,0.0,57.631683487439446,7.440512442191645,447.69725186609617,93.87994,0.7450109635389751
2766,C:\Users\joshy\OneDrive\Documents\Kravitz Lab\freezeData\\0322\20260327091601-b95.14-f4.png,2026-03-27 09:16:01,4.0,58.61151695664408,7.4574487066511015,419.80469092785603,94.985032,0.8021160281949969
2767,C:\Users\joshy\OneDrive\Documents\Kravitz Lab\freezeData\\0322\20260327091542-b94.70-f2.png,2026-03-27 09:15:42,2.0,58.140298263737996,7.457887622131696,475.06556238999997,94.533672,0.7804045045682256
2768,C:\Users\joshy\OneDrive\Documents\Kravitz Lab\freezeData\\0322\20260327091638-b94.90-f8.png,2026-03-27 09:16:38,8.0,59.3780349880324,7.447636167289313,465.2394313535999,94.7536,0.6693587772539324
2769,C:\Users\joshy\OneDrive\Documents\Kravitz Lab\freezeData\\0322\20260327091621-b95.28-f6.png,2026-03-27 09:16:21,6.0,58.965201472201755,7.452728259461233,422.858477908976,95.121784,0.738355654303093
2770,C:\Users\joshy\OneDrive\Documents\Kravitz Lab\freezeData\\0322\20260327091657-b94.38-f10.png,2026-03-27 09:16:57,10.0,59.54882519636189,7.433754558852534,498.25135614654397,94.227556,0.614847272273984
2771,C:\Users\joshy\OneDrive\Documents\Kravitz Lab\freezeData\\0322\20260327091735-b95.06-f2.png,2026-03-27 09:17:35,2.0,58.112833700273946,7.458035640338329,467.915060494336,94.905452,0.7807335321576071
2772,C:\Users\joshy\OneDrive\Documents\Kravitz Lab\freezeData\\0322\20260327091717-b94.17-f0.png,2026-03-27 09:17:17,0.0,57.56602438476418,7.437916405806742,419.47107014360006,94.025856,0.7428079503646706
2773,C:\Users\joshy\OneDrive\Documents\Kravitz Lab\freezeData\\0322\20260327091754-b94.93-f4.png,2026-03-27 09:17:54,4.0,58.486609597722456,7.45695328244604,424.01149597977604,94.77306,0.8019628860176089
2774,C:\Users\joshy\OneDrive\Documents\Kravitz Lab\freezeData\\0322\20260327091814-b94.98-f6.png,2026-03-27 09:18:14,6.0,58.99830420220988,7.454856328116416,423.11958401598395,94.824748,0.7377588592274732
2775,C:\Users\joshy\OneDrive\Documents\Kravitz Lab\freezeData\\0322\20260327091831-b94.91-f8.png,2026-03-27 09:18:31,8.0,59.29251050097387,7.443521731042362,451.76954745137607,94.757648,0.6695528975547613
2776,C:\Users\joshy\OneDrive\Documents\Kravitz Lab\freezeData\\0322\20260327091909-b93.96-f0.png,2026-03-27 09:19:09,0.0,57.646826020036734,7.436281020757331,451.449245709936,93.834296,0.745495957912813
2777,C:\Users\joshy\OneDrive\Documents\Kravitz Lab\freezeData\\0322\20260327091850-b94.26-f10.png,2026-03-27 09:18:50,10.0,59.549968657533455,7.435996271355602,510.42369852760004,94.118528,0.6161903561669637
2778,C:\Users\joshy\OneDrive\Documents\Kravitz Lab\freezeData\\0322\20260327091928-b94.54-f2.png,2026-03-27 09:19:28,2.0,57.99911324224066,7.450877566016121,480.01721411526404,94.381412,0.7816014925261362
2779,C:\Users\joshy\OneDrive\Documents\Kravitz Lab\freezeData\\0322\20260327091946-b94.99-f4.png,2026-03-27 09:19:46,4.0,58.550728135643745,7.458230926683573,434.862577528304,94.831956,0.8039668773379403
2780,C:\Users\joshy\OneDrive\Documents\Kravitz Lab\freezeData\\0322\20260327092007-b94.98-f6.png,2026-03-27 09:20:07,6.0,59.02520442630927,7.458358760217333,436.8810072476,94.84018,0.7385330852776251
2781,C:\Users\joshy\OneDrive\Documents\Kravitz Lab\freezeData\\0322\20260327092024-b94.68-f8.png,2026-03-27 09:20:24,8.0,59.3359825074499,7.444983070671639,464.987688604784,94.54266,0.6691117865016993
2782,C:\Users\joshy\OneDrive\Documents\Kravitz Lab\freezeData\\0322\20260327092045-b94.48-f10.png,2026-03-27 09:20:45,10.0,59.65227218522694,7.439180206420769,515.936037621504,94.34586,0.6150187161209154
2783,C:\Users\joshy\OneDrive\Documents\Kravitz Lab\freezeData\\0322\20260327092104-b94.11-f0.png,2026-03-27 09:21:04,0.0,57.65782690797495,7.439533139536996,443.54116610481594,93.9685,0.7439002834219755
2784,C:\Users\joshy\OneDrive\Documents\Kravitz Lab\freezeData\\0322\20260327092142-b95.06-f4.png,2026-03-27 09:21:42,4.0,58.52502135260111,7.457469036423631,429.072389384816,94.907828,0.8021078097128899
2785,C:\Users\joshy\OneDrive\Documents\Kravitz Lab\freezeData\\0322\20260327092123-b94.81-f2.png,2026-03-27 09:21:23,2.0,58.370176571787894,7.459010410834005,466.899092966896,94.656048,0.7824585354806176
2786,C:\Users\joshy\OneDrive\Documents\Kravitz Lab\freezeData\\0322\20260327092201-b94.57-f6.png,2026-03-27 09:22:01,6.0,58.930886890873246,7.452603600439584,434.28343988721605,94.416848,0.737973408288531
2787,C:\Users\joshy\OneDrive\Documents\Kravitz Lab\freezeData\\0322\20260327092220-b94.87-f8.png,2026-03-27 09:22:20,8.0,59.36494413381298,7.446759437727092,469.688579060224,94.731292,0.6703902238396228
2788,C:\Users\joshy\OneDrive\Documents\Kravitz Lab\freezeData\\0322\20260327092240-b94.13-f10.png,2026-03-27 09:22:40,10.0,59.51173612679758,7.436125368772857,513.680981954496,93.991804,0.6151172451405001
2789,C:\Users\joshy\OneDrive\Documents\Kravitz Lab\freezeData\\0322\20260327092258-b94.15-f0.png,2026-03-27 09:22:58,0.0,57.56228728653509,7.440451979077246,458.26445764960005,94.01632,0.7430072306197275
2790,C:\Users\joshy\OneDrive\Documents\Kravitz Lab\freezeData\\0322\20260327092317-b94.91-f2.png,2026-03-27 09:23:17,2.0,58.048494118624646,7.454856766839313,465.819725398464,94.7616,0.7802079641770886
2791,C:\Users\joshy\OneDrive\Documents\Kravitz Lab\freezeData\\0322\20260327092335-b94.90-f4.png,2026-03-27 09:23:35,4.0,58.55680893519578,7.454568575606096,447.41186420473593,94.751824,0.8032755743915843
2792,C:\Users\joshy\OneDrive\Documents\Kravitz Lab\freezeData\\0322\20260327092355-b94.93-f6.png,2026-03-27 09:23:55,6.0,59.003473627718705,7.454473104656499,449.83570576998403,94.789848,0.7391584770562629
2793,C:\Users\joshy\OneDrive\Documents\Kravitz Lab\freezeData\\0322\20260327092413-b94.75-f8.png,2026-03-27 09:24:13,8.0,59.330465317481405,7.4442773823877495,455.71551938839997,94.609056,0.671247625462242
2794,C:\Users\joshy\OneDrive\Documents\Kravitz Lab\freezeData\\0322\20260327092432-b94.45-f10.png,2026-03-27 09:24:32,10.0,59.65620589209461,7.436329235632247,515.1623608856161,94.304996,0.6161761566197204
2795,C:\Users\joshy\OneDrive\Documents\Kravitz Lab\freezeData\\0322\20260327092450-b93.87-f0.png,2026-03-27 09:24:50,0.0,57.59354435026189,7.43696946489467,460.892345364224,93.758196,0.7442446070877667
2796,C:\Users\joshy\OneDrive\Documents\Kravitz Lab\freezeData\\0322\20260327092509-b94.46-f2.png,2026-03-27 09:25:09,2.0,57.972989687078375,7.450734845484045,488.72513690310393,94.320148,0.7817007526538933
2797,C:\Users\joshy\OneDrive\Documents\Kravitz Lab\freezeData\\0322\20260327092529-b95.07-f4.png,2026-03-27 09:25:29,4.0,58.68787466821064,7.459104742568123,445.619912514304,94.92278,0.8022722062136664
2798,C:\Users\joshy\OneDrive\Documents\Kravitz Lab\freezeData\\0322\20260327092547-b94.94-f6.png,2026-03-27 09:25:47,6.0,58.998586166803825,7.4576299738689436,437.31817620529597,94.797332,0.7380418367720868
2799,C:\Users\joshy\OneDrive\Documents\Kravitz Lab\freezeData\\0322\20260327092605-b94.86-f8.png,2026-03-27 09:26:05,8.0,59.31366902512776,7.4458607431339034,474.36198659441595,94.71424,0.6704405233385431
2800,C:\Users\joshy\OneDrive\Documents\Kravitz Lab\freezeData\\0322\20260327092624-b94.10-f10.png,2026-03-27 09:26:24,10.0,59.47556833120303,7.434411314613545,512.288737715824,93.96702,0.6151960005079384
2801,C:\Users\joshy\OneDrive\Documents\Kravitz Lab\freezeData\\0322\20260327092642-b94.22-f0.png,2026-03-27 09:26:42,0.0,57.642610636472874,7.438397618361067,452.973405987696,94.089772,0.7451121533942552
2802,C:\Users\joshy\OneDrive\Documents\Kravitz Lab\freezeData\\0322\20260327092701-b95.20-f2.png,2026-03-27 09:27:01,2.0,58.2577375371169,7.4571030744495035,456.45376952830406,95.04258,0.7811085284082575
2803,C:\Users\joshy\OneDrive\Documents\Kravitz Lab\freezeData\\0322\20260327092721-b95.04-f4.png,2026-03-27 09:27:21,4.0,58.64833193339855,7.459495259076044,422.2336929668959,94.876852,0.8016873013078493
2804,C:\Users\joshy\OneDrive\Documents\Kravitz Lab\freezeData\\0322\20260327092740-b95.14-f6.png,2026-03-27 09:27:40,6.0,58.986728248884056,7.455540308773628,437.17231822078395,94.997452,0.73906185305508
2805,C:\Users\joshy\OneDrive\Documents\Kravitz Lab\freezeData\\0322\20260327092818-b94.47-f10.png,2026-03-27 09:28:18,10.0,59.56862981658719,7.435439694580313,507.3201865276001,94.32412,0.6165474032656099
2806,C:\Users\joshy\OneDrive\Documents\Kravitz Lab\freezeData\\0322\20260327092758-b94.57-f8.png,2026-03-27 09:27:58,8.0,59.330993675138664,7.444490937326581,467.541967677936,94.419716,0.6703805495865617
2807,C:\Users\joshy\OneDrive\Documents\Kravitz Lab\freezeData\\0322\20260327092838-b94.03-f0.png,2026-03-27 09:28:38,0.0,57.625046835323126,7.442099681916453,458.737345729984,93.897896,0.7443050969789634
2808,C:\Users\joshy\OneDrive\Documents\Kravitz Lab\freezeData\\0322\20260327092856-b94.79-f2.png,2026-03-27 09:28:56,2.0,58.09105592013201,7.457729513996551,492.09149677465604,94.639936,0.7812963321812233
2809,C:\Users\joshy\OneDrive\Documents\Kravitz Lab\freezeData\\0322\20260327092916-b94.93-f4.png,2026-03-27 09:29:16,4.0,58.59955171015369,7.459595248133111,436.24165768305596,94.787032,0.802371125450366
2810,C:\Users\joshy\OneDrive\Documents\Kravitz Lab\freezeData\\0322\20260327092935-b95.09-f6.png,2026-03-27 09:29:35,6.0,58.97884979267182,7.455011109992906,453.2892978496,94.964884,0.7389849373883266
2811,C:\Users\joshy\OneDrive\Documents\Kravitz Lab\freezeData\\0322\20260327092954-b95.00-f8.png,2026-03-27 09:29:54,8.0,59.305643770218026,7.448709313895176,472.2996458864641,94.853,0.6689153627333113
2812,C:\Users\joshy\OneDrive\Documents\Kravitz Lab\freezeData\\0322\20260327093013-b94.37-f10.png,2026-03-27 09:30:13,10.0,59.463259123477044,7.435672665127941,504.36025391000004,94.238668,0.6149910782261525
2813,C:\Users\joshy\OneDrive\Documents\Kravitz Lab\freezeData\\0322\20260327093031-b94.03-f0.png,2026-03-27 09:30:31,0.0,57.640867351596434,7.442623716324213,438.789011124736,93.884108,0.7448153233631577
2814,C:\Users\joshy\OneDrive\Documents\Kravitz Lab\freezeData\\0322\20260327093050-b94.85-f2.png,2026-03-27 09:30:50,2.0,58.02151520288921,7.451252903893628,477.64883644,94.709336,0.7831291868638238
2815,C:\Users\joshy\OneDrive\Documents\Kravitz Lab\freezeData\\0322\20260327093108-b95.11-f4.png,2026-03-27 09:31:08,4.0,58.57423749987552,7.459224963238129,436.2812118204001,94.966276,0.8015709822680834
2816,C:\Users\joshy\OneDrive\Documents\Kravitz Lab\freezeData\\0322\20260327093129-b95.04-f6.png,2026-03-27 09:31:29,6.0,59.07093614732118,7.4561249642731715,437.750581069056,94.885848,0.7388266732540447
2817,C:\Users\joshy\OneDrive\Documents\Kravitz Lab\freezeData\\0322\20260327093149-b94.55-f8.png,2026-03-27 09:31:49,8.0,59.35858991082036,7.443449663147169,460.012049784176,94.405916,0.6696970035270902
2818,C:\Users\joshy\OneDrive\Documents\Kravitz Lab\freezeData\\0322\20260327093208-b94.19-f10.png,2026-03-27 09:32:08,10.0,59.46234605466811,7.435510107129669,519.355752745456,94.058836,0.6164746083203877
2819,C:\Users\joshy\OneDrive\Documents\Kravitz Lab\freezeData\\0322\20260327093227-b93.99-f0.png,2026-03-27 09:32:27,0.0,57.541083491300505,7.437705216528085,449.330838449264,93.844428,0.7432512481950031
2820,C:\Users\joshy\OneDrive\Documents\Kravitz Lab\freezeData\\0322\20260327093246-b94.80-f2.png,2026-03-27 09:32:46,2.0,58.126545026431295,7.45715569466365,480.44981048894385,94.657516,0.7817190890620448
2821,C:\Users\joshy\OneDrive\Documents\Kravitz Lab\freezeData\\0322\20260327093305-b95.04-f4.png,2026-03-27 09:33:05,4.0,58.56306453551228,7.4595604634352695,446.20787559,94.896868,0.8023346944443562
2822,C:\Users\joshy\OneDrive\Documents\Kravitz Lab\freezeData\\0322\20260327093323-b94.73-f6.png,2026-03-27 09:33:23,6.0,58.87436300685914,7.4537556484170215,443.808959690224,94.592976,0.7372639040202147
2823,C:\Users\joshy\OneDrive\Documents\Kravitz Lab\freezeData\\0322\20260327093343-b94.83-f8.png,2026-03-27 09:33:43,8.0,59.30899970427099,7.445259335966133,466.862879893744,94.675528,0.6704149011645537
2824,C:\Users\joshy\OneDrive\Documents\Kravitz Lab\freezeData\\0322\20260327093402-b94.58-f10.png,2026-03-27 09:34:02,10.0,59.677317294426835,7.434077329549619,517.6463005695359,94.434452,0.6156729153882787
2825,C:\Users\joshy\OneDrive\Documents\Kravitz Lab\freezeData\\0322\20260327093420-b94.00-f0.png,2026-03-27 09:34:20,0.0,57.69200045001997,7.43888626864638,455.25742627833597,93.866164,0.744437876098012
2826,C:\Users\joshy\OneDrive\Documents\Kravitz Lab\freezeData\\0322\20260327093440-b94.91-f2.png,2026-03-27 09:34:40,2.0,58.19246002157448,7.455704179669672,485.559743095744,94.757116,0.7808684980193533
2827,C:\Users\joshy\OneDrive\Documents\Kravitz Lab\freezeData\\0322\20260327093500-b95.13-f4.png,2026-03-27 09:35:00,4.0,58.64035498445077,7.458446840411645,446.19564984960004,94.98676,0.8018035787118218
2828,C:\Users\joshy\OneDrive\Documents\Kravitz Lab\freezeData\\0322\20260327093518-b94.92-f6.png,2026-03-27 09:35:18,6.0,58.97009354603738,7.457729707158247,437.34881507160003,94.76154,0.7382421520073905
2829,C:\Users\joshy\OneDrive\Documents\Kravitz Lab\freezeData\\0322\20260327093537-b94.55-f8.png,2026-03-27 09:35:37,8.0,59.1930104437652,7.4407986052342325,464.155828144064,94.399548,0.6714074997175739
2830,C:\Users\joshy\OneDrive\Documents\Kravitz Lab\freezeData\\0322\20260327093557-b94.41-f10.png,2026-03-27 09:35:57,10.0,59.64850182151448,7.441109451956887,512.800872534256,94.258028,0.6129743494270073
2831,C:\Users\joshy\OneDrive\Documents\Kravitz Lab\freezeData\\0322\20260327093615-b94.31-f0.png,2026-03-27 09:36:15,0.0,57.68458038796448,7.441065506193004,442.3941536092161,94.165908,0.7449763695979058
2832,C:\Users\joshy\OneDrive\Documents\Kravitz Lab\freezeData\\0322\20260327093634-b94.87-f2.png,2026-03-27 09:36:34,2.0,58.12051363067522,7.458911110090185,485.69317949694397,94.729136,0.7814244253965458
2833,C:\Users\joshy\OneDrive\Documents\Kravitz Lab\freezeData\\0322\20260327093653-b94.87-f4.png,2026-03-27 09:36:53,4.0,58.6240014394147,7.457948492915777,444.271940666736,94.707748,0.8035482816371916
2834,C:\Users\joshy\OneDrive\Documents\Kravitz Lab\freezeData\\0322\20260327093712-b94.99-f6.png,2026-03-27 09:37:12,6.0,58.93398045959577,7.454806466243449,426.38667972337606,94.843772,0.7381863574033494
2835,C:\Users\joshy\OneDrive\Documents\Kravitz Lab\freezeData\\0322\20260327093731-b94.43-f8.png,2026-03-27 09:37:31,8.0,59.298873057743684,7.4424365517295,451.995609784176,94.27604,0.670490703935017
2836,C:\Users\joshy\OneDrive\Documents\Kravitz Lab\freezeData\\0322\20260327093751-b94.09-f10.png,2026-03-27 09:37:51,10.0,59.526163264678026,7.4337605942720835,499.656879169904,93.929836,0.6159285260472017
2837,C:\Users\joshy\OneDrive\Documents\Kravitz Lab\freezeData\\0322\20260327093831-b94.85-f2.png,2026-03-27 09:38:31,2.0,58.1028612924377,7.456814488822276,471.863435728624,94.700912,0.780612852682399
2838,C:\Users\joshy\OneDrive\Documents\Kravitz Lab\freezeData\\0322\20260327093810-b94.01-f0.png,2026-03-27 09:38:10,0.0,57.754775794134844,7.43886431983475,446.0034295484,93.880096,0.7448767886281447
2839,C:\Users\joshy\OneDrive\Documents\Kravitz Lab\freezeData\\0322\20260327093849-b95.09-f4.png,2026-03-27 09:38:49,4.0,58.56224496243292,7.461088788987179,444.044577162736,94.9464,0.8029954264470021
2840,C:\Users\joshy\OneDrive\Documents\Kravitz Lab\freezeData\\0322\20260327093909-b95.19-f6.png,2026-03-27 09:39:09,6.0,58.97661503944505,7.454406125251669,452.245542783344,95.066652,0.7377236795383654
2841,C:\Users\joshy\OneDrive\Documents\Kravitz Lab\freezeData\\0322\20260327093927-b94.72-f8.png,2026-03-27 09:39:27,8.0,59.299852546858965,7.444672488681254,461.8292947608959,94.570028,0.6713769884716994
2842,C:\Users\joshy\OneDrive\Documents\Kravitz Lab\freezeData\\0322\20260327093945-b94.46-f10.png,2026-03-27 09:39:45,10.0,59.603144656637035,7.439198619644289,517.716748302576,94.3148,0.6147673517963183
2843,C:\Users\joshy\OneDrive\Documents\Kravitz Lab\freezeData\\0322\20260327094005-b94.15-f0.png,2026-03-27 09:40:05,0.0,57.66208106859495,7.443379005501086,452.785719690224,94.010528,0.7447400243115676
2844,C:\Users\joshy\OneDrive\Documents\Kravitz Lab\freezeData\\0322\20260327094022-b94.57-f2.png,2026-03-27 09:40:22,2.0,58.14613679893639,7.456128763129872,481.61287197977595,94.421876,0.7822521949236227
2845,C:\Users\joshy\OneDrive\Documents\Kravitz Lab\freezeData\\0322\20260327094042-b94.83-f4.png,2026-03-27 09:40:42,4.0,58.53710261970607,7.456197750062792,439.1838271196,94.6883,0.8029801890426062
2846,C:\Users\joshy\OneDrive\Documents\Kravitz Lab\freezeData\\0322\20260327094100-b95.06-f6.png,2026-03-27 09:41:00,6.0,58.979077104549404,7.457105729290426,433.16559924759997,94.925704,0.7374686833950421
2847,C:\Users\joshy\OneDrive\Documents\Kravitz Lab\freezeData\\0322\20260327094120-b94.60-f8.png,2026-03-27 09:41:20,8.0,59.19427332009258,7.439162459075134,454.6947496816001,94.452776,0.6707864645004014
2848,C:\Users\joshy\OneDrive\Documents\Kravitz Lab\freezeData\\0322\20260327094138-b94.27-f10.png,2026-03-27 09:41:38,10.0,59.52991691238966,7.431727458086703,506.708799242864,94.132772,0.6151644697579935
2849,C:\Users\joshy\OneDrive\Documents\Kravitz Lab\freezeData\\0322\20260327094156-b94.12-f0.png,2026-03-27 09:41:56,0.0,57.68774798453217,7.436363989522514,445.132279386096,93.987652,0.7435935845116369
2850,C:\Users\joshy\OneDrive\Documents\Kravitz Lab\freezeData\\0322\20260327094215-b94.68-f2.png,2026-03-27 09:42:15,2.0,58.11750882677557,7.456133021141502,470.989310259184,94.525608,0.7796634509810626
2851,C:\Users\joshy\OneDrive\Documents\Kravitz Lab\freezeData\\0322\20260327094233-b95.06-f4.png,2026-03-27 09:42:33,4.0,58.64026075685202,7.462811463241368,439.186866782704,94.89678,0.8016361641419365
2852,C:\Users\joshy\OneDrive\Documents\Kravitz Lab\freezeData\\0322\20260327094252-b95.20-f6.png,2026-03-27 09:42:52,6.0,59.00896128554035,7.455946512600648,444.7783075056,95.04996,0.7375364734049299
2853,C:\Users\joshy\OneDrive\Documents\Kravitz Lab\freezeData\\0322\20260327094311-b94.69-f8.png,2026-03-27 09:43:11,8.0,59.32293391201753,7.4430965438160595,444.84476944113607,94.54552,0.6677727795761323
2854,C:\Users\joshy\OneDrive\Documents\Kravitz Lab\freezeData\\0322\20260327094329-b94.41-f10.png,2026-03-27 09:43:29,10.0,59.5640244342675,7.434931819323362,516.173014627776,94.269728,0.6157167506679982
2855,C:\Users\joshy\OneDrive\Documents\Kravitz Lab\freezeData\\0322\20260327094349-b94.07-f0.png,2026-03-27 09:43:49,0.0,57.64254928872886,7.439773650151921,456.97766760678405,93.932092,0.7444180354848492
2856,C:\Users\joshy\OneDrive\Documents\Kravitz Lab\freezeData\\0322\20260327094408-b94.88-f2.png,2026-03-27 09:44:08,2.0,58.15003832954541,7.458520135222938,487.174676316016,94.74082,0.7810492385446182
2857,C:\Users\joshy\OneDrive\Documents\Kravitz Lab\freezeData\\0322\20260327094427-b95.09-f4.png,2026-03-27 09:44:27,4.0,58.55628759008494,7.459180750135482,428.53131613758404,94.939208,0.8013637713101012
2858,C:\Users\joshy\OneDrive\Documents\Kravitz Lab\freezeData\\0322\20260327094445-b94.86-f6.png,2026-03-27 09:44:45,6.0,59.010553196322974,7.456084910239473,441.594707018176,94.713456,0.7386832328682673
2859,C:\Users\joshy\OneDrive\Documents\Kravitz Lab\freezeData\\0322\20260327094504-b94.85-f8.png,2026-03-27 09:45:04,8.0,59.36268499058027,7.44389082975211,464.052876569536,94.700556,0.6708716605949016
2860,C:\Users\joshy\OneDrive\Documents\Kravitz Lab\freezeData\\0322\20260327094524-b94.22-f10.png,2026-03-27 09:45:24,10.0,59.45395788053327,7.4299847996815815,509.49430446360003,94.079576,0.6151784474115779
2861,C:\Users\joshy\OneDrive\Documents\Kravitz Lab\freezeData\\0322\20260327094543-b93.95-f0.png,2026-03-27 09:45:43,0.0,57.6027736709004,7.438472563754809,449.78171255801607,93.825468,0.7446685096362414
2862,C:\Users\joshy\OneDrive\Documents\Kravitz Lab\freezeData\\0322\20260327094603-b94.74-f2.png,2026-03-27 09:46:03,2.0,58.08783892113171,7.456364228590968,477.61215016550403,94.594284,0.7812381579173103
2863,C:\Users\joshy\OneDrive\Documents\Kravitz Lab\freezeData\\0322\20260327094622-b95.00-f4.png,2026-03-27 09:46:22,4.0,58.628440926792656,7.453636440820602,437.780012881776,94.856172,0.8045666745510828
2864,C:\Users\joshy\OneDrive\Documents\Kravitz Lab\freezeData\\0322\20260327094641-b94.65-f6.png,2026-03-27 09:46:41,6.0,58.922979949215055,7.450415061628803,430.6656583165441,94.49862,0.7391099182079413
2865,C:\Users\joshy\OneDrive\Documents\Kravitz Lab\freezeData\\0322\20260327094701-b94.77-f8.png,2026-03-27 09:47:01,8.0,59.3978423205141,7.446681767142769,446.8227416816,94.617812,0.6682280748414731
2866,C:\Users\joshy\OneDrive\Documents\Kravitz Lab\freezeData\\0322\20260327094720-b94.28-f10.png,2026-03-27 09:47:20,10.0,59.51549396888175,7.433529567253993,505.36342309681606,94.1442,0.6152435331444542
2867,C:\Users\joshy\OneDrive\Documents\Kravitz Lab\freezeData\\0322\20260327094738-b94.10-f0.png,2026-03-27 09:47:38,0.0,57.67777135508674,7.436904969441786,446.212066278336,93.965656,0.7439177342916866
2868,C:\Users\joshy\OneDrive\Documents\Kravitz Lab\freezeData\\0322\20260327094759-b95.02-f2.png,2026-03-27 09:47:59,2.0,58.131138301200195,7.458109817212884,472.7738254464001,94.859644,0.7802783790087344
2869,C:\Users\joshy\OneDrive\Documents\Kravitz Lab\freezeData\\0322\20260327094816-b95.00-f4.png,2026-03-27 09:48:16,4.0,58.616273357800694,7.454395416372803,431.156891682544,94.856328,0.8036151614045399
2870,C:\Users\joshy\OneDrive\Documents\Kravitz Lab\freezeData\\0322\20260327094836-b95.09-f6.png,2026-03-27 09:48:36,6.0,59.01214064378604,7.456113207272995,448.73041604785595,94.951496,0.7390328023001305
2871,C:\Users\joshy\OneDrive\Documents\Kravitz Lab\freezeData\\0322\20260327094856-b94.53-f8.png,2026-03-27 09:48:56,8.0,59.20546111632595,7.440618811964017,474.922191635904,94.394596,0.671128273597904
2872,C:\Users\joshy\OneDrive\Documents\Kravitz Lab\freezeData\\0322\20260327094914-b94.34-f10.png,2026-03-27 09:49:14,10.0,59.46379827637841,7.432745482713137,501.8810149502559,94.202224,0.6152344576998918
2873,C:\Users\joshy\OneDrive\Documents\Kravitz Lab\freezeData\\0322\20260327094932-b94.28-f0.png,2026-03-27 09:49:32,0.0,57.77534035889014,7.441440156238847,453.567056298224,94.13988,0.7448458036654145
2874,C:\Users\joshy\OneDrive\Documents\Kravitz Lab\freezeData\\0322\20260327094952-b94.87-f2.png,2026-03-27 09:49:52,2.0,58.16975477436555,7.457987208289663,489.82761868529593,94.719776,0.7804270803013311
2875,C:\Users\joshy\OneDrive\Documents\Kravitz Lab\freezeData\\0322\20260327095010-b95.00-f4.png,2026-03-27 09:50:10,4.0,58.50537377716464,7.457358951845208,433.9232171983361,94.845484,0.8044061670083762
2876,C:\Users\joshy\OneDrive\Documents\Kravitz Lab\freezeData\\0322\20260327095030-b94.87-f6.png,2026-03-27 09:50:30,6.0,59.00004440291197,7.453577545945884,450.50355615839993,94.723196,0.7383150287495731
2877,C:\Users\joshy\OneDrive\Documents\Kravitz Lab\freezeData\\0322\20260327095051-b94.80-f8.png,2026-03-27 09:50:51,8.0,59.33663504837125,7.446207146636317,464.92657694560006,94.65558,0.6690059860190727
2878,C:\Users\joshy\OneDrive\Documents\Kravitz Lab\freezeData\\0322\20260327095129-b94.01-f0.png,2026-03-27 09:51:29,0.0,57.626582167991046,7.438118887009931,449.537610124224,93.877576,0.7438089159155628
2879,C:\Users\joshy\OneDrive\Documents\Kravitz Lab\freezeData\\0322\20260327095111-b94.49-f10.png,2026-03-27 09:51:11,10.0,59.550037622034935,7.436421095536244,486.787040604784,94.336332,0.6134144987538253
2880,C:\Users\joshy\OneDrive\Documents\Kravitz Lab\freezeData\\0322\20260327095148-b94.55-f2.png,2026-03-27 09:51:48,2.0,58.08736032692482,7.45678923889325,476.548215190976,94.3895,0.7815955625176787
2881,C:\Users\joshy\OneDrive\Documents\Kravitz Lab\freezeData\\0322\20260327095206-b95.01-f4.png,2026-03-27 09:52:06,4.0,58.72952171459938,7.458909153672228,449.1727221404,94.85912,0.8039199784413782
2882,C:\Users\joshy\OneDrive\Documents\Kravitz Lab\freezeData\\0322\20260327095225-b95.02-f6.png,2026-03-27 09:52:25,6.0,59.058466918635,7.456560957495593,450.852982928496,94.878636,0.7387774909936728
2883,C:\Users\joshy\OneDrive\Documents\Kravitz Lab\freezeData\\0322\20260327095245-b94.71-f8.png,2026-03-27 09:52:45,8.0,59.34875480487199,7.447172506263013,471.63084385785595,94.561572,0.6700371996668518
2884,C:\Users\joshy\OneDrive\Documents\Kravitz Lab\freezeData\\0322\20260327095305-b94.34-f10.png,2026-03-27 09:53:05,10.0,59.57433352418258,7.437608122177206,522.2630941350241,94.201884,0.6150523242192862
2885,C:\Users\joshy\OneDrive\Documents\Kravitz Lab\freezeData\\0322\20260327095323-b93.92-f0.png,2026-03-27 09:53:23,0.0,57.65612563464472,7.440617815555985,455.79598166974404,93.784508,0.7447161952241462
2886,C:\Users\joshy\OneDrive\Documents\Kravitz Lab\freezeData\\0322\20260327095343-b94.76-f2.png,2026-03-27 09:53:43,2.0,58.12147321556934,7.4531993131682475,478.541299496944,94.611316,0.7823019581550374
2887,C:\Users\joshy\OneDrive\Documents\Kravitz Lab\freezeData\\0322\20260327095402-b94.98-f4.png,2026-03-27 09:54:02,4.0,58.467154898963365,7.4578065969293315,443.9726077055999,94.831068,0.801711425336402
2888,C:\Users\joshy\OneDrive\Documents\Kravitz Lab\freezeData\\0322\20260327095420-b94.88-f6.png,2026-03-27 09:54:20,6.0,58.95299770695756,7.4541371698506715,446.59634358999995,94.737616,0.7386747358515102
2889,C:\Users\joshy\OneDrive\Documents\Kravitz Lab\freezeData\\0322\20260327095439-b94.76-f8.png,2026-03-27 09:54:39,8.0,59.3632919340228,7.445772624892312,477.192134225344,94.609228,0.6693462877348462
2890,C:\Users\joshy\OneDrive\Documents\Kravitz Lab\freezeData\\0322\20260327095458-b94.33-f10.png,2026-03-27 09:54:58,10.0,59.5156735598052,7.435435803607233,521.0639380975999,94.194948,0.6140065327364781
2891,C:\Users\joshy\OneDrive\Documents\Kravitz Lab\freezeData\\0322\20260327095516-b94.04-f0.png,2026-03-27 09:55:16,0.0,57.66059029076911,7.438628487194573,449.03718292849595,93.895008,0.74352455380829
2892,C:\Users\joshy\OneDrive\Documents\Kravitz Lab\freezeData\\0322\20260327095536-b94.92-f2.png,2026-03-27 09:55:36,2.0,58.10782788533621,7.456990185616809,483.938318315456,94.772988,0.7807533024415096
2893,C:\Users\joshy\OneDrive\Documents\Kravitz Lab\freezeData\\0322\20260327095555-b95.09-f4.png,2026-03-27 09:55:55,4.0,58.5617734724848,7.459591027767413,451.426417072576,94.941624,0.8016998646938689
2894,C:\Users\joshy\OneDrive\Documents\Kravitz Lab\freezeData\\0322\20260327095615-b94.94-f6.png,2026-03-27 09:56:15,6.0,58.976638608496366,7.454618035957791,438.6648172177759,94.795896,0.7381284650722209
2895,C:\Users\joshy\OneDrive\Documents\Kravitz Lab\freezeData\\0322\20260327095634-b94.55-f8.png,2026-03-27 09:56:34,8.0,59.29132914385037,7.443348734561142,470.894884072704,94.40666,0.6696426490097189
2896,C:\Users\joshy\OneDrive\Documents\Kravitz Lab\freezeData\\0322\20260327095652-b94.27-f10.png,2026-03-27 09:56:52,10.0,59.42951363031011,7.436025131132249,521.962476921584,94.130972,0.6147911886454018
2897,C:\Users\joshy\OneDrive\Documents\Kravitz Lab\freezeData\\0322\20260327095712-b94.04-f0.png,2026-03-27 09:57:12,0.0,57.68730923728719,7.441292413838436,437.0274254464001,93.88796,0.7443038354337002
2898,C:\Users\joshy\OneDrive\Documents\Kravitz Lab\freezeData\\0322\20260327095731-b94.66-f2.png,2026-03-27 09:57:31,2.0,58.08562975444457,7.453249654940585,469.2574799797759,94.499828,0.7807315079885649
2899,C:\Users\joshy\OneDrive\Documents\Kravitz Lab\freezeData\\0322\20260327095749-b94.84-f4.png,2026-03-27 09:57:49,4.0,58.535494652326086,7.455457613285851,438.373344249344,94.686252,0.8038993289310782
2900,C:\Users\joshy\OneDrive\Documents\Kravitz Lab\freezeData\\0322\20260327095809-b95.04-f6.png,2026-03-27 09:58:09,6.0,58.94084431762151,7.4571481276982565,455.993387706816,94.899148,0.7375378245587235
2901,C:\Users\joshy\OneDrive\Documents\Kravitz Lab\freezeData\\0322\20260327095827-b94.58-f8.png,2026-03-27 09:58:27,8.0,59.253799145696775,7.440107092661818,467.04040669439996,94.431132,0.670632196088471
2902,C:\Users\joshy\OneDrive\Documents\Kravitz Lab\freezeData\\0322\20260327095846-b94.33-f10.png,2026-03-27 09:58:46,10.0,59.687320007136385,7.439109236405369,523.2291712064001,94.207264,0.6139545973703149
2903,C:\Users\joshy\OneDrive\Documents\Kravitz Lab\freezeData\\0322\20260327095905-b94.07-f0.png,2026-03-27 09:59:05,0.0,57.552125531310274,7.438042250729538,465.640426162944,93.943548,0.7438893660878918
2904,C:\Users\joshy\OneDrive\Documents\Kravitz Lab\freezeData\\0322\20260327095923-b94.86-f2.png,2026-03-27 09:59:23,2.0,58.20251296710327,7.460116535065433,484.9035947340641,94.706776,0.7814466790607523
2905,C:\Users\joshy\OneDrive\Documents\Kravitz Lab\freezeData\\0322\20260327095941-b94.94-f4.png,2026-03-27 09:59:41,4.0,58.51171043612668,7.456287115354496,436.54593514342406,94.790692,0.8039724219109682
2906,C:\Users\joshy\OneDrive\Documents\Kravitz Lab\freezeData\\0322\20260327100000-b95.02-f6.png,2026-03-27 10:00:00,6.0,58.880463041317874,7.4523500728674685,431.8549561584,94.9002,0.7391884586229492
2907,C:\Users\joshy\OneDrive\Documents\Kravitz Lab\freezeData\\0322\20260327100019-b94.88-f8.png,2026-03-27 10:00:19,8.0,59.37102879056767,7.448361347033403,445.276590627776,94.719828,0.6697861889574207
2908,C:\Users\joshy\OneDrive\Documents\Kravitz Lab\freezeData\\0322\20260327100037-b94.30-f10.png,2026-03-27 10:00:37,10.0,59.55556533712241,7.435049423155427,492.49402295025607,94.156912,0.6149615134854137
2909,C:\Users\joshy\OneDrive\Documents\Kravitz Lab\freezeData\\0322\20260327100057-b93.95-f0.png,2026-03-27 10:00:57,0.0,57.60731285350373,7.441955628200185,434.5579216496,93.801612,0.7434806595195446
2910,C:\Users\joshy\OneDrive\Documents\Kravitz Lab\freezeData\\0322\20260327100115-b94.62-f2.png,2026-03-27 10:01:15,2.0,58.037520502742915,7.453861632142844,440.996330587376,94.458264,0.781384431973153
2911,C:\Users\joshy\OneDrive\Documents\Kravitz Lab\freezeData\\0322\20260327100134-b94.91-f4.png,2026-03-27 10:01:34,4.0,58.541589404269644,7.45452633745359,414.17122285542393,94.750148,0.8023911187840613
2912,C:\Users\joshy\OneDrive\Documents\Kravitz Lab\freezeData\\0322\20260327100153-b95.04-f6.png,2026-03-27 10:01:53,6.0,59.03661117994833,7.455077583037558,419.860530874304,94.89126,0.7393066164066083
2913,C:\Users\joshy\OneDrive\Documents\Kravitz Lab\freezeData\\0322\20260327100212-b94.71-f8.png,2026-03-27 10:02:12,8.0,59.2795243368197,7.444193002701916,443.49298106009604,94.56002,0.6713466877359783
2914,C:\Users\joshy\OneDrive\Documents\Kravitz Lab\freezeData\\0322\20260327100230-b94.40-f10.png,2026-03-27 10:02:30,10.0,59.57613545670635,7.43655509611995,503.16505688313606,94.259276,0.6135868121630533
2915,C:\Users\joshy\OneDrive\Documents\Kravitz Lab\freezeData\\0322\20260327100250-b94.16-f0.png,2026-03-27 10:02:50,0.0,57.63288351071808,7.440369531243953,443.5560824304,94.0232,0.7440459877972737
2916,C:\Users\joshy\OneDrive\Documents\Kravitz Lab\freezeData\\0322\20260327100309-b94.81-f2.png,2026-03-27 10:03:09,2.0,58.210056471136184,7.456930660198386,466.61244465657603,94.672944,0.7817997974532462
2917,C:\Users\joshy\OneDrive\Documents\Kravitz Lab\freezeData\\0322\20260327100328-b94.69-f4.png,2026-03-27 10:03:28,4.0,58.556701863650076,7.457765284210148,429.4090246016,94.53254,0.802579028085479
2918,C:\Users\joshy\OneDrive\Documents\Kravitz Lab\freezeData\\0322\20260327100348-b94.89-f6.png,2026-03-27 10:03:48,6.0,58.92813639434608,7.452078629579197,431.52194624,94.741688,0.7389389762121701
2919,C:\Users\joshy\OneDrive\Documents\Kravitz Lab\freezeData\\0322\20260327100407-b94.69-f8.png,2026-03-27 10:04:07,8.0,59.31752109844861,7.443973484590621,445.82359836,94.546848,0.6677611514983474
2920,C:\Users\joshy\OneDrive\Documents\Kravitz Lab\freezeData\\0322\20260327100427-b94.65-f10.png,2026-03-27 10:04:27,10.0,59.55797573551821,7.433855377753429,489.85179484,94.507368,0.6149622816920797
2921,C:\Users\joshy\OneDrive\Documents\Kravitz Lab\freezeData\\0322\20260327100447-b94.05-f0.png,2026-03-27 10:04:47,0.0,57.594533249933924,7.4401305745741,427.84447264505593,93.891484,0.743695307370446
2922,C:\Users\joshy\OneDrive\Documents\Kravitz Lab\freezeData\\0322\20260327100508-b94.69-f2.png,2026-03-27 10:05:08,2.0,58.1848843835216,7.457851963274204,474.30691885542404,94.531832,0.7818673458701156
2923,C:\Users\joshy\OneDrive\Documents\Kravitz Lab\freezeData\\0322\20260327100526-b94.59-f4.png,2026-03-27 10:05:26,4.0,58.56186219667964,7.451358632366736,429.81343497598397,94.441348,0.8049034934959101
2924,C:\Users\joshy\OneDrive\Documents\Kravitz Lab\freezeData\\0322\20260327100546-b94.90-f6.png,2026-03-27 10:05:46,6.0,58.970750692896694,7.454270461937373,432.075312328944,94.758168,0.7396092342784475
2925,C:\Users\joshy\OneDrive\Documents\Kravitz Lab\freezeData\\0322\20260327100604-b94.79-f8.png,2026-03-27 10:06:04,8.0,59.38851617134828,7.443760810495013,452.83966903857606,94.649248,0.670281632989385
2926,C:\Users\joshy\OneDrive\Documents\Kravitz Lab\freezeData\\0322\20260327100622-b94.19-f10.png,2026-03-27 10:06:22,10.0,59.56635697674989,7.4339206061232375,500.12549084,94.05072,0.6155114616435878
2927,C:\Users\joshy\OneDrive\Documents\Kravitz Lab\freezeData\\0322\20260327100641-b94.21-f0.png,2026-03-27 10:06:41,0.0,57.63172770894574,7.441985416971993,430.834169809856,94.060044,0.742931983435966
2928,C:\Users\joshy\OneDrive\Documents\Kravitz Lab\freezeData\\0322\20260327100700-b94.69-f2.png,2026-03-27 10:07:00,2.0,58.1123960351874,7.454272451414899,466.1582511196,94.542744,0.7813891958203539
2929,C:\Users\joshy\OneDrive\Documents\Kravitz Lab\freezeData\\0322\20260327100718-b94.88-f4.png,2026-03-27 10:07:18,4.0,58.536325274459244,7.4563065143714224,411.24755193439995,94.715052,0.8027355434831196
2930,C:\Users\joshy\OneDrive\Documents\Kravitz Lab\freezeData\\0322\20260327100737-b94.87-f6.png,2026-03-27 10:07:37,6.0,59.06451038398961,7.4527814238542405,414.8524696294239,94.717672,0.7372671271003964
2931,C:\Users\joshy\OneDrive\Documents\Kravitz Lab\freezeData\\0322\20260327100757-b94.91-f8.png,2026-03-27 10:07:57,8.0,59.306857243984865,7.450151572233856,440.1450199295999,94.75196,0.6682407110818456
2932,C:\Users\joshy\OneDrive\Documents\Kravitz Lab\freezeData\\0322\20260327100815-b94.07-f10.png,2026-03-27 10:08:15,10.0,59.488762000024984,7.4295631965235485,493.7837395696001,93.926872,0.6157482961745614
2933,C:\Users\joshy\OneDrive\Documents\Kravitz Lab\freezeData\\0322\20260327100835-b94.16-f0.png,2026-03-27 10:08:35,0.0,57.55681875217219,7.437496105579491,445.5017260268639,94.02464,0.7440232182486024
2934,C:\Users\joshy\OneDrive\Documents\Kravitz Lab\freezeData\\0322\20260327100912-b94.91-f4.png,2026-03-27 10:09:12,4.0,58.528817547302495,7.455473183742809,419.51530044849596,94.755524,0.8028011120124131
2935,C:\Users\joshy\OneDrive\Documents\Kravitz Lab\freezeData\\0322\20260327100854-b94.98-f2.png,2026-03-27 10:08:54,2.0,58.082847944451764,7.456957065884059,468.310586290544,94.835736,0.7808191569360431
2936,C:\Users\joshy\OneDrive\Documents\Kravitz Lab\freezeData\\0322\20260327100932-b94.89-f6.png,2026-03-27 10:09:32,6.0,58.97361851401354,7.451830332136207,434.8831754203999,94.75306,0.7370624383270833
2937,C:\Users\joshy\OneDrive\Documents\Kravitz Lab\freezeData\\0322\20260327100951-b94.59-f8.png,2026-03-27 10:09:51,8.0,59.24301654355896,7.440902509145591,448.758619713984,94.43514,0.6698118045058877
2938,C:\Users\joshy\OneDrive\Documents\Kravitz Lab\freezeData\\0322\20260327101010-b94.75-f10.png,2026-03-27 10:10:10,10.0,59.575539293921636,7.43944719921211,478.950487965424,94.59628,0.6141624787568227
2939,C:\Users\joshy\OneDrive\Documents\Kravitz Lab\freezeData\\0322\20260327101030-b93.93-f0.png,2026-03-27 10:10:30,0.0,57.51912941196172,7.436329233864976,432.905465809856,93.7863,0.7423220406837109
2940,C:\Users\joshy\OneDrive\Documents\Kravitz Lab\freezeData\\0322\20260327101049-b94.64-f2.png,2026-03-27 10:10:49,2.0,58.09011191534697,7.453807523875661,458.82145411526415,94.481408,0.7822059410967073
2941,C:\Users\joshy\OneDrive\Documents\Kravitz Lab\freezeData\\0322\20260327101107-b94.90-f4.png,2026-03-27 10:11:07,4.0,58.531780055569676,7.455305088962329,396.0765204264961,94.735804,0.80280341322298
2942,C:\Users\joshy\OneDrive\Documents\Kravitz Lab\freezeData\\0322\20260327101145-b94.71-f8.png,2026-03-27 10:11:45,8.0,59.362496281764834,7.447779264997711,433.573915967984,94.537884,0.6704242719154782
2943,C:\Users\joshy\OneDrive\Documents\Kravitz Lab\freezeData\\0322\20260327101127-b95.02-f6.png,2026-03-27 10:11:27,6.0,58.94617695232911,7.4533049800267115,398.65397258489605,94.850552,0.7360444574625229
2944,C:\Users\joshy\OneDrive\Documents\Kravitz Lab\freezeData\\0322\20260327101204-b94.34-f10.png,2026-03-27 10:12:04,10.0,59.62916212991036,7.432509200322652,486.60422309681593,94.177808,0.6150674893299704
2945,C:\Users\joshy\OneDrive\Documents\Kravitz Lab\freezeData\\0322\20260327101222-b94.26-f0.png,2026-03-27 10:12:22,0.0,57.677949093078404,7.442305746661385,427.92229839257595,94.111984,0.7429211583167286
2946,C:\Users\joshy\OneDrive\Documents\Kravitz Lab\freezeData\\0322\20260327101241-b94.60-f2.png,2026-03-27 10:12:41,2.0,58.1146087258935,7.451698488448756,444.3540739384159,94.433452,0.7808003480110193
2947,C:\Users\joshy\OneDrive\Documents\Kravitz Lab\freezeData\\0322\20260327101258-b95.20-f4.png,2026-03-27 10:12:58,4.0,58.66822789362583,7.45948585544673,420.32531709361587,95.043172,0.8005665762179819
2948,C:\Users\joshy\OneDrive\Documents\Kravitz Lab\freezeData\\0322\20260327101317-b95.01-f6.png,2026-03-27 10:13:17,6.0,58.94795789469677,7.452694742146811,399.4159431423839,94.846416,0.7388460360214063
2949,C:\Users\joshy\OneDrive\Documents\Kravitz Lab\freezeData\\0322\20260327101335-b94.47-f8.png,2026-03-27 10:13:35,8.0,59.246605792068934,7.4408853691713635,447.5135249904,94.306428,0.6701372968533231
2950,C:\Users\joshy\OneDrive\Documents\Kravitz Lab\freezeData\\0322\20260327101353-b94.30-f10.png,2026-03-27 10:13:53,10.0,59.586767856484514,7.434977086591984,491.94987454457606,94.149868,0.6141348121243246
2951,C:\Users\joshy\OneDrive\Documents\Kravitz Lab\freezeData\\0322\20260327101412-b94.32-f0.png,2026-03-27 10:14:12,0.0,57.6726246886649,7.4414623164117515,417.60353123014403,94.16198,0.7426309164905661
2952,C:\Users\joshy\OneDrive\Documents\Kravitz Lab\freezeData\\0322\20260327101431-b94.53-f2.png,2026-03-27 10:14:31,2.0,58.12847677343696,7.45225312225444,438.1918392384,94.354,0.7807375298261774
2953,C:\Users\joshy\OneDrive\Documents\Kravitz Lab\freezeData\\0322\20260327101449-b94.99-f4.png,2026-03-27 10:14:49,4.0,58.53701512505057,7.4560583245435295,416.880486562816,94.82864,0.8029787135518669
2954,C:\Users\joshy\OneDrive\Documents\Kravitz Lab\freezeData\\0322\20260327101508-b95.01-f6.png,2026-03-27 10:15:08,6.0,58.9219341414905,7.455484851680971,426.0850072475999,94.855816,0.7379259328134584
2955,C:\Users\joshy\OneDrive\Documents\Kravitz Lab\freezeData\\0322\20260327101526-b94.73-f8.png,2026-03-27 10:15:26,8.0,59.185135777152695,7.440033006833024,447.1720163219039,94.5752,0.6708706949481463
2956,C:\Users\joshy\OneDrive\Documents\Kravitz Lab\freezeData\\0322\20260327101545-b94.21-f10.png,2026-03-27 10:15:45,10.0,59.51018027196947,7.437852327543352,492.570734209776,94.051264,0.6147945565588973
2957,C:\Users\joshy\OneDrive\Documents\Kravitz Lab\freezeData\\0322\20260327101604-b94.02-f0.png,2026-03-27 10:16:04,0.0,57.643171519930235,7.4401715628630365,427.2524894872961,93.874648,0.7418196276590856
2958,C:\Users\joshy\OneDrive\Documents\Kravitz Lab\freezeData\\0322\20260327101642-b94.62-f4.png,2026-03-27 10:16:42,4.0,58.558791510179375,7.455450127393591,414.32916820473605,94.457188,0.8034854803442649
2959,C:\Users\joshy\OneDrive\Documents\Kravitz Lab\freezeData\\0322\20260327101624-b94.64-f2.png,2026-03-27 10:16:24,2.0,58.147180255171925,7.4560676831271175,450.668464115136,94.484888,0.779262936547277
2960,C:\Users\joshy\OneDrive\Documents\Kravitz Lab\freezeData\\0322\20260327101702-b95.09-f6.png,2026-03-27 10:17:02,6.0,58.97566168494268,7.457171579871656,413.08105827833595,94.940428,0.7373521823257504
2961,C:\Users\joshy\OneDrive\Documents\Kravitz Lab\freezeData\\0322\20260327101722-b94.93-f8.png,2026-03-27 10:17:22,8.0,59.37128767467911,7.4437325867296815,434.84898954438404,94.768864,0.6705302119934659
2962,C:\Users\joshy\OneDrive\Documents\Kravitz Lab\freezeData\\0322\20260327101739-b94.16-f10.png,2026-03-27 10:17:39,10.0,59.41442315015438,7.430866608525192,487.45913892657603,93.99688,0.6141103023229173
2963,C:\Users\joshy\OneDrive\Documents\Kravitz Lab\freezeData\\0322\20260327101758-b94.00-f0.png,2026-03-27 10:17:58,0.0,57.657499446138175,7.43944226945427,428.4737171356,93.846476,0.7435804666876322
2964,C:\Users\joshy\OneDrive\Documents\Kravitz Lab\freezeData\\0322\20260327101817-b94.78-f2.png,2026-03-27 10:18:17,2.0,58.138836300617506,7.457766307980245,438.315672249344,94.6119,0.7802152384959753
2965,C:\Users\joshy\OneDrive\Documents\Kravitz Lab\freezeData\\0322\20260327101835-b95.13-f4.png,2026-03-27 10:18:35,4.0,58.54975678319205,7.459689645164462,421.69134088177606,94.966584,0.8019214538793484
2966,C:\Users\joshy\OneDrive\Documents\Kravitz Lab\freezeData\\0322\20260327101853-b94.91-f6.png,2026-03-27 10:18:53,6.0,58.92574231443992,7.456671702844765,423.30193575639987,94.749168,0.7379989565221363
2967,C:\Users\joshy\OneDrive\Documents\Kravitz Lab\freezeData\\0322\20260327101912-b94.57-f8.png,2026-03-27 10:19:12,8.0,59.321381034753394,7.441783954316977,434.60612088561595,94.40036,0.6705899638918327
2968,C:\Users\joshy\OneDrive\Documents\Kravitz Lab\freezeData\\0322\20260327101930-b94.42-f10.png,2026-03-27 10:19:30,10.0,59.65908572863463,7.4338236026907545,494.39501734239997,94.258368,0.6145993696827635
2969,C:\Users\joshy\OneDrive\Documents\Kravitz Lab\freezeData\\0322\20260327101949-b94.13-f0.png,2026-03-27 10:19:49,0.0,57.65691734802769,7.441723291392459,431.326505487296,93.980052,0.7444662861306631
2970,C:\Users\joshy\OneDrive\Documents\Kravitz Lab\freezeData\\0322\20260327102009-b94.76-f2.png,2026-03-27 10:20:09,2.0,58.115432389877306,7.45781300888038,477.58887216000005,94.59624,0.780441020610699
2971,C:\Users\joshy\OneDrive\Documents\Kravitz Lab\freezeData\\0322\20260327102046-b94.95-f6.png,2026-03-27 10:20:46,6.0,58.942896861429666,7.453099476792462,430.6754733229439,94.793308,0.7391442926072075
2972,C:\Users\joshy\OneDrive\Documents\Kravitz Lab\freezeData\\0322\20260327102027-b94.80-f4.png,2026-03-27 10:20:27,4.0,58.55047154113121,7.456875212573341,417.32837309361594,94.638428,0.8015874269119453
2973,C:\Users\joshy\OneDrive\Documents\Kravitz Lab\freezeData\\0322\20260327102104-b94.69-f8.png,2026-03-27 10:21:04,8.0,59.36752099327524,7.444780634568365,442.312650326384,94.533032,0.6695414597928023
2974,C:\Users\joshy\OneDrive\Documents\Kravitz Lab\freezeData\\0322\20260327102123-b94.33-f10.png,2026-03-27 10:21:23,10.0,59.54317836176782,7.431691118092429,488.05361839358403,94.169052,0.6159239197365414
2975,C:\Users\joshy\OneDrive\Documents\Kravitz Lab\freezeData\\0322\20260327102141-b94.19-f0.png,2026-03-27 10:21:41,0.0,57.77281652538688,7.43873056347845,418.16299754839997,94.037772,0.7435322847998073
2976,C:\Users\joshy\OneDrive\Documents\Kravitz Lab\freezeData\\0322\20260327102200-b95.00-f2.png,2026-03-27 10:22:00,2.0,58.18854944903769,7.457343908158269,468.0055471196,94.857336,0.7802543533518351
2977,C:\Users\joshy\OneDrive\Documents\Kravitz Lab\freezeData\\0322\20260327102218-b94.98-f4.png,2026-03-27 10:22:18,4.0,58.61578253337236,7.4561615707811075,415.3989361151359,94.82502,0.8040445044462123
2978,C:\Users\joshy\OneDrive\Documents\Kravitz Lab\freezeData\\0322\20260327102237-b95.05-f6.png,2026-03-27 10:22:37,6.0,59.02432748640499,7.4567572367932735,420.91479516000004,94.882796,0.7369431559320851
2979,C:\Users\joshy\OneDrive\Documents\Kravitz Lab\freezeData\\0322\20260327102255-b94.76-f8.png,2026-03-27 10:22:55,8.0,59.233669557440045,7.44291409281752,460.19046064,94.6026,0.6692062932772703
2980,C:\Users\joshy\OneDrive\Documents\Kravitz Lab\freezeData\\0322\20260327102315-b94.43-f10.png,2026-03-27 10:23:15,10.0,59.57843874926821,7.4332517577018855,491.7192419204959,94.272764,0.6149143711374894
2981,C:\Users\joshy\OneDrive\Documents\Kravitz Lab\freezeData\\0322\20260327102333-b94.15-f0.png,2026-03-27 10:23:33,0.0,57.69154223988553,7.442097751040426,437.484308316016,94.019748,0.7444204321161909
2982,C:\Users\joshy\OneDrive\Documents\Kravitz Lab\freezeData\\0322\20260327102353-b94.81-f2.png,2026-03-27 10:23:53,2.0,58.11989320191579,7.455145849371855,465.6827052678241,94.656148,0.7801217235962972
2983,C:\Users\joshy\OneDrive\Documents\Kravitz Lab\freezeData\\0322\20260327102413-b94.91-f4.png,2026-03-27 10:24:13,4.0,58.68712767678296,7.460265264718576,414.53477921470403,94.753324,0.8033501643635016
2984,C:\Users\joshy\OneDrive\Documents\Kravitz Lab\freezeData\\0322\20260327102432-b94.98-f6.png,2026-03-27 10:24:32,6.0,59.02975339212605,7.457673998443366,430.248471854704,94.830972,0.7379562714522999
2985,C:\Users\joshy\OneDrive\Documents\Kravitz Lab\freezeData\\0322\20260327102451-b94.63-f8.png,2026-03-27 10:24:51,8.0,59.305736583309915,7.44625877003379,443.247404072704,94.478084,0.6700336099563194
2986,C:\Users\joshy\OneDrive\Documents\Kravitz Lab\freezeData\\0322\20260327102512-b94.23-f10.png,2026-03-27 10:25:12,10.0,59.41664711470683,7.428488574224244,491.4137604636,94.07908,0.615313461915538
2987,C:\Users\joshy\OneDrive\Documents\Kravitz Lab\freezeData\\0322\20260327102530-b94.19-f0.png,2026-03-27 10:25:30,0.0,57.59659696369069,7.439472500855732,442.6343902207839,94.050776,0.7443921657466042
2988,C:\Users\joshy\OneDrive\Documents\Kravitz Lab\freezeData\\0322\20260327102548-b94.99-f2.png,2026-03-27 10:25:48,2.0,58.071323721169094,7.4565824837391945,468.475567979776,94.826572,0.7805805712032604
2989,C:\Users\joshy\OneDrive\Documents\Kravitz Lab\freezeData\\0322\20260327102607-b95.12-f4.png,2026-03-27 10:26:07,4.0,58.551371480820634,7.459887991457537,418.697850975984,94.982288,0.8022665899399931
2990,C:\Users\joshy\OneDrive\Documents\Kravitz Lab\freezeData\\0322\20260327102627-b94.86-f6.png,2026-03-27 10:26:27,6.0,58.96378610097883,7.454730156715368,420.9774999034241,94.701496,0.7385949035936701
2991,C:\Users\joshy\OneDrive\Documents\Kravitz Lab\freezeData\\0322\20260327102644-b94.88-f8.png,2026-03-27 10:26:44,8.0,59.34401284177753,7.446247163010137,453.6422550968161,94.727288,0.6687953707692571
2992,C:\Users\joshy\OneDrive\Documents\Kravitz Lab\freezeData\\0322\20260327102703-b94.42-f10.png,2026-03-27 10:27:03,10.0,59.45488897395739,7.4353776858232585,493.92323341849607,94.26712,0.6136919542385454
2993,C:\Users\joshy\OneDrive\Documents\Kravitz Lab\freezeData\\0322\20260327102723-b94.10-f0.png,2026-03-27 10:27:23,0.0,57.51878097795537,7.440455151498112,431.8222225244001,93.9459,0.7425153098289217
2994,C:\Users\joshy\OneDrive\Documents\Kravitz Lab\freezeData\\0322\20260327102740-b94.74-f2.png,2026-03-27 10:27:40,2.0,58.10048025231819,7.456801370043619,458.9391234969441,94.570728,0.7808309099277218
2995,C:\Users\joshy\OneDrive\Documents\Kravitz Lab\freezeData\\0322\20260327102759-b94.84-f4.png,2026-03-27 10:27:59,4.0,58.62081476806627,7.457628209692525,424.588472860416,94.683008,0.8025440142554603
2996,C:\Users\joshy\OneDrive\Documents\Kravitz Lab\freezeData\\0322\20260327102818-b94.96-f6.png,2026-03-27 10:28:18,6.0,58.96346537679074,7.457499093240719,422.651520716656,94.8126,0.73804480036149
2997,C:\Users\joshy\OneDrive\Documents\Kravitz Lab\freezeData\\0322\20260327102837-b94.84-f8.png,2026-03-27 10:28:37,8.0,59.44724641628085,7.446982737605555,448.49804414406395,94.682728,0.6694683611970491
2998,C:\Users\joshy\OneDrive\Documents\Kravitz Lab\freezeData\\0322\20260327102855-b94.42-f10.png,2026-03-27 10:28:55,10.0,59.65987938934842,7.43670344226632,508.45275424710405,94.28022,0.6138628613451534
2999,C:\Users\joshy\OneDrive\Documents\Kravitz Lab\freezeData\\0322\20260327102915-b94.17-f0.png,2026-03-27 10:29:15,0.0,57.64334245186495,7.439509176401265,435.46126352025607,94.015968,0.7439407667058104
3000,C:\Users\joshy\OneDrive\Documents\Kravitz Lab\freezeData\\0322\20260327102933-b94.59-f2.png,2026-03-27 10:29:33,2.0,58.135393424054506,7.455947550006861,472.75507051359995,94.42952,0.7804345453140873
3001,C:\Users\joshy\OneDrive\Documents\Kravitz Lab\freezeData\\0322\20260327102952-b94.92-f4.png,2026-03-27 10:29:52,4.0,58.57437962718854,7.457985242253315,432.736926599024,94.7573,0.802821589440734
3002,C:\Users\joshy\OneDrive\Documents\Kravitz Lab\freezeData\\0322\20260327103012-b95.21-f6.png,2026-03-27 10:30:12,6.0,59.041322946298685,7.45455552280283,418.53082263614397,95.058692,0.737994939056243
3003,C:\Users\joshy\OneDrive\Documents\Kravitz Lab\freezeData\\0322\20260327103030-b94.85-f8.png,2026-03-27 10:30:30,8.0,59.31599902968723,7.445507021148338,456.0585974075999,94.702512,0.6709143888865615
3004,C:\Users\joshy\OneDrive\Documents\Kravitz Lab\freezeData\\0322\20260327103048-b94.43-f10.png,2026-03-27 10:30:48,10.0,59.63343994554411,7.434142378822658,500.4310221350241,94.275928,0.6159308875390013
3005,C:\Users\joshy\OneDrive\Documents\Kravitz Lab\freezeData\\0322\20260327103107-b94.13-f0.png,2026-03-27 10:31:07,0.0,57.61880992757834,7.444445341422523,424.02374917745595,93.97964,0.7432176373873097
3006,C:\Users\joshy\OneDrive\Documents\Kravitz Lab\freezeData\\0322\20260327103126-b95.00-f2.png,2026-03-27 10:31:26,2.0,58.262664947461374,7.455114970259254,447.5120128176641,94.839684,0.7820004540403022
3007,C:\Users\joshy\OneDrive\Documents\Kravitz Lab\freezeData\\0322\20260327103204-b95.11-f6.png,2026-03-27 10:32:04,6.0,59.024469423971745,7.459061639130659,426.365308251904,94.963432,0.7369908670268969
3008,C:\Users\joshy\OneDrive\Documents\Kravitz Lab\freezeData\\0322\20260327103144-b94.88-f4.png,2026-03-27 10:31:44,4.0,58.54857922365925,7.453171250839871,410.78750768254395,94.713164,0.802337122296717
3009,C:\Users\joshy\OneDrive\Documents\Kravitz Lab\freezeData\\0322\20260327103222-b94.92-f8.png,2026-03-27 10:32:22,8.0,59.27276707899586,7.447336030997742,453.90000817969604,94.769152,0.6692769581563114
3010,C:\Users\joshy\OneDrive\Documents\Kravitz Lab\freezeData\\0322\20260327103240-b94.41-f10.png,2026-03-27 10:32:40,10.0,59.56188578032714,7.439851238709623,499.5590302927359,94.253208,0.6142988914431726
3011,C:\Users\joshy\OneDrive\Documents\Kravitz Lab\freezeData\\0322\20260327103318-b94.64-f2.png,2026-03-27 10:33:18,2.0,58.159301183580396,7.456515956897322,464.87480719097596,94.482172,0.7816764079254173
3012,C:\Users\joshy\OneDrive\Documents\Kravitz Lab\freezeData\\0322\20260327103300-b94.09-f0.png,2026-03-27 10:33:00,0.0,57.70174724143747,7.440131201766943,443.66207476505593,93.949708,0.7452318906068319
3013,C:\Users\joshy\OneDrive\Documents\Kravitz Lab\freezeData\\0322\20260327103336-b95.01-f4.png,2026-03-27 10:33:36,4.0,58.66316171683296,7.457899320306687,429.724439036016,94.854448,0.8042310706454183
3014,C:\Users\joshy\OneDrive\Documents\Kravitz Lab\freezeData\\0322\20260327103356-b94.80-f6.png,2026-03-27 10:33:56,6.0,58.94380890744255,7.453743602513216,434.74668984960005,94.647836,0.7388798722646323
3015,C:\Users\joshy\OneDrive\Documents\Kravitz Lab\freezeData\\0322\20260327103414-b94.84-f8.png,2026-03-27 10:34:14,8.0,59.35033616236336,7.445107190349468,437.893206827264,94.678408,0.6690971287910474
3016,C:\Users\joshy\OneDrive\Documents\Kravitz Lab\freezeData\\0322\20260327103433-b94.38-f10.png,2026-03-27 10:34:33,10.0,59.5283374164305,7.437626092041454,498.66970367793607,94.22434,0.6136981810935755
3017,C:\Users\joshy\OneDrive\Documents\Kravitz Lab\freezeData\\0322\20260327103452-b94.17-f0.png,2026-03-27 10:34:52,0.0,57.60826676428223,7.440321203981485,441.139648645056,94.025464,0.743588828389943
3018,C:\Users\joshy\OneDrive\Documents\Kravitz Lab\freezeData\\0322\20260327103511-b94.72-f2.png,2026-03-27 10:35:11,2.0,58.17100180729172,7.45491669641147,444.0549641823841,94.546008,0.7823304890578978
3019,C:\Users\joshy\OneDrive\Documents\Kravitz Lab\freezeData\\0322\20260327103529-b94.97-f4.png,2026-03-27 10:35:29,4.0,58.549681474849514,7.458890889249437,431.32644433094407,94.810392,0.8014169056102255
3020,C:\Users\joshy\OneDrive\Documents\Kravitz Lab\freezeData\\0322\20260327103548-b94.77-f6.png,2026-03-27 10:35:48,6.0,58.94098616332387,7.453930883004606,432.1058537899361,94.625308,0.7386084099780414
3021,C:\Users\joshy\OneDrive\Documents\Kravitz Lab\freezeData\\0322\20260327103607-b94.50-f8.png,2026-03-27 10:36:07,8.0,59.32694952686929,7.445556094390615,445.57453657081606,94.358452,0.6685860383281332
3022,C:\Users\joshy\OneDrive\Documents\Kravitz Lab\freezeData\\0322\20260327103625-b94.49-f10.png,2026-03-27 10:36:25,10.0,59.57420427740731,7.436497977281385,503.7471320727039,94.343588,0.6140948210232304
3023,C:\Users\joshy\OneDrive\Documents\Kravitz Lab\freezeData\\0322\20260327103645-b94.14-f0.png,2026-03-27 10:36:45,0.0,57.61263992770684,7.441378166044962,439.23614037478404,93.98598,0.7440731545458976
3024,C:\Users\joshy\OneDrive\Documents\Kravitz Lab\freezeData\\0322\20260327103705-b94.61-f2.png,2026-03-27 10:37:05,2.0,58.0805216342107,7.456892369885921,461.79788855801604,94.446272,0.7812290392450572
3025,C:\Users\joshy\OneDrive\Documents\Kravitz Lab\freezeData\\0322\20260327103723-b94.98-f4.png,2026-03-27 10:37:23,4.0,58.5944828163896,7.45455619493645,416.65806939846397,94.821732,0.8030688225600345
3026,C:\Users\joshy\OneDrive\Documents\Kravitz Lab\freezeData\\0322\20260327103742-b94.82-f6.png,2026-03-27 10:37:42,6.0,58.98099829485425,7.453603139184588,421.255694964464,94.66132,0.7387280588051641
3027,C:\Users\joshy\OneDrive\Documents\Kravitz Lab\freezeData\\0322\20260327103803-b94.86-f8.png,2026-03-27 10:38:03,8.0,59.36383749896012,7.446168882548586,455.30353764601614,94.707416,0.6715685742492783
3028,C:\Users\joshy\OneDrive\Documents\Kravitz Lab\freezeData\\0322\20260327103820-b94.40-f10.png,2026-03-27 10:38:20,10.0,59.6160884839703,7.434680060724294,503.4146287676,94.251368,0.6146123715303803
3029,C:\Users\joshy\OneDrive\Documents\Kravitz Lab\freezeData\\0322\20260327103838-b94.23-f0.png,2026-03-27 10:38:38,0.0,57.660959658771,7.44317217121517,445.6626383356,94.074828,0.7439502595449765
3030,C:\Users\joshy\OneDrive\Documents\Kravitz Lab\freezeData\\0322\20260327103858-b94.75-f2.png,2026-03-27 10:38:58,2.0,58.1431981897768,7.4533595205320315,479.494684536176,94.604844,0.7814447296815555
3031,C:\Users\joshy\OneDrive\Documents\Kravitz Lab\freezeData\\0322\20260327103915-b95.18-f4.png,2026-03-27 10:39:15,4.0,58.58014327272831,7.457039412386886,418.276506538224,95.015432,0.8019778827934081
3032,C:\Users\joshy\OneDrive\Documents\Kravitz Lab\freezeData\\0322\20260327103933-b94.73-f6.png,2026-03-27 10:39:33,6.0,58.92622951181601,7.454095719420815,432.818299539456,94.579972,0.7370931670268343
3033,C:\Users\joshy\OneDrive\Documents\Kravitz Lab\freezeData\\0322\20260327103952-b94.66-f8.png,2026-03-27 10:39:52,8.0,59.326447555400314,7.443032751163642,460.59456143814396,94.511156,0.6706122583160599
3034,C:\Users\joshy\OneDrive\Documents\Kravitz Lab\freezeData\\0322\20260327104011-b94.33-f10.png,2026-03-27 10:40:11,10.0,59.573179124502,7.431142947527903,475.138382157824,94.171,0.6150451908332004
3035,C:\Users\joshy\OneDrive\Documents\Kravitz Lab\freezeData\\0322\20260327104029-b94.60-f0.png,2026-03-27 10:40:29,0.0,57.71603076244949,7.443864402962095,440.7078656092159,94.453772,0.7430805348616342
3036,C:\Users\joshy\OneDrive\Documents\Kravitz Lab\freezeData\\0322\20260327104048-b94.81-f2.png,2026-03-27 10:40:48,2.0,58.09019793844176,7.4537986367569244,467.84579123840007,94.655716,0.780696146761963
3037,C:\Users\joshy\OneDrive\Documents\Kravitz Lab\freezeData\\0322\20260327104106-b95.23-f4.png,2026-03-27 10:41:06,4.0,58.56787080635061,7.459376748119966,417.9265538876,95.066432,0.8022490802411374
3038,C:\Users\joshy\OneDrive\Documents\Kravitz Lab\freezeData\\0322\20260327104125-b95.12-f6.png,2026-03-27 10:41:25,6.0,58.955554456269375,7.457522990960861,418.4584307467359,94.959816,0.7357681721179851
3039,C:\Users\joshy\OneDrive\Documents\Kravitz Lab\freezeData\\0322\20260327104144-b94.77-f8.png,2026-03-27 10:41:44,8.0,59.284885102250605,7.447761215877957,435.488470157824,94.607212,0.6687004305539485
3040,C:\Users\joshy\OneDrive\Documents\Kravitz Lab\freezeData\\0322\20260327104203-b94.40-f10.png,2026-03-27 10:42:03,10.0,59.560615231938094,7.433581520049755,497.644544179696,94.246968,0.6150589344860268
3041,C:\Users\joshy\OneDrive\Documents\Kravitz Lab\freezeData\\0322\20260327104223-b94.08-f0.png,2026-03-27 10:42:23,0.0,57.63451871211224,7.440212246564729,433.10085846809596,93.934572,0.7433783717430404
3042,C:\Users\joshy\OneDrive\Documents\Kravitz Lab\freezeData\\0322\20260327104242-b94.65-f2.png,2026-03-27 10:42:42,2.0,58.08517028685638,7.455781473327237,463.81697935640005,94.490164,0.7797399131148339
3043,C:\Users\joshy\OneDrive\Documents\Kravitz Lab\freezeData\\0322\20260327104300-b94.87-f4.png,2026-03-27 10:43:00,4.0,58.60708401757576,7.4561950053248625,426.63706304793595,94.724604,0.8036843029677708
3044,C:\Users\joshy\OneDrive\Documents\Kravitz Lab\freezeData\\0322\20260327104322-b95.11-f6.png,2026-03-27 10:43:22,6.0,58.991233715988685,7.453746989035712,426.644627265024,94.95216,0.7385570031667575
3045,C:\Users\joshy\OneDrive\Documents\Kravitz Lab\freezeData\\0322\20260327104340-b94.80-f8.png,2026-03-27 10:43:40,8.0,59.316904809816364,7.445112722147899,448.80285495961607,94.649572,0.6705557227080103
3046,C:\Users\joshy\OneDrive\Documents\Kravitz Lab\freezeData\\0322\20260327104400-b93.97-f10.png,2026-03-27 10:44:00,10.0,59.45623969457591,7.431214240656896,498.304672675184,93.831556,0.6156807368764794
3047,C:\Users\joshy\OneDrive\Documents\Kravitz Lab\freezeData\\0322\20260327104419-b93.88-f0.png,2026-03-27 10:44:19,0.0,57.55187772700036,7.437688799800716,427.3452808175999,93.73658,0.7434810544782813
3048,C:\Users\joshy\OneDrive\Documents\Kravitz Lab\freezeData\\0322\20260327104437-b94.61-f2.png,2026-03-27 10:44:37,2.0,58.1321799842585,7.454064519856665,462.61831726078395,94.438924,0.7802325771004545
3049,C:\Users\joshy\OneDrive\Documents\Kravitz Lab\freezeData\\0322\20260327104456-b95.02-f4.png,2026-03-27 10:44:56,4.0,58.515088785815784,7.4561279165451335,426.829110951936,94.871936,0.8027020682519335
3050,C:\Users\joshy\OneDrive\Documents\Kravitz Lab\freezeData\\0322\20260327104515-b94.94-f6.png,2026-03-27 10:45:15,6.0,58.95832392433299,7.4520756306465366,418.6494870716,94.769132,0.7395066404887835
3051,C:\Users\joshy\OneDrive\Documents\Kravitz Lab\freezeData\\0322\20260327104533-b94.68-f8.png,2026-03-27 10:45:33,8.0,59.32219104223363,7.445069942348117,452.25292032190396,94.531144,0.669407007279522
3052,C:\Users\joshy\OneDrive\Documents\Kravitz Lab\freezeData\\0322\20260327104552-b94.25-f10.png,2026-03-27 10:45:52,10.0,59.55114491182973,7.434312289902888,501.8463930948961,94.107516,0.6124136540388317
3053,C:\Users\joshy\OneDrive\Documents\Kravitz Lab\freezeData\\0322\20260327104611-b94.11-f0.png,2026-03-27 10:46:11,0.0,57.67705437577048,7.441139855761591,413.475596282816,93.963196,0.7437958943840111
3054,C:\Users\joshy\OneDrive\Documents\Kravitz Lab\freezeData\\0322\20260327104629-b94.97-f2.png,2026-03-27 10:46:29,2.0,58.12793239297527,7.454116963579884,463.92143337240003,94.833736,0.7818709424295316
3055,C:\Users\joshy\OneDrive\Documents\Kravitz Lab\freezeData\\0322\20260327104648-b94.99-f4.png,2026-03-27 10:46:48,4.0,58.58752073125621,7.456928168557103,425.04100243953604,94.835068,0.8043525070343014
3056,C:\Users\joshy\OneDrive\Documents\Kravitz Lab\freezeData\\0322\20260327104707-b95.03-f6.png,2026-03-27 10:47:07,6.0,58.98641734609417,7.456045257322628,410.3739056496001,94.87582,0.7365939282833289
3057,C:\Users\joshy\OneDrive\Documents\Kravitz Lab\freezeData\\0322\20260327104725-b94.69-f8.png,2026-03-27 10:47:25,8.0,59.32359873731074,7.447630141571195,446.329530594416,94.520612,0.668575300719914
3058,C:\Users\joshy\OneDrive\Documents\Kravitz Lab\freezeData\\0322\20260327104744-b94.49-f10.png,2026-03-27 10:47:44,10.0,59.614408704107234,7.4328415876677365,483.62622995449607,94.328108,0.6137580914832801
3059,C:\Users\joshy\OneDrive\Documents\Kravitz Lab\freezeData\\0322\20260327104803-b93.92-f0.png,2026-03-27 10:48:03,0.0,57.594772395085165,7.4382941837961285,443.25299679614403,93.780344,0.7435995260423336
3060,C:\Users\joshy\OneDrive\Documents\Kravitz Lab\freezeData\\0322\20260327104822-b94.95-f2.png,2026-03-27 10:48:22,2.0,58.20034742888451,7.457699242003207,461.498382806976,94.795444,0.7806822473742222
3061,C:\Users\joshy\OneDrive\Documents\Kravitz Lab\freezeData\\0322\20260327104841-b95.04-f4.png,2026-03-27 10:48:41,4.0,58.57833526812369,7.458632029624569,414.53778692785596,94.875464,0.8007367473070104
3062,C:\Users\joshy\OneDrive\Documents\Kravitz Lab\freezeData\\0322\20260327104900-b95.12-f6.png,2026-03-27 10:49:00,6.0,59.01301630253977,7.45876914145544,433.020255000304,94.974724,0.7366822405910183
3063,C:\Users\joshy\OneDrive\Documents\Kravitz Lab\freezeData\\0322\20260327104919-b94.87-f8.png,2026-03-27 10:49:19,8.0,59.32634948895015,7.445996763164213,443.927239742976,94.707288,0.6703930139644655
3064,C:\Users\joshy\OneDrive\Documents\Kravitz Lab\freezeData\\0322\20260327104938-b94.23-f10.png,2026-03-27 10:49:38,10.0,59.55774066014136,7.434905542134068,505.045719605744,94.075812,0.6146709940186518
3065,C:\Users\joshy\OneDrive\Documents\Kravitz Lab\freezeData\\0322\20260327104957-b93.99-f0.png,2026-03-27 10:49:57,0.0,57.60470125317745,7.439084466059632,432.9058963824,93.846724,0.7431315523452618
3066,C:\Users\joshy\OneDrive\Documents\Kravitz Lab\freezeData\\0322\20260327105016-b94.78-f2.png,2026-03-27 10:50:16,2.0,58.07188495055018,7.454007144760253,463.576534611904,94.627508,0.779568967213729
3067,C:\Users\joshy\OneDrive\Documents\Kravitz Lab\freezeData\\0322\20260327105035-b94.97-f4.png,2026-03-27 10:50:35,4.0,58.45762506272604,7.453944805532741,433.01376661190403,94.819412,0.8036752622426554
3068,C:\Users\joshy\OneDrive\Documents\Kravitz Lab\freezeData\\0322\20260327105054-b94.91-f6.png,2026-03-27 10:50:54,6.0,58.97101325947859,7.45897273499209,431.26118229745595,94.77252,0.7368578828388948
3069,C:\Users\joshy\OneDrive\Documents\Kravitz Lab\freezeData\\0322\20260327105112-b94.76-f8.png,2026-03-27 10:51:12,8.0,59.36447123788316,7.448778043595646,433.006650913536,94.596388,0.6692446100348182
3070,C:\Users\joshy\OneDrive\Documents\Kravitz Lab\freezeData\\0322\20260327105131-b94.39-f10.png,2026-03-27 10:51:31,10.0,59.62915223239049,7.441657457598126,481.359236357376,94.21908,0.6137404867561048
3071,C:\Users\joshy\OneDrive\Documents\Kravitz Lab\freezeData\\0322\20260327105150-b94.12-f0.png,2026-03-27 10:51:50,0.0,57.63621255052764,7.4406925830609385,434.545545968064,93.96452,0.7431509648361337
3072,C:\Users\joshy\OneDrive\Documents\Kravitz Lab\freezeData\\0322\20260327105208-b94.68-f2.png,2026-03-27 10:52:08,2.0,58.099047283715905,7.455093768621022,482.8461716825439,94.536888,0.7799269179381941
3073,C:\Users\joshy\OneDrive\Documents\Kravitz Lab\freezeData\\0322\20260327105226-b94.91-f4.png,2026-03-27 10:52:26,4.0,58.55852710144189,7.457229792964106,430.98627721918405,94.744736,0.8019224440058199
3074,C:\Users\joshy\OneDrive\Documents\Kravitz Lab\freezeData\\0322\20260327105304-b94.69-f8.png,2026-03-27 10:53:04,8.0,59.312452682038234,7.442973217476214,454.08063835889607,94.532324,0.6702632639989374
3075,C:\Users\joshy\OneDrive\Documents\Kravitz Lab\freezeData\\0322\20260327105246-b95.05-f6.png,2026-03-27 10:52:46,6.0,58.958176517186686,7.458634226164462,432.960764555264,94.899016,0.7375256195043726
3076,C:\Users\joshy\OneDrive\Documents\Kravitz Lab\freezeData\\0322\20260327105323-b94.29-f10.png,2026-03-27 10:53:23,10.0,59.55114208615663,7.435749823381076,501.70803043326407,94.140628,0.6155827960489946
3077,C:\Users\joshy\OneDrive\Documents\Kravitz Lab\freezeData\\0322\20260327105344-b94.42-f0.png,2026-03-27 10:53:44,0.0,57.63138117649099,7.4416598017139215,436.6950775483999,94.2663,0.7436371375105686
3078,C:\Users\joshy\OneDrive\Documents\Kravitz Lab\freezeData\\0322\20260327105401-b95.05-f2.png,2026-03-27 10:54:01,2.0,58.21366678200837,7.459618325075991,449.36761149694405,94.886036,0.7815991458682214
3079,C:\Users\joshy\OneDrive\Documents\Kravitz Lab\freezeData\\0322\20260327105421-b95.09-f4.png,2026-03-27 10:54:21,4.0,58.54104007190839,7.453070908939701,417.68244404760003,94.932596,0.8012946798971278
3080,C:\Users\joshy\OneDrive\Documents\Kravitz Lab\freezeData\\0322\20260327105440-b94.94-f6.png,2026-03-27 10:54:40,6.0,59.02828211918812,7.457783789732042,430.085983454576,94.791256,0.7382247398372093
3081,C:\Users\joshy\OneDrive\Documents\Kravitz Lab\freezeData\\0322\20260327105459-b94.74-f8.png,2026-03-27 10:54:59,8.0,59.27312807537662,7.442527442496976,460.569357613056,94.6004,0.6695654921138646
3082,C:\Users\joshy\OneDrive\Documents\Kravitz Lab\freezeData\\0322\20260327105518-b94.36-f10.png,2026-03-27 10:55:18,10.0,59.49102537069187,7.432692132621104,495.7891308399999,94.204236,0.6152295730649076
3083,C:\Users\joshy\OneDrive\Documents\Kravitz Lab\freezeData\\0322\20260327105537-b93.91-f0.png,2026-03-27 10:55:37,0.0,57.595676408393714,7.439974629125672,436.88825083801595,93.76814,0.7431466276997462
3084,C:\Users\joshy\OneDrive\Documents\Kravitz Lab\freezeData\\0322\20260327105558-b94.96-f2.png,2026-03-27 10:55:58,2.0,58.17989820410482,7.457818942477691,471.750815190976,94.8036,0.7800629006911772
3085,C:\Users\joshy\OneDrive\Documents\Kravitz Lab\freezeData\\0322\20260327105637-b95.18-f6.png,2026-03-27 10:56:37,6.0,58.97515212725725,7.456656590806551,424.01625993574413,95.017308,0.7385451365675213
3086,C:\Users\joshy\OneDrive\Documents\Kravitz Lab\freezeData\\0322\20260327105617-b94.83-f4.png,2026-03-27 10:56:17,4.0,58.58246798406157,7.458888069481357,411.764496070144,94.66658,0.801633778070169
3087,C:\Users\joshy\OneDrive\Documents\Kravitz Lab\freezeData\\0322\20260327105655-b94.85-f8.png,2026-03-27 10:56:55,8.0,59.33984475772076,7.445167754911434,460.4091010600959,94.69964,0.6698747373802532
3088,C:\Users\joshy\OneDrive\Documents\Kravitz Lab\freezeData\\0322\20260327105714-b94.30-f10.png,2026-03-27 10:57:14,10.0,59.648709837466086,7.43796475566487,482.074789834736,94.139924,0.613750190900869
3089,C:\Users\joshy\OneDrive\Documents\Kravitz Lab\freezeData\\0322\20260327105734-b94.34-f0.png,2026-03-27 10:57:34,0.0,57.691530624664274,7.443419036325849,433.237952688384,94.181632,0.7441969030431775
3090,C:\Users\joshy\OneDrive\Documents\Kravitz Lab\freezeData\\0322\20260327105751-b94.61-f2.png,2026-03-27 10:57:51,2.0,58.03285379432461,7.4531811071027665,457.792100137584,94.438612,0.7791255111141588
3091,C:\Users\joshy\OneDrive\Documents\Kravitz Lab\freezeData\\0322\20260327105809-b95.25-f4.png,2026-03-27 10:58:09,4.0,58.60014468495121,7.458603584497868,435.07286494566404,95.095472,0.8020844693071005
3092,C:\Users\joshy\OneDrive\Documents\Kravitz Lab\freezeData\\0322\20260327105829-b94.84-f6.png,2026-03-27 10:58:29,6.0,58.97223924317461,7.45766511588388,438.9052952476,94.695076,0.7387548188939589
3093,C:\Users\joshy\OneDrive\Documents\Kravitz Lab\freezeData\\0322\20260327105847-b94.70-f8.png,2026-03-27 10:58:47,8.0,59.36141362357955,7.444818162107357,448.645584179696,94.548048,0.6712093879420832
3094,C:\Users\joshy\OneDrive\Documents\Kravitz Lab\freezeData\\0322\20260327105925-b94.02-f0.png,2026-03-27 10:59:25,0.0,57.63743686934373,7.44281522835888,453.3168853848159,93.880304,0.7427987898868729
3095,C:\Users\joshy\OneDrive\Documents\Kravitz Lab\freezeData\\0322\20260327105906-b94.36-f10.png,2026-03-27 10:59:06,10.0,59.55081284213757,7.434438559317175,511.25198346097596,94.215448,0.614856380671659
3096,C:\Users\joshy\OneDrive\Documents\Kravitz Lab\freezeData\\0322\20260327105943-b94.85-f2.png,2026-03-27 10:59:43,2.0,58.139014584292916,7.45775812959612,469.9219806667359,94.700876,0.781446349323835
3097,C:\Users\joshy\OneDrive\Documents\Kravitz Lab\freezeData\\0322\20260327110002-b95.05-f4.png,2026-03-27 11:00:02,4.0,58.532674761362344,7.456833173405433,417.607528204736,94.889976,0.8023429957477503
3098,C:\Users\joshy\OneDrive\Documents\Kravitz Lab\freezeData\\0322\20260327110021-b94.96-f6.png,2026-03-27 11:00:21,6.0,58.93341399767449,7.449951186878565,407.916882354624,94.794052,0.7380966942815333
3099,C:\Users\joshy\OneDrive\Documents\Kravitz Lab\freezeData\\0322\20260327110040-b94.62-f8.png,2026-03-27 11:00:40,8.0,59.31735549201984,7.441240198480839,439.641835386224,94.460688,0.6718978898099531
3100,C:\Users\joshy\OneDrive\Documents\Kravitz Lab\freezeData\\0322\20260327110059-b93.98-f10.png,2026-03-27 11:00:59,10.0,59.448929079704165,7.428005620670354,493.38040276633603,93.843452,0.6160615531536732
3101,C:\Users\joshy\OneDrive\Documents\Kravitz Lab\freezeData\\0322\20260327110118-b94.17-f0.png,2026-03-27 11:01:18,0.0,57.62655619272823,7.440558069839644,416.48373732294397,94.003656,0.7427349031426992
3102,C:\Users\joshy\OneDrive\Documents\Kravitz Lab\freezeData\\0322\20260327110137-b94.90-f2.png,2026-03-27 11:01:37,2.0,58.13858436944044,7.457906613256934,445.05351644,94.722116,0.7804887236122828
3103,C:\Users\joshy\OneDrive\Documents\Kravitz Lab\freezeData\\0322\20260327110156-b94.93-f4.png,2026-03-27 11:01:56,4.0,58.53441865533256,7.455817523914439,412.02066275839996,94.763516,0.8042743907189027
3104,C:\Users\joshy\OneDrive\Documents\Kravitz Lab\freezeData\\0322\20260327110233-b94.69-f8.png,2026-03-27 11:02:33,8.0,59.377344984493874,7.44533424540907,444.7998811644,94.52882,0.6709231116210503
3105,C:\Users\joshy\OneDrive\Documents\Kravitz Lab\freezeData\\0322\20260327110215-b94.88-f6.png,2026-03-27 11:02:15,6.0,58.973037711756916,7.456159476858546,409.296107640256,94.713764,0.7376948248555436
3106,C:\Users\joshy\OneDrive\Documents\Kravitz Lab\freezeData\\0322\20260327110252-b94.35-f10.png,2026-03-27 11:02:52,10.0,59.49301878555688,7.434302552130539,494.1862984704001,94.195376,0.6153994961808953
3107,C:\Users\joshy\OneDrive\Documents\Kravitz Lab\freezeData\\0322\20260327110311-b94.02-f0.png,2026-03-27 11:03:11,0.0,57.644088136164115,7.437690483380448,406.8938034033761,93.862512,0.7444182518901035
3108,C:\Users\joshy\OneDrive\Documents\Kravitz Lab\freezeData\\0322\20260327110330-b94.74-f2.png,2026-03-27 11:03:30,2.0,58.07270009236064,7.449516626622159,453.77439268838395,94.561644,0.782343566307315
3109,C:\Users\joshy\OneDrive\Documents\Kravitz Lab\freezeData\\0322\20260327110408-b94.97-f6.png,2026-03-27 11:04:08,6.0,58.96371303000176,7.4578097216149635,422.7457188924,94.82034,0.7379913321487455
3110,C:\Users\joshy\OneDrive\Documents\Kravitz Lab\freezeData\\0322\20260327110350-b94.94-f4.png,2026-03-27 11:03:50,4.0,58.55283995768267,7.455826598326064,419.827525507696,94.7883,0.8046066597109575
3111,C:\Users\joshy\OneDrive\Documents\Kravitz Lab\freezeData\\0322\20260327110427-b94.82-f8.png,2026-03-27 11:04:27,8.0,59.29626034020548,7.444272404627066,433.08102389374403,94.654524,0.6701792356164393
3112,C:\Users\joshy\OneDrive\Documents\Kravitz Lab\freezeData\\0322\20260327110506-b93.95-f0.png,2026-03-27 11:05:06,0.0,57.61690434180011,7.438864613338765,435.702962580416,93.799316,0.7444776709992057
3113,C:\Users\joshy\OneDrive\Documents\Kravitz Lab\freezeData\\0322\20260327110447-b94.25-f10.png,2026-03-27 11:04:47,10.0,59.472438894126405,7.4330178659129755,480.35096560817607,94.08438,0.6155826009567468
3114,C:\Users\joshy\OneDrive\Documents\Kravitz Lab\freezeData\\0322\20260327110524-b94.57-f2.png,2026-03-27 11:05:24,2.0,58.04248357876896,7.453938360064918,458.01632123999997,94.407156,0.7809184302564712
3115,C:\Users\joshy\OneDrive\Documents\Kravitz Lab\freezeData\\0322\20260327110542-b95.16-f4.png,2026-03-27 11:05:42,4.0,58.5936126588325,7.456480535794284,416.71369376,94.996052,0.8038260883322018
3116,C:\Users\joshy\OneDrive\Documents\Kravitz Lab\freezeData\\0322\20260327110601-b95.05-f6.png,2026-03-27 11:06:01,6.0,59.08512509314593,7.456972980920182,408.737571471616,94.895536,0.7381556508481196
3117,C:\Users\joshy\OneDrive\Documents\Kravitz Lab\freezeData\\0322\20260327110619-b94.64-f8.png,2026-03-27 11:06:19,8.0,59.33932249854412,7.443449535026861,436.803998135024,94.470924,0.6700328134196237
3118,C:\Users\joshy\OneDrive\Documents\Kravitz Lab\freezeData\\0322\20260327110638-b94.10-f10.png,2026-03-27 11:06:38,10.0,59.457050588309,7.431503930758058,496.640280651776,93.943792,0.6161139524268658
3119,C:\Users\joshy\OneDrive\Documents\Kravitz Lab\freezeData\\0322\20260327110657-b94.13-f0.png,2026-03-27 11:06:57,0.0,57.74125205143913,7.442840107027625,425.32722210481603,93.971724,0.7424241517107867
3120,C:\Users\joshy\OneDrive\Documents\Kravitz Lab\freezeData\\0322\20260327110716-b94.73-f2.png,2026-03-27 11:07:16,2.0,58.22926663787742,7.456071815982119,432.04027739846396,94.542176,0.7817564804720778
3121,C:\Users\joshy\OneDrive\Documents\Kravitz Lab\freezeData\\0322\20260327110734-b95.03-f4.png,2026-03-27 11:07:34,4.0,58.52560093774197,7.454191653639366,406.40364422705596,94.849724,0.8013165495481985
3122,C:\Users\joshy\OneDrive\Documents\Kravitz Lab\freezeData\\0322\20260327110812-b94.88-f8.png,2026-03-27 11:08:12,8.0,59.3757784221228,7.444594128156674,432.909676001216,94.718176,0.6696075556687084
3123,C:\Users\joshy\OneDrive\Documents\Kravitz Lab\freezeData\\0322\20260327110754-b94.87-f6.png,2026-03-27 11:07:54,6.0,58.996549833253674,7.453231254862246,411.34668350559997,94.710304,0.7388906771703825
3124,C:\Users\joshy\OneDrive\Documents\Kravitz Lab\freezeData\\0322\20260327110830-b94.41-f10.png,2026-03-27 11:08:30,10.0,59.565827086006294,7.432045712814213,494.6694715334239,94.2566,0.6158807252078955
3125,C:\Users\joshy\OneDrive\Documents\Kravitz Lab\freezeData\\0322\20260327110850-b94.12-f0.png,2026-03-27 11:08:50,0.0,57.616385939870405,7.44239328531472,435.787489968064,93.976352,0.7433271902182956
3126,C:\Users\joshy\OneDrive\Documents\Kravitz Lab\freezeData\\0322\20260327110908-b95.12-f2.png,2026-03-27 11:09:08,2.0,58.19409968166876,7.459345904173899,463.09582420473595,94.9568,0.7812802133436896
3127,C:\Users\joshy\OneDrive\Documents\Kravitz Lab\freezeData\\0322\20260327110927-b95.08-f4.png,2026-03-27 11:09:27,4.0,58.685932954928816,7.458853577515235,409.477614464256,94.91064,0.8036365261948192
3128,C:\Users\joshy\OneDrive\Documents\Kravitz Lab\freezeData\\0322\20260327110946-b94.96-f6.png,2026-03-27 11:09:46,6.0,58.94343726550272,7.457111016003466,423.87943165694395,94.804912,0.7395230404818127
3129,C:\Users\joshy\OneDrive\Documents\Kravitz Lab\freezeData\\0322\20260327111006-b94.75-f8.png,2026-03-27 11:10:06,8.0,59.25609905106126,7.443395671809266,436.927407605744,94.594896,0.6687526890457404
3130,C:\Users\joshy\OneDrive\Documents\Kravitz Lab\freezeData\\0322\20260327111043-b94.18-f0.png,2026-03-27 11:10:43,0.0,57.59718405791394,7.442715952174976,424.91549163633607,94.029472,0.7427170085273789
3131,C:\Users\joshy\OneDrive\Documents\Kravitz Lab\freezeData\\0322\20260327111024-b94.13-f10.png,2026-03-27 11:10:24,10.0,59.46536571391775,7.433202005524847,475.976524780544,93.967496,0.614262920942414
3132,C:\Users\joshy\OneDrive\Documents\Kravitz Lab\freezeData\\0322\20260327111102-b94.81-f2.png,2026-03-27 11:11:02,2.0,58.13475685350801,7.456911333211971,437.0029857343839,94.630252,0.7797621567220584
3133,C:\Users\joshy\OneDrive\Documents\Kravitz Lab\freezeData\\0322\20260327111121-b94.97-f4.png,2026-03-27 11:11:21,4.0,58.48131806990673,7.453989043277711,384.6186289668959,94.78008,0.8026874704022587
3134,C:\Users\joshy\OneDrive\Documents\Kravitz Lab\freezeData\\0322\20260327111140-b94.70-f6.png,2026-03-27 11:11:40,6.0,58.864544554960894,7.452153496373537,396.764255142384,94.525968,0.7380589774750188
3135,C:\Users\joshy\OneDrive\Documents\Kravitz Lab\freezeData\\0322\20260327111159-b94.96-f8.png,2026-03-27 11:11:59,8.0,59.32176552204427,7.445311662596067,428.23820662777604,94.78574,0.6693439418717072
3136,C:\Users\joshy\OneDrive\Documents\Kravitz Lab\freezeData\\0322\20260327111237-b94.34-f0.png,2026-03-27 11:12:37,0.0,57.673062471977126,7.443044563287673,407.332084579824,94.163368,0.7440225089520945
3137,C:\Users\joshy\OneDrive\Documents\Kravitz Lab\freezeData\\0322\20260327111218-b94.04-f10.png,2026-03-27 11:12:18,10.0,59.61933214288922,7.434116646718758,470.405194247104,93.876684,0.6146405515649396
3138,C:\Users\joshy\OneDrive\Documents\Kravitz Lab\freezeData\\0322\20260327111314-b94.86-f4.png,2026-03-27 11:13:14,4.0,58.66225750925254,7.4588025856754605,392.3045538876,94.680488,0.8036331872624364
3139,C:\Users\joshy\OneDrive\Documents\Kravitz Lab\freezeData\\0322\20260327111255-b94.89-f2.png,2026-03-27 11:12:55,2.0,58.10655949586415,7.456038779544465,446.132248193904,94.72244,0.7806490368969584
3140,C:\Users\joshy\OneDrive\Documents\Kravitz Lab\freezeData\\0322\20260327111332-b95.10-f6.png,2026-03-27 11:13:32,6.0,59.01440112208422,7.454084377661441,411.006091018176,94.931588,0.7381425029610831
3141,C:\Users\joshy\OneDrive\Documents\Kravitz Lab\freezeData\\0322\20260327111351-b94.85-f8.png,2026-03-27 11:13:51,8.0,59.30497919779741,7.445279589697826,424.02327542470397,94.673604,0.6689801206253239
3142,C:\Users\joshy\OneDrive\Documents\Kravitz Lab\freezeData\\0322\20260327111411-b94.34-f10.png,2026-03-27 11:14:11,10.0,59.63821874321748,7.433263248469275,457.351067785984,94.160988,0.6130594695791226
3143,C:\Users\joshy\OneDrive\Documents\Kravitz Lab\freezeData\\0322\20260327111429-b94.17-f0.png,2026-03-27 11:14:29,0.0,57.547856466744754,7.437175034937102,422.0469489243999,93.999712,0.7422315559078654
3144,C:\Users\joshy\OneDrive\Documents\Kravitz Lab\freezeData\\0322\20260327111449-b94.77-f2.png,2026-03-27 11:14:49,2.0,58.04392079080034,7.4541784524475965,447.67526593841615,94.597464,0.780969328493116
3145,C:\Users\joshy\OneDrive\Documents\Kravitz Lab\freezeData\\0322\20260327111508-b95.04-f4.png,2026-03-27 11:15:08,4.0,58.61626350099419,7.460570020390782,410.2016138297441,94.866504,0.8023105061554103
3146,C:\Users\joshy\OneDrive\Documents\Kravitz Lab\freezeData\\0322\20260327111526-b94.83-f6.png,2026-03-27 11:15:26,6.0,59.02297089403535,7.455436362211649,412.53116370681596,94.668816,0.7388377074798439
3147,C:\Users\joshy\OneDrive\Documents\Kravitz Lab\freezeData\\0322\20260327111546-b94.80-f8.png,2026-03-27 11:15:46,8.0,59.29186133391382,7.443368072882782,436.875334060144,94.628544,0.6718443958049356
3148,C:\Users\joshy\OneDrive\Documents\Kravitz Lab\freezeData\\0322\20260327111604-b94.49-f10.png,2026-03-27 11:16:04,10.0,59.57217876672298,7.436357737995252,476.098702433264,94.32184,0.613027087807767
3149,C:\Users\joshy\OneDrive\Documents\Kravitz Lab\freezeData\\0322\20260327111623-b94.06-f0.png,2026-03-27 11:16:23,0.0,57.66300398163329,7.438903136740909,419.52071461760005,93.898512,0.7439003390150766
3150,C:\Users\joshy\OneDrive\Documents\Kravitz Lab\freezeData\\0322\20260327111643-b94.92-f2.png,2026-03-27 11:16:43,2.0,58.17921982254489,7.4586158655207315,445.20769370873603,94.7422,0.7800032835348338
3151,C:\Users\joshy\OneDrive\Documents\Kravitz Lab\freezeData\\0322\20260327111702-b94.95-f4.png,2026-03-27 11:17:02,4.0,58.5570897555691,7.458903678608843,399.50297800729595,94.782332,0.8009836576992516
3152,C:\Users\joshy\OneDrive\Documents\Kravitz Lab\freezeData\\0322\20260327111720-b94.88-f6.png,2026-03-27 11:17:20,6.0,58.88181324547076,7.454749631426704,401.535770505664,94.715752,0.7374520021805003
3153,C:\Users\joshy\OneDrive\Documents\Kravitz Lab\freezeData\\0322\20260327111740-b94.54-f8.png,2026-03-27 11:17:40,8.0,59.188066945407705,7.440612106612529,423.194779352064,94.371956,0.6706308062568345
3154,C:\Users\joshy\OneDrive\Documents\Kravitz Lab\freezeData\\0322\20260327111759-b94.32-f10.png,2026-03-27 11:17:59,10.0,59.665384321816475,7.434712160705307,477.67753956959996,94.156044,0.6154603135802578
3155,C:\Users\joshy\OneDrive\Documents\Kravitz Lab\freezeData\\0322\20260327111818-b93.86-f0.png,2026-03-27 11:18:18,0.0,57.57707781091485,7.439314401865542,414.403900360304,93.691684,0.7437627693996968
3156,C:\Users\joshy\OneDrive\Documents\Kravitz Lab\freezeData\\0322\20260327111836-b94.67-f2.png,2026-03-27 11:18:36,2.0,58.1333136451476,7.45446286474706,458.70014375161605,94.488836,0.7810880526340129
3157,C:\Users\joshy\OneDrive\Documents\Kravitz Lab\freezeData\\0322\20260327111857-b94.92-f4.png,2026-03-27 11:18:57,4.0,58.55399866765528,7.457179101645975,402.088421302256,94.750168,0.8036457559945237
3158,C:\Users\joshy\OneDrive\Documents\Kravitz Lab\freezeData\\0322\20260327111915-b95.00-f6.png,2026-03-27 11:19:15,6.0,58.99182559556535,7.456043994651529,402.97267948862395,94.82968,0.7387009967001325
3159,C:\Users\joshy\OneDrive\Documents\Kravitz Lab\freezeData\\0322\20260327111934-b94.59-f8.png,2026-03-27 11:19:34,8.0,59.237957056463586,7.4413356801621235,435.35411666494406,94.412024,0.6701372503419204
3160,C:\Users\joshy\OneDrive\Documents\Kravitz Lab\freezeData\\0322\20260327111954-b94.33-f10.png,2026-03-27 11:19:54,10.0,59.52326537887437,7.4360269595821284,480.625459911536,94.169064,0.6153676747740624
3161,C:\Users\joshy\OneDrive\Documents\Kravitz Lab\freezeData\\0322\20260327112012-b93.90-f0.png,2026-03-27 11:20:12,0.0,57.633536017749115,7.4393378334550375,416.584310297456,93.739896,0.7452579041052043
3162,C:\Users\joshy\OneDrive\Documents\Kravitz Lab\freezeData\\0322\20260327112030-b95.02-f2.png,2026-03-27 11:20:30,2.0,58.216148383894314,7.458900611195414,459.36689689777603,94.85462,0.7812297623600004
3163,C:\Users\joshy\OneDrive\Documents\Kravitz Lab\freezeData\\0322\20260327112049-b94.78-f4.png,2026-03-27 11:20:49,4.0,58.49443928020222,7.455816671028287,417.069768774656,94.614356,0.8022580450732728
3164,C:\Users\joshy\OneDrive\Documents\Kravitz Lab\freezeData\\0322\20260327112108-b95.17-f6.png,2026-03-27 11:21:08,6.0,59.05623957115915,7.456896806006407,412.629985322944,95.010184,0.7380478013632906
3165,C:\Users\joshy\OneDrive\Documents\Kravitz Lab\freezeData\\0322\20260327112126-b94.61-f8.png,2026-03-27 11:21:26,8.0,59.175959115579225,7.444636516712349,433.65343309489606,94.437464,0.6691904930751563
3166,C:\Users\joshy\OneDrive\Documents\Kravitz Lab\freezeData\\0322\20260327112146-b94.36-f10.png,2026-03-27 11:21:46,10.0,59.49162813056156,7.431433891649228,477.9875949135361,94.197176,0.6162015659821285
3167,C:\Users\joshy\OneDrive\Documents\Kravitz Lab\freezeData\\0322\20260327112204-b94.04-f0.png,2026-03-27 11:22:04,0.0,57.58720412784993,7.439591722247836,425.647828031936,93.889688,0.7438224812858593
3168,C:\Users\joshy\OneDrive\Documents\Kravitz Lab\freezeData\\0322\20260327112223-b94.75-f2.png,2026-03-27 11:22:23,2.0,58.13188331781532,7.454927015778424,452.892963450224,94.575352,0.7821510746212124
3169,C:\Users\joshy\OneDrive\Documents\Kravitz Lab\freezeData\\0322\20260327112243-b95.26-f4.png,2026-03-27 11:22:43,4.0,58.59659749395352,7.458835643330587,413.4288157056,95.09854,0.8020126277471334
3170,C:\Users\joshy\OneDrive\Documents\Kravitz Lab\freezeData\\0322\20260327112302-b95.00-f6.png,2026-03-27 11:23:02,6.0,58.900690797382126,7.45373072721601,421.12672254310405,94.856572,0.740212182851188
3171,C:\Users\joshy\OneDrive\Documents\Kravitz Lab\freezeData\\0322\20260327112321-b94.70-f8.png,2026-03-27 11:23:21,8.0,59.29274721854726,7.443548391903404,432.905525544384,94.527116,0.6695391521414181
3172,C:\Users\joshy\OneDrive\Documents\Kravitz Lab\freezeData\\0322\20260327112341-b94.53-f10.png,2026-03-27 11:23:41,10.0,59.576618130342915,7.436981966262433,477.34903239281596,94.362464,0.6147696290104981
3173,C:\Users\joshy\OneDrive\Documents\Kravitz Lab\freezeData\\0322\20260327112400-b93.98-f0.png,2026-03-27 11:24:00,0.0,57.57617721967654,7.441073653006064,427.228697769984,93.83822,0.7446261087318738
3174,C:\Users\joshy\OneDrive\Documents\Kravitz Lab\freezeData\\0322\20260327112418-b94.50-f2.png,2026-03-27 11:24:18,2.0,58.03193184782322,7.451148432550394,447.964403774576,94.32936,0.7817067467305776
3175,C:\Users\joshy\OneDrive\Documents\Kravitz Lab\freezeData\\0322\20260327112438-b95.05-f4.png,2026-03-27 11:24:38,4.0,58.56303783747615,7.458056297907382,420.371304645056,94.881344,0.8042669425281093
3176,C:\Users\joshy\OneDrive\Documents\Kravitz Lab\freezeData\\0322\20260327112514-b94.63-f8.png,2026-03-27 11:25:14,8.0,59.30427471079919,7.441180177110902,431.06918289350415,94.451492,0.6712015108767065
3177,C:\Users\joshy\OneDrive\Documents\Kravitz Lab\freezeData\\0322\20260327112456-b94.89-f6.png,2026-03-27 11:24:56,6.0,58.95872169978057,7.4553436460526825,423.185575454576,94.721268,0.7398752719770326
3178,C:\Users\joshy\OneDrive\Documents\Kravitz Lab\freezeData\\0322\20260327112534-b94.24-f10.png,2026-03-27 11:25:34,10.0,59.49915958274786,7.432699749257458,488.26090830257607,94.086052,0.615173217556078
3179,C:\Users\joshy\OneDrive\Documents\Kravitz Lab\freezeData\\0322\20260327112551-b93.72-f0.png,2026-03-27 11:25:51,0.0,57.52704758213632,7.435594408332628,421.947719522544,93.560568,0.7435799939426776
3180,C:\Users\joshy\OneDrive\Documents\Kravitz Lab\freezeData\\0322\20260327113853-b94.30-f0.png,2026-03-27 11:38:53,0.0,57.31224048485545,7.433049449805364,426.832913928704,94.153436,0.743406214037542
3181,C:\Users\joshy\OneDrive\Documents\Kravitz Lab\freezeData\\0322\20260327113914-b94.64-f2.png,2026-03-27 11:39:14,2.0,58.02149145092277,7.451841928038916,445.6151546176,94.463864,0.7819055144810118
3182,C:\Users\joshy\OneDrive\Documents\Kravitz Lab\freezeData\\0322\20260327113933-b95.17-f4.png,2026-03-27 11:39:33,4.0,58.41716672317425,7.456559870265063,416.814698354624,95.000192,0.801556989957054
3183,C:\Users\joshy\OneDrive\Documents\Kravitz Lab\freezeData\\0322\20260327113952-b95.21-f6.png,2026-03-27 11:39:52,6.0,58.99244352071461,7.4524317888399185,423.489679107056,95.044536,0.7389129513671896
3184,C:\Users\joshy\OneDrive\Documents\Kravitz Lab\freezeData\\0322\20260327114012-b94.80-f8.png,2026-03-27 11:40:12,8.0,59.22951860298296,7.4427146527292685,428.851743533424,94.630836,0.6678569058698257
3185,C:\Users\joshy\OneDrive\Documents\Kravitz Lab\freezeData\\0322\20260327114030-b94.09-f10.png,2026-03-27 11:40:30,10.0,59.442773220749245,7.430285118214399,486.6469227663361,93.949524,0.6152832217210956
3186,C:\Users\joshy\OneDrive\Documents\Kravitz Lab\freezeData\\0322\20260327114049-b93.92-f0.png,2026-03-27 11:40:49,0.0,57.521132690624235,7.43444734179193,429.08434708934396,93.77126,0.7447131990937115
3187,C:\Users\joshy\OneDrive\Documents\Kravitz Lab\freezeData\\0322\20260327114109-b94.84-f2.png,2026-03-27 11:41:09,2.0,58.00311485595428,7.452843966098236,447.14288258737594,94.661824,0.7803012951029976
3188,C:\Users\joshy\OneDrive\Documents\Kravitz Lab\freezeData\\0322\20260327114127-b95.04-f4.png,2026-03-27 11:41:27,4.0,58.476107479492995,7.4570996822348645,394.6675106119039,94.853528,0.8016850301134059
3189,C:\Users\joshy\OneDrive\Documents\Kravitz Lab\freezeData\\0322\20260327114146-b94.79-f6.png,2026-03-27 11:41:46,6.0,58.8643116835998,7.452083339519451,405.4853468016,94.627004,0.7358798315744239
3190,C:\Users\joshy\OneDrive\Documents\Kravitz Lab\freezeData\\0322\20260327114205-b94.81-f8.png,2026-03-27 11:42:05,8.0,59.26123266342393,7.445553917104543,444.90637852760005,94.654244,0.6686864257204563
3191,C:\Users\joshy\OneDrive\Documents\Kravitz Lab\freezeData\\0322\20260327114225-b94.06-f10.png,2026-03-27 11:42:25,10.0,59.36735799944802,7.431141447647059,488.01834785785604,93.887376,0.6146127867138529
3192,C:\Users\joshy\OneDrive\Documents\Kravitz Lab\freezeData\\0322\20260327114243-b94.39-f0.png,2026-03-27 11:42:43,0.0,57.56106827989682,7.439199341114536,421.66365872838395,94.227584,0.7438355609012509
3193,C:\Users\joshy\OneDrive\Documents\Kravitz Lab\freezeData\\0322\20260327114302-b94.88-f2.png,2026-03-27 11:43:02,2.0,58.03881432863617,7.452445514661929,451.84337145022397,94.711564,0.780922177400115
3194,C:\Users\joshy\OneDrive\Documents\Kravitz Lab\freezeData\\0322\20260327114321-b94.98-f4.png,2026-03-27 11:43:21,4.0,58.45936800289938,7.454672381439793,400.632523911664,94.811828,0.8024196141282844
3195,C:\Users\joshy\OneDrive\Documents\Kravitz Lab\freezeData\\0322\20260327114341-b94.95-f6.png,2026-03-27 11:43:41,6.0,58.85210443660631,7.451255217024594,403.2187480954241,94.765472,0.7371282500649473
3196,C:\Users\joshy\OneDrive\Documents\Kravitz Lab\freezeData\\0322\20260327114400-b94.60-f8.png,2026-03-27 11:44:00,8.0,59.240787608785084,7.438691736565084,442.144916976624,94.435104,0.6695106113361764
3197,C:\Users\joshy\OneDrive\Documents\Kravitz Lab\freezeData\\0322\20260327114418-b94.25-f10.png,2026-03-27 11:44:18,10.0,59.5068564234864,7.434028648689394,474.248544107456,94.090524,0.6137858669937118
3198,C:\Users\joshy\OneDrive\Documents\Kravitz Lab\freezeData\\0322\20260327114436-b93.95-f0.png,2026-03-27 11:44:36,0.0,57.516200654926564,7.437251418891925,428.8862839679359,93.791668,0.7426548545409623
3199,C:\Users\joshy\OneDrive\Documents\Kravitz Lab\freezeData\\0322\20260327114455-b94.74-f2.png,2026-03-27 11:44:55,2.0,58.071882719413736,7.454719948564792,449.280084227056,94.568216,0.7813260326289438
3200,C:\Users\joshy\OneDrive\Documents\Kravitz Lab\freezeData\\0322\20260327114514-b94.73-f4.png,2026-03-27 11:45:14,4.0,58.54090445964169,7.456374815975716,402.01510609009597,94.556152,0.8023627763458173
3201,C:\Users\joshy\OneDrive\Documents\Kravitz Lab\freezeData\\0322\20260327114532-b94.76-f6.png,2026-03-27 11:45:32,6.0,58.86895315148058,7.452069337445342,419.84801517758393,94.591972,0.7367172856719139
3202,C:\Users\joshy\OneDrive\Documents\Kravitz Lab\freezeData\\0322\20260327114551-b94.54-f8.png,2026-03-27 11:45:51,8.0,59.25895541919773,7.442412766903702,430.723936675184,94.380256,0.6686537056799342
3203,C:\Users\joshy\OneDrive\Documents\Kravitz Lab\freezeData\\0322\20260327114610-b94.17-f10.png,2026-03-27 11:46:10,10.0,59.363295827748104,7.428442672991271,475.70260134239993,94.010792,0.6137198072654214
3204,C:\Users\joshy\OneDrive\Documents\Kravitz Lab\freezeData\\0322\20260327114629-b94.08-f0.png,2026-03-27 11:46:29,0.0,57.51772758541436,7.436279560129097,430.30809350769596,93.927492,0.7431555597600304
3205,C:\Users\joshy\OneDrive\Documents\Kravitz Lab\freezeData\\0322\20260327114648-b95.00-f2.png,2026-03-27 11:46:48,2.0,58.04676953442284,7.453660507122932,455.903872204736,94.82776,0.7816643564981676
3206,C:\Users\joshy\OneDrive\Documents\Kravitz Lab\freezeData\\0322\20260327114708-b94.71-f4.png,2026-03-27 11:47:08,4.0,58.55422087810237,7.453936353946716,411.2168881600001,94.53828,0.8034493318220581
3207,C:\Users\joshy\OneDrive\Documents\Kravitz Lab\freezeData\\0322\20260327114727-b94.91-f6.png,2026-03-27 11:47:27,6.0,58.93658550424461,7.453542150526695,400.4101345244,94.728808,0.7365665251255136
3208,C:\Users\joshy\OneDrive\Documents\Kravitz Lab\freezeData\\0322\20260327114746-b95.02-f8.png,2026-03-27 11:47:46,8.0,59.318997844405835,7.443920054247536,435.1447247275361,94.859876,0.6686485643795029
3209,C:\Users\joshy\OneDrive\Documents\Kravitz Lab\freezeData\\0322\20260327114805-b94.25-f10.png,2026-03-27 11:48:05,10.0,59.43321407114766,7.427821310756035,492.158305303024,94.097556,0.6151749977254218
3210,C:\Users\joshy\OneDrive\Documents\Kravitz Lab\freezeData\\0322\20260327114825-b94.04-f0.png,2026-03-27 11:48:25,0.0,57.51905937712069,7.437791666199116,432.975902856176,93.883208,0.7438765428162732
3211,C:\Users\joshy\OneDrive\Documents\Kravitz Lab\freezeData\\0322\20260327114843-b94.89-f2.png,2026-03-27 11:48:43,2.0,58.004296968107454,7.454165201074543,452.783730439536,94.71566,0.7805087180205025
3212,C:\Users\joshy\OneDrive\Documents\Kravitz Lab\freezeData\\0322\20260327114902-b95.07-f4.png,2026-03-27 11:49:02,4.0,58.43241334726471,7.453427569826274,417.40271526206396,94.91012,0.8020112396908731
3213,C:\Users\joshy\OneDrive\Documents\Kravitz Lab\freezeData\\0322\20260327114921-b95.01-f6.png,2026-03-27 11:49:21,6.0,58.97943169934413,7.451847289687735,407.257652220864,94.83832,0.7361407492193378
3214,C:\Users\joshy\OneDrive\Documents\Kravitz Lab\freezeData\\0322\20260327114941-b94.38-f8.png,2026-03-27 11:49:41,8.0,59.26999151125352,7.441128386941773,432.2486557429759,94.204456,0.6699565161012863
3215,C:\Users\joshy\OneDrive\Documents\Kravitz Lab\freezeData\\0322\20260327115001-b94.25-f10.png,2026-03-27 11:50:01,10.0,59.52782480404255,7.434241567045673,478.308141834736,94.082596,0.6152720607522961
3216,C:\Users\joshy\OneDrive\Documents\Kravitz Lab\freezeData\\0322\20260327115018-b93.90-f0.png,2026-03-27 11:50:18,0.0,57.5117692803038,7.43543233454663,419.61729170681593,93.743348,0.7451621225556033
3217,C:\Users\joshy\OneDrive\Documents\Kravitz Lab\freezeData\\0322\20260327115038-b95.02-f2.png,2026-03-27 11:50:38,2.0,58.14506147192898,7.454921107951865,458.549315262064,94.87016,0.7831055733436533
3218,C:\Users\joshy\OneDrive\Documents\Kravitz Lab\freezeData\\0322\20260327115057-b95.01-f4.png,2026-03-27 11:50:57,4.0,58.53313930241965,7.457447016753008,412.554283543536,94.861756,0.8017715038112144
3219,C:\Users\joshy\OneDrive\Documents\Kravitz Lab\freezeData\\0322\20260327115115-b94.88-f6.png,2026-03-27 11:51:15,6.0,58.96469346176575,7.449923313128547,402.24950271000006,94.7036,0.7359189477963624
3220,C:\Users\joshy\OneDrive\Documents\Kravitz Lab\freezeData\\0322\20260327115133-b94.76-f8.png,2026-03-27 11:51:33,8.0,59.2722748880655,7.441510633024963,432.60416157030403,94.59456,0.6682456449731171
3221,C:\Users\joshy\OneDrive\Documents\Kravitz Lab\freezeData\\0322\20260327115153-b94.42-f10.png,2026-03-27 11:51:53,10.0,59.549906519948934,7.4340218661719,483.39356846359993,94.242688,0.6138865045661887
3222,C:\Users\joshy\OneDrive\Documents\Kravitz Lab\freezeData\\0322\20260327115211-b94.22-f0.png,2026-03-27 11:52:11,0.0,57.54289810970246,7.437201603318542,408.386048174064,94.05558,0.7434095077978656
3223,C:\Users\joshy\OneDrive\Documents\Kravitz Lab\freezeData\\0322\20260327115229-b94.66-f2.png,2026-03-27 11:52:29,2.0,57.98598808236003,7.449000088124359,466.75916033817595,94.50318,0.781686784185206
3224,C:\Users\joshy\OneDrive\Documents\Kravitz Lab\freezeData\\0322\20260327115248-b94.83-f4.png,2026-03-27 11:52:48,4.0,58.55088188663259,7.454436359277337,418.40865748729607,94.66176,0.8028995852298569
3225,C:\Users\joshy\OneDrive\Documents\Kravitz Lab\freezeData\\0322\20260327115307-b95.23-f6.png,2026-03-27 11:53:07,6.0,58.92529642575603,7.453663676147784,413.29999557318393,95.068972,0.7354284514763175
3226,C:\Users\joshy\OneDrive\Documents\Kravitz Lab\freezeData\\0322\20260327115325-b94.73-f8.png,2026-03-27 11:53:25,8.0,59.20700425325517,7.441181276869642,448.63432622534395,94.576468,0.6708575726638047
3227,C:\Users\joshy\OneDrive\Documents\Kravitz Lab\freezeData\\0322\20260327115345-b94.21-f10.png,2026-03-27 11:53:45,10.0,59.48418579374064,7.431051388071591,492.102702950256,94.048088,0.6154130316685376
3228,C:\Users\joshy\OneDrive\Documents\Kravitz Lab\freezeData\\0322\20260327115403-b93.65-f0.png,2026-03-27 11:54:03,0.0,57.51738809300715,7.434103815374188,435.75661510705606,93.50172,0.7442327598436093
3229,C:\Users\joshy\OneDrive\Documents\Kravitz Lab\freezeData\\0322\20260327115441-b94.98-f4.png,2026-03-27 11:54:41,4.0,58.486690572799006,7.455565449663828,407.1121050304,94.807392,0.8021941275133763
3230,C:\Users\joshy\OneDrive\Documents\Kravitz Lab\freezeData\\0322\20260327115422-b94.95-f2.png,2026-03-27 11:54:22,2.0,58.09592320904812,7.455901936904862,448.61727588959997,94.787128,0.7818664274916713
3231,C:\Users\joshy\OneDrive\Documents\Kravitz Lab\freezeData\\0322\20260327115500-b94.65-f6.png,2026-03-27 11:55:00,6.0,58.931368584249384,7.4476653767109715,426.575134783344,94.497812,0.73840981945228
3232,C:\Users\joshy\OneDrive\Documents\Kravitz Lab\freezeData\\0322\20260327115518-b95.05-f8.png,2026-03-27 11:55:18,8.0,59.33045178163551,7.440446547531994,439.5013594839041,94.888468,0.6691553052149641
3233,C:\Users\joshy\OneDrive\Documents\Kravitz Lab\freezeData\\0322\20260327115537-b94.30-f10.png,2026-03-27 11:55:37,10.0,59.463416913238476,7.430370969396338,484.529734292736,94.143628,0.6142373188038956
3234,C:\Users\joshy\OneDrive\Documents\Kravitz Lab\freezeData\\0322\20260327115556-b94.00-f0.png,2026-03-27 11:55:56,0.0,57.55304778535281,7.437513340450866,434.67553891046396,93.842664,0.7443590435276932
3235,C:\Users\joshy\OneDrive\Documents\Kravitz Lab\freezeData\\0322\20260327115615-b94.71-f2.png,2026-03-27 11:56:15,2.0,57.99258030979826,7.453843003842763,453.825158611904,94.54046,0.782114095580175
3236,C:\Users\joshy\OneDrive\Documents\Kravitz Lab\freezeData\\0322\20260327115633-b94.69-f4.png,2026-03-27 11:56:33,4.0,58.56996111258398,7.45423180642407,420.16014259902397,94.52448,0.8039417906309135
3237,C:\Users\joshy\OneDrive\Documents\Kravitz Lab\freezeData\\0322\20260327115651-b94.76-f6.png,2026-03-27 11:56:51,6.0,58.99531126915074,7.452678016317586,413.199998964464,94.592996,0.7377057470018277
3238,C:\Users\joshy\OneDrive\Documents\Kravitz Lab\freezeData\\0322\20260327115710-b94.80-f8.png,2026-03-27 11:57:10,8.0,59.37972559932274,7.442898845251441,428.64857047040005,94.629444,0.6682844873445316
3239,C:\Users\joshy\OneDrive\Documents\Kravitz Lab\freezeData\\0322\20260327115728-b93.90-f10.png,2026-03-27 11:57:28,10.0,59.39656517994905,7.428892186202812,487.13098467518387,93.739008,0.6140159300137019
3240,C:\Users\joshy\OneDrive\Documents\Kravitz Lab\freezeData\\0322\20260327115748-b93.89-f0.png,2026-03-27 11:57:48,0.0,57.48472836023689,7.437408892228603,432.4522018496001,93.727924,0.7430290969425726
3241,C:\Users\joshy\OneDrive\Documents\Kravitz Lab\freezeData\\0322\20260327115806-b94.69-f2.png,2026-03-27 11:58:06,2.0,57.97040073849495,7.454084665782475,470.08883633094405,94.528952,0.7814990327506224
3242,C:\Users\joshy\OneDrive\Documents\Kravitz Lab\freezeData\\0322\20260327115825-b94.88-f4.png,2026-03-27 11:58:25,4.0,58.54746359656869,7.458563651774302,423.469616083696,94.725092,0.8015437633855362
3243,C:\Users\joshy\OneDrive\Documents\Kravitz Lab\freezeData\\0322\20260327115845-b94.90-f6.png,2026-03-27 11:58:45,6.0,58.982366387848494,7.45645445434204,425.494943522544,94.74664,0.7366108745297181
3244,C:\Users\joshy\OneDrive\Documents\Kravitz Lab\freezeData\\0322\20260327115903-b94.63-f8.png,2026-03-27 11:59:03,8.0,59.2771235544742,7.441578830810609,448.68743484,94.45226,0.6698814645652075
3245,C:\Users\joshy\OneDrive\Documents\Kravitz Lab\freezeData\\0322\20260327115922-b94.25-f10.png,2026-03-27 11:59:22,10.0,59.431849268542734,7.433573450735731,496.03315402265594,94.086096,0.6155562607980762
3246,C:\Users\joshy\OneDrive\Documents\Kravitz Lab\freezeData\\0322\20260327115942-b93.89-f0.png,2026-03-27 11:59:42,0.0,57.567412895459675,7.435728431883125,435.58771734360005,93.742892,0.7454209616501755
3247,C:\Users\joshy\OneDrive\Documents\Kravitz Lab\freezeData\\0322\20260327120000-b94.61-f2.png,2026-03-27 12:00:00,2.0,58.054696870919926,7.45636427729419,467.56033227160003,94.46016,0.7810564268040172
3248,C:\Users\joshy\OneDrive\Documents\Kravitz Lab\freezeData\\0322\20260327120019-b94.94-f4.png,2026-03-27 12:00:19,4.0,58.412643765398464,7.449252856890178,417.263147450224,94.782716,0.8025808612137901
3249,C:\Users\joshy\OneDrive\Documents\Kravitz Lab\freezeData\\0322\20260327120039-b94.82-f6.png,2026-03-27 12:00:39,6.0,58.88314794938178,7.4508167561130065,435.0629287455841,94.673596,0.7368912390808544
3250,C:\Users\joshy\OneDrive\Documents\Kravitz Lab\freezeData\\0322\20260327120057-b94.51-f8.png,2026-03-27 12:00:57,8.0,59.18566669361426,7.438755902850743,444.704973613056,94.34982,0.6697572401323025
3251,C:\Users\joshy\OneDrive\Documents\Kravitz Lab\freezeData\\0322\20260327120116-b94.47-f10.png,2026-03-27 12:01:16,10.0,59.44513588610405,7.434302847476729,479.43984620977596,94.314432,0.6130670001564155
3252,C:\Users\joshy\OneDrive\Documents\Kravitz Lab\freezeData\\0322\20260327120135-b93.96-f0.png,2026-03-27 12:01:35,0.0,57.558841225219254,7.438294273427186,437.085102464256,93.8041,0.7425214571360254
3253,C:\Users\joshy\OneDrive\Documents\Kravitz Lab\freezeData\\0322\20260327120153-b94.69-f2.png,2026-03-27 12:01:53,2.0,58.03030273463836,7.452553884309588,461.063231751616,94.530668,0.7810511310318131
3254,C:\Users\joshy\OneDrive\Documents\Kravitz Lab\freezeData\\0322\20260327120213-b94.78-f4.png,2026-03-27 12:02:13,4.0,58.426875922332044,7.4564716821581,413.9937388796,94.616696,0.8019185898487782
3255,C:\Users\joshy\OneDrive\Documents\Kravitz Lab\freezeData\\0322\20260327120231-b94.96-f6.png,2026-03-27 12:02:31,6.0,58.915678595290196,7.453337083807358,419.1659362982241,94.797092,0.7370348372657507
3256,C:\Users\joshy\OneDrive\Documents\Kravitz Lab\freezeData\\0322\20260327120250-b94.67-f8.png,2026-03-27 12:02:50,8.0,59.16749418162969,7.44032417456546,457.28382053566395,94.517896,0.6685841499588066
3257,C:\Users\joshy\OneDrive\Documents\Kravitz Lab\freezeData\\0322\20260327120309-b94.22-f10.png,2026-03-27 12:03:09,10.0,59.51970589334742,7.434788492531062,504.81192810839997,94.081868,0.614081528464745
3258,C:\Users\joshy\OneDrive\Documents\Kravitz Lab\freezeData\\0322\20260327120328-b94.23-f0.png,2026-03-27 12:03:28,0.0,57.59038630673714,7.438355891507257,442.71036457982404,94.090028,0.7432489744490056
3259,C:\Users\joshy\OneDrive\Documents\Kravitz Lab\freezeData\\0322\20260327120347-b94.49-f2.png,2026-03-27 12:03:47,2.0,58.029540274614064,7.450983285636942,461.755002734064,94.321788,0.7813704377222014
3260,C:\Users\joshy\OneDrive\Documents\Kravitz Lab\freezeData\\0322\20260327120406-b95.08-f4.png,2026-03-27 12:04:06,4.0,58.504145764942294,7.455914228829754,430.065358709696,94.945628,0.8013670042877999
3261,C:\Users\joshy\OneDrive\Documents\Kravitz Lab\freezeData\\0322\20260327120426-b94.89-f6.png,2026-03-27 12:04:26,6.0,58.914603744959535,7.454335269941375,431.36024772337606,94.73088,0.735278567936341
3262,C:\Users\joshy\OneDrive\Documents\Kravitz Lab\freezeData\\0322\20260327120446-b94.65-f8.png,2026-03-27 12:04:46,8.0,59.211373667489795,7.446127734251427,451.85426021529605,94.493336,0.6672693728028626
3263,C:\Users\joshy\OneDrive\Documents\Kravitz Lab\freezeData\\0322\20260327120505-b94.29-f10.png,2026-03-27 12:05:05,10.0,59.70496815067905,7.432950724226511,505.99343364601606,94.15708,0.6144984120986732
3264,C:\Users\joshy\OneDrive\Documents\Kravitz Lab\freezeData\\0322\20260327120523-b93.88-f0.png,2026-03-27 12:05:23,0.0,57.57698852833636,7.433697402003967,443.656804796144,93.723732,0.7428885262886682
3265,C:\Users\joshy\OneDrive\Documents\Kravitz Lab\freezeData\\0322\20260327120542-b94.99-f2.png,2026-03-27 12:05:42,2.0,58.03298825476641,7.454554196203919,466.87648591302406,94.834488,0.7807227316562618
3266,C:\Users\joshy\OneDrive\Documents\Kravitz Lab\freezeData\\0322\20260327120601-b94.99-f4.png,2026-03-27 12:06:01,4.0,58.52831803870669,7.4551048853506545,415.870911426816,94.8366,0.803329260623572
3267,C:\Users\joshy\OneDrive\Documents\Kravitz Lab\freezeData\\0322\20260327120620-b94.70-f6.png,2026-03-27 12:06:20,6.0,58.82082544143821,7.449767396887927,431.66205261439995,94.559316,0.7363638135952718
3268,C:\Users\joshy\OneDrive\Documents\Kravitz Lab\freezeData\\0322\20260327120639-b94.56-f8.png,2026-03-27 12:06:39,8.0,59.26704639130774,7.442499203757683,457.71003768160006,94.412524,0.6680037258421656
3269,C:\Users\joshy\OneDrive\Documents\Kravitz Lab\freezeData\\0322\20260327120658-b94.08-f10.png,2026-03-27 12:06:58,10.0,59.44666701002518,7.427718034367586,503.74657271033595,93.936428,0.614773161231762
3270,C:\Users\joshy\OneDrive\Documents\Kravitz Lab\freezeData\\0322\20260327120717-b94.20-f0.png,2026-03-27 12:07:17,0.0,57.499605758445895,7.43411242544721,415.73356685617597,94.036464,0.7434889578915153
3271,C:\Users\joshy\OneDrive\Documents\Kravitz Lab\freezeData\\0322\20260327120736-b94.90-f2.png,2026-03-27 12:07:36,2.0,58.07358945183451,7.454009566969062,455.2195746119041,94.750424,0.7815270741265822
3272,C:\Users\joshy\OneDrive\Documents\Kravitz Lab\freezeData\\0322\20260327120756-b94.99-f4.png,2026-03-27 12:07:56,4.0,58.55656938189682,7.455473358382255,423.995325425904,94.824848,0.8016361356350257
3273,C:\Users\joshy\OneDrive\Documents\Kravitz Lab\freezeData\\0322\20260327120815-b94.85-f6.png,2026-03-27 12:08:15,6.0,58.93748722154687,7.447889920493638,424.03738799999996,94.7001,0.7370501732441606
3274,C:\Users\joshy\OneDrive\Documents\Kravitz Lab\freezeData\\0322\20260327120834-b94.75-f8.png,2026-03-27 12:08:34,8.0,59.246432278661295,7.442018054171469,452.64118228440003,94.5905,0.6692999701886874
3275,C:\Users\joshy\OneDrive\Documents\Kravitz Lab\freezeData\\0322\20260327120853-b94.27-f10.png,2026-03-27 12:08:53,10.0,59.413944903411355,7.429772766714846,503.56473772160007,94.12512,0.6139965708489269
3276,C:\Users\joshy\OneDrive\Documents\Kravitz Lab\freezeData\\0322\20260327120912-b93.84-f0.png,2026-03-27 12:09:12,0.0,57.55876234465588,7.437850682620817,432.03706600729595,93.693632,0.7444859540879181
3277,C:\Users\joshy\OneDrive\Documents\Kravitz Lab\freezeData\\0322\20260327120931-b94.66-f2.png,2026-03-27 12:09:31,2.0,58.10700258643875,7.4518250864424775,462.655984688384,94.49486,0.7814143395757965
3278,C:\Users\joshy\OneDrive\Documents\Kravitz Lab\freezeData\\0322\20260327120949-b94.80-f4.png,2026-03-27 12:09:49,4.0,58.47794630318681,7.451896660655473,430.58742721470406,94.64796,0.8031829430430643
3279,C:\Users\joshy\OneDrive\Documents\Kravitz Lab\freezeData\\0322\20260327121008-b94.87-f6.png,2026-03-27 12:10:08,6.0,58.976458096797096,7.453106921683048,422.875191623536,94.727856,0.7378232641684529
3280,C:\Users\joshy\OneDrive\Documents\Kravitz Lab\freezeData\\0322\20260327121027-b94.74-f8.png,2026-03-27 12:10:27,8.0,59.29943166279704,7.442201591564443,433.52184853425604,94.576292,0.6680009578395729
3281,C:\Users\joshy\OneDrive\Documents\Kravitz Lab\freezeData\\0322\20260327121047-b94.13-f10.png,2026-03-27 12:10:47,10.0,59.46616367962285,7.431696574702382,479.54720060478405,93.968548,0.6143255129814693
3282,C:\Users\joshy\OneDrive\Documents\Kravitz Lab\freezeData\\0322\20260327121105-b94.21-f0.png,2026-03-27 12:11:05,0.0,57.611889980587726,7.440618788334848,420.93416340326405,94.061716,0.7434398412033969
3283,C:\Users\joshy\OneDrive\Documents\Kravitz Lab\freezeData\\0322\20260327121124-b94.76-f2.png,2026-03-27 12:11:24,2.0,58.161405272323464,7.4549723339107965,443.0569934244959,94.585888,0.7801200899221742
3284,C:\Users\joshy\OneDrive\Documents\Kravitz Lab\freezeData\\0322\20260327121144-b94.81-f4.png,2026-03-27 12:11:44,4.0,58.48063368950183,7.453259466852353,402.0345696496,94.642952,0.8011811027744118
3285,C:\Users\joshy\OneDrive\Documents\Kravitz Lab\freezeData\\0322\20260327121204-b94.89-f6.png,2026-03-27 12:12:04,6.0,58.861335522788266,7.453839188417485,416.057408988096,94.728588,0.735341413293108
3286,C:\Users\joshy\OneDrive\Documents\Kravitz Lab\freezeData\\0322\20260327121222-b94.47-f8.png,2026-03-27 12:12:22,8.0,59.26707179249887,7.439163513091633,442.87401898694395,94.305472,0.6693125197583375
3287,C:\Users\joshy\OneDrive\Documents\Kravitz Lab\freezeData\\0322\20260327121242-b94.36-f10.png,2026-03-27 12:12:42,10.0,59.53466834366343,7.431915549172369,486.10168895999993,94.1939,0.615675991725687
3288,C:\Users\joshy\OneDrive\Documents\Kravitz Lab\freezeData\\0322\20260327121300-b93.80-f0.png,2026-03-27 12:13:00,0.0,57.51047772913051,7.43403327179785,431.95972216294393,93.660572,0.7441308644455332
3289,C:\Users\joshy\OneDrive\Documents\Kravitz Lab\freezeData\\0322\20260327121318-b94.78-f2.png,2026-03-27 12:13:18,2.0,58.080068949037724,7.455266641009482,456.75329959,94.603532,0.7798173905415416
3290,C:\Users\joshy\OneDrive\Documents\Kravitz Lab\freezeData\\0322\20260327121337-b94.93-f4.png,2026-03-27 12:13:37,4.0,58.47709261653777,7.450386403724726,408.353315309296,94.754808,0.8020303938117639
3291,C:\Users\joshy\OneDrive\Documents\Kravitz Lab\freezeData\\0322\20260327121355-b94.68-f6.png,2026-03-27 12:13:55,6.0,58.91146633823348,7.451868867167612,425.19982770681594,94.516428,0.7361179650765395
3292,C:\Users\joshy\OneDrive\Documents\Kravitz Lab\freezeData\\0322\20260327121414-b94.67-f8.png,2026-03-27 12:14:14,8.0,59.277770991398924,7.436442246298339,426.011169036736,94.496792,0.6688469606039846
3293,C:\Users\joshy\OneDrive\Documents\Kravitz Lab\freezeData\\0322\20260327121435-b94.07-f10.png,2026-03-27 12:14:35,10.0,59.42241623006739,7.426892960824689,490.91225143806395,93.908932,0.6148452506136878
3294,C:\Users\joshy\OneDrive\Documents\Kravitz Lab\freezeData\\0322\20260327121453-b93.78-f0.png,2026-03-27 12:14:53,0.0,57.60987275128679,7.43579631939281,423.825963299776,93.617888,0.7444645859348882
3295,C:\Users\joshy\OneDrive\Documents\Kravitz Lab\freezeData\\0322\20260327121513-b94.81-f2.png,2026-03-27 12:15:13,2.0,58.0531267587407,7.455890835651824,451.71593222705604,94.641172,0.780574753749403
3296,C:\Users\joshy\OneDrive\Documents\Kravitz Lab\freezeData\\0322\20260327121533-b95.26-f4.png,2026-03-27 12:15:33,4.0,58.49969497775372,7.456852410212582,416.77562484440006,95.102076,0.8021477130645945
3297,C:\Users\joshy\OneDrive\Documents\Kravitz Lab\freezeData\\0322\20260327121552-b94.68-f6.png,2026-03-27 12:15:52,6.0,58.99775214628897,7.453279141591717,423.4823185244,94.508584,0.7374017743463384
3298,C:\Users\joshy\OneDrive\Documents\Kravitz Lab\freezeData\\0322\20260327121611-b94.75-f8.png,2026-03-27 12:16:11,8.0,59.27508802980746,7.440347580794942,421.20101992959997,94.566476,0.6697862004647129
3299,C:\Users\joshy\OneDrive\Documents\Kravitz Lab\freezeData\\0322\20260327121632-b94.17-f10.png,2026-03-27 12:16:32,10.0,59.45694625632567,7.4315920682008025,490.363891517296,94.00582,0.6141372787848355
3300,C:\Users\joshy\OneDrive\Documents\Kravitz Lab\freezeData\\0322\20260327121650-b94.18-f0.png,2026-03-27 12:16:50,0.0,57.487257391442846,7.43562588511866,435.188130201536,94.0369,0.7423583757632567
3301,C:\Users\joshy\OneDrive\Documents\Kravitz Lab\freezeData\\0322\20260327121710-b94.75-f2.png,2026-03-27 12:17:10,2.0,58.117222985322904,7.452528520668405,436.235240115136,94.569516,0.7815106962780828
3302,C:\Users\joshy\OneDrive\Documents\Kravitz Lab\freezeData\\0322\20260327121730-b95.02-f4.png,2026-03-27 12:17:30,4.0,58.42329307933211,7.455524060723096,411.72166071040004,94.850408,0.8007094900466774
3303,C:\Users\joshy\OneDrive\Documents\Kravitz Lab\freezeData\\0322\20260327121748-b94.84-f6.png,2026-03-27 12:17:48,6.0,58.91431062752411,7.450091669129302,414.134642654656,94.68094,0.7357746878403918
3304,C:\Users\joshy\OneDrive\Documents\Kravitz Lab\freezeData\\0322\20260327121807-b94.58-f8.png,2026-03-27 12:18:07,8.0,59.26332123129637,7.443328910293293,435.90852082118397,94.405276,0.6680212477647895
3305,C:\Users\joshy\OneDrive\Documents\Kravitz Lab\freezeData\\0322\20260327121826-b94.10-f10.png,2026-03-27 12:18:26,10.0,59.45597664920909,7.431522537552277,493.00473861862395,93.946552,0.6141349053802765
3306,C:\Users\joshy\OneDrive\Documents\Kravitz Lab\freezeData\\0322\20260327121845-b94.17-f0.png,2026-03-27 12:18:45,0.0,57.64702704210083,7.437316433973292,432.3143733436001,94.014464,0.7430853935072652
3307,C:\Users\joshy\OneDrive\Documents\Kravitz Lab\freezeData\\0322\20260327121904-b94.84-f2.png,2026-03-27 12:19:04,2.0,58.19188014133368,7.453497258671883,453.153997009264,94.677284,0.7809051135561674
3308,C:\Users\joshy\OneDrive\Documents\Kravitz Lab\freezeData\\0322\20260327121924-b94.66-f4.png,2026-03-27 12:19:24,4.0,58.48628534570531,7.454849760622736,417.6681428554239,94.494856,0.8003486116066798
3309,C:\Users\joshy\OneDrive\Documents\Kravitz Lab\freezeData\\0322\20260327121942-b94.91-f6.png,2026-03-27 12:19:42,6.0,58.89708809342275,7.454654508872889,421.65306267313593,94.75034,0.7359379885302318
3310,C:\Users\joshy\OneDrive\Documents\Kravitz Lab\freezeData\\0322\20260327122001-b94.63-f8.png,2026-03-27 12:20:01,8.0,59.2700259535437,7.441272379459667,444.19131288561596,94.475516,0.6702328610283645
3311,C:\Users\joshy\OneDrive\Documents\Kravitz Lab\freezeData\\0322\20260327122020-b94.31-f10.png,2026-03-27 12:20:20,10.0,59.52285140770137,7.433587629967846,499.191510060144,94.173552,0.6140356466795956
3312,C:\Users\joshy\OneDrive\Documents\Kravitz Lab\freezeData\\0322\20260327122039-b94.23-f0.png,2026-03-27 12:20:39,0.0,57.66513208431993,7.437774247485215,441.679464988096,94.082956,0.7443798187132816
3313,C:\Users\joshy\OneDrive\Documents\Kravitz Lab\freezeData\\0322\20260327122117-b94.85-f4.png,2026-03-27 12:21:17,4.0,58.59782155141414,7.453577801974719,396.43902576998397,94.665932,0.8011371704545145
3314,C:\Users\joshy\OneDrive\Documents\Kravitz Lab\freezeData\\0322\20260327122058-b94.74-f2.png,2026-03-27 12:20:58,2.0,58.170160968836385,7.449573757471605,467.19281561318394,94.578108,0.7828095646484542
3315,C:\Users\joshy\OneDrive\Documents\Kravitz Lab\freezeData\\0322\20260327122135-b95.09-f6.png,2026-03-27 12:21:35,6.0,58.93857023674409,7.456188685015793,423.154508643776,94.927872,0.7363617277584599
3316,C:\Users\joshy\OneDrive\Documents\Kravitz Lab\freezeData\\0322\20260327122156-b94.75-f8.png,2026-03-27 12:21:56,8.0,59.277278879101594,7.441148609004218,448.12344909489593,94.584904,0.668602718517749
3317,C:\Users\joshy\OneDrive\Documents\Kravitz Lab\freezeData\\0322\20260327122215-b94.31-f10.png,2026-03-27 12:22:15,10.0,59.46595118164828,7.433279161150681,489.500895605744,94.152768,0.6142808822165636
3318,C:\Users\joshy\OneDrive\Documents\Kravitz Lab\freezeData\\0322\20260327122235-b94.05-f0.png,2026-03-27 12:22:35,0.0,57.562726091731136,7.439636081614509,445.82533923014404,93.897156,0.7435448575545485
3319,C:\Users\joshy\OneDrive\Documents\Kravitz Lab\freezeData\\0322\20260327122253-b94.54-f2.png,2026-03-27 12:22:53,2.0,58.08986369188635,7.455178956686686,464.549646709696,94.374492,0.7812726845473417
3320,C:\Users\joshy\OneDrive\Documents\Kravitz Lab\freezeData\\0322\20260327122311-b94.87-f4.png,2026-03-27 12:23:11,4.0,58.58801771198954,7.454474803814606,405.876921836656,94.70214,0.8021264847316365
3321,C:\Users\joshy\OneDrive\Documents\Kravitz Lab\freezeData\\0322\20260327122331-b95.07-f6.png,2026-03-27 12:23:31,6.0,59.01012637362045,7.452811879340134,418.869290162944,94.896688,0.7363091004049928
3322,C:\Users\joshy\OneDrive\Documents\Kravitz Lab\freezeData\\0322\20260327122350-b94.33-f8.png,2026-03-27 12:23:50,8.0,59.06914932287832,7.437385797636542,458.34650550999993,94.177252,0.6701024877608321
3323,C:\Users\joshy\OneDrive\Documents\Kravitz Lab\freezeData\\0322\20260327122409-b94.35-f10.png,2026-03-27 12:24:09,10.0,59.50069351017025,7.436690807289402,502.4214931516,94.193028,0.6132497724237302
3324,C:\Users\joshy\OneDrive\Documents\Kravitz Lab\freezeData\\0322\20260327122429-b94.30-f0.png,2026-03-27 12:24:29,0.0,57.655219379338064,7.442520509771759,442.180369889216,94.15802,0.7435016932756682
3325,C:\Users\joshy\OneDrive\Documents\Kravitz Lab\freezeData\\0322\20260327122447-b94.66-f2.png,2026-03-27 12:24:47,2.0,58.0253379633437,7.452159631065864,457.61773798910406,94.492912,0.7805046667225836
3326,C:\Users\joshy\OneDrive\Documents\Kravitz Lab\freezeData\\0322\20260327122506-b94.93-f4.png,2026-03-27 12:25:06,4.0,58.529826684782314,7.45602515757125,432.978586975984,94.776688,0.8014433315558224
3327,C:\Users\joshy\OneDrive\Documents\Kravitz Lab\freezeData\\0322\20260327122526-b94.91-f6.png,2026-03-27 12:25:26,6.0,58.848420605082545,7.451868827370093,433.456162354624,94.750536,0.7371838103983992
3328,C:\Users\joshy\OneDrive\Documents\Kravitz Lab\freezeData\\0322\20260327122545-b94.74-f8.png,2026-03-27 12:25:45,8.0,59.38982660696709,7.444363031425314,457.6208853376,94.575628,0.6700083951584224
3329,C:\Users\joshy\OneDrive\Documents\Kravitz Lab\freezeData\\0322\20260327122604-b94.10-f10.png,2026-03-27 12:26:04,10.0,59.422265437040885,7.4308215726735956,495.979962913536,93.952816,0.6150965207121115
3330,C:\Users\joshy\OneDrive\Documents\Kravitz Lab\freezeData\\0322\20260327122623-b94.03-f0.png,2026-03-27 12:26:23,0.0,57.6115839650369,7.437316225702656,441.1120566016,93.880748,0.7433130498261917
3331,C:\Users\joshy\OneDrive\Documents\Kravitz Lab\freezeData\\0322\20260327122641-b94.53-f2.png,2026-03-27 12:26:41,2.0,57.951365310373006,7.451564956111755,463.03571866086395,94.360764,0.7811940928554716
3332,C:\Users\joshy\OneDrive\Documents\Kravitz Lab\freezeData\\0322\20260327122700-b95.09-f4.png,2026-03-27 12:27:00,4.0,58.579608729164995,7.456277752324206,422.664846562816,94.922044,0.8018306880760038
3333,C:\Users\joshy\OneDrive\Documents\Kravitz Lab\freezeData\\0322\20260327122719-b95.05-f6.png,2026-03-27 12:27:19,6.0,58.93185946082462,7.455392867354343,414.19449578929596,94.881204,0.736321117999019
3334,C:\Users\joshy\OneDrive\Documents\Kravitz Lab\freezeData\\0322\20260327122739-b94.84-f8.png,2026-03-27 12:27:39,8.0,59.235677823136285,7.44340736438354,453.571772001216,94.67844,0.668569660988202
3335,C:\Users\joshy\OneDrive\Documents\Kravitz Lab\freezeData\\0322\20260327122758-b94.40-f10.png,2026-03-27 12:27:58,10.0,59.456687940072676,7.4300040699455066,496.98563880318403,94.254604,0.6139422543173255
3336,C:\Users\joshy\OneDrive\Documents\Kravitz Lab\freezeData\\0322\20260327122818-b93.99-f0.png,2026-03-27 12:28:18,0.0,57.57066953475584,7.436938463085738,436.053276839024,93.851456,0.7436060819843793
3337,C:\Users\joshy\OneDrive\Documents\Kravitz Lab\freezeData\\0322\20260327122838-b94.62-f2.png,2026-03-27 12:28:38,2.0,58.058200578218546,7.454378294689906,475.63841200241603,94.459188,0.781217650034704
3338,C:\Users\joshy\OneDrive\Documents\Kravitz Lab\freezeData\\0322\20260327122856-b94.68-f4.png,2026-03-27 12:28:56,4.0,58.45878278853763,7.451236541850508,434.281084796144,94.528476,0.8027194938295498
3339,C:\Users\joshy\OneDrive\Documents\Kravitz Lab\freezeData\\0322\20260327122914-b94.70-f6.png,2026-03-27 12:29:14,6.0,58.87936766740838,7.449029601652368,417.696372,94.548488,0.7374775905756666
3340,C:\Users\joshy\OneDrive\Documents\Kravitz Lab\freezeData\\0322\20260327122933-b94.63-f8.png,2026-03-27 12:29:33,8.0,59.20103229510229,7.441931230542903,457.3394066556,94.470484,0.6682612545135244
3341,C:\Users\joshy\OneDrive\Documents\Kravitz Lab\freezeData\\0322\20260327122952-b94.25-f10.png,2026-03-27 12:29:52,10.0,59.390941371731095,7.43232862179426,505.953615169904,94.09286,0.6147374164343387
3342,C:\Users\joshy\OneDrive\Documents\Kravitz Lab\freezeData\\0322\20260327123010-b93.87-f0.png,2026-03-27 12:30:10,0.0,57.50989400256467,7.436163654109856,429.48300641150405,93.729076,0.7432609909556707
3343,C:\Users\joshy\OneDrive\Documents\Kravitz Lab\freezeData\\0322\20260327123030-b94.76-f2.png,2026-03-27 12:30:30,2.0,58.04998491967088,7.457715324197172,469.2722615024001,94.608272,0.7801622371603324
3344,C:\Users\joshy\OneDrive\Documents\Kravitz Lab\freezeData\\0322\20260327123049-b95.02-f4.png,2026-03-27 12:30:49,4.0,58.47994360581193,7.453728063916956,426.8757658621441,94.859416,0.8022751511948855
3345,C:\Users\joshy\OneDrive\Documents\Kravitz Lab\freezeData\\0322\20260327123108-b94.97-f6.png,2026-03-27 12:31:08,6.0,58.85522129562664,7.453075799184445,422.609902561776,94.820896,0.7367595137626957
3346,C:\Users\joshy\OneDrive\Documents\Kravitz Lab\freezeData\\0322\20260327123128-b94.53-f8.png,2026-03-27 12:31:28,8.0,59.15966032308759,7.439607565003232,445.427343821936,94.372664,0.6679732413128818
3347,C:\Users\joshy\OneDrive\Documents\Kravitz Lab\freezeData\\0322\20260327123208-b93.86-f0.png,2026-03-27 12:32:08,0.0,57.521082430737486,7.434893138444337,440.1056117068161,93.726548,0.7450214969775456
3348,C:\Users\joshy\OneDrive\Documents\Kravitz Lab\freezeData\\0322\20260327123148-b94.22-f10.png,2026-03-27 12:31:48,10.0,59.47545633161969,7.432542886847412,488.87271707505596,94.05884,0.6142755483128909
3349,C:\Users\joshy\OneDrive\Documents\Kravitz Lab\freezeData\\0322\20260327123226-b94.86-f2.png,2026-03-27 12:32:26,2.0,57.98107563527824,7.452603281584446,467.74196788889594,94.700988,0.7823187234419126
3350,C:\Users\joshy\OneDrive\Documents\Kravitz Lab\freezeData\\0322\20260327123245-b95.07-f4.png,2026-03-27 12:32:45,4.0,58.60445944459258,7.45559767798428,425.864798709696,94.903848,0.8023989224498154
3351,C:\Users\joshy\OneDrive\Documents\Kravitz Lab\freezeData\\0322\20260327123304-b94.94-f6.png,2026-03-27 12:33:04,6.0,58.99701051228667,7.451686534765338,425.6944066731359,94.782444,0.7372590011111337
3352,C:\Users\joshy\OneDrive\Documents\Kravitz Lab\freezeData\\0322\20260327123322-b94.59-f8.png,2026-03-27 12:33:22,8.0,59.26918543454782,7.440472320844091,453.39735239281595,94.430072,0.670025712601325
3353,C:\Users\joshy\OneDrive\Documents\Kravitz Lab\freezeData\\0322\20260327123343-b94.40-f10.png,2026-03-27 12:33:43,10.0,59.51331302463556,7.432645133791078,496.72723806014403,94.249088,0.6146025973693086
3354,C:\Users\joshy\OneDrive\Documents\Kravitz Lab\freezeData\\0322\20260327123402-b93.79-f0.png,2026-03-27 12:34:02,0.0,57.44796462128963,7.433442542006216,440.170541669744,93.648084,0.7431977487698092
3355,C:\Users\joshy\OneDrive\Documents\Kravitz Lab\freezeData\\0322\20260327123421-b94.77-f2.png,2026-03-27 12:34:21,2.0,58.02965193353881,7.45428860014648,457.879433072576,94.604156,0.7798971346777885
3356,C:\Users\joshy\OneDrive\Documents\Kravitz Lab\freezeData\\0322\20260327123440-b94.85-f4.png,2026-03-27 12:34:40,4.0,58.454068633734785,7.457965472183872,423.2484458694239,94.690568,0.8027705921460954
3357,C:\Users\joshy\OneDrive\Documents\Kravitz Lab\freezeData\\0322\20260327123500-b94.88-f6.png,2026-03-27 12:35:00,6.0,58.982819072333804,7.455456495879789,433.65316235462404,94.738156,0.7362818119307475
3358,C:\Users\joshy\OneDrive\Documents\Kravitz Lab\freezeData\\0322\20260327123520-b94.66-f8.png,2026-03-27 12:35:20,8.0,59.286059997076414,7.4434709993722095,456.47951498694397,94.512084,0.669444115152732
3359,C:\Users\joshy\OneDrive\Documents\Kravitz Lab\freezeData\\0322\20260327123559-b93.86-f0.png,2026-03-27 12:35:59,0.0,57.52963329156896,7.433757089266444,448.582585928704,93.71376,0.7428395571967523
3360,C:\Users\joshy\OneDrive\Documents\Kravitz Lab\freezeData\\0322\20260327123540-b94.03-f10.png,2026-03-27 12:35:40,10.0,59.56008867794272,7.428474521181783,497.366256250864,93.88266,0.6165743237276179
3361,C:\Users\joshy\OneDrive\Documents\Kravitz Lab\freezeData\\0322\20260327123619-b94.77-f2.png,2026-03-27 12:36:19,2.0,58.11612081222917,7.454468102391192,457.26457584326397,94.599628,0.7812170727190174
3362,C:\Users\joshy\OneDrive\Documents\Kravitz Lab\freezeData\\0322\20260327123638-b94.86-f4.png,2026-03-27 12:36:38,4.0,58.47604718480893,7.457935575307551,431.9654061152641,94.7042,0.8016111852953133
3363,C:\Users\joshy\OneDrive\Documents\Kravitz Lab\freezeData\\0322\20260327123656-b94.66-f6.png,2026-03-27 12:36:56,6.0,58.84937109563147,7.449180179103256,435.26799245054394,94.501284,0.7375557450600596
3364,C:\Users\joshy\OneDrive\Documents\Kravitz Lab\freezeData\\0322\20260327123715-b94.73-f8.png,2026-03-27 12:37:15,8.0,59.29552066661076,7.441858272016642,439.695452569536,94.557244,0.668492040825658
3365,C:\Users\joshy\OneDrive\Documents\Kravitz Lab\freezeData\\0322\20260327123733-b94.04-f10.png,2026-03-27 12:37:33,10.0,59.499768545167434,7.4309154259696015,492.3953692661761,93.877252,0.6149890390642515
3366,C:\Users\joshy\OneDrive\Documents\Kravitz Lab\freezeData\\0322\20260327123753-b94.05-f0.png,2026-03-27 12:37:53,0.0,57.50019530999525,7.4390919817357615,435.23001160678405,93.90182,0.7429983779003857
3367,C:\Users\joshy\OneDrive\Documents\Kravitz Lab\freezeData\\0322\20260327123811-b94.71-f2.png,2026-03-27 12:38:11,2.0,58.14893291149767,7.453079775334093,447.9766474736001,94.541488,0.7803937157878753
3368,C:\Users\joshy\OneDrive\Documents\Kravitz Lab\freezeData\\0322\20260327123830-b94.92-f4.png,2026-03-27 12:38:30,4.0,58.49875266969374,7.4562735308709085,430.356026587376,94.7653,0.8020592804652225
3369,C:\Users\joshy\OneDrive\Documents\Kravitz Lab\freezeData\\0322\20260327123849-b94.78-f6.png,2026-03-27 12:38:49,6.0,58.9495489002718,7.4560378250555015,430.94578447046405,94.631592,0.7366241119758655
3370,C:\Users\joshy\OneDrive\Documents\Kravitz Lab\freezeData\\0322\20260327123911-b94.48-f8.png,2026-03-27 12:39:11,8.0,59.31725473406954,7.438853808531413,433.90796754886395,94.312248,0.6706662386685831
3371,C:\Users\joshy\OneDrive\Documents\Kravitz Lab\freezeData\\0322\20260327123929-b94.35-f10.png,2026-03-27 12:39:29,10.0,59.48936111398407,7.434789258953648,503.89559452760005,94.2055,0.613819318923614
3372,C:\Users\joshy\OneDrive\Documents\Kravitz Lab\freezeData\\0322\20260327123948-b94.25-f0.png,2026-03-27 12:39:48,0.0,57.65503004208546,7.441692416909917,443.7492139484,94.099332,0.7440320241435349
3373,C:\Users\joshy\OneDrive\Documents\Kravitz Lab\freezeData\\0322\20260327124008-b94.75-f2.png,2026-03-27 12:40:08,2.0,58.12626621205997,7.4542748402095125,469.33699215999997,94.598144,0.7814991502145406
3374,C:\Users\joshy\OneDrive\Documents\Kravitz Lab\freezeData\\0322\20260327124027-b94.90-f4.png,2026-03-27 12:40:27,4.0,58.41012097791218,7.453849170555148,415.0488623651841,94.736608,0.800879068224915
3375,C:\Users\joshy\OneDrive\Documents\Kravitz Lab\freezeData\\0322\20260327124047-b94.89-f6.png,2026-03-27 12:40:47,6.0,58.94182534919406,7.454304409451214,417.8571954375039,94.729348,0.7367181889108154
3376,C:\Users\joshy\OneDrive\Documents\Kravitz Lab\freezeData\\0322\20260327124107-b94.67-f8.png,2026-03-27 12:41:07,8.0,59.22859691274059,7.442778112297992,428.1230721084,94.501936,0.6691411776692929
3377,C:\Users\joshy\OneDrive\Documents\Kravitz Lab\freezeData\\0322\20260327124125-b94.02-f10.png,2026-03-27 12:41:25,10.0,59.504604280120574,7.429509588751639,487.5462112064,93.850516,0.6139491103626277
3378,C:\Users\joshy\OneDrive\Documents\Kravitz Lab\freezeData\\0322\20260327124143-b94.02-f0.png,2026-03-27 12:41:43,0.0,57.528347777769525,7.437448775128384,423.28297500030396,93.8586,0.7433358803991963
3379,C:\Users\joshy\OneDrive\Documents\Kravitz Lab\freezeData\\0322\20260327124204-b94.78-f2.png,2026-03-27 12:42:04,2.0,58.07280535835216,7.4518219112949415,453.0837328817759,94.621712,0.7822853040756287
3380,C:\Users\joshy\OneDrive\Documents\Kravitz Lab\freezeData\\0322\20260327124222-b94.86-f4.png,2026-03-27 12:42:22,4.0,58.520244281820155,7.455039954051168,423.875128683504,94.689064,0.8008252895029115
3381,C:\Users\joshy\OneDrive\Documents\Kravitz Lab\freezeData\\0322\20260327124241-b94.86-f6.png,2026-03-27 12:42:41,6.0,58.9188689144625,7.452254364609521,412.878156095424,94.695872,0.7372009994597336
3382,C:\Users\joshy\OneDrive\Documents\Kravitz Lab\freezeData\\0322\20260327124300-b94.71-f8.png,2026-03-27 12:43:00,8.0,59.223817477615675,7.441360951740106,455.940467713984,94.570508,0.6671918703933846
3383,C:\Users\joshy\OneDrive\Documents\Kravitz Lab\freezeData\\0322\20260327124337-b94.03-f0.png,2026-03-27 12:43:37,0.0,57.59070832213072,7.441744925659914,431.158663317104,93.882208,0.7431135582927342
3384,C:\Users\joshy\OneDrive\Documents\Kravitz Lab\freezeData\\0322\20260327124319-b94.41-f10.png,2026-03-27 12:43:19,10.0,59.608396485840686,7.438937838521327,489.01576378598406,94.247104,0.6126609000596152
3385,C:\Users\joshy\OneDrive\Documents\Kravitz Lab\freezeData\\0322\20260327124357-b94.38-f2.png,2026-03-27 12:43:57,2.0,57.96467680585879,7.452615363209209,466.9119185628159,94.214156,0.7804836939394957
3386,C:\Users\joshy\OneDrive\Documents\Kravitz Lab\freezeData\\0322\20260327124415-b94.89-f4.png,2026-03-27 12:44:15,4.0,58.540675260936304,7.453574625104794,413.0973027096961,94.71456,0.8024712040734343
3387,C:\Users\joshy\OneDrive\Documents\Kravitz Lab\freezeData\\0322\20260327124434-b94.82-f6.png,2026-03-27 12:44:34,6.0,58.926155246487134,7.45290837655637,422.28324329977596,94.655164,0.735398402649908
3388,C:\Users\joshy\OneDrive\Documents\Kravitz Lab\freezeData\\0322\20260327124452-b94.77-f8.png,2026-03-27 12:44:52,8.0,59.273403552850375,7.445479385354478,441.6751235164,94.609212,0.6701394048303009
3389,C:\Users\joshy\OneDrive\Documents\Kravitz Lab\freezeData\\0322\20260327124511-b94.07-f10.png,2026-03-27 12:45:11,10.0,59.417568937297865,7.4260017137293435,474.88920464,93.899116,0.6145847746775047
3390,C:\Users\joshy\OneDrive\Documents\Kravitz Lab\freezeData\\0322\20260327124530-b94.17-f0.png,2026-03-27 12:45:30,0.0,57.605668534427274,7.440895950067212,439.608198636144,94.030736,0.7436507442439155
3391,C:\Users\joshy\OneDrive\Documents\Kravitz Lab\freezeData\\0322\20260327124608-b95.08-f4.png,2026-03-27 12:46:08,4.0,58.62240471071572,7.45756033036286,428.6564570304,94.930416,0.8004726667566444
3392,C:\Users\joshy\OneDrive\Documents\Kravitz Lab\freezeData\\0322\20260327124549-b94.32-f2.png,2026-03-27 12:45:49,2.0,58.04464322845566,7.452857146063383,469.37215644849596,94.159964,0.7814296664364637
3393,C:\Users\joshy\OneDrive\Documents\Kravitz Lab\freezeData\\0322\20260327124627-b94.89-f6.png,2026-03-27 12:46:27,6.0,58.90930815651204,7.450133598984569,417.7004130515041,94.724652,0.7368662829854445
3394,C:\Users\joshy\OneDrive\Documents\Kravitz Lab\freezeData\\0322\20260327124646-b94.68-f8.png,2026-03-27 12:46:46,8.0,59.2264076895162,7.447983230925352,442.9938453804639,94.520596,0.6705589874796694
3395,C:\Users\joshy\OneDrive\Documents\Kravitz Lab\freezeData\\0322\20260327124704-b94.28-f10.png,2026-03-27 12:47:04,10.0,59.544845132934356,7.430615744618634,484.773173060096,94.125308,0.6135096577775782
3396,C:\Users\joshy\OneDrive\Documents\Kravitz Lab\freezeData\\0322\20260327124724-b93.97-f0.png,2026-03-27 12:47:24,0.0,57.52150680331787,7.4363566394567835,426.023284623344,93.806684,0.7436359594088372
3397,C:\Users\joshy\OneDrive\Documents\Kravitz Lab\freezeData\\0322\20260327124742-b94.95-f2.png,2026-03-27 12:47:42,2.0,58.096364965194034,7.457027051578902,460.820392338176,94.775176,0.7797416743816581
3398,C:\Users\joshy\OneDrive\Documents\Kravitz Lab\freezeData\\0322\20260327124800-b94.86-f4.png,2026-03-27 12:48:00,4.0,58.47060666381986,7.452114390301687,429.05052833817604,94.717192,0.803157587778625
3399,C:\Users\joshy\OneDrive\Documents\Kravitz Lab\freezeData\\0322\20260327124820-b94.93-f6.png,2026-03-27 12:48:20,6.0,58.93301665443627,7.450129775135016,428.47564681982396,94.775456,0.738066970577785
3400,C:\Users\joshy\OneDrive\Documents\Kravitz Lab\freezeData\\0322\20260327124839-b94.73-f8.png,2026-03-27 12:48:39,8.0,59.3004171978579,7.446192982373966,448.29788803697596,94.5796,0.6711258859438067
3401,C:\Users\joshy\OneDrive\Documents\Kravitz Lab\freezeData\\0322\20260327124859-b94.07-f10.png,2026-03-27 12:48:59,10.0,59.44479558872753,7.430664278541455,501.3779686517761,93.91488,0.6146625903183058
3402,C:\Users\joshy\OneDrive\Documents\Kravitz Lab\freezeData\\0322\20260327124917-b94.03-f0.png,2026-03-27 12:49:17,0.0,57.51027446135809,7.436427505922611,418.38969510705596,93.871208,0.7437722779294983
3403,C:\Users\joshy\OneDrive\Documents\Kravitz Lab\freezeData\\0322\20260327124936-b94.68-f2.png,2026-03-27 12:49:36,2.0,58.01629134134777,7.455329600321398,477.65868193841607,94.503316,0.7802808977921326
3404,C:\Users\joshy\OneDrive\Documents\Kravitz Lab\freezeData\\0322\20260327124956-b95.09-f4.png,2026-03-27 12:49:56,4.0,58.522466142172924,7.4569184812012725,430.66004470999997,94.927332,0.8017378242172043
3405,C:\Users\joshy\OneDrive\Documents\Kravitz Lab\freezeData\\0322\20260327125016-b94.78-f6.png,2026-03-27 12:50:16,6.0,59.00439090342684,7.45421104503703,423.4531241584,94.62534,0.7371208998027787
3406,C:\Users\joshy\OneDrive\Documents\Kravitz Lab\freezeData\\0322\20260327125034-b94.74-f8.png,2026-03-27 12:50:34,8.0,59.246036028331346,7.444964704359804,443.95888081559997,94.589392,0.6702909120810469
3407,C:\Users\joshy\OneDrive\Documents\Kravitz Lab\freezeData\\0322\20260327125052-b94.47-f10.png,2026-03-27 12:50:52,10.0,59.37742501832911,7.430313643265428,503.9691260224,94.327448,0.6140373886158551
3408,C:\Users\joshy\OneDrive\Documents\Kravitz Lab\freezeData\\0322\20260327125111-b93.92-f0.png,2026-03-27 12:51:11,0.0,57.56221720397976,7.4368481270475755,407.6025186731361,93.753816,0.7435823876779575
3409,C:\Users\joshy\OneDrive\Documents\Kravitz Lab\freezeData\\0322\20260327125130-b94.91-f2.png,2026-03-27 12:51:30,2.0,58.05651811772607,7.4554877311612096,459.366650090096,94.741512,0.7809714631069485
3410,C:\Users\joshy\OneDrive\Documents\Kravitz Lab\freezeData\\0322\20260327125149-b94.84-f4.png,2026-03-27 12:51:49,4.0,58.49555864073087,7.452088943775673,419.531789963776,94.668604,0.8032137332315159
3411,C:\Users\joshy\OneDrive\Documents\Kravitz Lab\freezeData\\0322\20260327125208-b94.92-f6.png,2026-03-27 12:52:08,6.0,58.948610984414685,7.4558873310878475,436.6395287743841,94.792012,0.736320267305968
3412,C:\Users\joshy\OneDrive\Documents\Kravitz Lab\freezeData\\0322\20260327125247-b94.22-f10.png,2026-03-27 12:52:47,10.0,59.41458314385733,7.433757412123575,491.54501345649606,94.057392,0.6139951267556013
3413,C:\Users\joshy\OneDrive\Documents\Kravitz Lab\freezeData\\0322\20260327125227-b94.48-f8.png,2026-03-27 12:52:27,8.0,59.18547778214179,7.439722243245381,436.86327028439996,94.31886,0.6703274756448254
3414,C:\Users\joshy\OneDrive\Documents\Kravitz Lab\freezeData\\0322\20260327125307-b93.99-f0.png,2026-03-27 12:53:07,0.0,57.49336317589069,7.437405190512735,433.7382077564001,93.843556,0.7442096038639213
3415,C:\Users\joshy\OneDrive\Documents\Kravitz Lab\freezeData\\0322\20260327125326-b94.57-f2.png,2026-03-27 12:53:26,2.0,58.146005459261055,7.452503985770881,468.68164057560006,94.404328,0.781949327647177
3416,C:\Users\joshy\OneDrive\Documents\Kravitz Lab\freezeData\\0322\20260327125344-b94.92-f4.png,2026-03-27 12:53:44,4.0,58.567474007587386,7.455660705089002,425.7028613436,94.747476,0.8022605113604008
3417,C:\Users\joshy\OneDrive\Documents\Kravitz Lab\freezeData\\0322\20260327125403-b94.81-f6.png,2026-03-27 12:54:03,6.0,59.004423934901695,7.454667818664459,430.63936323014394,94.64652,0.7366038074294144
3418,C:\Users\joshy\OneDrive\Documents\Kravitz Lab\freezeData\\0322\20260327125422-b94.85-f8.png,2026-03-27 12:54:22,8.0,59.28419367601195,7.443057682559503,445.33888825086404,94.690652,0.6707658390617691
3419,C:\Users\joshy\OneDrive\Documents\Kravitz Lab\freezeData\\0322\20260327125440-b94.34-f10.png,2026-03-27 12:54:40,10.0,59.526826110448724,7.430589004216745,494.13995043326395,94.18142,0.6140914935324036
3420,C:\Users\joshy\OneDrive\Documents\Kravitz Lab\freezeData\\0322\20260327125459-b94.39-f0.png,2026-03-27 12:54:59,0.0,57.643777677533386,7.43853689960231,444.063185568704,94.239848,0.7436853510030258
3421,C:\Users\joshy\OneDrive\Documents\Kravitz Lab\freezeData\\0322\20260327125518-b94.72-f2.png,2026-03-27 12:55:18,2.0,58.063513490841245,7.4562048137865,464.2637236825439,94.549164,0.7812920760932761
3422,C:\Users\joshy\OneDrive\Documents\Kravitz Lab\freezeData\\0322\20260327125537-b94.54-f4.png,2026-03-27 12:55:37,4.0,58.48364649750643,7.452220766626806,424.507485709936,94.388052,0.8026844322448323
3423,C:\Users\joshy\OneDrive\Documents\Kravitz Lab\freezeData\\0322\20260327125557-b94.95-f6.png,2026-03-27 12:55:57,6.0,58.905339810860475,7.45454781919696,426.70690365694395,94.804916,0.735617925810221
3424,C:\Users\joshy\OneDrive\Documents\Kravitz Lab\freezeData\\0322\20260327125616-b94.66-f8.png,2026-03-27 12:56:16,8.0,59.215767821257735,7.441524895238487,437.951969872384,94.495836,0.6711497228164194
3425,C:\Users\joshy\OneDrive\Documents\Kravitz Lab\freezeData\\0322\20260327125634-b94.23-f10.png,2026-03-27 12:56:34,10.0,59.59446301157194,7.436207730738277,497.900569189824,94.078628,0.6146210550749927
3426,C:\Users\joshy\OneDrive\Documents\Kravitz Lab\freezeData\\0322\20260327125653-b93.84-f0.png,2026-03-27 12:56:53,0.0,57.434368747143864,7.4326570006353165,445.900029908976,93.698652,0.7443916513514568
3427,C:\Users\joshy\OneDrive\Documents\Kravitz Lab\freezeData\\0322\20260327125713-b94.35-f2.png,2026-03-27 12:57:13,2.0,58.035240372118594,7.451347169050085,452.759504988096,94.188804,0.7814835984369263
3428,C:\Users\joshy\OneDrive\Documents\Kravitz Lab\freezeData\\0322\20260327125731-b94.87-f4.png,2026-03-27 12:57:31,4.0,58.467649686497374,7.454891146166314,411.25910280697605,94.700968,0.8017411864466384
3429,C:\Users\joshy\OneDrive\Documents\Kravitz Lab\freezeData\\0322\20260327125809-b94.60-f8.png,2026-03-27 12:58:09,8.0,59.14302399644794,7.437829071331438,454.6645356779359,94.458328,0.6721105032676035
3430,C:\Users\joshy\OneDrive\Documents\Kravitz Lab\freezeData\\0322\20260327125750-b95.04-f6.png,2026-03-27 12:57:50,6.0,58.953521176615055,7.454724480527393,426.659869669744,94.88028,0.7373504475729367
3431,C:\Users\joshy\OneDrive\Documents\Kravitz Lab\freezeData\\0322\20260327125828-b94.19-f10.png,2026-03-27 12:58:28,10.0,59.51822474232914,7.432803904034559,506.09902064,94.04404,0.6143829441274063
3432,C:\Users\joshy\OneDrive\Documents\Kravitz Lab\freezeData\\0322\20260327125847-b93.97-f0.png,2026-03-27 12:58:47,0.0,57.542784215573576,7.43315484263757,433.14788641150403,93.823544,0.7438582999871707
3433,C:\Users\joshy\OneDrive\Documents\Kravitz Lab\freezeData\\0322\20260327125908-b94.59-f2.png,2026-03-27 12:59:08,2.0,58.10179504777855,7.456521665840821,483.1339117056001,94.451956,0.7807758793584536
3434,C:\Users\joshy\OneDrive\Documents\Kravitz Lab\freezeData\\0322\20260327125927-b94.95-f4.png,2026-03-27 12:59:27,4.0,58.468704171149746,7.454202753078089,425.92073257982395,94.785476,0.8017475383162359
3435,C:\Users\joshy\OneDrive\Documents\Kravitz Lab\freezeData\\0322\20260327125946-b94.82-f6.png,2026-03-27 12:59:46,6.0,58.921249380018956,7.454266795862401,436.760486599024,94.667796,0.7371228804198102
3436,C:\Users\joshy\OneDrive\Documents\Kravitz Lab\freezeData\\0322\20260327130005-b94.58-f8.png,2026-03-27 13:00:05,8.0,59.179826902223496,7.442222178916213,447.89649285062393,94.441692,0.6697314148241561
3437,C:\Users\joshy\OneDrive\Documents\Kravitz Lab\freezeData\\0322\20260327130044-b94.11-f0.png,2026-03-27 13:00:44,0.0,57.58210980035671,7.4361527188621075,437.31231696689593,93.958108,0.7437332406140401
3438,C:\Users\joshy\OneDrive\Documents\Kravitz Lab\freezeData\\0322\20260327130025-b94.12-f10.png,2026-03-27 13:00:25,10.0,59.37720359042908,7.430904051836967,499.93072178417606,93.979856,0.6142426718769074
3439,C:\Users\joshy\OneDrive\Documents\Kravitz Lab\freezeData\\0322\20260327130105-b94.57-f2.png,2026-03-27 13:01:05,2.0,57.944807743144686,7.451404222289176,458.9465919344001,94.4131,0.7799602988191344
3440,C:\Users\joshy\OneDrive\Documents\Kravitz Lab\freezeData\\0322\20260327130124-b94.96-f4.png,2026-03-27 13:01:24,4.0,58.50567163040178,7.455628164372017,410.3380086016,94.79734,0.8014947771234552
3441,C:\Users\joshy\OneDrive\Documents\Kravitz Lab\freezeData\\0322\20260327130144-b94.91-f6.png,2026-03-27 13:01:44,6.0,58.97876152882154,7.450147979467166,413.049470297456,94.75292,0.7377574301575404
3442,C:\Users\joshy\OneDrive\Documents\Kravitz Lab\freezeData\\0322\20260327130203-b94.92-f8.png,2026-03-27 13:02:03,8.0,59.398660197326876,7.445675063505455,442.94246785785606,94.772864,0.6694534339192135
3443,C:\Users\joshy\OneDrive\Documents\Kravitz Lab\freezeData\\0322\20260327130222-b94.35-f10.png,2026-03-27 13:02:22,10.0,59.51634962243151,7.433064541497075,494.41155975,94.203636,0.6142409464209104
3444,C:\Users\joshy\OneDrive\Documents\Kravitz Lab\freezeData\\0322\20260327130241-b94.07-f0.png,2026-03-27 13:02:41,0.0,57.564486342510314,7.438023141497536,432.8718809031039,93.915288,0.7442114186434995
3445,C:\Users\joshy\OneDrive\Documents\Kravitz Lab\freezeData\\0322\20260327130259-b94.66-f2.png,2026-03-27 13:02:59,2.0,58.043437462820336,7.456048862032091,468.87178100926394,94.506892,0.7801881589869571
3446,C:\Users\joshy\OneDrive\Documents\Kravitz Lab\freezeData\\0322\20260327130319-b94.87-f4.png,2026-03-27 13:03:19,4.0,58.44183345868266,7.451939074677199,417.663501789936,94.70374,0.8018463842980709
3447,C:\Users\joshy\OneDrive\Documents\Kravitz Lab\freezeData\\0322\20260327130338-b95.06-f6.png,2026-03-27 13:03:38,6.0,58.93282443760129,7.452021751809882,433.13733054310393,94.907308,0.7367624704052725
3448,C:\Users\joshy\OneDrive\Documents\Kravitz Lab\freezeData\\0322\20260327130356-b94.52-f8.png,2026-03-27 13:03:56,8.0,59.233353687589094,7.439735038189972,448.026780690416,94.367324,0.67281333272855
3449,C:\Users\joshy\OneDrive\Documents\Kravitz Lab\freezeData\\0322\20260327130416-b94.34-f10.png,2026-03-27 13:04:16,10.0,59.40191566084528,7.431310178823457,485.223845199104,94.187232,0.6158463736087246
3450,C:\Users\joshy\OneDrive\Documents\Kravitz Lab\freezeData\\0322\20260327130434-b94.22-f0.png,2026-03-27 13:04:34,0.0,57.66451515685521,7.439221049004356,434.9455851565439,94.079396,0.7436034656814151
3451,C:\Users\joshy\OneDrive\Documents\Kravitz Lab\freezeData\\0322\20260327130453-b94.77-f2.png,2026-03-27 13:04:53,2.0,58.12042614023762,7.454204768157638,463.132099167216,94.613072,0.781872723297094
3452,C:\Users\joshy\OneDrive\Documents\Kravitz Lab\freezeData\\0322\20260327130511-b95.02-f4.png,2026-03-27 13:05:11,4.0,58.474218726336346,7.4561328275787355,408.635812404464,94.846976,0.8002296256167752
3453,C:\Users\joshy\OneDrive\Documents\Kravitz Lab\freezeData\\0322\20260327130531-b94.81-f6.png,2026-03-27 13:05:31,6.0,58.92263025972673,7.454408466094251,419.958499053824,94.642756,0.7372598228733576
3454,C:\Users\joshy\OneDrive\Documents\Kravitz Lab\freezeData\\0322\20260327130550-b94.90-f8.png,2026-03-27 13:05:50,8.0,59.262105866608685,7.44597276810403,447.88056385785603,94.760308,0.6703475921657498
3455,C:\Users\joshy\OneDrive\Documents\Kravitz Lab\freezeData\\0322\20260327130609-b94.13-f10.png,2026-03-27 13:06:09,10.0,59.46811494433447,7.433649339489686,501.7463361074561,93.987632,0.6140828754435578
3456,C:\Users\joshy\OneDrive\Documents\Kravitz Lab\freezeData\\0322\20260327130629-b93.87-f0.png,2026-03-27 13:06:29,0.0,57.57330324627553,7.437361213654751,447.466798373616,93.72318,0.7434037750471918
3457,C:\Users\joshy\OneDrive\Documents\Kravitz Lab\freezeData\\0322\20260327130706-b94.96-f4.png,2026-03-27 13:07:06,4.0,58.40664593554401,7.452756372351955,424.8113452815359,94.8116,0.8014143432738982
3458,C:\Users\joshy\OneDrive\Documents\Kravitz Lab\freezeData\\0322\20260327130647-b94.65-f2.png,2026-03-27 13:06:47,2.0,58.04622320801091,7.452484328620005,457.4503501152641,94.484924,0.7816072528284698
3459,C:\Users\joshy\OneDrive\Documents\Kravitz Lab\freezeData\\0322\20260327130725-b94.85-f6.png,2026-03-27 13:07:25,6.0,58.97442710534104,7.4559151289722125,425.70002256177605,94.695396,0.7360021515174329
3460,C:\Users\joshy\OneDrive\Documents\Kravitz Lab\freezeData\\0322\20260327130744-b94.90-f8.png,2026-03-27 13:07:44,8.0,59.29760435323154,7.44432561509602,432.86818410839993,94.734704,0.6702917020117505
3461,C:\Users\joshy\OneDrive\Documents\Kravitz Lab\freezeData\\0322\20260327130802-b94.04-f10.png,2026-03-27 13:08:02,10.0,59.43667183005402,7.425394668459001,501.55398168382396,93.899592,0.6147906439848418
3462,C:\Users\joshy\OneDrive\Documents\Kravitz Lab\freezeData\\0322\20260327130821-b94.34-f0.png,2026-03-27 13:08:21,0.0,57.672409318401954,7.437651539055156,427.69369926502395,94.197948,0.7437088579098754
3463,C:\Users\joshy\OneDrive\Documents\Kravitz Lab\freezeData\\0322\20260327130841-b94.75-f2.png,2026-03-27 13:08:41,2.0,58.016852013639486,7.452579430713068,457.28538031601596,94.585384,0.7822036699822166
3464,C:\Users\joshy\OneDrive\Documents\Kravitz Lab\freezeData\\0322\20260327130859-b94.93-f4.png,2026-03-27 13:08:59,4.0,58.59211205308783,7.453570849766977,432.819809689856,94.79328,0.8020892444097426
3465,C:\Users\joshy\OneDrive\Documents\Kravitz Lab\freezeData\\0322\20260327130918-b94.96-f6.png,2026-03-27 13:09:18,6.0,58.901129137558506,7.450496115776369,422.921247488624,94.819716,0.7370987499885172
3466,C:\Users\joshy\OneDrive\Documents\Kravitz Lab\freezeData\\0322\20260327130938-b94.61-f8.png,2026-03-27 13:09:38,8.0,59.26734744298583,7.44367371889896,450.73778683999996,94.46082,0.671200539722868
3467,C:\Users\joshy\OneDrive\Documents\Kravitz Lab\freezeData\\0322\20260327130956-b94.32-f10.png,2026-03-27 13:09:56,10.0,59.53291930482348,7.430976639464878,504.867130794096,94.172624,0.6152404311226028
3468,C:\Users\joshy\OneDrive\Documents\Kravitz Lab\freezeData\\0322\20260327131016-b94.08-f0.png,2026-03-27 13:10:16,0.0,57.618607314540185,7.436900555059071,417.17610324759994,93.928396,0.7438561860092562
3469,C:\Users\joshy\OneDrive\Documents\Kravitz Lab\freezeData\\0322\20260327131035-b94.78-f2.png,2026-03-27 13:10:35,2.0,58.07203370492533,7.456658244261795,462.646070611904,94.609496,0.7805227504928997
3470,C:\Users\joshy\OneDrive\Documents\Kravitz Lab\freezeData\\0322\20260327131054-b94.85-f4.png,2026-03-27 13:10:54,4.0,58.6014194834106,7.454107932528805,413.7897406233441,94.681688,0.8029417425830719
3471,C:\Users\joshy\OneDrive\Documents\Kravitz Lab\freezeData\\0322\20260327131114-b94.92-f6.png,2026-03-27 13:11:14,6.0,58.877412978438514,7.452789797023023,391.92653708273605,94.74392,0.7377617218299803
3472,C:\Users\joshy\OneDrive\Documents\Kravitz Lab\freezeData\\0322\20260327131133-b94.71-f8.png,2026-03-27 13:11:33,8.0,59.20412375889018,7.443881542145126,423.1251999654239,94.538496,0.6699660601948544
3473,C:\Users\joshy\OneDrive\Documents\Kravitz Lab\freezeData\\0322\20260327131212-b94.12-f0.png,2026-03-27 13:12:12,0.0,57.53700709268428,7.437488866077565,417.537822819824,93.95358,0.7450124608771035
3474,C:\Users\joshy\OneDrive\Documents\Kravitz Lab\freezeData\\0322\20260327131152-b94.04-f10.png,2026-03-27 13:11:52,10.0,59.3589319814432,7.428574609505157,474.58205978598403,93.87168,0.6139161243552985
3475,C:\Users\joshy\OneDrive\Documents\Kravitz Lab\freezeData\\0322\20260327131230-b95.07-f2.png,2026-03-27 13:12:30,2.0,58.07347451838975,7.457143138503617,454.686403833856,94.904956,0.7809197671226462
3476,C:\Users\joshy\OneDrive\Documents\Kravitz Lab\freezeData\\0322\20260327131249-b94.98-f4.png,2026-03-27 13:12:49,4.0,58.405430481125784,7.453278474509815,414.73232565734406,94.820628,0.8017713940425067
3477,C:\Users\joshy\OneDrive\Documents\Kravitz Lab\freezeData\\0322\20260327131310-b95.00-f6.png,2026-03-27 13:13:10,6.0,58.92556624864002,7.454549925735447,407.60782090239996,94.839556,0.7357067664809483
3478,C:\Users\joshy\OneDrive\Documents\Kravitz Lab\freezeData\\0322\20260327131328-b94.46-f8.png,2026-03-27 13:13:28,8.0,59.16446437421368,7.438633876785925,436.67024519910393,94.29818,0.669985579631413
3479,C:\Users\joshy\OneDrive\Documents\Kravitz Lab\freezeData\\0322\20260327131346-b94.42-f10.png,2026-03-27 13:13:46,10.0,59.529054227685634,7.4349944633934975,487.202268921584,94.258292,0.6139389115973027
3480,C:\Users\joshy\OneDrive\Documents\Kravitz Lab\freezeData\\0322\20260327131406-b93.84-f0.png,2026-03-27 13:14:06,0.0,57.54176943672956,7.435178853039728,436.47108488177605,93.692484,0.7431547342582973
3481,C:\Users\joshy\OneDrive\Documents\Kravitz Lab\freezeData\\0322\20260327131425-b94.66-f2.png,2026-03-27 13:14:25,2.0,58.16651590550096,7.454047839130014,448.1892901404,94.501848,0.7815023749017955
3482,C:\Users\joshy\OneDrive\Documents\Kravitz Lab\freezeData\\0322\20260327131443-b94.95-f4.png,2026-03-27 13:14:43,4.0,58.579936685644036,7.45668072715083,413.396008338176,94.783044,0.8010332080659883
3483,C:\Users\joshy\OneDrive\Documents\Kravitz Lab\freezeData\\0322\20260327131503-b95.07-f6.png,2026-03-27 13:15:03,6.0,58.8612139102572,7.452502797398613,418.858449322944,94.921712,0.7376250854261344
3484,C:\Users\joshy\OneDrive\Documents\Kravitz Lab\freezeData\\0322\20260327131521-b94.46-f8.png,2026-03-27 13:15:21,8.0,59.18359868421371,7.4419232191810085,422.939895091456,94.293044,0.6697640330553813
3485,C:\Users\joshy\OneDrive\Documents\Kravitz Lab\freezeData\\0322\20260327131540-b94.25-f10.png,2026-03-27 13:15:40,10.0,59.52772835928225,7.432256488744746,488.4975741122561,94.080252,0.6153929666158934
3486,C:\Users\joshy\OneDrive\Documents\Kravitz Lab\freezeData\\0322\20260327131600-b94.16-f0.png,2026-03-27 13:16:00,0.0,57.57764470240636,7.43867852996988,433.7059668924,94.007384,0.7430853673631854
3487,C:\Users\joshy\OneDrive\Documents\Kravitz Lab\freezeData\\0322\20260327131618-b94.57-f2.png,2026-03-27 13:16:18,2.0,58.05083488358678,7.449933018315543,442.28579373438396,94.406612,0.7825123212513946
3488,C:\Users\joshy\OneDrive\Documents\Kravitz Lab\freezeData\\0322\20260327131636-b94.88-f4.png,2026-03-27 13:16:36,4.0,58.48657011344686,7.454925352546212,421.217029093616,94.717192,0.802074903144637
3489,C:\Users\joshy\OneDrive\Documents\Kravitz Lab\freezeData\\0322\20260327131655-b94.79-f6.png,2026-03-27 13:16:55,6.0,58.903894275546975,7.451658656866865,423.4046106915839,94.617572,0.7363987554780881
3490,C:\Users\joshy\OneDrive\Documents\Kravitz Lab\freezeData\\0322\20260327131714-b95.92-f8.png,2026-03-27 13:17:14,8.0,59.117067860543834,7.454376928414057,406.0717164282239,95.746316,0.6586569077878913
3491,C:\Users\joshy\OneDrive\Documents\Kravitz Lab\freezeData\\0322\20260327131733-b94.26-f10.png,2026-03-27 13:17:33,10.0,59.40434338539013,7.429825252752582,475.32440392959995,94.097216,0.615181743406849
3492,C:\Users\joshy\OneDrive\Documents\Kravitz Lab\freezeData\\0322\20260327131754-b93.96-f0.png,2026-03-27 13:17:54,0.0,57.53004004435943,7.439581474862258,419.961148536176,93.80212,0.7439813361449545
3493,C:\Users\joshy\OneDrive\Documents\Kravitz Lab\freezeData\\0322\20260327131813-b94.77-f2.png,2026-03-27 13:18:13,2.0,58.00662980655518,7.448891609719995,441.9178905873761,94.600292,0.7821895877116808
3494,C:\Users\joshy\OneDrive\Documents\Kravitz Lab\freezeData\\0322\20260327131832-b95.03-f4.png,2026-03-27 13:18:32,4.0,58.533661751508426,7.456079982067035,417.84270578558403,94.8714,0.803521480362588
3495,C:\Users\joshy\OneDrive\Documents\Kravitz Lab\freezeData\\0322\20260327131852-b95.03-f6.png,2026-03-27 13:18:52,6.0,58.972760211813046,7.455255593945202,422.383631983984,94.877,0.7360071150872752
3496,C:\Users\joshy\OneDrive\Documents\Kravitz Lab\freezeData\\0322\20260327131910-b94.62-f8.png,2026-03-27 13:19:10,8.0,59.20913230320553,7.442965942833804,424.073745646016,94.459752,0.6712641598195919
3497,C:\Users\joshy\OneDrive\Documents\Kravitz Lab\freezeData\\0322\20260327131928-b94.45-f10.png,2026-03-27 13:19:28,10.0,59.55249129056026,7.434535660593663,491.81786265560004,94.294912,0.6141224035083156
3498,C:\Users\joshy\OneDrive\Documents\Kravitz Lab\freezeData\\0322\20260327131947-b94.10-f0.png,2026-03-27 13:19:47,0.0,57.60506665556092,7.440585180531395,421.76168360678406,93.942872,0.7438332721392771
3499,C:\Users\joshy\OneDrive\Documents\Kravitz Lab\freezeData\\0322\20260327132006-b94.66-f2.png,2026-03-27 13:20:06,2.0,58.116382860726766,7.453559461972779,473.815173450496,94.512132,0.7810315134874126
3500,C:\Users\joshy\OneDrive\Documents\Kravitz Lab\freezeData\\0322\20260327132025-b94.97-f4.png,2026-03-27 13:20:25,4.0,58.533317482059736,7.457140100725468,431.050955403376,94.80962,0.8009661808593076
3501,C:\Users\joshy\OneDrive\Documents\Kravitz Lab\freezeData\\0322\20260327132043-b94.65-f6.png,2026-03-27 13:20:43,6.0,58.79324079215351,7.450210737398322,426.8126996736,94.491684,0.7369263750044258
3502,C:\Users\joshy\OneDrive\Documents\Kravitz Lab\freezeData\\0322\20260327132102-b94.37-f8.png,2026-03-27 13:21:02,8.0,59.15845920424568,7.442152396011651,433.555070157824,94.20214,0.6708154751615631
3503,C:\Users\joshy\OneDrive\Documents\Kravitz Lab\freezeData\\0322\20260327132122-b94.06-f10.png,2026-03-27 13:21:22,10.0,59.47455680050339,7.425481952081299,482.6243854411359,93.899236,0.6135981850892785
3504,C:\Users\joshy\OneDrive\Documents\Kravitz Lab\freezeData\\0322\20260327132140-b94.08-f0.png,2026-03-27 13:21:40,0.0,57.55646860577657,7.439377238763947,427.76181835462404,93.926016,0.7435243457964803
3505,C:\Users\joshy\OneDrive\Documents\Kravitz Lab\freezeData\\0322\20260327132200-b94.81-f2.png,2026-03-27 13:22:00,2.0,58.135736388426146,7.453596767689514,461.56970347360004,94.665368,0.7818890480394329
3506,C:\Users\joshy\OneDrive\Documents\Kravitz Lab\freezeData\\0322\20260327132218-b94.93-f4.png,2026-03-27 13:22:18,4.0,58.45591347383756,7.452748786817603,417.047830660864,94.772404,0.8029947547475682
3507,C:\Users\joshy\OneDrive\Documents\Kravitz Lab\freezeData\\0322\20260327132237-b94.87-f6.png,2026-03-27 13:22:37,6.0,58.84947853654182,7.451349645386882,419.2154714204001,94.711348,0.7362298026069507
3508,C:\Users\joshy\OneDrive\Documents\Kravitz Lab\freezeData\\0322\20260327132255-b94.55-f8.png,2026-03-27 13:22:55,8.0,59.169216260142704,7.441028517708011,447.347096675184,94.403092,0.6712346051257204
3509,C:\Users\joshy\OneDrive\Documents\Kravitz Lab\freezeData\\0322\20260327132314-b94.16-f10.png,2026-03-27 13:23:14,10.0,59.450023177250316,7.4284535467967885,480.60773546097596,93.98338,0.6147709334147158
3510,C:\Users\joshy\OneDrive\Documents\Kravitz Lab\freezeData\\0322\20260327132333-b94.11-f0.png,2026-03-27 13:23:33,0.0,57.67113151092148,7.437199673875583,437.470395053824,93.9535,0.7448635373594671
3511,C:\Users\joshy\OneDrive\Documents\Kravitz Lab\freezeData\\0322\20260327132353-b94.46-f2.png,2026-03-27 13:23:53,2.0,58.04302539003852,7.453872902898277,470.322098587376,94.286188,0.7805476197730931
3512,C:\Users\joshy\OneDrive\Documents\Kravitz Lab\freezeData\\0322\20260327132413-b94.78-f4.png,2026-03-27 13:24:13,4.0,58.495305862165864,7.455071209099073,412.3426610515041,94.630108,0.8011036880080925
3513,C:\Users\joshy\OneDrive\Documents\Kravitz Lab\freezeData\\0322\20260327132431-b94.80-f6.png,2026-03-27 13:24:31,6.0,58.89501994027488,7.4500469131248215,417.292922124224,94.632432,0.7376613985459421
3514,C:\Users\joshy\OneDrive\Documents\Kravitz Lab\freezeData\\0322\20260327132449-b94.61-f8.png,2026-03-27 13:24:49,8.0,59.261886363527914,7.440487344066448,444.794927315696,94.441548,0.6707941042051196
3515,C:\Users\joshy\OneDrive\Documents\Kravitz Lab\freezeData\\0322\20260327132508-b94.18-f10.png,2026-03-27 13:25:08,10.0,59.524341487227424,7.43293523998539,503.1432075334239,94.042456,0.6141956439579783
3516,C:\Users\joshy\OneDrive\Documents\Kravitz Lab\freezeData\\0322\20260327132527-b93.97-f0.png,2026-03-27 13:25:27,0.0,57.582515325553466,7.436159662310442,429.97443384959996,93.81268,0.7446542765598062
3517,C:\Users\joshy\OneDrive\Documents\Kravitz Lab\freezeData\\0322\20260327132546-b94.61-f2.png,2026-03-27 13:25:46,2.0,58.035616935352245,7.451718512264624,465.391507777984,94.444584,0.7814447104877132
3518,C:\Users\joshy\OneDrive\Documents\Kravitz Lab\freezeData\\0322\20260327132606-b94.73-f4.png,2026-03-27 13:26:06,4.0,58.45164737820128,7.4560534955166675,429.3970129244,94.566804,0.8025823020632642
3519,C:\Users\joshy\OneDrive\Documents\Kravitz Lab\freezeData\\0322\20260327132624-b94.83-f6.png,2026-03-27 13:26:24,6.0,58.91367403044207,7.451696256303505,424.1820546361439,94.671896,0.7382054260606142
3520,C:\Users\joshy\OneDrive\Documents\Kravitz Lab\freezeData\\0322\20260327132642-b94.67-f8.png,2026-03-27 13:26:42,8.0,59.27079095374732,7.441428684419355,442.2438849904001,94.501928,0.6706849879565323
3521,C:\Users\joshy\OneDrive\Documents\Kravitz Lab\freezeData\\0322\20260327132701-b94.27-f10.png,2026-03-27 13:27:01,10.0,59.49489732824408,7.430458665019319,478.646976341504,94.119264,0.6146637584470266
3522,C:\Users\joshy\OneDrive\Documents\Kravitz Lab\freezeData\\0322\20260327132720-b94.15-f0.png,2026-03-27 13:27:20,0.0,57.587647287926735,7.437095833577841,435.36740960921594,93.993688,0.743857600011158
3523,C:\Users\joshy\OneDrive\Documents\Kravitz Lab\freezeData\\0322\20260327132739-b94.66-f2.png,2026-03-27 13:27:39,2.0,57.99520464896814,7.449689534293584,464.253242734064,94.494548,0.780512540702343
3524,C:\Users\joshy\OneDrive\Documents\Kravitz Lab\freezeData\\0322\20260327132758-b94.91-f4.png,2026-03-27 13:27:58,4.0,58.50955473133652,7.455124058365369,424.380318414784,94.740144,0.8013143831893484
3525,C:\Users\joshy\OneDrive\Documents\Kravitz Lab\freezeData\\0322\20260327132816-b94.79-f6.png,2026-03-27 13:28:16,6.0,58.97859444108732,7.451964335922254,421.27055583839996,94.633588,0.7380612322078701
3526,C:\Users\joshy\OneDrive\Documents\Kravitz Lab\freezeData\\0322\20260327132836-b94.65-f8.png,2026-03-27 13:28:36,8.0,59.27664244392309,7.442359184860626,450.80945892657604,94.495464,0.6715551241838443
3527,C:\Users\joshy\OneDrive\Documents\Kravitz Lab\freezeData\\0322\20260327132855-b94.24-f10.png,2026-03-27 13:28:55,10.0,59.42082051100943,7.43096137030292,503.31254587238396,94.08728,0.6157623075682965
3528,C:\Users\joshy\OneDrive\Documents\Kravitz Lab\freezeData\\0322\20260327132915-b93.93-f0.png,2026-03-27 13:29:15,0.0,57.59322655604619,7.432682092840488,430.13576530225595,93.788456,0.7446683225438676
3529,C:\Users\joshy\OneDrive\Documents\Kravitz Lab\freezeData\\0322\20260327132934-b94.56-f2.png,2026-03-27 13:29:34,2.0,57.931902470535185,7.453721556547054,463.7351322270561,94.40038,0.781304206076629
3530,C:\Users\joshy\OneDrive\Documents\Kravitz Lab\freezeData\\0322\20260327132953-b94.99-f4.png,2026-03-27 13:29:53,4.0,58.56437134267612,7.456721572404971,431.2147853642241,94.830444,0.8030441741216062
3531,C:\Users\joshy\OneDrive\Documents\Kravitz Lab\freezeData\\0322\20260327133011-b94.88-f6.png,2026-03-27 13:30:11,6.0,58.949703575540525,7.451546531255937,405.4948653756,94.716648,0.7361433171950807
3532,C:\Users\joshy\OneDrive\Documents\Kravitz Lab\freezeData\\0322\20260327133030-b94.60-f8.png,2026-03-27 13:30:30,8.0,59.16099042545329,7.439770472888912,445.97137263999997,94.445632,0.6712305786201087
3533,C:\Users\joshy\OneDrive\Documents\Kravitz Lab\freezeData\\0322\20260327133049-b93.96-f10.png,2026-03-27 13:30:49,10.0,59.433090261206644,7.427813668472424,499.094989060096,93.814792,0.6156269444141779
3534,C:\Users\joshy\OneDrive\Documents\Kravitz Lab\freezeData\\0322\20260327133108-b93.91-f0.png,2026-03-27 13:31:08,0.0,57.57513310476668,7.4381036812343595,431.71301565694404,93.75678,0.7450520325869706
3535,C:\Users\joshy\OneDrive\Documents\Kravitz Lab\freezeData\\0322\20260327133126-b94.90-f2.png,2026-03-27 13:31:26,2.0,58.177756708561525,7.454331764459655,452.1865400476,94.734368,0.7818582079059335
3536,C:\Users\joshy\OneDrive\Documents\Kravitz Lab\freezeData\\0322\20260327133146-b95.03-f4.png,2026-03-27 13:31:46,4.0,58.457138461779806,7.4543480886452365,416.3802157975041,94.860548,0.8028270487475145
3537,C:\Users\joshy\OneDrive\Documents\Kravitz Lab\freezeData\\0322\20260327133205-b95.04-f6.png,2026-03-27 13:32:05,6.0,58.95189911511302,7.454710318865686,432.34349157318394,94.888256,0.7364751009896637
3538,C:\Users\joshy\OneDrive\Documents\Kravitz Lab\freezeData\\0322\20260327133243-b94.24-f10.png,2026-03-27 13:32:43,10.0,59.52254878043365,7.42996942022787,491.646369646016,94.080664,0.6157046764240285
3539,C:\Users\joshy\OneDrive\Documents\Kravitz Lab\freezeData\\0322\20260327133223-b94.69-f8.png,2026-03-27 13:32:23,8.0,59.222075558034945,7.441332573028728,441.687511460976,94.53272,0.6715198167031866
3540,C:\Users\joshy\OneDrive\Documents\Kravitz Lab\freezeData\\0322\20260327133301-b93.99-f0.png,2026-03-27 13:33:01,0.0,57.64503222608366,7.437029881620929,429.220919107056,93.850924,0.7442850472619463
3541,C:\Users\joshy\OneDrive\Documents\Kravitz Lab\freezeData\\0322\20260327133338-b94.91-f4.png,2026-03-27 13:33:38,4.0,58.498238195364486,7.454009678555037,428.2344877516161,94.75872,0.804008721821621
3542,C:\Users\joshy\OneDrive\Documents\Kravitz Lab\freezeData\\0322\20260327133319-b94.72-f2.png,2026-03-27 13:33:19,2.0,58.01048453590837,7.453778669239221,466.638888193904,94.550556,0.7817647596800518
3543,C:\Users\joshy\OneDrive\Documents\Kravitz Lab\freezeData\\0322\20260327133357-b94.94-f6.png,2026-03-27 13:33:57,6.0,58.94411986437324,7.453676566826051,422.409825191024,94.78512,0.7371924769628293
3544,C:\Users\joshy\OneDrive\Documents\Kravitz Lab\freezeData\\0322\20260327133415-b94.62-f8.png,2026-03-27 13:34:15,8.0,59.22229332726317,7.441620498814255,433.233992496896,94.45686,0.6707943927351885
3545,C:\Users\joshy\OneDrive\Documents\Kravitz Lab\freezeData\\0322\20260327133434-b94.27-f10.png,2026-03-27 13:34:34,10.0,59.459355567256665,7.4330821204689705,493.017363675376,94.101388,0.6137192715548387
3546,C:\Users\joshy\OneDrive\Documents\Kravitz Lab\freezeData\\0322\20260327133453-b93.96-f0.png,2026-03-27 13:34:53,0.0,57.52608963193295,7.436629832578124,441.180455000304,93.806104,0.7438586265415563
3547,C:\Users\joshy\OneDrive\Documents\Kravitz Lab\freezeData\\0322\20260327133511-b94.78-f2.png,2026-03-27 13:35:11,2.0,58.04527355113062,7.450277728162811,447.92123184326397,94.608196,0.7814788040640782
3548,C:\Users\joshy\OneDrive\Documents\Kravitz Lab\freezeData\\0322\20260327133532-b94.81-f4.png,2026-03-27 13:35:32,4.0,58.51566661928014,7.452453961813827,428.71595152025606,94.649292,0.8020096642475226
3549,C:\Users\joshy\OneDrive\Documents\Kravitz Lab\freezeData\\0322\20260327133549-b94.79-f6.png,2026-03-27 13:35:49,6.0,58.9056170410991,7.452758587829782,430.823899018176,94.629124,0.7383434711911209
3550,C:\Users\joshy\OneDrive\Documents\Kravitz Lab\freezeData\\0322\20260327133608-b94.81-f8.png,2026-03-27 13:36:08,8.0,59.2456480120792,7.444795546770009,447.150340569536,94.666396,0.6716698832820971
3551,C:\Users\joshy\OneDrive\Documents\Kravitz Lab\freezeData\\0322\20260327133627-b94.40-f10.png,2026-03-27 13:36:27,10.0,59.39597207725103,7.429327882934981,484.2335016130561,94.244804,0.614945290705399
3552,C:\Users\joshy\OneDrive\Documents\Kravitz Lab\freezeData\\0322\20260327133646-b93.95-f0.png,2026-03-27 13:36:46,0.0,57.619663074160506,7.437883952796299,438.04579529977593,93.802832,0.7444779202375256
3553,C:\Users\joshy\OneDrive\Documents\Kravitz Lab\freezeData\\0322\20260327133704-b94.67-f2.png,2026-03-27 13:37:04,2.0,58.00514074485468,7.4518357716203205,460.69173547360003,94.51764,0.7812171080769529
3554,C:\Users\joshy\OneDrive\Documents\Kravitz Lab\freezeData\\0322\20260327133722-b94.71-f4.png,2026-03-27 13:37:22,4.0,58.50660222430094,7.45359148486106,419.268755309296,94.537632,0.8030848797010385
3555,C:\Users\joshy\OneDrive\Documents\Kravitz Lab\freezeData\\0322\20260327133741-b94.59-f6.png,2026-03-27 13:37:41,6.0,58.87181158835879,7.450460516091585,409.29009333657604,94.434028,0.7363753447640375
3556,C:\Users\joshy\OneDrive\Documents\Kravitz Lab\freezeData\\0322\20260327133759-b94.64-f8.png,2026-03-27 13:37:59,8.0,59.282203175087886,7.443685994681794,440.10522243326403,94.48226,0.670601918535566
3557,C:\Users\joshy\OneDrive\Documents\Kravitz Lab\freezeData\\0322\20260327133836-b94.00-f0.png,2026-03-27 13:38:36,0.0,57.55271448262367,7.437981485336277,444.07927754840006,93.85396,0.7445889755215984
3558,C:\Users\joshy\OneDrive\Documents\Kravitz Lab\freezeData\\0322\20260327133818-b94.30-f10.png,2026-03-27 13:38:18,10.0,59.52289389155417,7.433176578988267,487.06759043326394,94.133472,0.6142191847609727
3559,C:\Users\joshy\OneDrive\Documents\Kravitz Lab\freezeData\\0322\20260327133914-b94.90-f4.png,2026-03-27 13:39:14,4.0,58.477188229955104,7.45434608799106,414.6397520701441,94.74428,0.8019017879374054
3560,C:\Users\joshy\OneDrive\Documents\Kravitz Lab\freezeData\\0322\20260327133855-b94.74-f2.png,2026-03-27 13:38:55,2.0,58.015194039713975,7.454433341384232,479.274951843264,94.582344,0.780697786092952
3561,C:\Users\joshy\OneDrive\Documents\Kravitz Lab\freezeData\\0322\20260327133935-b94.80-f6.png,2026-03-27 13:39:35,6.0,58.86901169017792,7.454160231372429,434.069966449264,94.640736,0.7368641468728769
3562,C:\Users\joshy\OneDrive\Documents\Kravitz Lab\freezeData\\0322\20260327133954-b94.71-f8.png,2026-03-27 13:39:54,8.0,59.172398746946065,7.43871851864707,444.99262899039996,94.555304,0.6706827493522671
3563,C:\Users\joshy\OneDrive\Documents\Kravitz Lab\freezeData\\0322\20260327134014-b94.06-f10.png,2026-03-27 13:40:14,10.0,59.44767144887799,7.433656238978679,477.6752771991041,93.904484,0.6138405018804383
3564,C:\Users\joshy\OneDrive\Documents\Kravitz Lab\freezeData\\0322\20260327134032-b93.97-f0.png,2026-03-27 13:40:32,0.0,57.51421170340479,7.43617074143696,433.61594795710397,93.819456,0.7442587356094921
3565,C:\Users\joshy\OneDrive\Documents\Kravitz Lab\freezeData\\0322\20260327134052-b94.66-f2.png,2026-03-27 13:40:52,2.0,58.097699142971784,7.453752396318916,464.23453935640003,94.505856,0.7815557353530125
3566,C:\Users\joshy\OneDrive\Documents\Kravitz Lab\freezeData\\0322\20260327134110-b94.90-f4.png,2026-03-27 13:41:10,4.0,58.541984981501955,7.4547252871770295,400.9495470718561,94.72984,0.8015776756978378
3567,C:\Users\joshy\OneDrive\Documents\Kravitz Lab\freezeData\\0322\20260327134129-b94.91-f6.png,2026-03-27 13:41:29,6.0,58.88329964936069,7.450779754662903,417.9284851776,94.74506,0.7361728967424964
3568,C:\Users\joshy\OneDrive\Documents\Kravitz Lab\freezeData\\0322\20260327134149-b94.47-f8.png,2026-03-27 13:41:49,8.0,59.12216835990493,7.438296829618153,430.72402856953596,94.312084,0.6706097056245076
3569,C:\Users\joshy\OneDrive\Documents\Kravitz Lab\freezeData\\0322\20260327134208-b94.43-f10.png,2026-03-27 13:42:08,10.0,59.547493726420555,7.435120228224618,494.4335347294561,94.280148,0.6139243129550029
3570,C:\Users\joshy\OneDrive\Documents\Kravitz Lab\freezeData\\0322\20260327134225-b93.84-f0.png,2026-03-27 13:42:25,0.0,57.603076469706856,7.437447006262328,434.6134855483999,93.700652,0.7453892557386186
3571,C:\Users\joshy\OneDrive\Documents\Kravitz Lab\freezeData\\0322\20260327134245-b94.89-f2.png,2026-03-27 13:42:45,2.0,58.09057064901104,7.454334666166204,459.9777265136,94.728984,0.7820307857626292
3572,C:\Users\joshy\OneDrive\Documents\Kravitz Lab\freezeData\\0322\20260327134303-b94.90-f4.png,2026-03-27 13:43:03,4.0,58.49149752488476,7.45576728601603,425.74088471,94.74342,0.8008204951261365
3573,C:\Users\joshy\OneDrive\Documents\Kravitz Lab\freezeData\\0322\20260327134322-b94.84-f6.png,2026-03-27 13:43:22,6.0,58.98474089635101,7.452787584852688,425.641787640256,94.669344,0.7366538326280172
3574,C:\Users\joshy\OneDrive\Documents\Kravitz Lab\freezeData\\0322\20260327134341-b94.53-f8.png,2026-03-27 13:43:41,8.0,59.19514491412619,7.441905819972214,428.732196690416,94.36134,0.6699959596179443
3575,C:\Users\joshy\OneDrive\Documents\Kravitz Lab\freezeData\\0322\20260327134400-b94.10-f10.png,2026-03-27 13:44:00,10.0,59.47230163949211,7.430745242696989,495.31040581830393,93.950708,0.6144944326328352
3576,C:\Users\joshy\OneDrive\Documents\Kravitz Lab\freezeData\\0322\20260327134419-b94.28-f0.png,2026-03-27 13:44:19,0.0,57.641676374385085,7.442735599672359,426.622997388544,94.122216,0.743045797459324
3577,C:\Users\joshy\OneDrive\Documents\Kravitz Lab\freezeData\\0322\20260327134438-b94.55-f2.png,2026-03-27 13:44:38,2.0,57.95235703724348,7.450207083670274,469.353691262064,94.395684,0.7811877986568118
3578,C:\Users\joshy\OneDrive\Documents\Kravitz Lab\freezeData\\0322\20260327134457-b95.12-f4.png,2026-03-27 13:44:57,4.0,58.564625990339934,7.4603032918152525,414.676755450224,94.95454,0.8001099195542645
3579,C:\Users\joshy\OneDrive\Documents\Kravitz Lab\freezeData\\0322\20260327134516-b95.02-f6.png,2026-03-27 13:45:16,6.0,58.82502760021792,7.449974456785406,417.8149590716001,94.85344,0.7363033627050389
3580,C:\Users\joshy\OneDrive\Documents\Kravitz Lab\freezeData\\0322\20260327134535-b94.68-f8.png,2026-03-27 13:45:35,8.0,59.25972036549022,7.443033718932194,445.28197657081597,94.520352,0.6705569108369229
3581,C:\Users\joshy\OneDrive\Documents\Kravitz Lab\freezeData\\0322\20260327134554-b94.36-f10.png,2026-03-27 13:45:54,10.0,59.48245151639048,7.431772922569333,492.81872125041605,94.199984,0.6141884203079344
3582,C:\Users\joshy\OneDrive\Documents\Kravitz Lab\freezeData\\0322\20260327134613-b94.04-f0.png,2026-03-27 13:46:13,0.0,57.57589783531842,7.43575776631503,417.5913350003039,93.875676,0.7441547600409654
3583,C:\Users\joshy\OneDrive\Documents\Kravitz Lab\freezeData\\0322\20260327134632-b94.96-f2.png,2026-03-27 13:46:32,2.0,58.06076283133056,7.454265169190318,466.9728803036,94.792772,0.7794761490228033
3584,C:\Users\joshy\OneDrive\Documents\Kravitz Lab\freezeData\\0322\20260327134650-b94.77-f4.png,2026-03-27 13:46:50,4.0,58.51458426166673,7.454228379101842,426.802239751616,94.620452,0.8026940714821267
3585,C:\Users\joshy\OneDrive\Documents\Kravitz Lab\freezeData\\0322\20260327134709-b95.01-f6.png,2026-03-27 13:47:09,6.0,58.899479264384,7.450251710075932,422.6592191600001,94.85062,0.7380253901989756
3586,C:\Users\joshy\OneDrive\Documents\Kravitz Lab\freezeData\\0322\20260327134729-b94.72-f8.png,2026-03-27 13:47:29,8.0,59.16115378898893,7.44086041478755,435.212067967984,94.55666,0.6711294018149337
3587,C:\Users\joshy\OneDrive\Documents\Kravitz Lab\freezeData\\0322\20260327134747-b94.14-f10.png,2026-03-27 13:47:47,10.0,59.4568467398129,7.431034246994057,476.30421787238396,93.97172,0.6145640969730057
3588,C:\Users\joshy\OneDrive\Documents\Kravitz Lab\freezeData\\0322\20260327134805-b93.73-f0.png,2026-03-27 13:48:05,0.0,57.617767696289654,7.436642537808703,437.907671386096,93.57842,0.7435364959628786
3589,C:\Users\joshy\OneDrive\Documents\Kravitz Lab\freezeData\\0322\20260327134844-b95.02-f4.png,2026-03-27 13:48:44,4.0,58.51482961771315,7.454799330151966,421.22037266673595,94.8509,0.8021681862741095
3590,C:\Users\joshy\OneDrive\Documents\Kravitz Lab\freezeData\\0322\20260327134824-b94.72-f2.png,2026-03-27 13:48:24,2.0,58.07015260554771,7.455504180395211,459.03187075840003,94.55322,0.7802851663018043
3591,C:\Users\joshy\OneDrive\Documents\Kravitz Lab\freezeData\\0322\20260327134905-b94.97-f6.png,2026-03-27 13:49:05,6.0,58.873480745965615,7.4501389528773405,433.048467772864,94.826804,0.7374029026199727
3592,C:\Users\joshy\OneDrive\Documents\Kravitz Lab\freezeData\\0322\20260327134924-b94.62-f8.png,2026-03-27 13:49:24,8.0,59.225600663868455,7.440595498177597,440.13029522278396,94.467228,0.6714078371142514
3593,C:\Users\joshy\OneDrive\Documents\Kravitz Lab\freezeData\\0322\20260327134942-b94.20-f10.png,2026-03-27 13:49:42,10.0,59.538213889148544,7.430618265618854,495.82485381830395,94.0433,0.6157998065182307
3594,C:\Users\joshy\OneDrive\Documents\Kravitz Lab\freezeData\\0322\20260327135001-b93.92-f0.png,2026-03-27 13:50:01,0.0,57.4825284616387,7.434650851194597,431.730739018176,93.772664,0.7439066822434156
3595,C:\Users\joshy\OneDrive\Documents\Kravitz Lab\freezeData\\0322\20260327135020-b94.71-f2.png,2026-03-27 13:50:20,2.0,58.03338475859164,7.449804327574045,465.89434804760003,94.564292,0.7809863292275486
3596,C:\Users\joshy\OneDrive\Documents\Kravitz Lab\freezeData\\0322\20260327135038-b94.67-f4.png,2026-03-27 13:50:38,4.0,58.456578281658054,7.453864622446962,435.10178202686404,94.514128,0.801726758489461
3597,C:\Users\joshy\OneDrive\Documents\Kravitz Lab\freezeData\\0322\20260327135057-b94.70-f6.png,2026-03-27 13:50:57,6.0,58.94944552538217,7.453059537662533,425.85346627833604,94.5405,0.7373689616127744
3598,C:\Users\joshy\OneDrive\Documents\Kravitz Lab\freezeData\\0322\20260327135117-b94.93-f8.png,2026-03-27 13:51:17,8.0,59.25324256294516,7.443596057722383,415.68268247040004,94.753972,0.6701952176744902
3599,C:\Users\joshy\OneDrive\Documents\Kravitz Lab\freezeData\\0322\20260327135135-b94.24-f10.png,2026-03-27 13:51:35,10.0,59.41735197425129,7.432507411054743,493.69625650046396,94.069544,0.6135039946309917
3600,C:\Users\joshy\OneDrive\Documents\Kravitz Lab\freezeData\\0322\20260327135212-b94.73-f2.png,2026-03-27 13:52:12,2.0,58.07969948191881,7.452116365432203,453.2515324044639,94.5597,0.7809466177765526
3601,C:\Users\joshy\OneDrive\Documents\Kravitz Lab\freezeData\\0322\20260327135154-b93.96-f0.png,2026-03-27 13:51:54,0.0,57.552128698321354,7.437592936992716,430.33182385470394,93.793684,0.7437449478796816
3602,C:\Users\joshy\OneDrive\Documents\Kravitz Lab\freezeData\\0322\20260327135232-b94.84-f4.png,2026-03-27 13:52:32,4.0,58.49566293688448,7.456273166890068,429.43232287960006,94.66912,0.8015149421928631
3603,C:\Users\joshy\OneDrive\Documents\Kravitz Lab\freezeData\\0322\20260327135250-b94.77-f6.png,2026-03-27 13:52:50,6.0,58.905513821274965,7.453343459159789,434.7194516736,94.625672,0.7377365841180925
3604,C:\Users\joshy\OneDrive\Documents\Kravitz Lab\freezeData\\0322\20260327135309-b94.38-f8.png,2026-03-27 13:53:09,8.0,59.22765803237538,7.437499392831402,451.692249025264,94.222,0.6712542029601408
3605,C:\Users\joshy\OneDrive\Documents\Kravitz Lab\freezeData\\0322\20260327135329-b94.14-f10.png,2026-03-27 13:53:29,10.0,59.5372019710492,7.431205536483344,503.70676590999994,93.979864,0.6142783800433559
3606,C:\Users\joshy\OneDrive\Documents\Kravitz Lab\freezeData\\0322\20260327135347-b94.18-f0.png,2026-03-27 13:53:47,0.0,57.525088850105604,7.435108933962759,432.792043053824,94.019616,0.7437277913228587
3607,C:\Users\joshy\OneDrive\Documents\Kravitz Lab\freezeData\\0322\20260327135405-b94.86-f2.png,2026-03-27 13:54:05,2.0,58.037188629380594,7.45225994916205,467.08375826560007,94.698736,0.7823323441343064
3608,C:\Users\joshy\OneDrive\Documents\Kravitz Lab\freezeData\\0322\20260327135425-b95.08-f4.png,2026-03-27 13:54:25,4.0,58.49946299118705,7.457421785840872,429.59626319097595,94.918356,0.8026886414369205
3609,C:\Users\joshy\OneDrive\Documents\Kravitz Lab\freezeData\\0322\20260327135444-b94.92-f6.png,2026-03-27 13:54:44,6.0,58.92626054682228,7.453177564132318,426.90047131710395,94.753996,0.7359763727117571
3610,C:\Users\joshy\OneDrive\Documents\Kravitz Lab\freezeData\\0322\20260327135502-b94.60-f8.png,2026-03-27 13:55:02,8.0,59.1879037226978,7.4430484980982285,449.238467133376,94.450716,0.67175734624448
3611,C:\Users\joshy\OneDrive\Documents\Kravitz Lab\freezeData\\0322\20260327135522-b94.57-f10.png,2026-03-27 13:55:22,10.0,59.4495859353357,7.432677829254344,502.531611641856,94.409556,0.6134108174027452
3612,C:\Users\joshy\OneDrive\Documents\Kravitz Lab\freezeData\\0322\20260327135541-b94.17-f0.png,2026-03-27 13:55:41,0.0,57.68610481707899,7.43934512706709,431.61167867313605,94.013676,0.7445509702391693
3613,C:\Users\joshy\OneDrive\Documents\Kravitz Lab\freezeData\\0322\20260327135601-b95.05-f2.png,2026-03-27 13:56:01,2.0,58.04082439444237,7.454159273220415,450.1696243824,94.887752,0.7808750454836895
3614,C:\Users\joshy\OneDrive\Documents\Kravitz Lab\freezeData\\0322\20260327135620-b94.91-f4.png,2026-03-27 13:56:20,4.0,58.512220025246144,7.458816341028703,429.390217528064,94.751928,0.8014051417874695
3615,C:\Users\joshy\OneDrive\Documents\Kravitz Lab\freezeData\\0322\20260327135639-b94.85-f6.png,2026-03-27 13:56:39,6.0,58.91067332456433,7.4511885709142955,436.791443967936,94.705408,0.7384583246691753
3616,C:\Users\joshy\OneDrive\Documents\Kravitz Lab\freezeData\\0322\20260327135658-b94.49-f8.png,2026-03-27 13:56:58,8.0,59.237436453583165,7.444830821874155,453.038204709824,94.333764,0.669955731774322
3617,C:\Users\joshy\OneDrive\Documents\Kravitz Lab\freezeData\\0322\20260327135717-b94.18-f10.png,2026-03-27 13:57:17,10.0,59.50917216926817,7.433338593378815,471.15304755686407,93.99722,0.6156582007762175
3618,C:\Users\joshy\OneDrive\Documents\Kravitz Lab\freezeData\\0322\20260327135736-b94.08-f0.png,2026-03-27 13:57:36,0.0,57.63731651837015,7.4398204264560945,439.04582429382407,93.918904,0.7439437623615618
3619,C:\Users\joshy\OneDrive\Documents\Kravitz Lab\freezeData\\0322\20260327135754-b94.61-f2.png,2026-03-27 13:57:54,2.0,58.058221343569805,7.451524544840138,460.98612089777595,94.439416,0.7814948859930253
3620,C:\Users\joshy\OneDrive\Documents\Kravitz Lab\freezeData\\0322\20260327135812-b95.02-f4.png,2026-03-27 13:58:12,4.0,58.558074037388764,7.455182105855248,421.458804227056,94.858236,0.802150495112171
3621,C:\Users\joshy\OneDrive\Documents\Kravitz Lab\freezeData\\0322\20260327135831-b95.01-f6.png,2026-03-27 13:58:31,6.0,58.9236757852005,7.451590750243903,423.797535212656,94.854976,0.7366892786975208
3622,C:\Users\joshy\OneDrive\Documents\Kravitz Lab\freezeData\\0322\20260327135850-b94.67-f8.png,2026-03-27 13:58:50,8.0,59.24918086757319,7.444927201624382,452.1371855787361,94.53096,0.6700726975866698
3623,C:\Users\joshy\OneDrive\Documents\Kravitz Lab\freezeData\\0322\20260327135909-b94.48-f10.png,2026-03-27 13:59:09,10.0,59.51451306051659,7.434525427191299,508.97616025086404,94.33236,0.6137676153295393
3624,C:\Users\joshy\OneDrive\Documents\Kravitz Lab\freezeData\\0322\20260327135928-b94.25-f0.png,2026-03-27 13:59:28,0.0,57.54729424787108,7.442707767766388,445.59447412422395,94.096212,0.7435433990257616
3625,C:\Users\joshy\OneDrive\Documents\Kravitz Lab\freezeData\\0322\20260327135947-b94.58-f2.png,2026-03-27 13:59:47,2.0,58.13249907003331,7.45198701219659,463.193235496944,94.414024,0.7822764305838178
3626,C:\Users\joshy\OneDrive\Documents\Kravitz Lab\freezeData\\0322\20260327140006-b95.05-f4.png,2026-03-27 14:00:06,4.0,58.481403008559916,7.4517872792509765,428.062607520256,94.89752,0.8022519777007583
3627,C:\Users\joshy\OneDrive\Documents\Kravitz Lab\freezeData\\0322\20260327140027-b94.92-f6.png,2026-03-27 14:00:27,6.0,58.90026133749276,7.450852008268091,416.49815863614396,94.776084,0.7366326144605877
3628,C:\Users\joshy\OneDrive\Documents\Kravitz Lab\freezeData\\0322\20260327140046-b94.84-f8.png,2026-03-27 14:00:46,8.0,59.21612524575231,7.442193414347788,441.840955713984,94.681876,0.6718783142778422
3629,C:\Users\joshy\OneDrive\Documents\Kravitz Lab\freezeData\\0322\20260327140123-b94.08-f0.png,2026-03-27 14:01:23,0.0,57.49367813233646,7.437215871835404,425.2484666176,93.924536,0.7431013350210097
3630,C:\Users\joshy\OneDrive\Documents\Kravitz Lab\freezeData\\0322\20260327140105-b93.91-f10.png,2026-03-27 14:01:05,10.0,59.403607323876756,7.4262919336305835,485.252908710336,93.752216,0.6156049528326187
3631,C:\Users\joshy\OneDrive\Documents\Kravitz Lab\freezeData\\0322\20260327140143-b94.92-f2.png,2026-03-27 14:01:43,2.0,58.094826182125516,7.454466283025845,445.001990165504,94.749068,0.7811575943973821
3632,C:\Users\joshy\OneDrive\Documents\Kravitz Lab\freezeData\\0322\20260327140203-b95.18-f4.png,2026-03-27 14:02:03,4.0,58.55447771895967,7.455002841076659,422.9107278888961,95.030316,0.8018195007069441
3633,C:\Users\joshy\OneDrive\Documents\Kravitz Lab\freezeData\\0322\20260327140222-b95.00-f6.png,2026-03-27 14:02:22,6.0,58.97687236874279,7.452163433696179,425.399908374784,94.849968,0.7382251988759625
3634,C:\Users\joshy\OneDrive\Documents\Kravitz Lab\freezeData\\0322\20260327140242-b94.65-f8.png,2026-03-27 14:02:42,8.0,59.14836221675457,7.44256014190277,447.874764710336,94.49734,0.6691733426455387
3635,C:\Users\joshy\OneDrive\Documents\Kravitz Lab\freezeData\\0322\20260327140301-b94.25-f10.png,2026-03-27 14:03:01,10.0,59.49901132546308,7.4299144844825875,483.44133824710406,94.099696,0.614963933909752
3636,C:\Users\joshy\OneDrive\Documents\Kravitz Lab\freezeData\\0322\20260327140321-b94.31-f0.png,2026-03-27 14:03:21,0.0,57.71128124134123,7.438772781888559,423.41073780985596,94.165896,0.7435198263276106
3637,C:\Users\joshy\OneDrive\Documents\Kravitz Lab\freezeData\\0322\20260327140340-b94.83-f2.png,2026-03-27 14:03:40,2.0,58.01674756024932,7.45257409754521,460.43287311000006,94.681952,0.7815887606425336
3638,C:\Users\joshy\OneDrive\Documents\Kravitz Lab\freezeData\\0322\20260327140359-b94.77-f4.png,2026-03-27 14:03:59,4.0,58.55708077375593,7.4512677862702095,426.289173051504,94.605732,0.8045601869355344
3639,C:\Users\joshy\OneDrive\Documents\Kravitz Lab\freezeData\\0322\20260327140419-b94.76-f6.png,2026-03-27 14:04:19,6.0,58.95705861558564,7.453917475444305,416.624589856704,94.60272,0.737086623543077
3640,C:\Users\joshy\OneDrive\Documents\Kravitz Lab\freezeData\\0322\20260327140437-b94.48-f8.png,2026-03-27 14:04:37,8.0,59.160602294070536,7.441336692460705,432.34064292657604,94.325896,0.6689220718754807
3641,C:\Users\joshy\OneDrive\Documents\Kravitz Lab\freezeData\\0322\20260327140457-b94.00-f10.png,2026-03-27 14:04:57,10.0,59.40664886257766,7.431967449949668,489.3384385816161,93.83928,0.612767876918539
3642,C:\Users\joshy\OneDrive\Documents\Kravitz Lab\freezeData\\0322\20260327140516-b94.13-f0.png,2026-03-27 14:05:16,0.0,57.591748201854195,7.436932449285847,436.12595874673605,93.978668,0.7420301279188602
3643,C:\Users\joshy\OneDrive\Documents\Kravitz Lab\freezeData\\0322\20260327140537-b94.71-f2.png,2026-03-27 14:05:37,2.0,57.99538659263704,7.4553104791308495,455.407084602624,94.547476,0.7800997465310889
3644,C:\Users\joshy\OneDrive\Documents\Kravitz Lab\freezeData\\0322\20260327140555-b95.09-f4.png,2026-03-27 14:05:55,4.0,58.58332461696506,7.457868601834994,429.20971679614394,94.936464,0.8009328885543929
3645,C:\Users\joshy\OneDrive\Documents\Kravitz Lab\freezeData\\0322\20260327140614-b95.14-f6.png,2026-03-27 14:06:14,6.0,58.96517513322237,7.454424304531621,411.813871000304,94.972696,0.7376728174938406
3646,C:\Users\joshy\OneDrive\Documents\Kravitz Lab\freezeData\\0322\20260327140632-b94.70-f8.png,2026-03-27 14:06:32,8.0,59.36503725018004,7.443740582591378,445.58828643326405,94.553144,0.6686986432788871
3647,C:\Users\joshy\OneDrive\Documents\Kravitz Lab\freezeData\\0322\20260327140651-b94.08-f10.png,2026-03-27 14:06:51,10.0,59.509334297025504,7.42705701912024,485.30136286040005,93.917808,0.6145951685347204
