,filename,time,focus,pixel_std,entropy,laplace_var,brightness,ssim
0,C:\Users\joshy\OneDrive\Documents\Kravitz Lab\freezeData\\0506\20260506105715-b97.10-f0.png,2026-05-06 10:57:15,0.0,54.18931175161449,7.388127245296228,494.6331946176,96.911344,0.649316268012078
1,C:\Users\joshy\OneDrive\Documents\Kravitz Lab\freezeData\\0506\20260506105539-b97.37-f2.png,2026-05-06 10:55:39,2.0,54.533221596397325,7.397787397897238,541.21495071,97.172332,0.6807801327768958
2,C:\Users\joshy\OneDrive\Documents\Kravitz Lab\freezeData\\0506\20260506105559-b97.63-f4.png,2026-05-06 10:55:59,4.0,54.907971226620134,7.393612758717433,439.182360774656,97.422284,0.7221569135821736
3,C:\Users\joshy\OneDrive\Documents\Kravitz Lab\freezeData\\0506\20260506105501-b97.02-f10.png,2026-05-06 10:55:01,10.0,56.223932427819946,7.411582096783073,516.667635775216,96.862456,0.6313992452666549
4,C:\Users\joshy\OneDrive\Documents\Kravitz Lab\freezeData\\0506\20260506105637-b97.30-f8.png,2026-05-06 10:56:37,8.0,55.869629574855786,7.4089924329478425,454.41658171160003,97.12322,0.6659604669191077
5,C:\Users\joshy\OneDrive\Documents\Kravitz Lab\freezeData\\0506\20260506105519-b97.09-f0.png,2026-05-06 10:55:19,0.0,54.18346793538132,7.387540168829985,501.87627476505594,96.891748,0.6493796999919397
6,C:\Users\joshy\OneDrive\Documents\Kravitz Lab\freezeData\\0506\20260506105619-b97.50-f6.png,2026-05-06 10:56:19,6.0,55.31453958003938,7.402090689718161,426.6917956402559,97.310984,0.7009402916589748
7,C:\Users\joshy\OneDrive\Documents\Kravitz Lab\freezeData\\0506\20260506105657-b96.95-f10.png,2026-05-06 10:56:57,10.0,56.23702097411405,7.410367500826204,520.3015983588961,96.787416,0.6312250128114636
8,C:\Users\joshy\OneDrive\Documents\Kravitz Lab\freezeData\\0506\20260506105734-b97.48-f2.png,2026-05-06 10:57:34,2.0,54.534524689347975,7.395201054404256,526.8551528176,97.289836,0.6807563108028593
9,C:\Users\joshy\OneDrive\Documents\Kravitz Lab\freezeData\\0506\20260506105753-b97.52-f4.png,2026-05-06 10:57:53,4.0,54.90084551221134,7.398378156191477,425.94995653617605,97.289548,0.7219329925682983
10,C:\Users\joshy\OneDrive\Documents\Kravitz Lab\freezeData\\0506\20260506105812-b97.58-f6.png,2026-05-06 10:58:12,6.0,55.361887729716585,7.403645438957704,426.18641467289603,97.398516,0.7014817137714016
11,C:\Users\joshy\OneDrive\Documents\Kravitz Lab\freezeData\\0506\20260506105831-b97.29-f8.png,2026-05-06 10:58:31,8.0,55.8607942332028,7.407809074568083,451.9106688523361,97.122424,0.6657515265744248
12,C:\Users\joshy\OneDrive\Documents\Kravitz Lab\freezeData\\0506\20260506105852-b96.91-f10.png,2026-05-06 10:58:52,10.0,56.17998240133637,7.409677421097493,524.030793094896,96.764744,0.6318401983603554
13,C:\Users\joshy\OneDrive\Documents\Kravitz Lab\freezeData\\0506\20260506105949-b97.54-f4.png,2026-05-06 10:59:49,4.0,54.99373780776949,7.398364775451346,437.0578082493441,97.343048,0.722503357940575
14,C:\Users\joshy\OneDrive\Documents\Kravitz Lab\freezeData\\0506\20260506105910-b97.11-f0.png,2026-05-06 10:59:10,0.0,54.15286526172945,7.38699373886076,496.7217743356,96.919676,0.64985062873942
15,C:\Users\joshy\OneDrive\Documents\Kravitz Lab\freezeData\\0506\20260506105929-b97.57-f2.png,2026-05-06 10:59:29,2.0,54.57753695050974,7.40030518871207,545.1277518220639,97.383088,0.6807620485339203
16,C:\Users\joshy\OneDrive\Documents\Kravitz Lab\freezeData\\0506\20260506110009-b97.62-f6.png,2026-05-06 11:00:09,6.0,55.395517325969394,7.404552017911047,424.5536646876,97.439832,0.7017052267752313
17,C:\Users\joshy\OneDrive\Documents\Kravitz Lab\freezeData\\0506\20260506110028-b97.13-f8.png,2026-05-06 11:00:28,8.0,55.83556031639822,7.4049328273350845,449.31615330302407,96.965184,0.6667953843430903
18,C:\Users\joshy\OneDrive\Documents\Kravitz Lab\freezeData\\0506\20260506110047-b96.90-f10.png,2026-05-06 11:00:47,10.0,56.22489362942361,7.410626503986457,495.596038507504,96.7406,0.6322730412747857
19,C:\Users\joshy\OneDrive\Documents\Kravitz Lab\freezeData\\0506\20260506110106-b97.12-f0.png,2026-05-06 11:01:06,0.0,54.145811023790046,7.388002039698355,485.1778854668641,96.927996,0.6495307717306777
20,C:\Users\joshy\OneDrive\Documents\Kravitz Lab\freezeData\\0506\20260506110125-b97.74-f2.png,2026-05-06 11:01:25,2.0,54.56770002602433,7.401814503597846,516.597408860416,97.519232,0.6806407118294375
21,C:\Users\joshy\OneDrive\Documents\Kravitz Lab\freezeData\\0506\20260506110143-b97.51-f4.png,2026-05-06 11:01:43,4.0,54.87833319397607,7.396491247493984,405.36627696689607,97.293288,0.7225594091339793
22,C:\Users\joshy\OneDrive\Documents\Kravitz Lab\freezeData\\0506\20260506110202-b97.29-f6.png,2026-05-06 11:02:02,6.0,55.32262929177593,7.399067432225547,421.74617167360003,97.098144,0.7019494529306615
23,C:\Users\joshy\OneDrive\Documents\Kravitz Lab\freezeData\\0506\20260506110222-b97.41-f8.png,2026-05-06 11:02:22,8.0,55.92627427457388,7.409726171949193,447.24955109145594,97.236444,0.666435675005871
24,C:\Users\joshy\OneDrive\Documents\Kravitz Lab\freezeData\\0506\20260506110240-b96.83-f10.png,2026-05-06 11:02:40,10.0,56.20409234764657,7.40883301183486,505.147915133376,96.679096,0.6326252108044087
25,C:\Users\joshy\OneDrive\Documents\Kravitz Lab\freezeData\\0506\20260506110300-b97.07-f0.png,2026-05-06 11:03:00,0.0,54.19664040113187,7.3871649331770755,500.28041926502397,96.87548,0.6496448413872281
26,C:\Users\joshy\OneDrive\Documents\Kravitz Lab\freezeData\\0506\20260506110319-b97.33-f2.png,2026-05-06 11:03:19,2.0,54.56718295614448,7.39774844684219,511.71730723014394,97.112784,0.6814465771007032
27,C:\Users\joshy\OneDrive\Documents\Kravitz Lab\freezeData\\0506\20260506110339-b97.78-f4.png,2026-05-06 11:03:39,4.0,54.91238985165793,7.3965963042384475,424.015815332864,97.565244,0.7221165861462898
28,C:\Users\joshy\OneDrive\Documents\Kravitz Lab\freezeData\\0506\20260506110415-b97.31-f8.png,2026-05-06 11:04:15,8.0,55.809971277476066,7.406978934064747,438.695455222784,97.135536,0.6656812566318377
29,C:\Users\joshy\OneDrive\Documents\Kravitz Lab\freezeData\\0506\20260506110356-b97.53-f6.png,2026-05-06 11:03:56,6.0,55.41727017107934,7.4055044088022,425.73294128409606,97.34316,0.7016449083630271
30,C:\Users\joshy\OneDrive\Documents\Kravitz Lab\freezeData\\0506\20260506110436-b96.93-f10.png,2026-05-06 11:04:36,10.0,56.252856004771026,7.411341525539263,514.045838950256,96.770864,0.631802439737054
31,C:\Users\joshy\OneDrive\Documents\Kravitz Lab\freezeData\\0506\20260506110455-b97.16-f0.png,2026-05-06 11:04:55,0.0,54.22790892370887,7.391438921693588,502.77074352254397,96.979956,0.6493057245655299
32,C:\Users\joshy\OneDrive\Documents\Kravitz Lab\freezeData\\0506\20260506110513-b97.38-f2.png,2026-05-06 11:05:13,2.0,54.54021024123527,7.397588797445683,508.6588072824159,97.168816,0.6815720788607287
33,C:\Users\joshy\OneDrive\Documents\Kravitz Lab\freezeData\\0506\20260506110533-b97.51-f4.png,2026-05-06 11:05:33,4.0,54.91689064233975,7.397960252874974,420.679351047936,97.308036,0.7225624428980985
34,C:\Users\joshy\OneDrive\Documents\Kravitz Lab\freezeData\\0506\20260506110551-b97.54-f6.png,2026-05-06 11:05:51,6.0,55.30411790760627,7.400091887806346,412.99076495846396,97.353172,0.7015405118291501
35,C:\Users\joshy\OneDrive\Documents\Kravitz Lab\freezeData\\0506\20260506110611-b97.26-f8.png,2026-05-06 11:06:11,8.0,55.7168452714608,7.402030907873686,428.110764223216,97.085936,0.6661855329800115
36,C:\Users\joshy\OneDrive\Documents\Kravitz Lab\freezeData\\0506\20260506110631-b97.03-f10.png,2026-05-06 11:06:31,10.0,56.18785126721341,7.408684714365463,499.47442632638393,96.852752,0.6323488823510258
37,C:\Users\joshy\OneDrive\Documents\Kravitz Lab\freezeData\\0506\20260506110650-b97.19-f0.png,2026-05-06 11:06:50,0.0,54.197008857819604,7.388943392825977,501.6593228380159,97.007132,0.6497207238215387
38,C:\Users\joshy\OneDrive\Documents\Kravitz Lab\freezeData\\0506\20260506110708-b97.43-f2.png,2026-05-06 11:07:08,2.0,54.60547545658417,7.400448444209989,523.058910449264,97.225872,0.6813010509696367
39,C:\Users\joshy\OneDrive\Documents\Kravitz Lab\freezeData\\0506\20260506110729-b97.62-f4.png,2026-05-06 11:07:29,4.0,54.93133734256263,7.39791052828812,414.3831505990241,97.412172,0.7222020930939306
40,C:\Users\joshy\OneDrive\Documents\Kravitz Lab\freezeData\\0506\20260506110747-b97.53-f6.png,2026-05-06 11:07:47,6.0,55.29873471527174,7.399737423518276,404.0594370963841,97.3383,0.7014790164413105
41,C:\Users\joshy\OneDrive\Documents\Kravitz Lab\freezeData\\0506\20260506110805-b97.35-f8.png,2026-05-06 11:08:05,8.0,55.868792100645386,7.409895097238802,454.7784148955999,97.179692,0.6664627300087911
42,C:\Users\joshy\OneDrive\Documents\Kravitz Lab\freezeData\\0506\20260506110824-b96.98-f10.png,2026-05-06 11:08:24,10.0,56.12227887757588,7.4073790734520335,506.37448635889604,96.82626,0.6321436097759919
43,C:\Users\joshy\OneDrive\Documents\Kravitz Lab\freezeData\\0506\20260506110843-b97.15-f0.png,2026-05-06 11:08:43,0.0,54.16837989185706,7.388205997360574,497.25319092849605,96.958384,0.6498996354340383
44,C:\Users\joshy\OneDrive\Documents\Kravitz Lab\freezeData\\0506\20260506110902-b97.50-f2.png,2026-05-06 11:09:02,2.0,54.55595100287836,7.400126131490757,528.5355750716,97.300756,0.6814354583279488
45,C:\Users\joshy\OneDrive\Documents\Kravitz Lab\freezeData\\0506\20260506110920-b97.49-f4.png,2026-05-06 11:09:20,4.0,54.944768861082885,7.4009049074211015,421.657403543536,97.274224,0.722411661769965
46,C:\Users\joshy\OneDrive\Documents\Kravitz Lab\freezeData\\0506\20260506110940-b97.57-f6.png,2026-05-06 11:09:40,6.0,55.35163694851367,7.40319760136329,423.068610117616,97.373544,0.7024090273148371
47,C:\Users\joshy\OneDrive\Documents\Kravitz Lab\freezeData\\0506\20260506110958-b97.42-f8.png,2026-05-06 11:09:58,8.0,55.840055394238284,7.40796510445159,455.794631935936,97.24178,0.6664963706074766
48,C:\Users\joshy\OneDrive\Documents\Kravitz Lab\freezeData\\0506\20260506111017-b97.08-f10.png,2026-05-06 11:10:17,10.0,56.13616745101418,7.406790344882081,481.0476915696,96.898236,0.6317018337514315
49,C:\Users\joshy\OneDrive\Documents\Kravitz Lab\freezeData\\0506\20260506111037-b97.12-f0.png,2026-05-06 11:10:37,0.0,54.20975504886167,7.390383459199101,478.0400885404,96.912196,0.649281085919003
50,C:\Users\joshy\OneDrive\Documents\Kravitz Lab\freezeData\\0506\20260506111058-b97.26-f2.png,2026-05-06 11:10:58,2.0,54.547553210928314,7.398441765255629,519.5556196825439,97.044212,0.6809270209980928
51,C:\Users\joshy\OneDrive\Documents\Kravitz Lab\freezeData\\0506\20260506111117-b97.49-f4.png,2026-05-06 11:11:17,4.0,54.86531335008435,7.394816101863964,377.45511412422394,97.242584,0.7216627971541191
52,C:\Users\joshy\OneDrive\Documents\Kravitz Lab\freezeData\\0506\20260506111135-b97.55-f6.png,2026-05-06 11:11:35,6.0,55.317429215172325,7.402452619283355,403.167997785856,97.33838,0.7011508250906057
53,C:\Users\joshy\OneDrive\Documents\Kravitz Lab\freezeData\\0506\20260506111155-b97.21-f8.png,2026-05-06 11:11:55,8.0,55.87987650128028,7.407637798613793,432.38536571159995,97.027608,0.6657061499030055
54,C:\Users\joshy\OneDrive\Documents\Kravitz Lab\freezeData\\0506\20260506111213-b97.11-f10.png,2026-05-06 11:12:13,10.0,56.21206815270387,7.411807877921197,487.6431882152961,96.932576,0.6316048117296047
55,C:\Users\joshy\OneDrive\Documents\Kravitz Lab\freezeData\\0506\20260506111231-b97.03-f0.png,2026-05-06 11:12:31,0.0,54.1620537036115,7.387048786049723,477.0516947467361,96.821152,0.6489131834704931
56,C:\Users\joshy\OneDrive\Documents\Kravitz Lab\freezeData\\0506\20260506111252-b97.51-f2.png,2026-05-06 11:12:52,2.0,54.549338692151935,7.3982607592993705,517.44610624,97.286664,0.6808260506329367
57,C:\Users\joshy\OneDrive\Documents\Kravitz Lab\freezeData\\0506\20260506111328-b97.55-f6.png,2026-05-06 11:13:28,6.0,55.33787986450019,7.401867847278802,413.40096900017596,97.339488,0.7016419653552817
58,C:\Users\joshy\OneDrive\Documents\Kravitz Lab\freezeData\\0506\20260506111309-b97.65-f4.png,2026-05-06 11:13:09,4.0,54.94441251992781,7.398719367176651,412.079150636144,97.4378,0.7229429790933875
59,C:\Users\joshy\OneDrive\Documents\Kravitz Lab\freezeData\\0506\20260506111348-b97.24-f8.png,2026-05-06 11:13:48,8.0,55.78432219132884,7.4047535034533265,438.868555386224,97.074496,0.6672127045714772
60,C:\Users\joshy\OneDrive\Documents\Kravitz Lab\freezeData\\0506\20260506111406-b96.92-f10.png,2026-05-06 11:14:06,10.0,56.19752900522172,7.408213094333342,504.373114396096,96.754208,0.6314735492543747
61,C:\Users\joshy\OneDrive\Documents\Kravitz Lab\freezeData\\0506\20260506111425-b97.14-f0.png,2026-05-06 11:14:25,0.0,54.20502049608601,7.388754356630591,489.262350065904,96.935836,0.6491656730841955
62,C:\Users\joshy\OneDrive\Documents\Kravitz Lab\freezeData\\0506\20260506111447-b97.48-f2.png,2026-05-06 11:14:47,2.0,54.56132739200541,7.398208534569653,503.50430892440005,97.25832,0.6810274985774258
63,C:\Users\joshy\OneDrive\Documents\Kravitz Lab\freezeData\\0506\20260506111505-b97.56-f4.png,2026-05-06 11:15:05,4.0,54.96167827960991,7.399578583263506,413.588115682544,97.343716,0.7220489459981201
64,C:\Users\joshy\OneDrive\Documents\Kravitz Lab\freezeData\\0506\20260506111523-b97.55-f6.png,2026-05-06 11:15:23,6.0,55.28302485753673,7.399362991967271,410.28552801598397,97.347676,0.701268419079909
65,C:\Users\joshy\OneDrive\Documents\Kravitz Lab\freezeData\\0506\20260506111543-b97.36-f8.png,2026-05-06 11:15:43,8.0,55.81579137593748,7.407239051413,435.50621228670394,97.166232,0.666614663392954
66,C:\Users\joshy\OneDrive\Documents\Kravitz Lab\freezeData\\0506\20260506111603-b96.86-f10.png,2026-05-06 11:16:03,10.0,56.32620064442835,7.4158188343402465,500.775493954496,96.69194,0.6313985414912903
67,C:\Users\joshy\OneDrive\Documents\Kravitz Lab\freezeData\\0506\20260506111621-b97.09-f0.png,2026-05-06 11:16:21,0.0,54.19756249212749,7.389629797498072,467.3266108743039,96.882544,0.6492725595613982
68,C:\Users\joshy\OneDrive\Documents\Kravitz Lab\freezeData\\0506\20260506111640-b97.58-f2.png,2026-05-06 11:16:40,2.0,54.55908703437857,7.399820198767795,510.01558256177606,97.361848,0.6814421849377578
69,C:\Users\joshy\OneDrive\Documents\Kravitz Lab\freezeData\\0506\20260506111700-b97.59-f4.png,2026-05-06 11:17:00,4.0,54.93051513176172,7.3986830506377945,403.10846388721603,97.376536,0.7222555430641797
70,C:\Users\joshy\OneDrive\Documents\Kravitz Lab\freezeData\\0506\20260506111737-b97.23-f8.png,2026-05-06 11:17:37,8.0,55.78204309216004,7.406416924451602,419.406530124016,97.03238,0.6667706762443036
71,C:\Users\joshy\OneDrive\Documents\Kravitz Lab\freezeData\\0506\20260506111718-b97.63-f6.png,2026-05-06 11:17:18,6.0,55.31347452801005,7.401333629083281,393.2060529024,97.398572,0.7014213207181098
72,C:\Users\joshy\OneDrive\Documents\Kravitz Lab\freezeData\\0506\20260506111757-b96.89-f10.png,2026-05-06 11:17:57,10.0,56.21361353841555,7.4120246366019344,481.339492976624,96.700392,0.631020023872218
73,C:\Users\joshy\OneDrive\Documents\Kravitz Lab\freezeData\\0506\20260506111816-b97.02-f0.png,2026-05-06 11:18:16,0.0,54.2215222612754,7.390116661744208,481.9515899484,96.822496,0.6494118823770245
74,C:\Users\joshy\OneDrive\Documents\Kravitz Lab\freezeData\\0506\20260506111835-b97.43-f2.png,2026-05-06 11:18:35,2.0,54.54796135209073,7.397693552014042,519.0767023736161,97.209896,0.6807909117352552
75,C:\Users\joshy\OneDrive\Documents\Kravitz Lab\freezeData\\0506\20260506111855-b97.80-f4.png,2026-05-06 11:18:55,4.0,54.94518076537756,7.398387110116925,415.578767520256,97.581772,0.7222486734533893
76,C:\Users\joshy\OneDrive\Documents\Kravitz Lab\freezeData\\0506\20260506111913-b97.58-f6.png,2026-05-06 11:19:13,6.0,55.31363448549893,7.402720077874466,401.023573880064,97.375068,0.7018828985570152
77,C:\Users\joshy\OneDrive\Documents\Kravitz Lab\freezeData\\0506\20260506111933-b97.13-f8.png,2026-05-06 11:19:33,8.0,55.81293946747475,7.406358760633497,438.8959266044,96.942,0.6668384241617935
78,C:\Users\joshy\OneDrive\Documents\Kravitz Lab\freezeData\\0506\20260506111953-b96.95-f10.png,2026-05-06 11:19:53,10.0,56.24296191380592,7.411160099426188,505.36844533760006,96.780776,0.6317772748721472
79,C:\Users\joshy\OneDrive\Documents\Kravitz Lab\freezeData\\0506\20260506112012-b97.10-f0.png,2026-05-06 11:20:12,0.0,54.16702099155109,7.38971489655973,485.52856903040004,96.903808,0.6499102645785715
80,C:\Users\joshy\OneDrive\Documents\Kravitz Lab\freezeData\\0506\20260506112032-b97.38-f2.png,2026-05-06 11:20:32,2.0,54.50843200891399,7.396718379661528,521.026079386096,97.16536,0.6813204068978425
81,C:\Users\joshy\OneDrive\Documents\Kravitz Lab\freezeData\\0506\20260506112052-b97.77-f4.png,2026-05-06 11:20:52,4.0,54.905281215649914,7.3980697139273195,421.58157421561606,97.55952,0.7220095708788644
82,C:\Users\joshy\OneDrive\Documents\Kravitz Lab\freezeData\\0506\20260506112111-b97.55-f6.png,2026-05-06 11:21:11,6.0,55.34500603253074,7.402131033265566,388.4267399357441,97.336944,0.7013693130656938
83,C:\Users\joshy\OneDrive\Documents\Kravitz Lab\freezeData\\0506\20260506112130-b97.15-f8.png,2026-05-06 11:21:30,8.0,55.8485338391777,7.407759714059437,441.24292930302397,96.963668,0.6663420424822404
84,C:\Users\joshy\OneDrive\Documents\Kravitz Lab\freezeData\\0506\20260506112150-b96.82-f10.png,2026-05-06 11:21:50,10.0,56.30390772729637,7.416324293041717,499.1257864704001,96.669064,0.6317061900111685
85,C:\Users\joshy\OneDrive\Documents\Kravitz Lab\freezeData\\0506\20260506112208-b97.10-f0.png,2026-05-06 11:22:08,0.0,54.21245840667623,7.390063538341245,498.360875805696,96.91138,0.6496734171145583
86,C:\Users\joshy\OneDrive\Documents\Kravitz Lab\freezeData\\0506\20260506112247-b97.49-f4.png,2026-05-06 11:22:47,4.0,54.94910080224789,7.399015865687967,408.397487888896,97.26162,0.7225776890294356
87,C:\Users\joshy\OneDrive\Documents\Kravitz Lab\freezeData\\0506\20260506112227-b97.39-f2.png,2026-05-06 11:22:27,2.0,54.53529410878295,7.396507532392304,515.411637829744,97.180888,0.6809939851307162
88,C:\Users\joshy\OneDrive\Documents\Kravitz Lab\freezeData\\0506\20260506112306-b97.54-f6.png,2026-05-06 11:23:06,6.0,55.319797010223525,7.401414607537975,425.773793452784,97.346108,0.7016224872704241
89,C:\Users\joshy\OneDrive\Documents\Kravitz Lab\freezeData\\0506\20260506112324-b97.60-f8.png,2026-05-06 11:23:24,8.0,55.76962162473632,7.404156630727099,444.71704286039994,97.411412,0.6666402468691426
90,C:\Users\joshy\OneDrive\Documents\Kravitz Lab\freezeData\\0506\20260506112344-b97.02-f10.png,2026-05-06 11:23:44,10.0,56.163371881675204,7.407882140115089,507.17824151000013,96.850284,0.6326400876540554
91,C:\Users\joshy\OneDrive\Documents\Kravitz Lab\freezeData\\0506\20260506112402-b96.96-f0.png,2026-05-06 11:24:02,0.0,54.20832143056769,7.389712635852052,490.49824656177606,96.759984,0.6493431951523837
92,C:\Users\joshy\OneDrive\Documents\Kravitz Lab\freezeData\\0506\20260506112422-b97.43-f2.png,2026-05-06 11:24:22,2.0,54.567501369862995,7.396418561152085,523.722578007296,97.2135,0.6809520968410404
93,C:\Users\joshy\OneDrive\Documents\Kravitz Lab\freezeData\\0506\20260506112440-b97.47-f4.png,2026-05-06 11:24:40,4.0,54.91320057145007,7.396702296249012,416.910179636336,97.252236,0.7222527188939669
94,C:\Users\joshy\OneDrive\Documents\Kravitz Lab\freezeData\\0506\20260506112459-b97.29-f6.png,2026-05-06 11:24:59,6.0,55.34054082732419,7.401016390341632,424.860219967936,97.093792,0.7015977767549206
95,C:\Users\joshy\OneDrive\Documents\Kravitz Lab\freezeData\\0506\20260506112518-b97.48-f8.png,2026-05-06 11:25:18,8.0,55.89325232959141,7.4108475746455875,441.72698989246396,97.293932,0.6663885131994621
96,C:\Users\joshy\OneDrive\Documents\Kravitz Lab\freezeData\\0506\20260506112537-b96.89-f10.png,2026-05-06 11:25:37,10.0,56.24444467157068,7.4123035256290954,502.06366625905605,96.725432,0.6315737479513072
97,C:\Users\joshy\OneDrive\Documents\Kravitz Lab\freezeData\\0506\20260506112555-b97.05-f0.png,2026-05-06 11:25:55,0.0,54.16712075948287,7.3887407231038456,497.542199107056,96.84674,0.6497556598239692
98,C:\Users\joshy\OneDrive\Documents\Kravitz Lab\freezeData\\0506\20260506112616-b97.23-f2.png,2026-05-06 11:26:16,2.0,54.5565349677824,7.397132726517521,515.443474162944,97.000556,0.6810845773997827
99,C:\Users\joshy\OneDrive\Documents\Kravitz Lab\freezeData\\0506\20260506112635-b97.44-f4.png,2026-05-06 11:26:35,4.0,54.91260190784785,7.397995043422447,423.617343979776,97.224668,0.7218655806013656
100,C:\Users\joshy\OneDrive\Documents\Kravitz Lab\freezeData\\0506\20260506112655-b97.49-f6.png,2026-05-06 11:26:55,6.0,55.333574751409074,7.401693064646097,426.35433737560004,97.294668,0.7012557947436294
101,C:\Users\joshy\OneDrive\Documents\Kravitz Lab\freezeData\\0506\20260506112714-b97.29-f8.png,2026-05-06 11:27:14,8.0,55.83669337165818,7.405543960929054,425.8630322508639,97.094368,0.665761730252382
102,C:\Users\joshy\OneDrive\Documents\Kravitz Lab\freezeData\\0506\20260506112732-b96.86-f10.png,2026-05-06 11:27:32,10.0,56.19661487743958,7.408550502070719,504.1114915695999,96.682856,0.631958316721997
103,C:\Users\joshy\OneDrive\Documents\Kravitz Lab\freezeData\\0506\20260506112752-b97.10-f0.png,2026-05-06 11:27:52,0.0,54.1747273160021,7.387702202558395,487.51628512358405,96.884604,0.6498888311675957
104,C:\Users\joshy\OneDrive\Documents\Kravitz Lab\freezeData\\0506\20260506112812-b97.36-f2.png,2026-05-06 11:28:12,2.0,54.519880095882236,7.395993693989939,512.173778124224,97.146432,0.6813176795612608
105,C:\Users\joshy\OneDrive\Documents\Kravitz Lab\freezeData\\0506\20260506112831-b97.55-f4.png,2026-05-06 11:28:31,4.0,54.920163933656426,7.397148080827307,410.34023692439996,97.325548,0.7215472769776985
106,C:\Users\joshy\OneDrive\Documents\Kravitz Lab\freezeData\\0506\20260506112851-b97.67-f6.png,2026-05-06 11:28:51,6.0,55.33245432193385,7.403593328551531,414.26596062910403,97.477848,0.701740812793148
107,C:\Users\joshy\OneDrive\Documents\Kravitz Lab\freezeData\\0506\20260506112911-b97.08-f8.png,2026-05-06 11:29:11,8.0,55.80562426607827,7.404579899016485,429.98274312625597,96.898964,0.6662557010063772
108,C:\Users\joshy\OneDrive\Documents\Kravitz Lab\freezeData\\0506\20260506112930-b96.83-f10.png,2026-05-06 11:29:30,10.0,56.311766533673726,7.413697245041219,510.62229884000004,96.654032,0.6319288290251729
109,C:\Users\joshy\OneDrive\Documents\Kravitz Lab\freezeData\\0506\20260506112950-b97.16-f0.png,2026-05-06 11:29:50,0.0,54.19617434674902,7.388284584896153,504.632131437504,96.978972,0.6497914658586865
110,C:\Users\joshy\OneDrive\Documents\Kravitz Lab\freezeData\\0506\20260506113010-b97.34-f2.png,2026-05-06 11:30:10,2.0,54.58030691457218,7.400235262357339,507.043105689856,97.127848,0.6818231589543517
111,C:\Users\joshy\OneDrive\Documents\Kravitz Lab\freezeData\\0506\20260506113030-b97.46-f4.png,2026-05-06 11:30:30,4.0,54.95522600656851,7.3980345897683994,420.6817066176,97.243176,0.7218820173047488
112,C:\Users\joshy\OneDrive\Documents\Kravitz Lab\freezeData\\0506\20260506113049-b97.32-f6.png,2026-05-06 11:30:49,6.0,55.36049035669016,7.400520062259163,421.22148523110394,97.117896,0.7027756754374938
113,C:\Users\joshy\OneDrive\Documents\Kravitz Lab\freezeData\\0506\20260506113107-b97.00-f8.png,2026-05-06 11:31:07,8.0,55.86735361063153,7.405672549119763,428.7979706611041,96.801716,0.6658553294410922
114,C:\Users\joshy\OneDrive\Documents\Kravitz Lab\freezeData\\0506\20260506113126-b96.95-f10.png,2026-05-06 11:31:26,10.0,56.253961519367365,7.412722036354722,500.228330022656,96.776256,0.6312568807507117
115,C:\Users\joshy\OneDrive\Documents\Kravitz Lab\freezeData\\0506\20260506113145-b97.09-f0.png,2026-05-06 11:31:45,0.0,54.18653745565945,7.38910048370161,485.6789382783359,96.884196,0.6497191448118069
116,C:\Users\joshy\OneDrive\Documents\Kravitz Lab\freezeData\\0506\20260506113205-b97.61-f2.png,2026-05-06 11:32:05,2.0,54.634234842214305,7.402948345068903,527.572132623344,97.399924,0.6811523190485037
117,C:\Users\joshy\OneDrive\Documents\Kravitz Lab\freezeData\\0506\20260506113224-b97.55-f4.png,2026-05-06 11:32:24,4.0,54.89713702130194,7.396366022297674,412.1763438432641,97.32762,0.7219569802356978
118,C:\Users\joshy\OneDrive\Documents\Kravitz Lab\freezeData\\0506\20260506113243-b97.64-f6.png,2026-05-06 11:32:43,6.0,55.364285218508876,7.403873590002997,417.114964063744,97.42294,0.7022218794795954
119,C:\Users\joshy\OneDrive\Documents\Kravitz Lab\freezeData\\0506\20260506113303-b97.23-f8.png,2026-05-06 11:33:03,8.0,55.803105038361586,7.40567760057571,447.763000193904,97.057828,0.6662477443173436
120,C:\Users\joshy\OneDrive\Documents\Kravitz Lab\freezeData\\0506\20260506113320-b96.94-f10.png,2026-05-06 11:33:20,10.0,56.148472926546305,7.407499083063632,505.69339154886404,96.767664,0.6324405888357011
121,C:\Users\joshy\OneDrive\Documents\Kravitz Lab\freezeData\\0506\20260506113341-b97.12-f0.png,2026-05-06 11:33:41,0.0,54.16986108744736,7.38825098516151,481.38287649240004,96.914784,0.6502061689791728
122,C:\Users\joshy\OneDrive\Documents\Kravitz Lab\freezeData\\0506\20260506113400-b97.54-f2.png,2026-05-06 11:34:00,2.0,54.55487150664498,7.399615061380938,519.595203368896,97.340116,0.6814772069962485
123,C:\Users\joshy\OneDrive\Documents\Kravitz Lab\freezeData\\0506\20260506113418-b97.59-f4.png,2026-05-06 11:34:18,4.0,54.93910504909755,7.397580458062144,408.9084382207839,97.358832,0.722116570300811
124,C:\Users\joshy\OneDrive\Documents\Kravitz Lab\freezeData\\0506\20260506113438-b97.57-f6.png,2026-05-06 11:34:38,6.0,55.365654336062896,7.403089228396021,424.012444095424,97.36086,0.7011999252171143
125,C:\Users\joshy\OneDrive\Documents\Kravitz Lab\freezeData\\0506\20260506113457-b97.37-f8.png,2026-05-06 11:34:57,8.0,55.817956993386844,7.405211206501213,440.939254721264,97.175696,0.665862830929526
126,C:\Users\joshy\OneDrive\Documents\Kravitz Lab\freezeData\\0506\20260506113516-b96.81-f10.png,2026-05-06 11:35:16,10.0,56.21914978382807,7.410053840951838,501.0779933721441,96.630252,0.6318579037994752
127,C:\Users\joshy\OneDrive\Documents\Kravitz Lab\freezeData\\0506\20260506113536-b97.13-f0.png,2026-05-06 11:35:36,0.0,54.17680130239525,7.39030503497113,503.15888928153606,96.934972,0.6494441085704364
128,C:\Users\joshy\OneDrive\Documents\Kravitz Lab\freezeData\\0506\20260506113554-b97.46-f2.png,2026-05-06 11:35:54,2.0,54.54692931956716,7.3981342638998555,517.6234648604159,97.231512,0.6817260179562391
129,C:\Users\joshy\OneDrive\Documents\Kravitz Lab\freezeData\\0506\20260506113614-b97.58-f4.png,2026-05-06 11:36:14,4.0,54.91957392785869,7.397304269736035,403.0947172607839,97.351408,0.7223013044583164
130,C:\Users\joshy\OneDrive\Documents\Kravitz Lab\freezeData\\0506\20260506113634-b97.65-f6.png,2026-05-06 11:36:34,6.0,55.36193994778305,7.4025288491439225,417.377331903424,97.439492,0.701696752997493
131,C:\Users\joshy\OneDrive\Documents\Kravitz Lab\freezeData\\0506\20260506113654-b97.18-f8.png,2026-05-06 11:36:54,8.0,55.74750517257611,7.403716938718024,446.485593441136,96.99344,0.6664034803664151
132,C:\Users\joshy\OneDrive\Documents\Kravitz Lab\freezeData\\0506\20260506113711-b97.12-f10.png,2026-05-06 11:37:11,10.0,56.21350461758541,7.410248405369699,476.371026544576,96.926552,0.6312865722534298
133,C:\Users\joshy\OneDrive\Documents\Kravitz Lab\freezeData\\0506\20260506113729-b97.10-f0.png,2026-05-06 11:37:29,0.0,54.207398050192516,7.38976507425986,491.13930154840006,96.896228,0.649718773052757
134,C:\Users\joshy\OneDrive\Documents\Kravitz Lab\freezeData\\0506\20260506113751-b97.50-f2.png,2026-05-06 11:37:51,2.0,54.50799697535047,7.396515393948973,506.28842113559995,97.267428,0.680638709992704
135,C:\Users\joshy\OneDrive\Documents\Kravitz Lab\freezeData\\0506\20260506113809-b97.58-f4.png,2026-05-06 11:38:09,4.0,54.946893961511606,7.396432947792083,424.83596223999996,97.36732,0.7225272706141771
136,C:\Users\joshy\OneDrive\Documents\Kravitz Lab\freezeData\\0506\20260506113829-b97.47-f6.png,2026-05-06 11:38:29,6.0,55.373807995924714,7.402756817071736,424.95716610662413,97.270592,0.7017939730599256
137,C:\Users\joshy\OneDrive\Documents\Kravitz Lab\freezeData\\0506\20260506113848-b97.45-f8.png,2026-05-06 11:38:48,8.0,55.7547932961077,7.400777968564392,450.876742827264,97.273548,0.6671268101283507
138,C:\Users\joshy\OneDrive\Documents\Kravitz Lab\freezeData\\0506\20260506113907-b97.04-f10.png,2026-05-06 11:39:07,10.0,56.18567906714507,7.409790341843932,500.91800445809594,96.858424,0.6323010636586129
139,C:\Users\joshy\OneDrive\Documents\Kravitz Lab\freezeData\\0506\20260506113926-b97.16-f0.png,2026-05-06 11:39:26,0.0,54.22420126539086,7.389646914634779,502.107702297456,96.956628,0.6497948401757002
140,C:\Users\joshy\OneDrive\Documents\Kravitz Lab\freezeData\\0506\20260506113946-b97.35-f2.png,2026-05-06 11:39:46,2.0,54.554540653896225,7.3978210104339395,520.155174964464,97.141372,0.6821323815879172
141,C:\Users\joshy\OneDrive\Documents\Kravitz Lab\freezeData\\0506\20260506114004-b97.80-f4.png,2026-05-06 11:40:04,4.0,54.979430241924625,7.39770640734874,413.106640860416,97.574312,0.7217625111768244
142,C:\Users\joshy\OneDrive\Documents\Kravitz Lab\freezeData\\0506\20260506114023-b97.62-f6.png,2026-05-06 11:40:23,6.0,55.34058650068682,7.400616405802239,416.669051437504,97.4224,0.7013896606170278
143,C:\Users\joshy\OneDrive\Documents\Kravitz Lab\freezeData\\0506\20260506114041-b97.28-f8.png,2026-05-06 11:40:41,8.0,55.815321460805514,7.405357338959657,436.70998195449596,97.094288,0.6652152893782288
144,C:\Users\joshy\OneDrive\Documents\Kravitz Lab\freezeData\\0506\20260506114101-b97.14-f10.png,2026-05-06 11:41:01,10.0,56.292151919304835,7.413958048518629,484.69317906022394,96.957148,0.6306057142956125
145,C:\Users\joshy\OneDrive\Documents\Kravitz Lab\freezeData\\0506\20260506114119-b97.13-f0.png,2026-05-06 11:41:19,0.0,54.17076485452647,7.387609230027741,476.49302733440004,96.92234,0.6489985801127655
146,C:\Users\joshy\OneDrive\Documents\Kravitz Lab\freezeData\\0506\20260506114139-b97.44-f2.png,2026-05-06 11:41:39,2.0,54.5158089612265,7.396131929032961,510.50851985470405,97.222084,0.680891318902895
147,C:\Users\joshy\OneDrive\Documents\Kravitz Lab\freezeData\\0506\20260506114159-b97.50-f4.png,2026-05-06 11:41:59,4.0,54.98996608133728,7.398017454833469,408.140588666736,97.258624,0.7221386919542404
148,C:\Users\joshy\OneDrive\Documents\Kravitz Lab\freezeData\\0506\20260506114217-b97.54-f6.png,2026-05-06 11:42:17,6.0,55.344124612450635,7.401782212239879,396.82547350360005,97.318256,0.7015130668758147
149,C:\Users\joshy\OneDrive\Documents\Kravitz Lab\freezeData\\0506\20260506114236-b97.49-f8.png,2026-05-06 11:42:36,8.0,55.81219247307398,7.406006296434145,448.85784069625595,97.310888,0.6664339642015469
150,C:\Users\joshy\OneDrive\Documents\Kravitz Lab\freezeData\\0506\20260506114256-b97.03-f10.png,2026-05-06 11:42:56,10.0,56.26765917287038,7.412579800341011,511.26908157873606,96.862264,0.631395520438117
151,C:\Users\joshy\OneDrive\Documents\Kravitz Lab\freezeData\\0506\20260506114315-b97.05-f0.png,2026-05-06 11:43:15,0.0,54.152695395155504,7.386921465053581,482.52075037361595,96.844252,0.6493390812771944
152,C:\Users\joshy\OneDrive\Documents\Kravitz Lab\freezeData\\0506\20260506114335-b97.44-f2.png,2026-05-06 11:43:35,2.0,54.5729471400614,7.40003690431782,519.651091471616,97.221992,0.6815209889420779
153,C:\Users\joshy\OneDrive\Documents\Kravitz Lab\freezeData\\0506\20260506114354-b97.70-f4.png,2026-05-06 11:43:54,4.0,54.92997331768382,7.3960968776666425,414.83176068838407,97.468388,0.7213868150596218
154,C:\Users\joshy\OneDrive\Documents\Kravitz Lab\freezeData\\0506\20260506114414-b97.57-f6.png,2026-05-06 11:44:14,6.0,55.349883765635646,7.399431808391696,401.543295690224,97.346432,0.7010715127388905
155,C:\Users\joshy\OneDrive\Documents\Kravitz Lab\freezeData\\0506\20260506114432-b97.41-f8.png,2026-05-06 11:44:32,8.0,55.843462796413334,7.407895992578019,443.27887860440006,97.23416,0.6658309753561344
156,C:\Users\joshy\OneDrive\Documents\Kravitz Lab\freezeData\\0506\20260506114451-b96.90-f10.png,2026-05-06 11:44:51,10.0,56.20126284997874,7.410511908132268,495.007690986944,96.72526,0.6311927420462473
157,C:\Users\joshy\OneDrive\Documents\Kravitz Lab\freezeData\\0506\20260506114511-b97.13-f0.png,2026-05-06 11:45:11,0.0,54.21819754105575,7.390059768026913,473.62026317758404,96.919084,0.6490617420749526
158,C:\Users\joshy\OneDrive\Documents\Kravitz Lab\freezeData\\0506\20260506114531-b97.32-f2.png,2026-05-06 11:45:31,2.0,54.57321557410375,7.398691779724018,506.5413286016,97.09532,0.6807022224056666
159,C:\Users\joshy\OneDrive\Documents\Kravitz Lab\freezeData\\0506\20260506114549-b97.82-f4.png,2026-05-06 11:45:49,4.0,54.91767433826469,7.398189662243291,417.7435964924,97.593452,0.7220361623793793
160,C:\Users\joshy\OneDrive\Documents\Kravitz Lab\freezeData\\0506\20260506114607-b97.59-f6.png,2026-05-06 11:46:07,6.0,55.32972911095141,7.401105768032022,409.98402382206393,97.401144,0.7016786580830663
161,C:\Users\joshy\OneDrive\Documents\Kravitz Lab\freezeData\\0506\20260506114628-b97.48-f8.png,2026-05-06 11:46:28,8.0,55.88856164074492,7.408553003173985,449.56092149913604,97.311284,0.6658063540105947
162,C:\Users\joshy\OneDrive\Documents\Kravitz Lab\freezeData\\0506\20260506114646-b96.95-f10.png,2026-05-06 11:46:46,10.0,56.20571696978249,7.408185767617229,502.545109886464,96.772448,0.631961035907005
163,C:\Users\joshy\OneDrive\Documents\Kravitz Lab\freezeData\\0506\20260506114704-b97.11-f0.png,2026-05-06 11:47:04,0.0,54.19515052220167,7.3884446714728815,482.7898559196001,96.913352,0.6490729575382819
164,C:\Users\joshy\OneDrive\Documents\Kravitz Lab\freezeData\\0506\20260506114725-b97.37-f2.png,2026-05-06 11:47:25,2.0,54.516707867799795,7.395687279219547,509.632625568704,97.150676,0.6810899752962152
165,C:\Users\joshy\OneDrive\Documents\Kravitz Lab\freezeData\\0506\20260506114744-b97.85-f4.png,2026-05-06 11:47:44,4.0,54.93806919326888,7.395975840337625,403.44951961318395,97.60966,0.7218507623581927
166,C:\Users\joshy\OneDrive\Documents\Kravitz Lab\freezeData\\0506\20260506114804-b97.61-f6.png,2026-05-06 11:48:04,6.0,55.35355453264276,7.401398982332103,417.27841671665595,97.418412,0.701481279266361
167,C:\Users\joshy\OneDrive\Documents\Kravitz Lab\freezeData\\0506\20260506114823-b97.12-f8.png,2026-05-06 11:48:23,8.0,55.851272444590336,7.406306907670732,444.63480228038395,96.930012,0.6667017497659246
168,C:\Users\joshy\OneDrive\Documents\Kravitz Lab\freezeData\\0506\20260506114842-b96.71-f10.png,2026-05-06 11:48:42,10.0,56.388462087305626,7.417064374000679,503.652295965424,96.532364,0.6319295079846493
169,C:\Users\joshy\OneDrive\Documents\Kravitz Lab\freezeData\\0506\20260506114900-b97.06-f0.png,2026-05-06 11:49:00,0.0,54.18970577694018,7.388388983943041,495.714546654656,96.871284,0.6495922150186297
170,C:\Users\joshy\OneDrive\Documents\Kravitz Lab\freezeData\\0506\20260506114919-b97.41-f2.png,2026-05-06 11:49:19,2.0,54.51276816045269,7.393958369678821,514.191375107056,97.203144,0.6813195808103496
171,C:\Users\joshy\OneDrive\Documents\Kravitz Lab\freezeData\\0506\20260506114937-b97.52-f4.png,2026-05-06 11:49:37,4.0,54.93731816586375,7.39825612207037,409.41928492439996,97.296784,0.7219017580468609
172,C:\Users\joshy\OneDrive\Documents\Kravitz Lab\freezeData\\0506\20260506114956-b97.58-f6.png,2026-05-06 11:49:56,6.0,55.36611338146697,7.402270874796352,424.79324525766395,97.369612,0.701605106594124
173,C:\Users\joshy\OneDrive\Documents\Kravitz Lab\freezeData\\0506\20260506115015-b97.28-f8.png,2026-05-06 11:50:15,8.0,55.832186887320255,7.407828809798493,442.547957772016,97.094188,0.6661537830015545
174,C:\Users\joshy\OneDrive\Documents\Kravitz Lab\freezeData\\0506\20260506115035-b96.97-f10.png,2026-05-06 11:50:35,10.0,56.253430426820515,7.4118924551379815,516.962172428224,96.804692,0.6318113621701219
175,C:\Users\joshy\OneDrive\Documents\Kravitz Lab\freezeData\\0506\20260506115053-b97.14-f0.png,2026-05-06 11:50:53,0.0,54.23727874426209,7.388557974084037,501.101239454576,96.950904,0.6495754321007146
176,C:\Users\joshy\OneDrive\Documents\Kravitz Lab\freezeData\\0506\20260506115112-b97.47-f2.png,2026-05-06 11:51:12,2.0,54.57470944093441,7.396828019372558,504.400284536176,97.242828,0.6809267873050368
177,C:\Users\joshy\OneDrive\Documents\Kravitz Lab\freezeData\\0506\20260506115131-b97.64-f4.png,2026-05-06 11:51:31,4.0,54.963089743659644,7.400189742900281,398.58659895193597,97.423804,0.7212557198332041
178,C:\Users\joshy\OneDrive\Documents\Kravitz Lab\freezeData\\0506\20260506115149-b97.63-f6.png,2026-05-06 11:51:49,6.0,55.33796287035235,7.401128407299868,412.742487854704,97.425748,0.7019630957037842
179,C:\Users\joshy\OneDrive\Documents\Kravitz Lab\freezeData\\0506\20260506115208-b97.32-f8.png,2026-05-06 11:52:08,8.0,55.87736945099273,7.406667947162854,454.88568318999995,97.146708,0.6669081689916694
180,C:\Users\joshy\OneDrive\Documents\Kravitz Lab\freezeData\\0506\20260506115227-b96.95-f10.png,2026-05-06 11:52:27,10.0,56.32559960432216,7.415049573838421,504.120040036976,96.763828,0.6312902880217872
181,C:\Users\joshy\OneDrive\Documents\Kravitz Lab\freezeData\\0506\20260506115246-b97.12-f0.png,2026-05-06 11:52:46,0.0,54.18440399146234,7.388857646146835,491.1634158547038,96.9203,0.6505269447490265
182,C:\Users\joshy\OneDrive\Documents\Kravitz Lab\freezeData\\0506\20260506115304-b97.53-f2.png,2026-05-06 11:53:04,2.0,54.54633986862605,7.396504634789006,521.763325219184,97.323844,0.681113782656761
183,C:\Users\joshy\OneDrive\Documents\Kravitz Lab\freezeData\\0506\20260506115324-b97.58-f4.png,2026-05-06 11:53:24,4.0,54.96814235950697,7.395646330150583,417.19207770993603,97.344676,0.7221215502752598
184,C:\Users\joshy\OneDrive\Documents\Kravitz Lab\freezeData\\0506\20260506115344-b97.38-f6.png,2026-05-06 11:53:44,6.0,55.455629434408195,7.40649023126127,419.21879505382395,97.16844,0.7016344311103817
185,C:\Users\joshy\OneDrive\Documents\Kravitz Lab\freezeData\\0506\20260506115404-b97.35-f8.png,2026-05-06 11:54:04,8.0,55.87056895504108,7.407650302055855,443.95986705854403,97.1708,0.6663933402729724
186,C:\Users\joshy\OneDrive\Documents\Kravitz Lab\freezeData\\0506\20260506115424-b97.16-f10.png,2026-05-06 11:54:24,10.0,56.219445014732614,7.411409379656456,502.78997515974396,96.991384,0.6312146075023912
187,C:\Users\joshy\OneDrive\Documents\Kravitz Lab\freezeData\\0506\20260506115445-b97.21-f0.png,2026-05-06 11:54:45,0.0,54.2091297955392,7.389105782861911,497.495395195136,97.013372,0.649894671579854
188,C:\Users\joshy\OneDrive\Documents\Kravitz Lab\freezeData\\0506\20260506115503-b97.40-f2.png,2026-05-06 11:55:03,2.0,54.61041933327874,7.399079124906443,528.274130728384,97.172384,0.6815868846634886
189,C:\Users\joshy\OneDrive\Documents\Kravitz Lab\freezeData\\0506\20260506115521-b97.67-f4.png,2026-05-06 11:55:21,4.0,54.96442155586525,7.39996450470753,411.13538990897604,97.439444,0.7216406081554829
190,C:\Users\joshy\OneDrive\Documents\Kravitz Lab\freezeData\\0506\20260506115541-b97.64-f6.png,2026-05-06 11:55:41,6.0,55.354243373064,7.402205997448235,413.41277276000005,97.43634,0.7018158284182278
191,C:\Users\joshy\OneDrive\Documents\Kravitz Lab\freezeData\\0506\20260506115600-b97.36-f8.png,2026-05-06 11:56:00,8.0,55.90618465261603,7.407869390025512,454.24453778417603,97.17374,0.6666834138284287
192,C:\Users\joshy\OneDrive\Documents\Kravitz Lab\freezeData\\0506\20260506115619-b96.84-f10.png,2026-05-06 11:56:19,10.0,56.19434780397487,7.407625378152765,501.034461304304,96.665852,0.632315085073366
193,C:\Users\joshy\OneDrive\Documents\Kravitz Lab\freezeData\\0506\20260506115638-b97.06-f0.png,2026-05-06 11:56:38,0.0,54.192580946162145,7.389642663889573,500.12701654039995,96.860392,0.6497410073875922
194,C:\Users\joshy\OneDrive\Documents\Kravitz Lab\freezeData\\0506\20260506115657-b97.30-f2.png,2026-05-06 11:56:57,2.0,54.63700038022937,7.398860349888939,518.7066929243999,97.069896,0.6810775038981355
195,C:\Users\joshy\OneDrive\Documents\Kravitz Lab\freezeData\\0506\20260506115716-b97.86-f4.png,2026-05-06 11:57:16,4.0,54.950047472029574,7.396947443910343,404.33546548729595,97.615736,0.7222827238525502
196,C:\Users\joshy\OneDrive\Documents\Kravitz Lab\freezeData\\0506\20260506115736-b97.41-f6.png,2026-05-06 11:57:36,6.0,55.41014333264825,7.401910371201943,419.66295776198393,97.205124,0.701422952051868
197,C:\Users\joshy\OneDrive\Documents\Kravitz Lab\freezeData\\0506\20260506115753-b97.27-f8.png,2026-05-06 11:57:53,8.0,55.87325554955766,7.4063589896508715,443.74536565105603,97.089768,0.6663987465586587
198,C:\Users\joshy\OneDrive\Documents\Kravitz Lab\freezeData\\0506\20260506115815-b97.10-f10.png,2026-05-06 11:58:15,10.0,56.18362010672591,7.408964892997735,508.14573413502393,96.920152,0.6316069121500636
199,C:\Users\joshy\OneDrive\Documents\Kravitz Lab\freezeData\\0506\20260506115834-b97.01-f0.png,2026-05-06 11:58:34,0.0,54.21678785665694,7.387502596677849,491.156226505664,96.820516,0.6497329441704892
200,C:\Users\joshy\OneDrive\Documents\Kravitz Lab\freezeData\\0506\20260506115852-b97.44-f2.png,2026-05-06 11:58:52,2.0,54.54043368686597,7.396843493431983,530.8685287315841,97.223976,0.6812472050200606
201,C:\Users\joshy\OneDrive\Documents\Kravitz Lab\freezeData\\0506\20260506115912-b97.55-f4.png,2026-05-06 11:59:12,4.0,54.914666666391554,7.396576447513817,412.94314900926406,97.325848,0.7222523959879229
202,C:\Users\joshy\OneDrive\Documents\Kravitz Lab\freezeData\\0506\20260506115931-b97.58-f6.png,2026-05-06 11:59:31,6.0,55.32240349999786,7.400383716502612,415.59114938854395,97.368368,0.7012732570102724
203,C:\Users\joshy\OneDrive\Documents\Kravitz Lab\freezeData\\0506\20260506115951-b97.25-f8.png,2026-05-06 11:59:51,8.0,55.920406953962846,7.409864920468729,443.385796350064,97.054572,0.6660254479634349
204,C:\Users\joshy\OneDrive\Documents\Kravitz Lab\freezeData\\0506\20260506120010-b97.25-f10.png,2026-05-06 12:00:10,10.0,56.14708435968429,7.4089544843888655,506.8555336816001,97.095864,0.631395245050338
205,C:\Users\joshy\OneDrive\Documents\Kravitz Lab\freezeData\\0506\20260506120028-b97.02-f0.png,2026-05-06 12:00:28,0.0,54.17033351818111,7.384911490397462,505.292730354624,96.852032,0.6496090576549738
206,C:\Users\joshy\OneDrive\Documents\Kravitz Lab\freezeData\\0506\20260506120048-b97.74-f2.png,2026-05-06 12:00:48,2.0,54.6143092444185,7.402225247722208,530.9367577500001,97.523532,0.6816419234613401
207,C:\Users\joshy\OneDrive\Documents\Kravitz Lab\freezeData\\0506\20260506120108-b97.72-f4.png,2026-05-06 12:01:08,4.0,55.013817496223844,7.4021261080245715,423.13505616,97.508276,0.7215324222225812
208,C:\Users\joshy\OneDrive\Documents\Kravitz Lab\freezeData\\0506\20260506120126-b97.57-f6.png,2026-05-06 12:01:26,6.0,55.31141788196488,7.3970865227122236,422.83063661439996,97.370216,0.7014915053260597
209,C:\Users\joshy\OneDrive\Documents\Kravitz Lab\freezeData\\0506\20260506120145-b97.23-f8.png,2026-05-06 12:01:45,8.0,55.84625907206477,7.406792973300765,450.2259673536,97.044268,0.665520728224552
210,C:\Users\joshy\OneDrive\Documents\Kravitz Lab\freezeData\\0506\20260506120205-b96.73-f10.png,2026-05-06 12:02:05,10.0,56.29033331774386,7.413121602833477,519.230416036976,96.583036,0.631416379452375
211,C:\Users\joshy\OneDrive\Documents\Kravitz Lab\freezeData\\0506\20260506120223-b97.03-f0.png,2026-05-06 12:02:23,0.0,54.19104800346551,7.38980330723061,499.4134883595361,96.843436,0.6494242720994586
212,C:\Users\joshy\OneDrive\Documents\Kravitz Lab\freezeData\\0506\20260506120243-b97.69-f2.png,2026-05-06 12:02:43,2.0,54.62838267740183,7.400311634039954,531.288415488624,97.483812,0.681138330347282
213,C:\Users\joshy\OneDrive\Documents\Kravitz Lab\freezeData\\0506\20260506120301-b97.48-f4.png,2026-05-06 12:03:01,4.0,54.963952228550674,7.400125552092248,418.29122540537605,97.28224,0.7218780948764493
214,C:\Users\joshy\OneDrive\Documents\Kravitz Lab\freezeData\\0506\20260506120320-b97.57-f6.png,2026-05-06 12:03:20,6.0,55.275650311723474,7.399822752583454,431.854119556336,97.398992,0.7013805182053339
215,C:\Users\joshy\OneDrive\Documents\Kravitz Lab\freezeData\\0506\20260506120339-b96.96-f8.png,2026-05-06 12:03:39,8.0,55.85832406983239,7.407642814154682,464.01833005630397,96.804828,0.665908640019377
216,C:\Users\joshy\OneDrive\Documents\Kravitz Lab\freezeData\\0506\20260506120358-b96.83-f10.png,2026-05-06 12:03:58,10.0,56.244412472745566,7.410578859299876,520.866679872256,96.674108,0.6317569737512218
217,C:\Users\joshy\OneDrive\Documents\Kravitz Lab\freezeData\\0506\20260506120417-b97.06-f0.png,2026-05-06 12:04:17,0.0,54.16585254833159,7.388288354724651,481.6429358872159,96.86182,0.6492147820185992
218,C:\Users\joshy\OneDrive\Documents\Kravitz Lab\freezeData\\0506\20260506120436-b97.69-f2.png,2026-05-06 12:04:36,2.0,54.63893205970995,7.403540191698647,536.543040249344,97.48588,0.6806634784858271
219,C:\Users\joshy\OneDrive\Documents\Kravitz Lab\freezeData\\0506\20260506120455-b97.92-f4.png,2026-05-06 12:04:55,4.0,54.94049251388356,7.396154923141043,433.03732714342397,97.702352,0.7215120279607599
220,C:\Users\joshy\OneDrive\Documents\Kravitz Lab\freezeData\\0506\20260506120513-b97.54-f6.png,2026-05-06 12:05:13,6.0,55.34402050806775,7.402429251370303,421.70417973990396,97.338476,0.7009250544738717
221,C:\Users\joshy\OneDrive\Documents\Kravitz Lab\freezeData\\0506\20260506120533-b97.41-f8.png,2026-05-06 12:05:33,8.0,55.83624046925208,7.40746994170425,463.4199866611039,97.244684,0.6655687841844989
222,C:\Users\joshy\OneDrive\Documents\Kravitz Lab\freezeData\\0506\20260506120552-b97.23-f10.png,2026-05-06 12:05:52,10.0,56.228816618954234,7.411889057142629,527.740225920496,97.079004,0.6311877058906635
223,C:\Users\joshy\OneDrive\Documents\Kravitz Lab\freezeData\\0506\20260506120612-b97.07-f0.png,2026-05-06 12:06:12,0.0,54.246081936957474,7.3886012318110605,496.86415423999995,96.883336,0.6493841897728935
224,C:\Users\joshy\OneDrive\Documents\Kravitz Lab\freezeData\\0506\20260506120633-b97.40-f2.png,2026-05-06 12:06:33,2.0,54.5871972113771,7.399085147732343,533.3888456697441,97.185668,0.6810147551014158
225,C:\Users\joshy\OneDrive\Documents\Kravitz Lab\freezeData\\0506\20260506120653-b97.46-f4.png,2026-05-06 12:06:53,4.0,54.930370652271264,7.395734890885012,430.81284183665605,97.250064,0.721645884895101
226,C:\Users\joshy\OneDrive\Documents\Kravitz Lab\freezeData\\0506\20260506120714-b97.64-f6.png,2026-05-06 12:07:14,6.0,55.29049030906504,7.397132329477074,409.57653200000004,97.424572,0.7009893752820398
227,C:\Users\joshy\OneDrive\Documents\Kravitz Lab\freezeData\\0506\20260506120732-b97.37-f8.png,2026-05-06 12:07:32,8.0,55.896910922142524,7.408857400040891,452.482236350064,97.194508,0.6664458312601169
228,C:\Users\joshy\OneDrive\Documents\Kravitz Lab\freezeData\\0506\20260506120753-b96.84-f10.png,2026-05-06 12:07:53,10.0,56.26931002213906,7.412187029727287,511.235810477296,96.66482,0.6311467732834906
229,C:\Users\joshy\OneDrive\Documents\Kravitz Lab\freezeData\\0506\20260506120833-b97.37-f2.png,2026-05-06 12:08:33,2.0,54.59877323016201,7.398582500798214,533.0259650515039,97.163688,0.6813428483296157
230,C:\Users\joshy\OneDrive\Documents\Kravitz Lab\freezeData\\0506\20260506120813-b96.96-f0.png,2026-05-06 12:08:13,0.0,54.17068112587118,7.386940593375019,494.52579124759995,96.778572,0.6496173179918373
231,C:\Users\joshy\OneDrive\Documents\Kravitz Lab\freezeData\\0506\20260506120851-b97.58-f4.png,2026-05-06 12:08:51,4.0,54.93044240869632,7.394347301004866,422.886877177456,97.373664,0.7216603059590854
232,C:\Users\joshy\OneDrive\Documents\Kravitz Lab\freezeData\\0506\20260506120910-b97.57-f6.png,2026-05-06 12:09:10,6.0,55.29500337458219,7.400365513442943,423.125957737984,97.384788,0.7018557986275675
233,C:\Users\joshy\OneDrive\Documents\Kravitz Lab\freezeData\\0506\20260506120930-b97.46-f8.png,2026-05-06 12:09:30,8.0,55.79807136516731,7.403218116554225,462.9846668666239,97.298764,0.6667654938953578
234,C:\Users\joshy\OneDrive\Documents\Kravitz Lab\freezeData\\0506\20260506120948-b97.07-f10.png,2026-05-06 12:09:48,10.0,56.260087991538015,7.411931727526685,521.147450913536,96.90438,0.6318364803136374
235,C:\Users\joshy\OneDrive\Documents\Kravitz Lab\freezeData\\0506\20260506121006-b97.22-f0.png,2026-05-06 12:10:06,0.0,54.19081573711605,7.388832877215044,498.8099639679359,97.036956,0.6493881136611337
236,C:\Users\joshy\OneDrive\Documents\Kravitz Lab\freezeData\\0506\20260506121027-b97.40-f2.png,2026-05-06 12:10:27,2.0,54.53232766669122,7.396561712920154,508.96179644849605,97.181932,0.6804987490807709
237,C:\Users\joshy\OneDrive\Documents\Kravitz Lab\freezeData\\0506\20260506121046-b97.40-f4.png,2026-05-06 12:10:46,4.0,54.978927767267194,7.399839377801044,418.756417689856,97.190204,0.7223381006123939
238,C:\Users\joshy\OneDrive\Documents\Kravitz Lab\freezeData\\0506\20260506121105-b97.22-f6.png,2026-05-06 12:11:05,6.0,55.34637187559004,7.399932114000123,413.3124009723999,97.018336,0.7008046294188799
239,C:\Users\joshy\OneDrive\Documents\Kravitz Lab\freezeData\\0506\20260506121126-b97.33-f8.png,2026-05-06 12:11:26,8.0,55.84517521377316,7.40365519445312,439.52209177521604,97.143824,0.6655557510618758
240,C:\Users\joshy\OneDrive\Documents\Kravitz Lab\freezeData\\0506\20260506121144-b96.96-f10.png,2026-05-06 12:11:44,10.0,56.16724181448557,7.409234525969899,495.34844442822396,96.767348,0.6313822106216528
241,C:\Users\joshy\OneDrive\Documents\Kravitz Lab\freezeData\\0506\20260506121205-b97.20-f0.png,2026-05-06 12:12:05,0.0,54.18806109445201,7.389587268761288,486.822678783344,97.006544,0.6491230734030121
242,C:\Users\joshy\OneDrive\Documents\Kravitz Lab\freezeData\\0506\20260506121224-b97.72-f2.png,2026-05-06 12:12:24,2.0,54.595103973178546,7.400393633112996,516.732707471616,97.488768,0.6804430417796625
243,C:\Users\joshy\OneDrive\Documents\Kravitz Lab\freezeData\\0506\20260506121242-b97.73-f4.png,2026-05-06 12:12:42,4.0,54.95992640970852,7.3968722664708135,417.2916269464959,97.510632,0.7218777027745534
244,C:\Users\joshy\OneDrive\Documents\Kravitz Lab\freezeData\\0506\20260506121302-b97.56-f6.png,2026-05-06 12:13:02,6.0,55.35106247107617,7.4018129595641655,421.63937642033596,97.360532,0.7015601260194236
245,C:\Users\joshy\OneDrive\Documents\Kravitz Lab\freezeData\\0506\20260506121322-b96.98-f8.png,2026-05-06 12:13:22,8.0,55.946364171732334,7.408723489756858,446.43848546865604,96.789648,0.6661221642765296
246,C:\Users\joshy\OneDrive\Documents\Kravitz Lab\freezeData\\0506\20260506121340-b96.77-f10.png,2026-05-06 12:13:40,10.0,56.292186430740244,7.410755127133129,504.879840321904,96.596472,0.631892237906447
247,C:\Users\joshy\OneDrive\Documents\Kravitz Lab\freezeData\\0506\20260506121359-b97.06-f0.png,2026-05-06 12:13:59,0.0,54.144460884264056,7.384891307935626,492.0537477399041,96.86782,0.6494289960544664
248,C:\Users\joshy\OneDrive\Documents\Kravitz Lab\freezeData\\0506\20260506121418-b97.38-f2.png,2026-05-06 12:14:18,2.0,54.60925669118758,7.399321078192098,512.0558312476,97.160772,0.6801110839074571
249,C:\Users\joshy\OneDrive\Documents\Kravitz Lab\freezeData\\0506\20260506121436-b97.46-f4.png,2026-05-06 12:14:36,4.0,54.93337426030831,7.397742144918231,421.46448737990397,97.237336,0.7211533645516431
250,C:\Users\joshy\OneDrive\Documents\Kravitz Lab\freezeData\\0506\20260506121456-b97.48-f6.png,2026-05-06 12:14:56,6.0,55.33667874093942,7.400568855800911,424.524303656944,97.270492,0.7010205288813697
251,C:\Users\joshy\OneDrive\Documents\Kravitz Lab\freezeData\\0506\20260506121516-b97.08-f8.png,2026-05-06 12:15:16,8.0,55.87131925956645,7.405614811912736,440.6900882508641,96.88134,0.6659868945400451
252,C:\Users\joshy\OneDrive\Documents\Kravitz Lab\freezeData\\0506\20260506121536-b96.89-f10.png,2026-05-06 12:15:36,10.0,56.19413901202152,7.40870848328316,512.882830803184,96.71824,0.631472824029258
253,C:\Users\joshy\OneDrive\Documents\Kravitz Lab\freezeData\\0506\20260506121556-b97.16-f0.png,2026-05-06 12:15:56,0.0,54.2080356131164,7.388359187720609,502.800283230144,96.963848,0.6491628296562896
254,C:\Users\joshy\OneDrive\Documents\Kravitz Lab\freezeData\\0506\20260506121615-b97.48-f2.png,2026-05-06 12:16:15,2.0,54.600176995958535,7.398838639611542,511.36054978993593,97.2599,0.6810851799480182
255,C:\Users\joshy\OneDrive\Documents\Kravitz Lab\freezeData\\0506\20260506121633-b97.45-f4.png,2026-05-06 12:16:33,4.0,54.93117558506958,7.397542839036995,418.65893039257605,97.231484,0.721908823734156
256,C:\Users\joshy\OneDrive\Documents\Kravitz Lab\freezeData\\0506\20260506121653-b97.44-f6.png,2026-05-06 12:16:53,6.0,55.39004101244195,7.404372975881456,422.8844959839839,97.2308,0.7010747196402919
257,C:\Users\joshy\OneDrive\Documents\Kravitz Lab\freezeData\\0506\20260506121712-b97.09-f8.png,2026-05-06 12:17:12,8.0,55.8543801656602,7.405611244284691,429.95090625905607,96.903148,0.6656677682978236
258,C:\Users\joshy\OneDrive\Documents\Kravitz Lab\freezeData\\0506\20260506121730-b96.81-f10.png,2026-05-06 12:17:30,10.0,56.23710724383337,7.409647448417285,506.614477886464,96.639172,0.6311342678401183
259,C:\Users\joshy\OneDrive\Documents\Kravitz Lab\freezeData\\0506\20260506121749-b96.94-f0.png,2026-05-06 12:17:49,0.0,54.19481792502763,7.385281504111745,486.50762433817596,96.737348,0.6495330141538833
260,C:\Users\joshy\OneDrive\Documents\Kravitz Lab\freezeData\\0506\20260506121809-b97.37-f2.png,2026-05-06 12:18:09,2.0,54.6163887142035,7.398148463765009,523.2747948380161,97.149532,0.681286006811506
261,C:\Users\joshy\OneDrive\Documents\Kravitz Lab\freezeData\\0506\20260506121828-b97.69-f4.png,2026-05-06 12:18:28,4.0,54.9231284747865,7.395373380013253,423.71183344639996,97.466436,0.721631321842415
262,C:\Users\joshy\OneDrive\Documents\Kravitz Lab\freezeData\\0506\20260506121847-b97.49-f6.png,2026-05-06 12:18:47,6.0,55.33131163163093,7.400068881287798,413.5412978684,97.286812,0.7015304445418787
263,C:\Users\joshy\OneDrive\Documents\Kravitz Lab\freezeData\\0506\20260506121906-b97.37-f8.png,2026-05-06 12:19:06,8.0,55.847024071747995,7.4063054128939125,455.67284780742403,97.18536,0.6655550763458429
264,C:\Users\joshy\OneDrive\Documents\Kravitz Lab\freezeData\\0506\20260506121926-b96.85-f10.png,2026-05-06 12:19:26,10.0,56.22920225514483,7.409225337533606,510.53078990999995,96.687504,0.6311499207487584
265,C:\Users\joshy\OneDrive\Documents\Kravitz Lab\freezeData\\0506\20260506121945-b97.05-f0.png,2026-05-06 12:19:45,0.0,54.21221900503229,7.38871811093093,496.76180562942403,96.861196,0.64923673001485
266,C:\Users\joshy\OneDrive\Documents\Kravitz Lab\freezeData\\0506\20260506122003-b97.77-f2.png,2026-05-06 12:20:03,2.0,54.58379187555676,7.400227833817003,532.7847538496001,97.565852,0.6809118395416407
267,C:\Users\joshy\OneDrive\Documents\Kravitz Lab\freezeData\\0506\20260506122022-b97.48-f4.png,2026-05-06 12:20:22,4.0,54.93475425342627,7.397156113197773,428.828636966896,97.269108,0.7223689721671684
268,C:\Users\joshy\OneDrive\Documents\Kravitz Lab\freezeData\\0506\20260506122041-b97.54-f6.png,2026-05-06 12:20:41,6.0,55.38590096006745,7.401644720255044,420.102343656944,97.32696,0.7013366186806926
269,C:\Users\joshy\OneDrive\Documents\Kravitz Lab\freezeData\\0506\20260506122059-b97.31-f8.png,2026-05-06 12:20:59,8.0,55.83113792285749,7.405262360637901,460.978767411696,97.140692,0.6662681524740858
270,C:\Users\joshy\OneDrive\Documents\Kravitz Lab\freezeData\\0506\20260506122119-b96.88-f10.png,2026-05-06 12:21:19,10.0,56.18110989766593,7.408288953010061,502.52616456953604,96.712628,0.6313278047604773
271,C:\Users\joshy\OneDrive\Documents\Kravitz Lab\freezeData\\0506\20260506122138-b97.05-f0.png,2026-05-06 12:21:38,0.0,54.20208596461741,7.389402275704575,498.08754604639995,96.853832,0.6489669224104875
272,C:\Users\joshy\OneDrive\Documents\Kravitz Lab\freezeData\\0506\20260506122156-b97.55-f2.png,2026-05-06 12:21:56,2.0,54.62808238451722,7.40256353872843,526.3380120926561,97.33148,0.681095400126105
273,C:\Users\joshy\OneDrive\Documents\Kravitz Lab\freezeData\\0506\20260506122216-b97.48-f4.png,2026-05-06 12:22:16,4.0,54.95930419136778,7.398094130881072,418.842753528064,97.274552,0.722003623162436
274,C:\Users\joshy\OneDrive\Documents\Kravitz Lab\freezeData\\0506\20260506122235-b97.47-f6.png,2026-05-06 12:22:35,6.0,55.2959741628736,7.398122403328757,434.754913891696,97.271104,0.7015240771972338
275,C:\Users\joshy\OneDrive\Documents\Kravitz Lab\freezeData\\0506\20260506122254-b97.31-f8.png,2026-05-06 12:22:54,8.0,55.85646866545733,7.405560707413992,457.06948012774404,97.129028,0.6658981483653811
276,C:\Users\joshy\OneDrive\Documents\Kravitz Lab\freezeData\\0506\20260506122312-b96.92-f10.png,2026-05-06 12:23:12,10.0,56.209714589431464,7.408720493124091,508.73994021529603,96.754216,0.6315254426951528
277,C:\Users\joshy\OneDrive\Documents\Kravitz Lab\freezeData\\0506\20260506122332-b97.11-f0.png,2026-05-06 12:23:32,0.0,54.22420971992492,7.390388689254997,506.66977160678397,96.92136,0.6491855529660545
278,C:\Users\joshy\OneDrive\Documents\Kravitz Lab\freezeData\\0506\20260506122351-b97.48-f2.png,2026-05-06 12:23:51,2.0,54.55926045270042,7.397281726012933,524.1339727100001,97.25888,0.6812291877260334
279,C:\Users\joshy\OneDrive\Documents\Kravitz Lab\freezeData\\0506\20260506122410-b97.80-f4.png,2026-05-06 12:24:10,4.0,54.98619414544258,7.3970478626692495,417.43411583840003,97.577236,0.721808142416036
280,C:\Users\joshy\OneDrive\Documents\Kravitz Lab\freezeData\\0506\20260506122431-b97.47-f6.png,2026-05-06 12:24:31,6.0,55.36235425898707,7.39962124559132,419.34267804,97.257804,0.7005739867672469
281,C:\Users\joshy\OneDrive\Documents\Kravitz Lab\freezeData\\0506\20260506122448-b97.41-f8.png,2026-05-06 12:24:48,8.0,55.8392070447853,7.404261714622295,455.74822324081595,97.23436,0.6667612413155151
282,C:\Users\joshy\OneDrive\Documents\Kravitz Lab\freezeData\\0506\20260506122508-b96.93-f10.png,2026-05-06 12:25:08,10.0,56.284942415384094,7.413646175996212,525.623890766336,96.777664,0.6313772014615654
283,C:\Users\joshy\OneDrive\Documents\Kravitz Lab\freezeData\\0506\20260506122527-b97.16-f0.png,2026-05-06 12:25:27,0.0,54.17878476494341,7.388229724953902,497.020170468096,96.959044,0.6489785980841708
284,C:\Users\joshy\OneDrive\Documents\Kravitz Lab\freezeData\\0506\20260506122546-b97.49-f2.png,2026-05-06 12:25:46,2.0,54.59365515851834,7.397965587973652,532.8010130515041,97.277972,0.6813058135586648
285,C:\Users\joshy\OneDrive\Documents\Kravitz Lab\freezeData\\0506\20260506122606-b97.72-f4.png,2026-05-06 12:26:06,4.0,54.92982116106464,7.393012014779858,433.966242007296,97.524884,0.7222007062101632
286,C:\Users\joshy\OneDrive\Documents\Kravitz Lab\freezeData\\0506\20260506122625-b97.56-f6.png,2026-05-06 12:26:25,6.0,55.36794295286051,7.402676758106342,435.26492937560005,97.378028,0.7013776569132879
287,C:\Users\joshy\OneDrive\Documents\Kravitz Lab\freezeData\\0506\20260506122644-b97.20-f8.png,2026-05-06 12:26:44,8.0,55.950116780106754,7.408103351554458,453.6824413770241,97.025304,0.6661422269701649
288,C:\Users\joshy\OneDrive\Documents\Kravitz Lab\freezeData\\0506\20260506122703-b96.80-f10.png,2026-05-06 12:27:03,10.0,56.27366473076812,7.411964123597058,512.2589916359041,96.636652,0.631416323027787
289,C:\Users\joshy\OneDrive\Documents\Kravitz Lab\freezeData\\0506\20260506122723-b97.10-f0.png,2026-05-06 12:27:23,0.0,54.223148221950225,7.3902457871856,499.0022486876,96.901304,0.6489420899219864
290,C:\Users\joshy\OneDrive\Documents\Kravitz Lab\freezeData\\0506\20260506122741-b97.16-f2.png,2026-05-06 12:27:41,2.0,54.54194388444915,7.394407284073907,509.5270463356,96.94584,0.6812414356078438
291,C:\Users\joshy\OneDrive\Documents\Kravitz Lab\freezeData\\0506\20260506122800-b97.85-f4.png,2026-05-06 12:28:00,4.0,54.961586742393095,7.396801402709904,434.51362117745595,97.65328,0.7219953513729548
292,C:\Users\joshy\OneDrive\Documents\Kravitz Lab\freezeData\\0506\20260506122822-b97.64-f6.png,2026-05-06 12:28:22,6.0,55.365229341166824,7.402498604654786,433.74133293049596,97.454,0.7014418990021607
293,C:\Users\joshy\OneDrive\Documents\Kravitz Lab\freezeData\\0506\20260506122843-b97.33-f8.png,2026-05-06 12:28:43,8.0,55.879665705353105,7.406982386773923,457.043368191424,97.161272,0.6669005242202324
294,C:\Users\joshy\OneDrive\Documents\Kravitz Lab\freezeData\\0506\20260506122901-b96.71-f10.png,2026-05-06 12:29:01,10.0,56.32216261849483,7.41210344905538,510.24907938839993,96.539268,0.6309633404129902
295,C:\Users\joshy\OneDrive\Documents\Kravitz Lab\freezeData\\0506\20260506122920-b97.10-f0.png,2026-05-06 12:29:20,0.0,54.253348557278045,7.3911738050562805,505.1285045404,96.917864,0.6495601753393007
296,C:\Users\joshy\OneDrive\Documents\Kravitz Lab\freezeData\\0506\20260506122938-b97.72-f2.png,2026-05-06 12:29:38,2.0,54.59907638835748,7.399030139779974,540.880511659456,97.516048,0.6808255635716495
297,C:\Users\joshy\OneDrive\Documents\Kravitz Lab\freezeData\\0506\20260506122958-b97.56-f4.png,2026-05-06 12:29:58,4.0,55.020336365035064,7.39934142954423,437.23664436030396,97.35472,0.7220568406645438
298,C:\Users\joshy\OneDrive\Documents\Kravitz Lab\freezeData\\0506\20260506123017-b97.48-f6.png,2026-05-06 12:30:17,6.0,55.357480284621474,7.40087262797535,410.928468495616,97.282412,0.701588363016042
299,C:\Users\joshy\OneDrive\Documents\Kravitz Lab\freezeData\\0506\20260506123035-b97.20-f8.png,2026-05-06 12:30:35,8.0,55.88732587108902,7.406757726737803,459.858913620736,97.019052,0.666329819975523
300,C:\Users\joshy\OneDrive\Documents\Kravitz Lab\freezeData\\0506\20260506123054-b97.18-f10.png,2026-05-06 12:30:54,10.0,56.235670490215945,7.410774925570426,519.3467346556,97.011684,0.6312058561499743
301,C:\Users\joshy\OneDrive\Documents\Kravitz Lab\freezeData\\0506\20260506123116-b97.09-f0.png,2026-05-06 12:31:16,0.0,54.215333911062324,7.388224968146889,483.4263434204001,96.885996,0.6492359458798466
302,C:\Users\joshy\OneDrive\Documents\Kravitz Lab\freezeData\\0506\20260506123134-b97.32-f2.png,2026-05-06 12:31:34,2.0,54.583600140090574,7.3993140185311885,517.086368142704,97.088948,0.6809954370840933
303,C:\Users\joshy\OneDrive\Documents\Kravitz Lab\freezeData\\0506\20260506123154-b97.37-f4.png,2026-05-06 12:31:54,4.0,54.968992334547885,7.394010756996238,416.347683262064,97.154304,0.7215598154499484
304,C:\Users\joshy\OneDrive\Documents\Kravitz Lab\freezeData\\0506\20260506123212-b97.42-f6.png,2026-05-06 12:32:12,6.0,55.366679841895376,7.399847873925711,418.34703670214395,97.208584,0.7011271630179605
305,C:\Users\joshy\OneDrive\Documents\Kravitz Lab\freezeData\\0506\20260506123233-b97.31-f8.png,2026-05-06 12:32:33,8.0,55.86044270386335,7.405176408362948,456.2820086047839,97.12722,0.6663432365362024
306,C:\Users\joshy\OneDrive\Documents\Kravitz Lab\freezeData\\0506\20260506123253-b96.99-f10.png,2026-05-06 12:32:53,10.0,56.3143111667674,7.4125553309224195,520.3409295787361,96.810364,0.6310774933808879
307,C:\Users\joshy\OneDrive\Documents\Kravitz Lab\freezeData\\0506\20260506123311-b97.17-f0.png,2026-05-06 12:33:11,0.0,54.18656470816049,7.388827286418771,484.45332735166403,96.957844,0.64927444726692
308,C:\Users\joshy\OneDrive\Documents\Kravitz Lab\freezeData\\0506\20260506123330-b97.41-f2.png,2026-05-06 12:33:30,2.0,54.57560973498634,7.398390601999127,531.9543068743039,97.218408,0.6811548914430634
309,C:\Users\joshy\OneDrive\Documents\Kravitz Lab\freezeData\\0506\20260506123349-b97.78-f4.png,2026-05-06 12:33:49,4.0,54.949703285973214,7.396060569074489,429.4618164264961,97.555252,0.7226670411249411
310,C:\Users\joshy\OneDrive\Documents\Kravitz Lab\freezeData\\0506\20260506123408-b97.51-f6.png,2026-05-06 12:34:08,6.0,55.34452062706479,7.400285890899734,435.277693949376,97.31402,0.7014374504248653
311,C:\Users\joshy\OneDrive\Documents\Kravitz Lab\freezeData\\0506\20260506123426-b97.26-f8.png,2026-05-06 12:34:26,8.0,55.889996717856256,7.407842179672872,458.6901088523359,97.078504,0.6657150480117865
312,C:\Users\joshy\OneDrive\Documents\Kravitz Lab\freezeData\\0506\20260506123449-b96.73-f10.png,2026-05-06 12:34:49,10.0,56.388239802237344,7.4163482675027135,515.902666794096,96.557376,0.6319341289001403
313,C:\Users\joshy\OneDrive\Documents\Kravitz Lab\freezeData\\0506\20260506123507-b97.10-f0.png,2026-05-06 12:35:07,0.0,54.186608268644235,7.3870006184806005,496.37352042033604,96.911364,0.6491390762795184
314,C:\Users\joshy\OneDrive\Documents\Kravitz Lab\freezeData\\0506\20260506123527-b97.39-f2.png,2026-05-06 12:35:27,2.0,54.60837022716557,7.397749511795336,526.3081434204,97.178396,0.6807452162625195
315,C:\Users\joshy\OneDrive\Documents\Kravitz Lab\freezeData\\0506\20260506123547-b97.43-f4.png,2026-05-06 12:35:47,4.0,54.967057929805776,7.396726248352076,420.4893128604161,97.200376,0.7223445772632076
316,C:\Users\joshy\OneDrive\Documents\Kravitz Lab\freezeData\\0506\20260506123605-b97.46-f6.png,2026-05-06 12:36:05,6.0,55.47587240738085,7.405932581008054,434.79708367360007,97.2708,0.7017564629308125
317,C:\Users\joshy\OneDrive\Documents\Kravitz Lab\freezeData\\0506\20260506123624-b97.34-f8.png,2026-05-06 12:36:24,8.0,55.89667690970346,7.406528145418959,450.8194860124,97.159168,0.6664640707085245
318,C:\Users\joshy\OneDrive\Documents\Kravitz Lab\freezeData\\0506\20260506123643-b97.28-f10.png,2026-05-06 12:36:43,10.0,56.235162162600155,7.410573057583376,519.3222858864641,97.106492,0.6319672859434153
319,C:\Users\joshy\OneDrive\Documents\Kravitz Lab\freezeData\\0506\20260506123702-b97.13-f0.png,2026-05-06 12:37:02,0.0,54.23510326897236,7.391724428952191,497.89191900030403,96.929648,0.64912612542506
320,C:\Users\joshy\OneDrive\Documents\Kravitz Lab\freezeData\\0506\20260506123721-b97.36-f2.png,2026-05-06 12:37:21,2.0,54.562220089989005,7.397571220328864,510.60600011121596,97.13254,0.6805503799053255
321,C:\Users\joshy\OneDrive\Documents\Kravitz Lab\freezeData\\0506\20260506123740-b97.62-f4.png,2026-05-06 12:37:40,4.0,54.97539105872241,7.397437462727189,420.3454669278561,97.397112,0.7220707979316264
322,C:\Users\joshy\OneDrive\Documents\Kravitz Lab\freezeData\\0506\20260506123758-b97.50-f6.png,2026-05-06 12:37:58,6.0,55.42564945492424,7.403532054338335,429.23264897239994,97.299684,0.7014383921666052
323,C:\Users\joshy\OneDrive\Documents\Kravitz Lab\freezeData\\0506\20260506123818-b97.23-f8.png,2026-05-06 12:38:18,8.0,55.88936552468622,7.407485038706303,447.29692156,97.031004,0.6669492206660137
324,C:\Users\joshy\OneDrive\Documents\Kravitz Lab\freezeData\\0506\20260506123837-b97.17-f10.png,2026-05-06 12:38:37,10.0,56.21233401090419,7.408493204354444,513.224813199104,96.996388,0.6315188629028
325,C:\Users\joshy\OneDrive\Documents\Kravitz Lab\freezeData\\0506\20260506123856-b97.24-f0.png,2026-05-06 12:38:56,0.0,54.212962948400595,7.387994820912684,511.159896328944,97.054812,0.6492739401500536
326,C:\Users\joshy\OneDrive\Documents\Kravitz Lab\freezeData\\0506\20260506123915-b97.57-f2.png,2026-05-06 12:39:15,2.0,54.56674810862219,7.396700352698428,524.0617228016,97.350224,0.6810205142055276
327,C:\Users\joshy\OneDrive\Documents\Kravitz Lab\freezeData\\0506\20260506123934-b97.78-f4.png,2026-05-06 12:39:34,4.0,54.966103255264656,7.396073800739457,429.05209305150396,97.579328,0.7218450146161306
328,C:\Users\joshy\OneDrive\Documents\Kravitz Lab\freezeData\\0506\20260506123953-b97.45-f6.png,2026-05-06 12:39:53,6.0,55.485469768580536,7.406113410235136,435.230839623536,97.246456,0.7014260127067121
329,C:\Users\joshy\OneDrive\Documents\Kravitz Lab\freezeData\\0506\20260506124013-b97.47-f8.png,2026-05-06 12:40:13,8.0,55.81549210959853,7.402254278704365,441.56034110039997,97.278188,0.666362463357137
330,C:\Users\joshy\OneDrive\Documents\Kravitz Lab\freezeData\\0506\20260506124032-b97.13-f10.png,2026-05-06 12:40:32,10.0,56.26197053283875,7.4115031773677815,519.509772850624,96.972728,0.6309174528658097
331,C:\Users\joshy\OneDrive\Documents\Kravitz Lab\freezeData\\0506\20260506124051-b97.05-f0.png,2026-05-06 12:40:51,0.0,54.23730561664715,7.388484224555934,490.36593133440005,96.850804,0.6488657166301074
332,C:\Users\joshy\OneDrive\Documents\Kravitz Lab\freezeData\\0506\20260506124109-b97.41-f2.png,2026-05-06 12:41:09,2.0,54.59551661979449,7.397590719319513,520.784466580416,97.197588,0.6807511150701419
333,C:\Users\joshy\OneDrive\Documents\Kravitz Lab\freezeData\\0506\20260506124128-b97.63-f4.png,2026-05-06 12:41:28,4.0,54.99652844037791,7.3990529329071295,416.345315774576,97.398948,0.7211735413990853
334,C:\Users\joshy\OneDrive\Documents\Kravitz Lab\freezeData\\0506\20260506124206-b97.25-f8.png,2026-05-06 12:42:06,8.0,55.93650483252954,7.408506374119759,457.17146475878394,97.07802,0.6662500820269409
335,C:\Users\joshy\OneDrive\Documents\Kravitz Lab\freezeData\\0506\20260506124147-b97.47-f6.png,2026-05-06 12:41:47,6.0,55.32988800649587,7.399003597817902,406.4850162364,97.244068,0.7013193204949469
336,C:\Users\joshy\OneDrive\Documents\Kravitz Lab\freezeData\\0506\20260506124224-b97.23-f10.png,2026-05-06 12:42:24,10.0,56.21372081957728,7.408536148610287,512.086209418496,97.063432,0.630759956808383
337,C:\Users\joshy\OneDrive\Documents\Kravitz Lab\freezeData\\0506\20260506124244-b97.10-f0.png,2026-05-06 12:42:44,0.0,54.29302013081475,7.3939803742713766,498.92742307160006,96.907712,0.648997838524955
338,C:\Users\joshy\OneDrive\Documents\Kravitz Lab\freezeData\\0506\20260506124305-b97.31-f2.png,2026-05-06 12:43:05,2.0,54.595451117580694,7.398021268009908,530.363637219184,97.100684,0.6814193755693744
339,C:\Users\joshy\OneDrive\Documents\Kravitz Lab\freezeData\\0506\20260506124323-b97.72-f4.png,2026-05-06 12:43:23,4.0,54.960391624918394,7.395923004628334,424.90004307185603,97.49934,0.7215385765864465
340,C:\Users\joshy\OneDrive\Documents\Kravitz Lab\freezeData\\0506\20260506124343-b97.51-f6.png,2026-05-06 12:43:43,6.0,55.32945779961702,7.400212602132066,426.3431293756,97.30998,0.7017992392930369
341,C:\Users\joshy\OneDrive\Documents\Kravitz Lab\freezeData\\0506\20260506124404-b97.43-f8.png,2026-05-06 12:44:04,8.0,55.81433857784016,7.404083636206017,450.32039788646404,97.247332,0.6658989528573329
342,C:\Users\joshy\OneDrive\Documents\Kravitz Lab\freezeData\\0506\20260506124443-b97.14-f0.png,2026-05-06 12:44:43,0.0,54.21799115621146,7.3885829385103605,498.46593671665596,96.939676,0.6490821036575029
343,C:\Users\joshy\OneDrive\Documents\Kravitz Lab\freezeData\\0506\20260506124423-b96.68-f10.png,2026-05-06 12:44:23,10.0,56.407088695807595,7.416281434448346,516.752934729456,96.508536,0.6306140659362655
344,C:\Users\joshy\OneDrive\Documents\Kravitz Lab\freezeData\\0506\20260506124502-b97.38-f2.png,2026-05-06 12:45:02,2.0,54.55510043393194,7.396216275501211,530.7594038709759,97.17206,0.6805647965157632
345,C:\Users\joshy\OneDrive\Documents\Kravitz Lab\freezeData\\0506\20260506124521-b97.30-f4.png,2026-05-06 12:45:21,4.0,54.98680449073345,7.3993260394145635,415.772588227056,97.073184,0.7215963232395599
346,C:\Users\joshy\OneDrive\Documents\Kravitz Lab\freezeData\\0506\20260506124541-b97.34-f6.png,2026-05-06 12:45:41,6.0,55.38767525653107,7.401727382725503,417.63296360678413,97.127584,0.7010822063069759
347,C:\Users\joshy\OneDrive\Documents\Kravitz Lab\freezeData\\0506\20260506124559-b97.32-f8.png,2026-05-06 12:45:59,8.0,55.92584614329957,7.407471655376436,460.28420850790405,97.134228,0.6663421300319219
348,C:\Users\joshy\OneDrive\Documents\Kravitz Lab\freezeData\\0506\20260506124617-b96.81-f10.png,2026-05-06 12:46:17,10.0,56.28805656634893,7.410783286469188,496.77231182193606,96.644748,0.6310039547150527
349,C:\Users\joshy\OneDrive\Documents\Kravitz Lab\freezeData\\0506\20260506124637-b97.25-f0.png,2026-05-06 12:46:37,0.0,54.24030153177528,7.390094760167863,493.296228374784,97.058564,0.6490347351060024
350,C:\Users\joshy\OneDrive\Documents\Kravitz Lab\freezeData\\0506\20260506124656-b97.65-f2.png,2026-05-06 12:46:56,2.0,54.63424695928018,7.400738297643823,532.7486012400001,97.428872,0.6805157871041579
351,C:\Users\joshy\OneDrive\Documents\Kravitz Lab\freezeData\\0506\20260506124713-b97.44-f4.png,2026-05-06 12:47:13,4.0,54.957045946870174,7.396466339436928,406.09043352806407,97.19544,0.7221396895134891
352,C:\Users\joshy\OneDrive\Documents\Kravitz Lab\freezeData\\0506\20260506124733-b97.54-f6.png,2026-05-06 12:47:33,6.0,55.34419630340207,7.40045942456893,420.901080629104,97.328864,0.7014914944433027
353,C:\Users\joshy\OneDrive\Documents\Kravitz Lab\freezeData\\0506\20260506124754-b97.36-f8.png,2026-05-06 12:47:54,8.0,55.86235556941522,7.406972480406426,445.159002280384,97.171832,0.6660330145314353
354,C:\Users\joshy\OneDrive\Documents\Kravitz Lab\freezeData\\0506\20260506124812-b97.02-f10.png,2026-05-06 12:48:12,10.0,56.24978895533387,7.412695547925946,503.1590548031839,96.86202,0.6315278514694229
355,C:\Users\joshy\OneDrive\Documents\Kravitz Lab\freezeData\\0506\20260506124830-b97.02-f0.png,2026-05-06 12:48:30,0.0,54.20338065441675,7.385633378774633,506.14828854039996,96.83982,0.6494859881221765
356,C:\Users\joshy\OneDrive\Documents\Kravitz Lab\freezeData\\0506\20260506124853-b97.43-f2.png,2026-05-06 12:48:53,2.0,54.61389983007857,7.3978878599829105,531.639686746736,97.212512,0.6805157591027176
357,C:\Users\joshy\OneDrive\Documents\Kravitz Lab\freezeData\\0506\20260506124911-b97.43-f4.png,2026-05-06 12:49:11,4.0,54.98898502524214,7.396868651557016,407.6965125580161,97.208264,0.7218374539799648
358,C:\Users\joshy\OneDrive\Documents\Kravitz Lab\freezeData\\0506\20260506124930-b97.59-f6.png,2026-05-06 12:49:30,6.0,55.30831191142192,7.399307554345148,433.885327556336,97.391808,0.7018494531916063
359,C:\Users\joshy\OneDrive\Documents\Kravitz Lab\freezeData\\0506\20260506124950-b97.40-f8.png,2026-05-06 12:49:50,8.0,55.914743907760716,7.408217914591946,460.3348048523361,97.222256,0.6663495690567582
360,C:\Users\joshy\OneDrive\Documents\Kravitz Lab\freezeData\\0506\20260506125008-b96.65-f10.png,2026-05-06 12:50:08,10.0,56.336381346751196,7.413975124812516,524.4307383964,96.499132,0.6314767791757934
361,C:\Users\joshy\OneDrive\Documents\Kravitz Lab\freezeData\\0506\20260506125027-b97.16-f0.png,2026-05-06 12:50:27,0.0,54.2029729469919,7.389215948113133,500.66910616294405,96.968892,0.6491120698141717
362,C:\Users\joshy\OneDrive\Documents\Kravitz Lab\freezeData\\0506\20260506125048-b97.41-f2.png,2026-05-06 12:50:48,2.0,54.59517020144181,7.397762828089757,533.8747522364,97.20766,0.6817221661426961
363,C:\Users\joshy\OneDrive\Documents\Kravitz Lab\freezeData\\0506\20260506125127-b97.53-f6.png,2026-05-06 12:51:27,6.0,55.385621213255554,7.401931793764824,413.21657344000005,97.308076,0.7013586567205764
364,C:\Users\joshy\OneDrive\Documents\Kravitz Lab\freezeData\\0506\20260506125107-b97.57-f4.png,2026-05-06 12:51:07,4.0,54.96765055596552,7.394987068111686,411.875735143424,97.341708,0.7214885826255174
365,C:\Users\joshy\OneDrive\Documents\Kravitz Lab\freezeData\\0506\20260506125146-b97.19-f8.png,2026-05-06 12:51:46,8.0,55.84485765429207,7.404169377209963,449.01277719289595,96.996316,0.6668240544380574
366,C:\Users\joshy\OneDrive\Documents\Kravitz Lab\freezeData\\0506\20260506125206-b96.84-f10.png,2026-05-06 12:52:06,10.0,56.3404118593666,7.4125377618879895,525.4441428031839,96.678212,0.6312044671513796
367,C:\Users\joshy\OneDrive\Documents\Kravitz Lab\freezeData\\0506\20260506125226-b96.92-f0.png,2026-05-06 12:52:26,0.0,54.28649435603799,7.390680823815011,507.892132584896,96.723684,0.6493934445418644
368,C:\Users\joshy\OneDrive\Documents\Kravitz Lab\freezeData\\0506\20260506125245-b97.41-f2.png,2026-05-06 12:52:45,2.0,54.59734533232912,7.39707374854669,534.7286689243999,97.20432,0.6811480045213479
369,C:\Users\joshy\OneDrive\Documents\Kravitz Lab\freezeData\\0506\20260506125304-b97.63-f4.png,2026-05-06 12:53:04,4.0,54.99150843212068,7.396855233766828,429.341814259184,97.4194,0.7221149379708754
370,C:\Users\joshy\OneDrive\Documents\Kravitz Lab\freezeData\\0506\20260506125323-b97.39-f6.png,2026-05-06 12:53:23,6.0,55.330695256536366,7.399269097320873,431.69790149094393,97.206452,0.7021063472723846
371,C:\Users\joshy\OneDrive\Documents\Kravitz Lab\freezeData\\0506\20260506125342-b97.30-f8.png,2026-05-06 12:53:42,8.0,55.907026624477176,7.4090074247064175,459.086623871744,97.1149,0.6669613584368032
372,C:\Users\joshy\OneDrive\Documents\Kravitz Lab\freezeData\\0506\20260506125402-b96.91-f10.png,2026-05-06 12:54:02,10.0,56.34002008822872,7.414872892819781,517.692336955504,96.736272,0.6311911005062223
373,C:\Users\joshy\OneDrive\Documents\Kravitz Lab\freezeData\\0506\20260506125421-b97.11-f0.png,2026-05-06 12:54:21,0.0,54.221848582339426,7.388601564422007,493.7560947833441,96.914816,0.6487059008697529
374,C:\Users\joshy\OneDrive\Documents\Kravitz Lab\freezeData\\0506\20260506125440-b97.40-f2.png,2026-05-06 12:54:40,2.0,54.62658971187288,7.399201539953169,534.795759142384,97.187948,0.6814269811447669
375,C:\Users\joshy\OneDrive\Documents\Kravitz Lab\freezeData\\0506\20260506125501-b97.59-f4.png,2026-05-06 12:55:01,4.0,54.96490025883428,7.397793927735074,422.151967386096,97.37942,0.7216115098151207
376,C:\Users\joshy\OneDrive\Documents\Kravitz Lab\freezeData\\0506\20260506125520-b97.41-f6.png,2026-05-06 12:55:20,6.0,55.38748205258455,7.4024103977885165,436.827261204416,97.232568,0.7019209697248844
377,C:\Users\joshy\OneDrive\Documents\Kravitz Lab\freezeData\\0506\20260506125538-b97.17-f8.png,2026-05-06 12:55:38,8.0,55.86568120374311,7.406966722356371,466.71857737702385,96.996588,0.6659530062444295
378,C:\Users\joshy\OneDrive\Documents\Kravitz Lab\freezeData\\0506\20260506125558-b96.93-f10.png,2026-05-06 12:55:58,10.0,56.39657262657283,7.418758867339339,525.732353784176,96.764764,0.6309643649913895
379,C:\Users\joshy\OneDrive\Documents\Kravitz Lab\freezeData\\0506\20260506125617-b96.84-f0.png,2026-05-06 12:56:17,0.0,54.19998115855008,7.385164487980719,486.3580610690561,96.643396,0.649042589742022
380,C:\Users\joshy\OneDrive\Documents\Kravitz Lab\freezeData\\0506\20260506125658-b97.62-f4.png,2026-05-06 12:56:58,4.0,54.94005039819399,7.394176353555075,436.86515324,97.405352,0.7223226110647748
381,C:\Users\joshy\OneDrive\Documents\Kravitz Lab\freezeData\\0506\20260506125638-b97.55-f2.png,2026-05-06 12:56:38,2.0,54.6262466998297,7.398063839093883,540.1736263165441,97.358312,0.68118099033751
382,C:\Users\joshy\OneDrive\Documents\Kravitz Lab\freezeData\\0506\20260506125718-b97.34-f6.png,2026-05-06 12:57:18,6.0,55.37518956739973,7.400164590141788,417.419920860016,97.124388,0.7016756796954471
383,C:\Users\joshy\OneDrive\Documents\Kravitz Lab\freezeData\\0506\20260506125736-b97.40-f8.png,2026-05-06 12:57:36,8.0,55.84280169645803,7.405309289963741,456.221866727664,97.222492,0.6664781079072616
384,C:\Users\joshy\OneDrive\Documents\Kravitz Lab\freezeData\\0506\20260506125756-b97.04-f10.png,2026-05-06 12:57:56,10.0,56.27845890312207,7.411602070490425,522.3352241084,96.86164,0.6312325972957121
385,C:\Users\joshy\OneDrive\Documents\Kravitz Lab\freezeData\\0506\20260506125815-b97.15-f0.png,2026-05-06 12:58:15,0.0,54.204906975430035,7.387369470946112,501.01818787097596,96.964676,0.649599508345286
386,C:\Users\joshy\OneDrive\Documents\Kravitz Lab\freezeData\\0506\20260506125834-b97.49-f2.png,2026-05-06 12:58:34,2.0,54.58295224398343,7.3964507508134565,533.107875368896,97.282532,0.6809019763077973
387,C:\Users\joshy\OneDrive\Documents\Kravitz Lab\freezeData\\0506\20260506125854-b97.68-f4.png,2026-05-06 12:58:54,4.0,54.95626481940358,7.396225236109426,433.38167766974396,97.467672,0.7220129981296832
388,C:\Users\joshy\OneDrive\Documents\Kravitz Lab\freezeData\\0506\20260506125913-b97.63-f6.png,2026-05-06 12:59:13,6.0,55.342483140545255,7.400807936709995,425.05985686001594,97.432592,0.7017449737496538
389,C:\Users\joshy\OneDrive\Documents\Kravitz Lab\freezeData\\0506\20260506125932-b97.23-f8.png,2026-05-06 12:59:32,8.0,55.83890519309791,7.404679359174592,464.8128792227839,97.053168,0.6670180788721236
390,C:\Users\joshy\OneDrive\Documents\Kravitz Lab\freezeData\\0506\20260506125952-b97.04-f10.png,2026-05-06 12:59:52,10.0,56.305751293263675,7.411988469178806,530.027305303024,96.866556,0.6312700754863574
391,C:\Users\joshy\OneDrive\Documents\Kravitz Lab\freezeData\\0506\20260506130011-b97.05-f0.png,2026-05-06 13:00:11,0.0,54.232402464847375,7.388313868657274,485.29643124759997,96.860104,0.6489168207306505
392,C:\Users\joshy\OneDrive\Documents\Kravitz Lab\freezeData\\0506\20260506130030-b97.35-f2.png,2026-05-06 13:00:30,2.0,54.63518647110209,7.398794316607911,536.345141425904,97.138648,0.681620948265204
393,C:\Users\joshy\OneDrive\Documents\Kravitz Lab\freezeData\\0506\20260506130050-b97.55-f4.png,2026-05-06 13:00:50,4.0,54.97329472318734,7.3982318070867725,431.379073156544,97.367172,0.7223532652335748
394,C:\Users\joshy\OneDrive\Documents\Kravitz Lab\freezeData\\0506\20260506130108-b97.35-f6.png,2026-05-06 13:01:08,6.0,55.37408510219284,7.402212642123795,423.73942912358405,97.168152,0.7017777894329428
395,C:\Users\joshy\OneDrive\Documents\Kravitz Lab\freezeData\\0506\20260506130128-b97.24-f8.png,2026-05-06 13:01:28,8.0,55.82722843628704,7.403390693447832,448.150194221056,97.050568,0.6664147934616647
396,C:\Users\joshy\OneDrive\Documents\Kravitz Lab\freezeData\\0506\20260506130148-b96.88-f10.png,2026-05-06 13:01:48,10.0,56.29985393373592,7.410324452890165,505.73913032638393,96.7048,0.6316167361561675
397,C:\Users\joshy\OneDrive\Documents\Kravitz Lab\freezeData\\0506\20260506130206-b97.08-f0.png,2026-05-06 13:02:06,0.0,54.23388880284666,7.389429835996287,508.055479177584,96.893092,0.649348732273523
398,C:\Users\joshy\OneDrive\Documents\Kravitz Lab\freezeData\\0506\20260506130226-b97.48-f2.png,2026-05-06 13:02:26,2.0,54.559246022319776,7.396888626758328,532.719151386096,97.270772,0.6810284079938574
399,C:\Users\joshy\OneDrive\Documents\Kravitz Lab\freezeData\\0506\20260506130245-b97.64-f4.png,2026-05-06 13:02:45,4.0,54.96780864904898,7.396283987119173,428.7504587650561,97.438256,0.7225189234975473
400,C:\Users\joshy\OneDrive\Documents\Kravitz Lab\freezeData\\0506\20260506130326-b97.24-f8.png,2026-05-06 13:03:26,8.0,55.83730912526656,7.404606292825438,458.623645406656,97.063132,0.6666750819949512
401,C:\Users\joshy\OneDrive\Documents\Kravitz Lab\freezeData\\0506\20260506130305-b97.54-f6.png,2026-05-06 13:03:05,6.0,55.43656994318462,7.401963086993812,435.34565203193597,97.33312,0.7014469935345616
402,C:\Users\joshy\OneDrive\Documents\Kravitz Lab\freezeData\\0506\20260506130345-b96.95-f10.png,2026-05-06 13:03:45,10.0,56.32283544492213,7.413802498545588,519.910487821936,96.781168,0.6312109799958242
403,C:\Users\joshy\OneDrive\Documents\Kravitz Lab\freezeData\\0506\20260506130404-b96.95-f0.png,2026-05-06 13:04:04,0.0,54.257044681548365,7.390918502864262,499.49674278334396,96.774092,0.649083303778412
404,C:\Users\joshy\OneDrive\Documents\Kravitz Lab\freezeData\\0506\20260506130423-b97.65-f2.png,2026-05-06 13:04:23,2.0,54.62055963606012,7.398802054728878,527.8874742400001,97.43294,0.6807506701196954
405,C:\Users\joshy\OneDrive\Documents\Kravitz Lab\freezeData\\0506\20260506130442-b97.51-f4.png,2026-05-06 13:04:42,4.0,55.046832604394744,7.401974200075866,426.38101378993593,97.291088,0.7226440748201297
406,C:\Users\joshy\OneDrive\Documents\Kravitz Lab\freezeData\\0506\20260506130501-b97.61-f6.png,2026-05-06 13:05:01,6.0,55.39146468614109,7.402402300285376,420.38616111000005,97.412228,0.7017714639839165
407,C:\Users\joshy\OneDrive\Documents\Kravitz Lab\freezeData\\0506\20260506130521-b97.31-f8.png,2026-05-06 13:05:21,8.0,55.8667409373812,7.406485589025236,445.61795915718403,97.122756,0.6660546059072328
408,C:\Users\joshy\OneDrive\Documents\Kravitz Lab\freezeData\\0506\20260506130539-b97.02-f10.png,2026-05-06 13:05:39,10.0,56.243431353937005,7.410810713448253,522.683189380464,96.847824,0.6315458966917618
409,C:\Users\joshy\OneDrive\Documents\Kravitz Lab\freezeData\\0506\20260506130558-b97.12-f0.png,2026-05-06 13:05:58,0.0,54.234250488680814,7.39005439255716,514.1712632476,96.942468,0.6491823555007368
410,C:\Users\joshy\OneDrive\Documents\Kravitz Lab\freezeData\\0506\20260506130618-b97.38-f2.png,2026-05-06 13:06:18,2.0,54.62400184994959,7.3982291975882255,524.0850100853759,97.176448,0.6816652288791303
411,C:\Users\joshy\OneDrive\Documents\Kravitz Lab\freezeData\\0506\20260506130637-b97.50-f4.png,2026-05-06 13:06:37,4.0,54.9678500350852,7.3964469587541375,419.9582903165439,97.290872,0.7220155190894493
412,C:\Users\joshy\OneDrive\Documents\Kravitz Lab\freezeData\\0506\20260506130716-b97.36-f8.png,2026-05-06 13:07:16,8.0,55.821417231852365,7.403602645209228,439.52797899262396,97.189616,0.6667357820603402
413,C:\Users\joshy\OneDrive\Documents\Kravitz Lab\freezeData\\0506\20260506130656-b97.40-f6.png,2026-05-06 13:06:56,6.0,55.43731592945662,7.404785827001002,436.034143983984,97.212204,0.7022129001414871
414,C:\Users\joshy\OneDrive\Documents\Kravitz Lab\freezeData\\0506\20260506130733-b97.04-f10.png,2026-05-06 13:07:33,10.0,56.30905002712029,7.4128223498186205,514.832289233776,96.874792,0.6309029246903124
415,C:\Users\joshy\OneDrive\Documents\Kravitz Lab\freezeData\\0506\20260506130752-b97.03-f0.png,2026-05-06 13:07:52,0.0,54.2165549184573,7.389741933041763,498.90095625190406,96.837148,0.6493530468937321
416,C:\Users\joshy\OneDrive\Documents\Kravitz Lab\freezeData\\0506\20260506130811-b97.40-f2.png,2026-05-06 13:08:11,2.0,54.62359176058916,7.397776833655226,511.2471409668959,97.194636,0.6808540371202527
417,C:\Users\joshy\OneDrive\Documents\Kravitz Lab\freezeData\\0506\20260506130829-b97.63-f4.png,2026-05-06 13:08:29,4.0,54.9899870763744,7.397941362033075,434.63464148729605,97.417724,0.7226054412463375
418,C:\Users\joshy\OneDrive\Documents\Kravitz Lab\freezeData\\0506\20260506130847-b97.37-f6.png,2026-05-06 13:08:47,6.0,55.351845024018345,7.399513968991242,423.63745691646403,97.177416,0.7016480868092947
419,C:\Users\joshy\OneDrive\Documents\Kravitz Lab\freezeData\\0506\20260506130908-b97.24-f8.png,2026-05-06 13:09:08,8.0,55.86342933130246,7.40520474273061,464.090985681344,97.064524,0.6665482554369175
420,C:\Users\joshy\OneDrive\Documents\Kravitz Lab\freezeData\\0506\20260506130948-b97.10-f0.png,2026-05-06 13:09:48,0.0,54.230731836850445,7.387663288116469,506.627764673024,96.906296,0.6501772238907777
421,C:\Users\joshy\OneDrive\Documents\Kravitz Lab\freezeData\\0506\20260506130929-b96.91-f10.png,2026-05-06 13:09:29,10.0,56.290883860239965,7.410433472512716,520.7282363573759,96.761324,0.6316974219581062
422,C:\Users\joshy\OneDrive\Documents\Kravitz Lab\freezeData\\0506\20260506131006-b97.37-f2.png,2026-05-06 13:10:06,2.0,54.65128586941625,7.399448122456523,527.020187403264,97.159188,0.6809922760791675
423,C:\Users\joshy\OneDrive\Documents\Kravitz Lab\freezeData\\0506\20260506131026-b97.51-f4.png,2026-05-06 13:10:26,4.0,54.986201921482085,7.401219156422833,418.80503794839996,97.2975,0.7217940284717312
424,C:\Users\joshy\OneDrive\Documents\Kravitz Lab\freezeData\\0506\20260506131046-b97.26-f6.png,2026-05-06 13:10:46,6.0,55.43292637723121,7.40473113617473,420.53141317760003,97.072092,0.7018688731487989
425,C:\Users\joshy\OneDrive\Documents\Kravitz Lab\freezeData\\0506\20260506131104-b97.32-f8.png,2026-05-06 13:11:04,8.0,55.85927493720784,7.404699178727201,431.96955822534386,97.126868,0.6659797993243338
426,C:\Users\joshy\OneDrive\Documents\Kravitz Lab\freezeData\\0506\20260506131124-b96.60-f10.png,2026-05-06 13:11:24,10.0,56.29900892891441,7.4115205131745965,489.45416850790406,96.421504,0.6307504421242367
427,C:\Users\joshy\OneDrive\Documents\Kravitz Lab\freezeData\\0506\20260506131144-b97.11-f0.png,2026-05-06 13:11:44,0.0,54.2460535955715,7.390763000125113,475.862324126976,96.902628,0.6492876683912507
428,C:\Users\joshy\OneDrive\Documents\Kravitz Lab\freezeData\\0506\20260506131202-b97.38-f2.png,2026-05-06 13:12:02,2.0,54.60226956548968,7.396882094940556,521.565515728624,97.16176,0.6813170616507132
429,C:\Users\joshy\OneDrive\Documents\Kravitz Lab\freezeData\\0506\20260506131220-b97.55-f4.png,2026-05-06 13:12:20,4.0,54.97505803395048,7.3983177902498705,417.0178329031041,97.341576,0.7217399496440082
430,C:\Users\joshy\OneDrive\Documents\Kravitz Lab\freezeData\\0506\20260506131239-b97.34-f6.png,2026-05-06 13:12:39,6.0,55.34810202202059,7.400797163126845,423.168029284096,97.1384,0.7017507078435334
431,C:\Users\joshy\OneDrive\Documents\Kravitz Lab\freezeData\\0506\20260506131259-b97.22-f8.png,2026-05-06 13:12:59,8.0,55.79974215688728,7.4034962210622535,449.3442328156,97.021336,0.6664173670164564
432,C:\Users\joshy\OneDrive\Documents\Kravitz Lab\freezeData\\0506\20260506131319-b96.72-f10.png,2026-05-06 13:13:19,10.0,56.35390679474693,7.414503423882829,496.0801262844,96.543324,0.6317764971645653
433,C:\Users\joshy\OneDrive\Documents\Kravitz Lab\freezeData\\0506\20260506131339-b97.13-f0.png,2026-05-06 13:13:39,0.0,54.19953583137095,7.387151045059808,495.34481894649593,96.938456,0.649545132654925
434,C:\Users\joshy\OneDrive\Documents\Kravitz Lab\freezeData\\0506\20260506131357-b97.42-f2.png,2026-05-06 13:13:57,2.0,54.614557979638505,7.397323707674521,514.907225889216,97.196552,0.680611248912797
435,C:\Users\joshy\OneDrive\Documents\Kravitz Lab\freezeData\\0506\20260506131415-b97.65-f4.png,2026-05-06 13:14:15,4.0,54.97532398440231,7.398713294061402,407.942874354624,97.4241,0.7218527302184323
436,C:\Users\joshy\OneDrive\Documents\Kravitz Lab\freezeData\\0506\20260506131435-b97.33-f6.png,2026-05-06 13:14:35,6.0,55.39273466413096,7.40265990477653,422.37072839,97.121072,0.7014961293403079
437,C:\Users\joshy\OneDrive\Documents\Kravitz Lab\freezeData\\0506\20260506131454-b97.09-f8.png,2026-05-06 13:14:54,8.0,55.90618688608108,7.407613558478699,442.11611518999996,96.908524,0.6658774604498156
438,C:\Users\joshy\OneDrive\Documents\Kravitz Lab\freezeData\\0506\20260506131513-b96.95-f10.png,2026-05-06 13:15:13,10.0,56.38539801935945,7.4132451691293095,497.704411255536,96.769804,0.6314788689730262
439,C:\Users\joshy\OneDrive\Documents\Kravitz Lab\freezeData\\0506\20260506131532-b97.14-f0.png,2026-05-06 13:15:32,0.0,54.220639759843344,7.3875044917004065,494.230479556336,96.943964,0.6492288572811022
440,C:\Users\joshy\OneDrive\Documents\Kravitz Lab\freezeData\\0506\20260506131551-b97.35-f2.png,2026-05-06 13:15:51,2.0,54.60292764527793,7.396501097327831,511.351824903104,97.123112,0.6812718668992509
441,C:\Users\joshy\OneDrive\Documents\Kravitz Lab\freezeData\\0506\20260506131611-b97.63-f4.png,2026-05-06 13:16:11,4.0,55.014197092680575,7.399664370729188,396.2312571983359,97.386236,0.7224290398160006
442,C:\Users\joshy\OneDrive\Documents\Kravitz Lab\freezeData\\0506\20260506131630-b97.28-f6.png,2026-05-06 13:16:30,6.0,55.36824482182544,7.39925410423445,421.7474809444961,97.07752,0.7021296322208881
443,C:\Users\joshy\OneDrive\Documents\Kravitz Lab\freezeData\\0506\20260506131650-b97.29-f8.png,2026-05-06 13:16:50,8.0,55.801706180097256,7.405229331614023,447.62025388646396,97.100436,0.6667293092610683
444,C:\Users\joshy\OneDrive\Documents\Kravitz Lab\freezeData\\0506\20260506131710-b96.95-f10.png,2026-05-06 13:17:10,10.0,56.29290542398393,7.410226297573893,491.36528385785596,96.76292,0.6316133293690613
445,C:\Users\joshy\OneDrive\Documents\Kravitz Lab\freezeData\\0506\20260506131729-b97.09-f0.png,2026-05-06 13:17:29,0.0,54.29909232385219,7.393149014159376,491.9700005105761,96.900076,0.6495318765523586
446,C:\Users\joshy\OneDrive\Documents\Kravitz Lab\freezeData\\0506\20260506131749-b97.22-f2.png,2026-05-06 13:17:49,2.0,54.61595408853483,7.395936980059908,511.953082392576,96.994084,0.6814861017130808
447,C:\Users\joshy\OneDrive\Documents\Kravitz Lab\freezeData\\0506\20260506131809-b97.61-f4.png,2026-05-06 13:18:09,4.0,54.99463838497117,7.396886120914555,424.4886207531361,97.395516,0.7227745661537867
448,C:\Users\joshy\OneDrive\Documents\Kravitz Lab\freezeData\\0506\20260506131827-b97.27-f6.png,2026-05-06 13:18:27,6.0,55.41877158584748,7.400798505824317,414.09442067302405,97.069108,0.7020619511389692
449,C:\Users\joshy\OneDrive\Documents\Kravitz Lab\freezeData\\0506\20260506131845-b97.13-f8.png,2026-05-06 13:18:45,8.0,55.956332666442826,7.4082362651567895,447.48472838169596,96.938628,0.6675684497771911
450,C:\Users\joshy\OneDrive\Documents\Kravitz Lab\freezeData\\0506\20260506131905-b96.88-f10.png,2026-05-06 13:19:05,10.0,56.230514144181754,7.407284704844792,510.89908583473596,96.712676,0.6320281355127335
451,C:\Users\joshy\OneDrive\Documents\Kravitz Lab\freezeData\\0506\20260506131923-b97.09-f0.png,2026-05-06 13:19:23,0.0,54.2718714446349,7.389461063262265,493.64202719513594,96.889032,0.6499012247951961
452,C:\Users\joshy\OneDrive\Documents\Kravitz Lab\freezeData\\0506\20260506131942-b97.48-f2.png,2026-05-06 13:19:42,2.0,54.674527670397445,7.399662986651851,526.541217198336,97.263712,0.6817278416171286
453,C:\Users\joshy\OneDrive\Documents\Kravitz Lab\freezeData\\0506\20260506132020-b97.25-f6.png,2026-05-06 13:20:20,6.0,55.42783048472079,7.402834228931287,430.549144174064,97.062416,0.7030750047483839
454,C:\Users\joshy\OneDrive\Documents\Kravitz Lab\freezeData\\0506\20260506132001-b97.43-f4.png,2026-05-06 13:20:01,4.0,55.0515703441003,7.400582698504959,416.888944731584,97.201024,0.7227236202035435
455,C:\Users\joshy\OneDrive\Documents\Kravitz Lab\freezeData\\0506\20260506132038-b97.15-f8.png,2026-05-06 13:20:38,8.0,55.834840480429925,7.40337274806673,460.80406424881596,96.979788,0.6676788980254768
456,C:\Users\joshy\OneDrive\Documents\Kravitz Lab\freezeData\\0506\20260506132057-b96.83-f10.png,2026-05-06 13:20:57,10.0,56.35434079145988,7.411525479289757,515.652181199104,96.6614,0.631787446381928
457,C:\Users\joshy\OneDrive\Documents\Kravitz Lab\freezeData\\0506\20260506132116-b97.04-f0.png,2026-05-06 13:21:16,0.0,54.30690588098291,7.389386689413767,488.05069891046406,96.836508,0.6497786355215063
458,C:\Users\joshy\OneDrive\Documents\Kravitz Lab\freezeData\\0506\20260506132155-b97.56-f4.png,2026-05-06 13:21:55,4.0,55.037971072251565,7.399265551367279,422.35774285617606,97.3275,0.7229117527606362
459,C:\Users\joshy\OneDrive\Documents\Kravitz Lab\freezeData\\0506\20260506132135-b97.53-f2.png,2026-05-06 13:21:35,2.0,54.66749496218007,7.399710905875742,524.1283895889761,97.304996,0.6809418048775393
460,C:\Users\joshy\OneDrive\Documents\Kravitz Lab\freezeData\\0506\20260506132214-b97.39-f6.png,2026-05-06 13:22:14,6.0,55.438047444328916,7.402312546527994,414.68290890239996,97.178156,0.7020277690755705
461,C:\Users\joshy\OneDrive\Documents\Kravitz Lab\freezeData\\0506\20260506132254-b96.83-f10.png,2026-05-06 13:22:54,10.0,56.33118674450365,7.4090793551691005,518.4782362864,96.658316,0.632260998850227
462,C:\Users\joshy\OneDrive\Documents\Kravitz Lab\freezeData\\0506\20260506132234-b97.07-f8.png,2026-05-06 13:22:34,8.0,55.90317918155911,7.405221546060245,450.960521303024,96.891864,0.6674252375489141
463,C:\Users\joshy\OneDrive\Documents\Kravitz Lab\freezeData\\0506\20260506132313-b96.99-f0.png,2026-05-06 13:23:13,0.0,54.28305529835755,7.388596018008632,490.59080312473606,96.796384,0.6500557462659259
464,C:\Users\joshy\OneDrive\Documents\Kravitz Lab\freezeData\\0506\20260506132332-b97.33-f2.png,2026-05-06 13:23:32,2.0,54.651238934699215,7.398552149726781,530.804141302256,97.117196,0.6820143696621224
465,C:\Users\joshy\OneDrive\Documents\Kravitz Lab\freezeData\\0506\20260506132351-b97.40-f4.png,2026-05-06 13:23:51,4.0,55.00180791615214,7.398164930740234,419.03467758897597,97.163052,0.7227150527249423
466,C:\Users\joshy\OneDrive\Documents\Kravitz Lab\freezeData\\0506\20260506132411-b97.47-f6.png,2026-05-06 13:24:11,6.0,55.43023641945093,7.4014800578122975,406.952127623536,97.248424,0.7024472254238495
467,C:\Users\joshy\OneDrive\Documents\Kravitz Lab\freezeData\\0506\20260506132430-b97.03-f8.png,2026-05-06 13:24:30,8.0,55.96855620514347,7.4087265551449635,456.260886292736,96.848236,0.667430440501797
468,C:\Users\joshy\OneDrive\Documents\Kravitz Lab\freezeData\\0506\20260506132449-b96.95-f10.png,2026-05-06 13:24:49,10.0,56.30324127950234,7.409466409100949,520.2568317148159,96.784488,0.6321518890623556
469,C:\Users\joshy\OneDrive\Documents\Kravitz Lab\freezeData\\0506\20260506132507-b97.19-f0.png,2026-05-06 13:25:07,0.0,54.25341716361011,7.387683762766501,495.0847246144001,96.997536,0.6502388529159759
470,C:\Users\joshy\OneDrive\Documents\Kravitz Lab\freezeData\\0506\20260506132526-b97.32-f2.png,2026-05-06 13:25:26,2.0,54.63959931064268,7.396671355791699,534.7214076902239,97.114696,0.6816084353400534
471,C:\Users\joshy\OneDrive\Documents\Kravitz Lab\freezeData\\0506\20260506132545-b97.38-f4.png,2026-05-06 13:25:45,4.0,55.04339147007205,7.399387076914212,430.502323450224,97.15418,0.7236745472620822
472,C:\Users\joshy\OneDrive\Documents\Kravitz Lab\freezeData\\0506\20260506132603-b97.49-f6.png,2026-05-06 13:26:03,6.0,55.449246958190365,7.400627289899684,430.74543583839994,97.291204,0.7030396413193819
473,C:\Users\joshy\OneDrive\Documents\Kravitz Lab\freezeData\\0506\20260506132623-b97.29-f8.png,2026-05-06 13:26:23,8.0,55.94680204901567,7.4078727732828815,455.1376326751841,97.109016,0.6672834731871535
474,C:\Users\joshy\OneDrive\Documents\Kravitz Lab\freezeData\\0506\20260506132701-b96.92-f0.png,2026-05-06 13:27:01,0.0,54.28198060113871,7.3904320364224,483.17177538609593,96.72724,0.6496265525806183
475,C:\Users\joshy\OneDrive\Documents\Kravitz Lab\freezeData\\0506\20260506132642-b96.90-f10.png,2026-05-06 13:26:42,10.0,56.392894230183856,7.413462352569862,518.2510083928161,96.723536,0.6323364952574493
476,C:\Users\joshy\OneDrive\Documents\Kravitz Lab\freezeData\\0506\20260506132721-b97.38-f2.png,2026-05-06 13:27:21,2.0,54.66256947219353,7.397959841267644,514.496653507696,97.142796,0.68114800535909
477,C:\Users\joshy\OneDrive\Documents\Kravitz Lab\freezeData\\0506\20260506132739-b97.42-f4.png,2026-05-06 13:27:39,4.0,55.05000745868796,7.399331990131425,425.330324753136,97.18772,0.7234879405908208
478,C:\Users\joshy\OneDrive\Documents\Kravitz Lab\freezeData\\0506\20260506132759-b97.47-f6.png,2026-05-06 13:27:59,6.0,55.45221623053796,7.401616477927759,428.965477541376,97.272608,0.7026608479960856
479,C:\Users\joshy\OneDrive\Documents\Kravitz Lab\freezeData\\0506\20260506132819-b97.20-f8.png,2026-05-06 13:28:19,8.0,55.88577120901155,7.4042306615054745,449.82586771070396,97.015504,0.6674692045324895
480,C:\Users\joshy\OneDrive\Documents\Kravitz Lab\freezeData\\0506\20260506132837-b96.95-f10.png,2026-05-06 13:28:37,10.0,56.31715268870628,7.408836443253095,513.488708357376,96.783212,0.6320260068638035
481,C:\Users\joshy\OneDrive\Documents\Kravitz Lab\freezeData\\0506\20260506132856-b97.14-f0.png,2026-05-06 13:28:56,0.0,54.32526482541632,7.392610316850318,512.7190314203999,96.977872,0.6500978146616995
482,C:\Users\joshy\OneDrive\Documents\Kravitz Lab\freezeData\\0506\20260506132915-b97.26-f2.png,2026-05-06 13:29:15,2.0,54.64031199529885,7.396838504012247,522.288322468096,97.04258,0.6819766079333028
483,C:\Users\joshy\OneDrive\Documents\Kravitz Lab\freezeData\\0506\20260506132935-b97.65-f4.png,2026-05-06 13:29:35,4.0,55.0884847843322,7.4001933853782065,436.105754392576,97.42392,0.7231934176266419
484,C:\Users\joshy\OneDrive\Documents\Kravitz Lab\freezeData\\0506\20260506132954-b97.38-f6.png,2026-05-06 13:29:54,6.0,55.47603512288801,7.404581932140602,432.70057298630405,97.180064,0.7027995860652339
485,C:\Users\joshy\OneDrive\Documents\Kravitz Lab\freezeData\\0506\20260506133013-b97.17-f8.png,2026-05-06 13:30:13,8.0,55.96385339183141,7.407078584236046,442.3064152882561,96.99876,0.6678026091275717
486,C:\Users\joshy\OneDrive\Documents\Kravitz Lab\freezeData\\0506\20260506133036-b96.73-f10.png,2026-05-06 13:30:36,10.0,56.40641186542892,7.4120036640641365,524.372150135024,96.55474,0.6321008108004363
487,C:\Users\joshy\OneDrive\Documents\Kravitz Lab\freezeData\\0506\20260506133053-b97.13-f0.png,2026-05-06 13:30:53,0.0,54.24893474158194,7.388446148499924,501.629187018176,96.933672,0.6501606893017791
488,C:\Users\joshy\OneDrive\Documents\Kravitz Lab\freezeData\\0506\20260506133112-b97.37-f2.png,2026-05-06 13:31:12,2.0,54.73553453330296,7.402234973964275,511.27542870999997,97.14256,0.6817496335389961
489,C:\Users\joshy\OneDrive\Documents\Kravitz Lab\freezeData\\0506\20260506133131-b97.44-f4.png,2026-05-06 13:31:31,4.0,55.037165081177065,7.397095275976804,405.947383520256,97.199208,0.7230676416067728
490,C:\Users\joshy\OneDrive\Documents\Kravitz Lab\freezeData\\0506\20260506133151-b97.33-f6.png,2026-05-06 13:31:51,6.0,55.502211181537625,7.405414648831439,408.68174012697597,97.1214,0.7025989723336882
491,C:\Users\joshy\OneDrive\Documents\Kravitz Lab\freezeData\\0506\20260506133209-b97.19-f8.png,2026-05-06 13:32:09,8.0,55.919845536578656,7.4050809638204065,458.76474266289597,97.015072,0.6674925415043373
492,C:\Users\joshy\OneDrive\Documents\Kravitz Lab\freezeData\\0506\20260506133228-b96.60-f10.png,2026-05-06 13:32:28,10.0,56.49017348967928,7.416542870122033,517.336591079936,96.433044,0.6321906858047077
493,C:\Users\joshy\OneDrive\Documents\Kravitz Lab\freezeData\\0506\20260506133248-b96.98-f0.png,2026-05-06 13:32:48,0.0,54.28460787163463,7.391611674689604,500.36519720441606,96.791692,0.6511293889235152
494,C:\Users\joshy\OneDrive\Documents\Kravitz Lab\freezeData\\0506\20260506133307-b97.30-f2.png,2026-05-06 13:33:07,2.0,54.66699312162556,7.400275299372,520.601980404464,97.085012,0.6822812870969758
495,C:\Users\joshy\OneDrive\Documents\Kravitz Lab\freezeData\\0506\20260506133327-b97.70-f4.png,2026-05-06 13:33:27,4.0,55.05713060903497,7.402258200425683,418.4908527531359,97.468108,0.7233780047891599
496,C:\Users\joshy\OneDrive\Documents\Kravitz Lab\freezeData\\0506\20260506133345-b97.37-f6.png,2026-05-06 13:33:45,6.0,55.54655256188272,7.406735809325396,431.012916189696,97.1693,0.7033006315280581
497,C:\Users\joshy\OneDrive\Documents\Kravitz Lab\freezeData\\0506\20260506133405-b97.18-f8.png,2026-05-06 13:34:05,8.0,56.05807249625495,7.411074595149883,458.923339320944,96.999932,0.6671005661443159
498,C:\Users\joshy\OneDrive\Documents\Kravitz Lab\freezeData\\0506\20260506133423-b96.77-f10.png,2026-05-06 13:34:23,10.0,56.30885554753263,7.407335495134934,519.177238157824,96.598848,0.6320609395738311
499,C:\Users\joshy\OneDrive\Documents\Kravitz Lab\freezeData\\0506\20260506133443-b97.01-f0.png,2026-05-06 13:34:43,0.0,54.29874586312785,7.3911990258554505,497.817338910464,96.816616,0.6498672116139645
500,C:\Users\joshy\OneDrive\Documents\Kravitz Lab\freezeData\\0506\20260506133503-b97.38-f2.png,2026-05-06 13:35:03,2.0,54.67840196800137,7.402039692968987,531.924318297456,97.166608,0.6819928646882838
501,C:\Users\joshy\OneDrive\Documents\Kravitz Lab\freezeData\\0506\20260506133523-b97.52-f4.png,2026-05-06 13:35:23,4.0,55.02707427669038,7.400024561734621,427.7908209244,97.29926,0.7231149129706224
502,C:\Users\joshy\OneDrive\Documents\Kravitz Lab\freezeData\\0506\20260506133544-b97.80-f6.png,2026-05-06 13:35:44,6.0,55.484268938345544,7.4026508641578435,426.88881359129596,97.595312,0.7033880248097752
503,C:\Users\joshy\OneDrive\Documents\Kravitz Lab\freezeData\\0506\20260506133603-b97.08-f8.png,2026-05-06 13:36:03,8.0,55.95640620628541,7.407919236636143,455.386788602224,96.913072,0.6673449174046544
504,C:\Users\joshy\OneDrive\Documents\Kravitz Lab\freezeData\\0506\20260506133621-b96.80-f10.png,2026-05-06 13:36:21,10.0,56.30697899697422,7.407899681087618,508.53329575,96.632952,0.6322463932285709
505,C:\Users\joshy\OneDrive\Documents\Kravitz Lab\freezeData\\0506\20260506133641-b96.99-f0.png,2026-05-06 13:36:41,0.0,54.2962961023728,7.390030739736367,488.0950201896961,96.787384,0.6506924256470247
506,C:\Users\joshy\OneDrive\Documents\Kravitz Lab\freezeData\\0506\20260506133702-b97.29-f2.png,2026-05-06 13:37:02,2.0,54.69437194964747,7.400295596763485,523.016874278336,97.075796,0.6818280870269897
507,C:\Users\joshy\OneDrive\Documents\Kravitz Lab\freezeData\\0506\20260506133719-b97.63-f4.png,2026-05-06 13:37:19,4.0,55.06237797837126,7.400420266408413,411.893032426496,97.393176,0.7232549227314543
508,C:\Users\joshy\OneDrive\Documents\Kravitz Lab\freezeData\\0506\20260506133738-b97.41-f6.png,2026-05-06 13:37:38,6.0,55.55438063428028,7.406289282633968,427.56274809542396,97.194752,0.7031236119139556
509,C:\Users\joshy\OneDrive\Documents\Kravitz Lab\freezeData\\0506\20260506133759-b97.21-f8.png,2026-05-06 13:37:59,8.0,55.96301498117284,7.407252322934945,450.369869285104,97.019032,0.6679020715259432
510,C:\Users\joshy\OneDrive\Documents\Kravitz Lab\freezeData\\0506\20260506133817-b96.71-f10.png,2026-05-06 13:38:17,10.0,56.38015494884078,7.412117344429905,500.19840775,96.535552,0.6322377076550616
511,C:\Users\joshy\OneDrive\Documents\Kravitz Lab\freezeData\\0506\20260506133836-b97.09-f0.png,2026-05-06 13:38:36,0.0,54.27927863630261,7.391338175791382,507.83315211121595,96.900568,0.6505848287327384
512,C:\Users\joshy\OneDrive\Documents\Kravitz Lab\freezeData\\0506\20260506133856-b97.30-f2.png,2026-05-06 13:38:56,2.0,54.72517239920715,7.40293528253331,541.485663797504,97.097416,0.681753215755968
513,C:\Users\joshy\OneDrive\Documents\Kravitz Lab\freezeData\\0506\20260506133918-b97.71-f4.png,2026-05-06 13:39:18,4.0,55.03854905413347,7.396513107432556,421.316884182384,97.483088,0.7235401662715064
514,C:\Users\joshy\OneDrive\Documents\Kravitz Lab\freezeData\\0506\20260506133937-b97.54-f6.png,2026-05-06 13:39:37,6.0,55.47655506497295,7.404630496682181,423.2962573496159,97.314468,0.7030734924923328
515,C:\Users\joshy\OneDrive\Documents\Kravitz Lab\freezeData\\0506\20260506133956-b97.19-f8.png,2026-05-06 13:39:56,8.0,56.01746870291145,7.409543708782818,460.734568885616,97.000344,0.667724672530615
516,C:\Users\joshy\OneDrive\Documents\Kravitz Lab\freezeData\\0506\20260506134016-b96.82-f10.png,2026-05-06 13:40:16,10.0,56.30280141882192,7.407308790379791,506.0903640727039,96.652448,0.6322485959162445
517,C:\Users\joshy\OneDrive\Documents\Kravitz Lab\freezeData\\0506\20260506134034-b96.94-f0.png,2026-05-06 13:40:34,0.0,54.28129243407397,7.389210128313331,495.2028071775841,96.761388,0.6501438917840403
518,C:\Users\joshy\OneDrive\Documents\Kravitz Lab\freezeData\\0506\20260506134054-b97.30-f2.png,2026-05-06 13:40:54,2.0,54.69495109175193,7.398763073908647,525.9500514375039,97.086308,0.6819793999566766
519,C:\Users\joshy\OneDrive\Documents\Kravitz Lab\freezeData\\0506\20260506134114-b97.50-f4.png,2026-05-06 13:41:14,4.0,55.037544630887886,7.399928490764312,398.43183202502405,97.269468,0.7224508595362631
520,C:\Users\joshy\OneDrive\Documents\Kravitz Lab\freezeData\\0506\20260506134133-b97.19-f6.png,2026-05-06 13:41:33,6.0,55.53135458268512,7.406673911278839,416.04007004,96.986064,0.7024379264480803
521,C:\Users\joshy\OneDrive\Documents\Kravitz Lab\freezeData\\0506\20260506134152-b97.28-f8.png,2026-05-06 13:41:52,8.0,56.014966194583536,7.411175545220312,443.14802328825607,97.086892,0.6670136369646494
522,C:\Users\joshy\OneDrive\Documents\Kravitz Lab\freezeData\\0506\20260506134212-b96.95-f10.png,2026-05-06 13:42:12,10.0,56.33525267149869,7.410098733331968,502.15631447040005,96.76872,0.6318938587020707
523,C:\Users\joshy\OneDrive\Documents\Kravitz Lab\freezeData\\0506\20260506134231-b96.76-f0.png,2026-05-06 13:42:31,0.0,54.23946378310154,7.384798875921801,487.622691606784,96.560204,0.6497416696174
524,C:\Users\joshy\OneDrive\Documents\Kravitz Lab\freezeData\\0506\20260506134251-b97.41-f2.png,2026-05-06 13:42:51,2.0,54.65251262421314,7.398380457864564,516.985490085376,97.187168,0.6813732404228044
525,C:\Users\joshy\OneDrive\Documents\Kravitz Lab\freezeData\\0506\20260506134310-b97.62-f4.png,2026-05-06 13:43:10,4.0,55.07414286637983,7.401262163552486,413.20662804759996,97.391172,0.7230965172715955
526,C:\Users\joshy\OneDrive\Documents\Kravitz Lab\freezeData\\0506\20260506134329-b97.25-f6.png,2026-05-06 13:43:29,6.0,55.54726434987545,7.404790648174488,430.6599808173441,97.053584,0.7030420277093166
527,C:\Users\joshy\OneDrive\Documents\Kravitz Lab\freezeData\\0506\20260506134349-b97.11-f8.png,2026-05-06 13:43:49,8.0,56.017401830502635,7.410531676155706,453.279696507904,96.9096,0.6674263837175746
528,C:\Users\joshy\OneDrive\Documents\Kravitz Lab\freezeData\\0506\20260506134407-b97.10-f10.png,2026-05-06 13:44:07,10.0,56.32317938235959,7.410608685435708,503.74619564606394,96.937612,0.6315304053086848
529,C:\Users\joshy\OneDrive\Documents\Kravitz Lab\freezeData\\0506\20260506134427-b96.98-f0.png,2026-05-06 13:44:27,0.0,54.28799097715206,7.389977286148279,488.088540495616,96.788284,0.6495070149600303
530,C:\Users\joshy\OneDrive\Documents\Kravitz Lab\freezeData\\0506\20260506134446-b97.35-f2.png,2026-05-06 13:44:46,2.0,54.69654155225539,7.4029483463573404,530.575913528064,97.13332,0.6816889132586503
531,C:\Users\joshy\OneDrive\Documents\Kravitz Lab\freezeData\\0506\20260506134506-b97.48-f4.png,2026-05-06 13:45:06,4.0,55.15191147904471,7.403540790366251,430.65553275313596,97.264704,0.7232297998255237
532,C:\Users\joshy\OneDrive\Documents\Kravitz Lab\freezeData\\0506\20260506134546-b97.32-f8.png,2026-05-06 13:45:46,8.0,55.98643839313588,7.406147098752827,454.0543204636,97.12254,0.6681414950684272
533,C:\Users\joshy\OneDrive\Documents\Kravitz Lab\freezeData\\0506\20260506134526-b97.60-f6.png,2026-05-06 13:45:26,6.0,55.76098413541497,7.402991792664071,427.46157601598395,97.3795,0.7031540519915773
534,C:\Users\joshy\OneDrive\Documents\Kravitz Lab\freezeData\\0506\20260506134604-b97.08-f10.png,2026-05-06 13:46:04,10.0,56.375867037521516,7.412594685023025,511.863127157184,96.921236,0.6317095000618888
535,C:\Users\joshy\OneDrive\Documents\Kravitz Lab\freezeData\\0506\20260506134623-b97.07-f0.png,2026-05-06 13:46:23,0.0,54.30643791713008,7.390543235112664,499.76261203193593,96.879664,0.650015869915642
536,C:\Users\joshy\OneDrive\Documents\Kravitz Lab\freezeData\\0506\20260506134642-b97.45-f2.png,2026-05-06 13:46:42,2.0,54.67422238154372,7.398287027200185,527.179935888896,97.227752,0.6818524163682672
537,C:\Users\joshy\OneDrive\Documents\Kravitz Lab\freezeData\\0506\20260506134701-b97.63-f4.png,2026-05-06 13:47:01,4.0,55.02046983711804,7.4002697417229655,405.520145968064,97.404528,0.7226080299416896
538,C:\Users\joshy\OneDrive\Documents\Kravitz Lab\freezeData\\0506\20260506134720-b97.44-f6.png,2026-05-06 13:47:20,6.0,55.469937386735026,7.403244678766323,420.18284919102393,97.223236,0.702498102489312
539,C:\Users\joshy\OneDrive\Documents\Kravitz Lab\freezeData\\0506\20260506134740-b97.26-f8.png,2026-05-06 13:47:40,8.0,56.01470919078181,7.408893012850759,442.689856127744,97.071988,0.6674937741692348
540,C:\Users\joshy\OneDrive\Documents\Kravitz Lab\freezeData\\0506\20260506134759-b96.97-f10.png,2026-05-06 13:47:59,10.0,56.294549451836495,7.4079408054456,509.80842981830403,96.799356,0.6319368579392497
541,C:\Users\joshy\OneDrive\Documents\Kravitz Lab\freezeData\\0506\20260506134819-b97.17-f0.png,2026-05-06 13:48:19,0.0,54.28294831739279,7.390586726775329,493.1459442982239,96.983208,0.6501051556158658
542,C:\Users\joshy\OneDrive\Documents\Kravitz Lab\freezeData\\0506\20260506134838-b97.55-f2.png,2026-05-06 13:48:38,2.0,54.63582617832867,7.397893008781497,536.216184293824,97.351616,0.6815594956912424
543,C:\Users\joshy\OneDrive\Documents\Kravitz Lab\freezeData\\0506\20260506134858-b97.56-f4.png,2026-05-06 13:48:58,4.0,55.056253386655506,7.399773539522339,431.636058654656,97.331872,0.7231015844402785
544,C:\Users\joshy\OneDrive\Documents\Kravitz Lab\freezeData\\0506\20260506134917-b97.52-f6.png,2026-05-06 13:49:17,6.0,55.54273714213227,7.405577992034322,410.93049582206396,97.3074,0.7025649390079951
545,C:\Users\joshy\OneDrive\Documents\Kravitz Lab\freezeData\\0506\20260506134937-b97.05-f8.png,2026-05-06 13:49:37,8.0,55.948526422848495,7.407186355038152,446.788056758784,96.859732,0.6669982015708056
546,C:\Users\joshy\OneDrive\Documents\Kravitz Lab\freezeData\\0506\20260506134958-b96.74-f10.png,2026-05-06 13:49:58,10.0,56.486123158798,7.416588793587011,520.038223677936,96.566652,0.6316041982757309
547,C:\Users\joshy\OneDrive\Documents\Kravitz Lab\freezeData\\0506\20260506135016-b96.93-f0.png,2026-05-06 13:50:16,0.0,54.34970523865623,7.392452829962531,498.18949626737594,96.748428,0.6502489419896895
548,C:\Users\joshy\OneDrive\Documents\Kravitz Lab\freezeData\\0506\20260506135034-b97.36-f2.png,2026-05-06 13:50:34,2.0,54.664667950345994,7.400276599052765,532.123042007296,97.145196,0.6818348761720202
549,C:\Users\joshy\OneDrive\Documents\Kravitz Lab\freezeData\\0506\20260506135054-b97.54-f4.png,2026-05-06 13:50:54,4.0,55.026464421391424,7.397157586998197,429.375278856176,97.316312,0.7229374135870982
550,C:\Users\joshy\OneDrive\Documents\Kravitz Lab\freezeData\\0506\20260506135113-b97.60-f6.png,2026-05-06 13:51:13,6.0,55.47049446903822,7.40096178806902,410.07525582206404,97.38402,0.7025156768974233
551,C:\Users\joshy\OneDrive\Documents\Kravitz Lab\freezeData\\0506\20260506135132-b97.24-f8.png,2026-05-06 13:51:32,8.0,55.96982870360051,7.408370581338929,448.1370415100001,97.056204,0.6673388859555414
552,C:\Users\joshy\OneDrive\Documents\Kravitz Lab\freezeData\\0506\20260506135151-b96.81-f10.png,2026-05-06 13:51:51,10.0,56.3896127973619,7.412291689012797,497.99018191000005,96.63694,0.6317442853459635
553,C:\Users\joshy\OneDrive\Documents\Kravitz Lab\freezeData\\0506\20260506135210-b96.88-f0.png,2026-05-06 13:52:10,0.0,54.280202276169014,7.390313440434062,491.950374856176,96.678776,0.6502512420695181
554,C:\Users\joshy\OneDrive\Documents\Kravitz Lab\freezeData\\0506\20260506135230-b97.20-f2.png,2026-05-06 13:52:30,2.0,54.719343149238775,7.400901187828619,535.830046746736,96.986684,0.682043023641297
555,C:\Users\joshy\OneDrive\Documents\Kravitz Lab\freezeData\\0506\20260506135248-b97.59-f4.png,2026-05-06 13:52:48,4.0,55.04642719933507,7.3996185658585265,431.77777561318385,97.371452,0.7237922919568893
556,C:\Users\joshy\OneDrive\Documents\Kravitz Lab\freezeData\\0506\20260506135307-b97.38-f6.png,2026-05-06 13:53:07,6.0,55.490563999552215,7.403708007886924,424.477557362624,97.18454,0.7027222354420307
557,C:\Users\joshy\OneDrive\Documents\Kravitz Lab\freezeData\\0506\20260506135326-b97.15-f8.png,2026-05-06 13:53:26,8.0,55.97183868210513,7.408080498410254,458.525679068784,96.95962,0.6678951473992034
558,C:\Users\joshy\OneDrive\Documents\Kravitz Lab\freezeData\\0506\20260506135345-b96.90-f10.png,2026-05-06 13:53:45,10.0,56.3427025103708,7.411642310381824,518.467668780544,96.729316,0.6326096285448399
559,C:\Users\joshy\OneDrive\Documents\Kravitz Lab\freezeData\\0506\20260506135403-b97.15-f0.png,2026-05-06 13:54:03,0.0,54.34330338089874,7.3951738973055505,507.98320014270394,96.96754,0.6495991318304031
560,C:\Users\joshy\OneDrive\Documents\Kravitz Lab\freezeData\\0506\20260506135421-b97.27-f2.png,2026-05-06 13:54:21,2.0,54.64991019731088,7.398958186197666,520.101292137584,97.055816,0.6812100971868094
561,C:\Users\joshy\OneDrive\Documents\Kravitz Lab\freezeData\\0506\20260506135441-b97.45-f4.png,2026-05-06 13:54:41,4.0,55.11305515258743,7.402745371847289,417.02454079614415,97.210684,0.7228890362560799
562,C:\Users\joshy\OneDrive\Documents\Kravitz Lab\freezeData\\0506\20260506135500-b97.50-f6.png,2026-05-06 13:55:00,6.0,55.46961310192037,7.40360285886881,437.1929329863041,97.294792,0.7027936948352492
563,C:\Users\joshy\OneDrive\Documents\Kravitz Lab\freezeData\\0506\20260506135519-b97.49-f8.png,2026-05-06 13:55:19,8.0,55.948515550075356,7.408159281315815,451.6928073536,97.306176,0.6674542145631968
564,C:\Users\joshy\OneDrive\Documents\Kravitz Lab\freezeData\\0506\20260506135539-b96.86-f10.png,2026-05-06 13:55:39,10.0,56.36797584009914,7.4107604565853595,524.5175577036159,96.6913,0.631504134669818
565,C:\Users\joshy\OneDrive\Documents\Kravitz Lab\freezeData\\0506\20260506135601-b96.80-f0.png,2026-05-06 13:56:01,0.0,54.29702201790076,7.389280852189139,492.64296377286405,96.62126,0.6499872650093269
566,C:\Users\joshy\OneDrive\Documents\Kravitz Lab\freezeData\\0506\20260506135621-b97.40-f2.png,2026-05-06 13:56:21,2.0,54.650107071074764,7.398970822908586,521.681790856176,97.179992,0.6818552723948186
567,C:\Users\joshy\OneDrive\Documents\Kravitz Lab\freezeData\\0506\20260506135641-b97.46-f4.png,2026-05-06 13:56:41,4.0,55.056078260324504,7.3994141836604745,418.855076002416,97.228032,0.7230613279541374
568,C:\Users\joshy\OneDrive\Documents\Kravitz Lab\freezeData\\0506\20260506135700-b97.25-f6.png,2026-05-06 13:57:00,6.0,55.484788227530764,7.401577245587741,427.779349388544,97.056492,0.7032892779272297
569,C:\Users\joshy\OneDrive\Documents\Kravitz Lab\freezeData\\0506\20260506135720-b97.17-f8.png,2026-05-06 13:57:20,8.0,55.94779221141525,7.408120935459691,451.804432127744,96.983548,0.667169574207652
570,C:\Users\joshy\OneDrive\Documents\Kravitz Lab\freezeData\\0506\20260506135740-b96.80-f10.png,2026-05-06 13:57:40,10.0,56.47052323753709,7.415062256580675,514.8336345276,96.625528,0.6321755003318356
571,C:\Users\joshy\OneDrive\Documents\Kravitz Lab\freezeData\\0506\20260506135758-b96.89-f0.png,2026-05-06 13:57:58,0.0,54.28202422065618,7.388994158220703,500.06390404785606,96.706936,0.6504563398753197
572,C:\Users\joshy\OneDrive\Documents\Kravitz Lab\freezeData\\0506\20260506135817-b97.43-f2.png,2026-05-06 13:58:17,2.0,54.726011939893596,7.400412164757568,521.496836839024,97.212568,0.6813978714276556
573,C:\Users\joshy\OneDrive\Documents\Kravitz Lab\freezeData\\0506\20260506135836-b97.54-f4.png,2026-05-06 13:58:36,4.0,55.09377726208782,7.401827589166969,437.94873209265614,97.313616,0.7232891481634021
574,C:\Users\joshy\OneDrive\Documents\Kravitz Lab\freezeData\\0506\20260506135856-b97.52-f6.png,2026-05-06 13:58:56,6.0,55.5248238212991,7.406052244910139,441.0544278384,97.323264,0.7025335113639481
575,C:\Users\joshy\OneDrive\Documents\Kravitz Lab\freezeData\\0506\20260506135914-b97.12-f8.png,2026-05-06 13:59:14,8.0,55.980639013733885,7.406402746219329,448.407669544384,96.920504,0.6669837477779293
576,C:\Users\joshy\OneDrive\Documents\Kravitz Lab\freezeData\\0506\20260506135934-b96.96-f10.png,2026-05-06 13:59:34,10.0,56.41590406224387,7.414652048945476,523.322656675184,96.777764,0.631710885927027
577,C:\Users\joshy\OneDrive\Documents\Kravitz Lab\freezeData\\0506\20260506135954-b97.09-f0.png,2026-05-06 13:59:54,0.0,54.27869642027539,7.389716580980621,506.56771833560003,96.893328,0.6498668574820695
578,C:\Users\joshy\OneDrive\Documents\Kravitz Lab\freezeData\\0506\20260506140012-b97.32-f2.png,2026-05-06 14:00:12,2.0,54.68396387036931,7.400514212804038,515.886779195136,97.101012,0.6818449913010525
579,C:\Users\joshy\OneDrive\Documents\Kravitz Lab\freezeData\\0506\20260506140032-b97.60-f4.png,2026-05-06 14:00:32,4.0,55.01844373329366,7.398832656431886,424.86126646809595,97.40108,0.7231919913930491
580,C:\Users\joshy\OneDrive\Documents\Kravitz Lab\freezeData\\0506\20260506140052-b97.43-f6.png,2026-05-06 14:00:52,6.0,55.524702722951844,7.406895564773124,430.1281335912961,97.221268,0.7027646633511878
581,C:\Users\joshy\OneDrive\Documents\Kravitz Lab\freezeData\\0506\20260506140110-b97.17-f8.png,2026-05-06 14:01:10,8.0,55.9317728693629,7.405644105144059,431.62408806393603,96.9737,0.6672369085047346
582,C:\Users\joshy\OneDrive\Documents\Kravitz Lab\freezeData\\0506\20260506140129-b96.94-f10.png,2026-05-06 14:01:29,10.0,56.39505165555943,7.41174633251562,510.6796455324,96.776472,0.63167454177116
583,C:\Users\joshy\OneDrive\Documents\Kravitz Lab\freezeData\\0506\20260506140149-b97.09-f0.png,2026-05-06 14:01:49,0.0,54.33188734438383,7.392595998035673,491.960973014016,96.893072,0.6501010743009475
584,C:\Users\joshy\OneDrive\Documents\Kravitz Lab\freezeData\\0506\20260506140209-b97.33-f2.png,2026-05-06 14:02:09,2.0,54.67016085833016,7.398449593448974,532.764006220784,97.119548,0.6819523570196984
585,C:\Users\joshy\OneDrive\Documents\Kravitz Lab\freezeData\\0506\20260506140228-b97.44-f4.png,2026-05-06 14:02:28,4.0,55.1205200172682,7.401400021560073,427.04191649239993,97.226956,0.7232814340100512
586,C:\Users\joshy\OneDrive\Documents\Kravitz Lab\freezeData\\0506\20260506140248-b97.54-f6.png,2026-05-06 14:02:48,6.0,55.580085251865675,7.408916014499436,428.347793055344,97.360188,0.7033353735148807
587,C:\Users\joshy\OneDrive\Documents\Kravitz Lab\freezeData\\0506\20260506140309-b97.15-f8.png,2026-05-06 14:03:09,8.0,55.90800964134653,7.404681387329605,457.90253454577606,96.980152,0.6671696000478007
588,C:\Users\joshy\OneDrive\Documents\Kravitz Lab\freezeData\\0506\20260506140327-b96.79-f10.png,2026-05-06 14:03:27,10.0,56.415325383084905,7.414517188158165,507.00523412401594,96.630284,0.6316855139644922
589,C:\Users\joshy\OneDrive\Documents\Kravitz Lab\freezeData\\0506\20260506140346-b97.07-f0.png,2026-05-06 14:03:46,0.0,54.35367886614277,7.393807721552212,501.45761869158395,96.883168,0.6503707173906199
590,C:\Users\joshy\OneDrive\Documents\Kravitz Lab\freezeData\\0506\20260506140407-b97.31-f2.png,2026-05-06 14:04:07,2.0,54.717844241512296,7.40181511591851,521.150550449264,97.10704,0.6815065308602619
591,C:\Users\joshy\OneDrive\Documents\Kravitz Lab\freezeData\\0506\20260506140425-b97.55-f4.png,2026-05-06 14:04:25,4.0,55.08052112309817,7.401319424502852,426.6193087531361,97.324544,0.722941978459342
592,C:\Users\joshy\OneDrive\Documents\Kravitz Lab\freezeData\\0506\20260506140444-b97.68-f6.png,2026-05-06 14:04:44,6.0,55.47466903307721,7.402918264199734,422.80594521777596,97.479612,0.7027817401315989
593,C:\Users\joshy\OneDrive\Documents\Kravitz Lab\freezeData\\0506\20260506140504-b97.08-f8.png,2026-05-06 14:05:04,8.0,55.97208801527547,7.407643604898487,452.796442618624,96.907484,0.6667550624831327
594,C:\Users\joshy\OneDrive\Documents\Kravitz Lab\freezeData\\0506\20260506140522-b96.83-f10.png,2026-05-06 14:05:22,10.0,56.35826465993516,7.4108908879365,514.1513540976,96.670448,0.631864293799995
595,C:\Users\joshy\OneDrive\Documents\Kravitz Lab\freezeData\\0506\20260506140541-b97.08-f0.png,2026-05-06 14:05:41,0.0,54.32692682550648,7.391106810157666,485.33065545457595,96.893992,0.6503316271251168
596,C:\Users\joshy\OneDrive\Documents\Kravitz Lab\freezeData\\0506\20260506140602-b97.26-f2.png,2026-05-06 14:06:02,2.0,54.7191943146065,7.401136121662058,526.7967868015999,97.053156,0.6818854185523883
597,C:\Users\joshy\OneDrive\Documents\Kravitz Lab\freezeData\\0506\20260506140620-b97.47-f4.png,2026-05-06 14:06:20,4.0,55.11424670580325,7.402594341689404,425.8053522938239,97.261316,0.7234196294656128
598,C:\Users\joshy\OneDrive\Documents\Kravitz Lab\freezeData\\0506\20260506140640-b97.54-f6.png,2026-05-06 14:06:40,6.0,55.46410773936961,7.404607565525567,425.742989231104,97.34234,0.7036961783838918
599,C:\Users\joshy\OneDrive\Documents\Kravitz Lab\freezeData\\0506\20260506140700-b97.14-f8.png,2026-05-06 14:07:00,8.0,55.98144119154404,7.407499569308432,446.953400191424,96.966264,0.6678150796995512
600,C:\Users\joshy\OneDrive\Documents\Kravitz Lab\freezeData\\0506\20260506140719-b96.83-f10.png,2026-05-06 14:07:19,10.0,56.38616839723728,7.410433938031376,502.966551677936,96.66528,0.6315686137795338
601,C:\Users\joshy\OneDrive\Documents\Kravitz Lab\freezeData\\0506\20260506140738-b97.06-f0.png,2026-05-06 14:07:38,0.0,54.32520429157781,7.392948476675103,498.01837674558396,96.870344,0.6499113861611373
602,C:\Users\joshy\OneDrive\Documents\Kravitz Lab\freezeData\\0506\20260506140758-b97.41-f2.png,2026-05-06 14:07:58,2.0,54.66925619190354,7.400157379639173,522.423848658416,97.196996,0.6817796066016403
603,C:\Users\joshy\OneDrive\Documents\Kravitz Lab\freezeData\\0506\20260506140817-b97.44-f4.png,2026-05-06 14:08:17,4.0,55.104264624160045,7.402416942839271,407.61079692439995,97.205388,0.7234496668642978
604,C:\Users\joshy\OneDrive\Documents\Kravitz Lab\freezeData\\0506\20260506140835-b97.44-f6.png,2026-05-06 14:08:35,6.0,55.4949959573834,7.404584608442903,433.4535649024,97.2487,0.7028773958750955
605,C:\Users\joshy\OneDrive\Documents\Kravitz Lab\freezeData\\0506\20260506140854-b97.09-f8.png,2026-05-06 14:08:54,8.0,55.94179213852113,7.406107619435024,456.345605954496,96.928864,0.6672037132996858
606,C:\Users\joshy\OneDrive\Documents\Kravitz Lab\freezeData\\0506\20260506140935-b97.09-f0.png,2026-05-06 14:09:35,0.0,54.298048686471084,7.39373300447918,504.272121677424,96.899796,0.6499868525107155
607,C:\Users\joshy\OneDrive\Documents\Kravitz Lab\freezeData\\0506\20260506140915-b96.84-f10.png,2026-05-06 14:09:15,10.0,56.41788900877395,7.411966636673632,513.4410957499999,96.664608,0.631800173363365
608,C:\Users\joshy\OneDrive\Documents\Kravitz Lab\freezeData\\0506\20260506140955-b97.30-f2.png,2026-05-06 14:09:55,2.0,54.70980603022591,7.399988917437283,536.042233568704,97.096084,0.6818775611582041
609,C:\Users\joshy\OneDrive\Documents\Kravitz Lab\freezeData\\0506\20260506141015-b97.59-f4.png,2026-05-06 14:10:15,4.0,55.06097040949409,7.400800052006815,404.9976514375041,97.349396,0.7234999948164831
610,C:\Users\joshy\OneDrive\Documents\Kravitz Lab\freezeData\\0506\20260506141034-b97.54-f6.png,2026-05-06 14:10:34,6.0,55.52452545803651,7.405914987497265,414.1439406730241,97.330316,0.7027811147460122
611,C:\Users\joshy\OneDrive\Documents\Kravitz Lab\freezeData\\0506\20260506141052-b97.02-f8.png,2026-05-06 14:10:52,8.0,55.9401233476382,7.405039766578461,446.78942835006404,96.837532,0.6668822627370781
612,C:\Users\joshy\OneDrive\Documents\Kravitz Lab\freezeData\\0506\20260506141111-b96.56-f10.png,2026-05-06 14:11:11,10.0,56.44021034463866,7.4127931789416355,468.4748986387041,96.357788,0.6320991793643548
613,C:\Users\joshy\OneDrive\Documents\Kravitz Lab\freezeData\\0506\20260506141131-b96.94-f0.png,2026-05-06 14:11:31,0.0,54.28898505734289,7.3896932577849075,461.106633968064,96.73706,0.6499661471216897
614,C:\Users\joshy\OneDrive\Documents\Kravitz Lab\freezeData\\0506\20260506141209-b97.54-f4.png,2026-05-06 14:12:09,4.0,55.08001581953571,7.39970145058464,417.53076538481605,97.312764,0.723298731079871
615,C:\Users\joshy\OneDrive\Documents\Kravitz Lab\freezeData\\0506\20260506141150-b97.51-f2.png,2026-05-06 14:11:50,2.0,54.66706915655252,7.398862140623167,510.855982599024,97.292448,0.6815643046838505
616,C:\Users\joshy\OneDrive\Documents\Kravitz Lab\freezeData\\0506\20260506141228-b97.48-f6.png,2026-05-06 14:12:28,6.0,55.4843209589742,7.4031068907140805,418.574633217776,97.263256,0.7023869828511687
617,C:\Users\joshy\OneDrive\Documents\Kravitz Lab\freezeData\\0506\20260506141248-b97.33-f8.png,2026-05-06 14:12:48,8.0,55.97774985779961,7.406930268105395,442.131351157184,97.127204,0.6674720874195024
618,C:\Users\joshy\OneDrive\Documents\Kravitz Lab\freezeData\\0506\20260506141306-b97.02-f10.png,2026-05-06 14:13:06,10.0,56.31122883807811,7.408403404518752,510.96467128825606,96.84616,0.6320268473363384
619,C:\Users\joshy\OneDrive\Documents\Kravitz Lab\freezeData\\0506\20260506141325-b97.14-f0.png,2026-05-06 14:13:25,0.0,54.3548242429706,7.395536276132428,491.8347606584161,96.942576,0.6498848066630399
620,C:\Users\joshy\OneDrive\Documents\Kravitz Lab\freezeData\\0506\20260506141344-b97.25-f2.png,2026-05-06 14:13:44,2.0,54.70370005778768,7.3981928762124785,515.3862375076961,97.02126,0.6820220792291422
621,C:\Users\joshy\OneDrive\Documents\Kravitz Lab\freezeData\\0506\20260506141404-b97.54-f4.png,2026-05-06 14:14:04,4.0,55.063379333064404,7.400355300711634,410.17326049240006,97.312916,0.7228569230955656
622,C:\Users\joshy\OneDrive\Documents\Kravitz Lab\freezeData\\0506\20260506141424-b97.43-f6.png,2026-05-06 14:14:24,6.0,55.54777887068767,7.407589383521674,410.8571420659041,97.212072,0.7019879932449102
623,C:\Users\joshy\OneDrive\Documents\Kravitz Lab\freezeData\\0506\20260506141443-b97.06-f8.png,2026-05-06 14:14:43,8.0,56.06605082667963,7.411134624392649,441.1010168834561,96.862724,0.6665754110334262
624,C:\Users\joshy\OneDrive\Documents\Kravitz Lab\freezeData\\0506\20260506141503-b96.89-f10.png,2026-05-06 14:15:03,10.0,56.34601848754732,7.410688872563529,503.17173465560006,96.722676,0.6318461879285068
625,C:\Users\joshy\OneDrive\Documents\Kravitz Lab\freezeData\\0506\20260506141522-b97.01-f0.png,2026-05-06 14:15:22,0.0,54.32455073526871,7.389604749129084,487.63266352254396,96.806404,0.6498466262728685
626,C:\Users\joshy\OneDrive\Documents\Kravitz Lab\freezeData\\0506\20260506141541-b97.56-f2.png,2026-05-06 14:15:41,2.0,54.73870946043957,7.402585006683746,509.417238746736,97.320828,0.6818321912962455
627,C:\Users\joshy\OneDrive\Documents\Kravitz Lab\freezeData\\0506\20260506141601-b97.43-f4.png,2026-05-06 14:16:01,4.0,55.06729851699921,7.400477652174268,403.116073568704,97.197236,0.7230277889731156
628,C:\Users\joshy\OneDrive\Documents\Kravitz Lab\freezeData\\0506\20260506141621-b97.52-f6.png,2026-05-06 14:16:21,6.0,55.54768690073839,7.405982587238695,405.686301096384,97.298744,0.7027278363816257
629,C:\Users\joshy\OneDrive\Documents\Kravitz Lab\freezeData\\0506\20260506141640-b97.07-f8.png,2026-05-06 14:16:40,8.0,56.03649952408247,7.409718190657528,441.94094457081604,96.881252,0.6671013036739213
630,C:\Users\joshy\OneDrive\Documents\Kravitz Lab\freezeData\\0506\20260506141659-b96.75-f10.png,2026-05-06 14:16:59,10.0,56.51047781703297,7.417337929474431,506.4626643219041,96.563568,0.6317670522281914
631,C:\Users\joshy\OneDrive\Documents\Kravitz Lab\freezeData\\0506\20260506141718-b96.99-f0.png,2026-05-06 14:17:18,0.0,54.331363772294765,7.39330179077048,469.6941580400001,96.783476,0.6498186571325516
632,C:\Users\joshy\OneDrive\Documents\Kravitz Lab\freezeData\\0506\20260506141737-b97.45-f2.png,2026-05-06 14:17:37,2.0,54.67670273711304,7.400757497252107,502.40738233559995,97.203376,0.6812016570053552
633,C:\Users\joshy\OneDrive\Documents\Kravitz Lab\freezeData\\0506\20260506141755-b97.40-f4.png,2026-05-06 14:17:55,4.0,55.12972634383465,7.400941237196474,411.08949651430396,97.157852,0.7232000353724445
634,C:\Users\joshy\OneDrive\Documents\Kravitz Lab\freezeData\\0506\20260506141815-b97.49-f6.png,2026-05-06 14:18:15,6.0,55.515700599586204,7.406723582024071,410.373897821424,97.278652,0.702741290535346
635,C:\Users\joshy\OneDrive\Documents\Kravitz Lab\freezeData\\0506\20260506141834-b97.15-f8.png,2026-05-06 14:18:34,8.0,55.94969397465548,7.406095357281552,441.96893190385606,96.96132,0.6669826328183167
636,C:\Users\joshy\OneDrive\Documents\Kravitz Lab\freezeData\\0506\20260506141853-b96.89-f10.png,2026-05-06 14:18:53,10.0,56.34986526899243,7.41131901221827,505.24148748439995,96.72392,0.6322449211698852
637,C:\Users\joshy\OneDrive\Documents\Kravitz Lab\freezeData\\0506\20260506141913-b96.98-f0.png,2026-05-06 14:19:13,0.0,54.34151851916677,7.391826863544215,478.1197670003039,96.768084,0.6500370172253582
638,C:\Users\joshy\OneDrive\Documents\Kravitz Lab\freezeData\\0506\20260506141933-b97.38-f2.png,2026-05-06 14:19:33,2.0,54.68875468483824,7.399300836243674,516.897167888896,97.156828,0.6820751749404235
639,C:\Users\joshy\OneDrive\Documents\Kravitz Lab\freezeData\\0506\20260506141952-b97.46-f4.png,2026-05-06 14:19:52,4.0,55.15573012839903,7.402009936911148,420.275280774656,97.230404,0.7233723956069044
640,C:\Users\joshy\OneDrive\Documents\Kravitz Lab\freezeData\\0506\20260506142010-b97.51-f6.png,2026-05-06 14:20:10,6.0,55.53372893235605,7.405555973242194,416.6741688316,97.30974,0.7030660110629077
641,C:\Users\joshy\OneDrive\Documents\Kravitz Lab\freezeData\\0506\20260506142029-b96.89-f8.png,2026-05-06 14:20:29,8.0,56.08317832832958,7.41226704369773,456.45262946865597,96.707028,0.6668007071808284
642,C:\Users\joshy\OneDrive\Documents\Kravitz Lab\freezeData\\0506\20260506142048-b96.90-f10.png,2026-05-06 14:20:48,10.0,56.48120936348739,7.416449197417829,518.5933133424,96.746148,0.6321270946621586
643,C:\Users\joshy\OneDrive\Documents\Kravitz Lab\freezeData\\0506\20260506142107-b96.75-f0.png,2026-05-06 14:21:07,0.0,54.301843305222114,7.388945958912446,474.44231942039994,96.558152,0.6503239814537635
644,C:\Users\joshy\OneDrive\Documents\Kravitz Lab\freezeData\\0506\20260506142127-b97.37-f2.png,2026-05-06 14:21:27,2.0,54.65501583495136,7.398893318698262,506.000983282416,97.141096,0.6820545651724123
645,C:\Users\joshy\OneDrive\Documents\Kravitz Lab\freezeData\\0506\20260506142146-b97.57-f4.png,2026-05-06 14:21:46,4.0,55.07083345927556,7.399871316664239,414.303488338176,97.339856,0.7236847951708285
646,C:\Users\joshy\OneDrive\Documents\Kravitz Lab\freezeData\\0506\20260506142205-b97.51-f6.png,2026-05-06 14:22:05,6.0,55.52815679830563,7.40599465382482,431.05176440518386,97.315472,0.702676655441335
647,C:\Users\joshy\OneDrive\Documents\Kravitz Lab\freezeData\\0506\20260506142224-b97.12-f8.png,2026-05-06 14:22:24,8.0,56.007899890423175,7.409945801009677,446.7355865944159,96.929844,0.6666846322489853
648,C:\Users\joshy\OneDrive\Documents\Kravitz Lab\freezeData\\0506\20260506142245-b96.87-f10.png,2026-05-06 14:22:45,10.0,56.37957749362795,7.410904415279447,517.4157009904001,96.6942,0.6323748773795923
649,C:\Users\joshy\OneDrive\Documents\Kravitz Lab\freezeData\\0506\20260506142303-b97.15-f0.png,2026-05-06 14:23:03,0.0,54.35593835165523,7.394764136497465,501.887231522544,96.946916,0.6500608746523149
650,C:\Users\joshy\OneDrive\Documents\Kravitz Lab\freezeData\\0506\20260506142323-b97.33-f2.png,2026-05-06 14:23:23,2.0,54.649232907376984,7.398916737402304,524.581583488624,97.112208,0.6822330731566467
651,C:\Users\joshy\OneDrive\Documents\Kravitz Lab\freezeData\\0506\20260506142342-b97.50-f4.png,2026-05-06 14:23:42,4.0,55.13692545958637,7.404217834368649,424.39595696689594,97.266996,0.7238942246024667
652,C:\Users\joshy\OneDrive\Documents\Kravitz Lab\freezeData\\0506\20260506142400-b97.22-f6.png,2026-05-06 14:24:00,6.0,55.607026074451994,7.41024717534027,429.096008658416,97.025596,0.7026221687228383
653,C:\Users\joshy\OneDrive\Documents\Kravitz Lab\freezeData\\0506\20260506142420-b97.17-f8.png,2026-05-06 14:24:20,8.0,55.99036391862814,7.406439211041627,454.2801763184,96.982672,0.667161713732986
654,C:\Users\joshy\OneDrive\Documents\Kravitz Lab\freezeData\\0506\20260506142457-b97.01-f0.png,2026-05-06 14:24:57,0.0,54.35978407478824,7.391992325104304,487.098222819824,96.80868,0.6500377096219099
655,C:\Users\joshy\OneDrive\Documents\Kravitz Lab\freezeData\\0506\20260506142439-b96.81-f10.png,2026-05-06 14:24:39,10.0,56.49691554829364,7.417601340527821,522.721732215296,96.638324,0.6313515334614217
656,C:\Users\joshy\OneDrive\Documents\Kravitz Lab\freezeData\\0506\20260506142515-b97.36-f2.png,2026-05-06 14:25:15,2.0,54.694880414440405,7.400172071472046,517.891197987696,97.137508,0.6821553752719307
657,C:\Users\joshy\OneDrive\Documents\Kravitz Lab\freezeData\\0506\20260506142535-b97.41-f4.png,2026-05-06 14:25:35,4.0,55.09907392305232,7.402005785780779,430.37456742681593,97.178496,0.7230763898944946
658,C:\Users\joshy\OneDrive\Documents\Kravitz Lab\freezeData\\0506\20260506142554-b97.33-f6.png,2026-05-06 14:25:54,6.0,55.48161906332525,7.403321712284739,427.88037737560006,97.117992,0.7030219496972511
659,C:\Users\joshy\OneDrive\Documents\Kravitz Lab\freezeData\\0506\20260506142612-b97.12-f8.png,2026-05-06 14:26:12,8.0,56.03240539351335,7.411330663891794,441.5398823935841,96.930676,0.6674465982353147
660,C:\Users\joshy\OneDrive\Documents\Kravitz Lab\freezeData\\0506\20260506142632-b96.90-f10.png,2026-05-06 14:26:32,10.0,56.37636938827133,7.412544565451063,520.5527029502559,96.731928,0.6319788562311137
661,C:\Users\joshy\OneDrive\Documents\Kravitz Lab\freezeData\\0506\20260506142650-b96.89-f0.png,2026-05-06 14:26:50,0.0,54.37253272012169,7.393539728196355,498.1970293104,96.703464,0.6507154448330744
662,C:\Users\joshy\OneDrive\Documents\Kravitz Lab\freezeData\\0506\20260506142730-b97.43-f4.png,2026-05-06 14:27:30,4.0,55.12623525564153,7.402838846158667,419.8578118204,97.191892,0.7229790910261938
663,C:\Users\joshy\OneDrive\Documents\Kravitz Lab\freezeData\\0506\20260506142710-b97.28-f2.png,2026-05-06 14:27:10,2.0,54.711710058381314,7.399747750181344,506.78511002686406,97.049704,0.6820425806890545
664,C:\Users\joshy\OneDrive\Documents\Kravitz Lab\freezeData\\0506\20260506142749-b97.28-f6.png,2026-05-06 14:27:49,6.0,55.57239232840192,7.4080623832329975,420.99237960678397,97.073776,0.7029442720531942
665,C:\Users\joshy\OneDrive\Documents\Kravitz Lab\freezeData\\0506\20260506142808-b97.14-f8.png,2026-05-06 14:28:08,8.0,55.99803630138528,7.406081586350479,462.00148728825604,96.963856,0.6672514464869799
666,C:\Users\joshy\OneDrive\Documents\Kravitz Lab\freezeData\\0506\20260506142827-b96.89-f10.png,2026-05-06 14:28:27,10.0,56.39136506685242,7.411159407408255,512.6829688834559,96.720676,0.6314848996129842
667,C:\Users\joshy\OneDrive\Documents\Kravitz Lab\freezeData\\0506\20260506142846-b97.05-f0.png,2026-05-06 14:28:46,0.0,54.314043098185344,7.390418170496292,499.502567723376,96.855092,0.6509985331724694
668,C:\Users\joshy\OneDrive\Documents\Kravitz Lab\freezeData\\0506\20260506142905-b97.33-f2.png,2026-05-06 14:29:05,2.0,54.69732156389437,7.401229677516735,538.8739769456639,97.119456,0.6824107718043272
669,C:\Users\joshy\OneDrive\Documents\Kravitz Lab\freezeData\\0506\20260506142925-b97.54-f4.png,2026-05-06 14:29:25,4.0,55.110937614369945,7.40342979650053,430.96310384326404,97.323968,0.7239613514433907
670,C:\Users\joshy\OneDrive\Documents\Kravitz Lab\freezeData\\0506\20260506142944-b97.55-f6.png,2026-05-06 14:29:44,6.0,55.46798656239773,7.401149145323112,425.78793760369604,97.340392,0.7038725893384459
671,C:\Users\joshy\OneDrive\Documents\Kravitz Lab\freezeData\\0506\20260506143002-b97.19-f8.png,2026-05-06 14:30:02,8.0,56.08723058011747,7.412926004340352,455.88955525553604,97.010856,0.6670522414767825
672,C:\Users\joshy\OneDrive\Documents\Kravitz Lab\freezeData\\0506\20260506143023-b96.89-f10.png,2026-05-06 14:30:23,10.0,56.446027831177496,7.416323942081643,516.9069214156641,96.714956,0.6318020987935938
673,C:\Users\joshy\OneDrive\Documents\Kravitz Lab\freezeData\\0506\20260506143041-b97.08-f0.png,2026-05-06 14:30:41,0.0,54.2658761902725,7.387092545467362,482.48497331039994,96.881504,0.6509099018746543
674,C:\Users\joshy\OneDrive\Documents\Kravitz Lab\freezeData\\0506\20260506143103-b97.22-f2.png,2026-05-06 14:31:03,2.0,54.72008613699361,7.400039647361589,515.5405313344,96.9946,0.6824329247530266
675,C:\Users\joshy\OneDrive\Documents\Kravitz Lab\freezeData\\0506\20260506143121-b97.42-f4.png,2026-05-06 14:31:21,4.0,55.07281717849139,7.4006507571006335,401.351530691584,97.174092,0.7230458266660105
676,C:\Users\joshy\OneDrive\Documents\Kravitz Lab\freezeData\\0506\20260506143140-b97.48-f6.png,2026-05-06 14:31:40,6.0,55.548019356139065,7.407459923925795,413.9764274032639,97.2569,0.7032706409394286
677,C:\Users\joshy\OneDrive\Documents\Kravitz Lab\freezeData\\0506\20260506143159-b97.09-f8.png,2026-05-06 14:31:59,8.0,56.010739437725825,7.40970829820315,447.27101279,96.898572,0.6672084473782783
678,C:\Users\joshy\OneDrive\Documents\Kravitz Lab\freezeData\\0506\20260506143237-b97.02-f0.png,2026-05-06 14:32:37,0.0,54.34767084959634,7.3929037933981245,486.97462777286404,96.806544,0.6499955411493049
679,C:\Users\joshy\OneDrive\Documents\Kravitz Lab\freezeData\\0506\20260506143218-b96.78-f10.png,2026-05-06 14:32:18,10.0,56.40336074734256,7.411061048287946,502.19666251769604,96.608556,0.6326537306738556
680,C:\Users\joshy\OneDrive\Documents\Kravitz Lab\freezeData\\0506\20260506143257-b97.61-f2.png,2026-05-06 14:32:57,2.0,54.76320184304785,7.405101417924496,525.0672608817761,97.39176,0.6817812833243635
681,C:\Users\joshy\OneDrive\Documents\Kravitz Lab\freezeData\\0506\20260506143316-b97.46-f4.png,2026-05-06 14:33:16,4.0,55.10956138574808,7.401656039419166,415.179753609216,97.219408,0.7238491181479765
682,C:\Users\joshy\OneDrive\Documents\Kravitz Lab\freezeData\\0506\20260506143335-b97.50-f6.png,2026-05-06 14:33:35,6.0,55.58816086891467,7.407630993371382,430.7067359196,97.299892,0.7032140503821608
683,C:\Users\joshy\OneDrive\Documents\Kravitz Lab\freezeData\\0506\20260506143355-b97.09-f8.png,2026-05-06 14:33:55,8.0,56.02384356980003,7.408707437437543,456.54659519,96.904524,0.6675706430731939
684,C:\Users\joshy\OneDrive\Documents\Kravitz Lab\freezeData\\0506\20260506143414-b96.89-f10.png,2026-05-06 14:34:14,10.0,56.338069716881996,7.41100058889697,494.32372082118405,96.706912,0.6320353672709882
685,C:\Users\joshy\OneDrive\Documents\Kravitz Lab\freezeData\\0506\20260506143434-b97.14-f0.png,2026-05-06 14:34:34,0.0,54.343986278663806,7.392491815123758,494.60627859902394,96.94538,0.6499120136327418
686,C:\Users\joshy\OneDrive\Documents\Kravitz Lab\freezeData\\0506\20260506143454-b97.25-f2.png,2026-05-06 14:34:54,2.0,54.72821076333499,7.400330096712815,526.426538543104,97.032228,0.6817124569136791
687,C:\Users\joshy\OneDrive\Documents\Kravitz Lab\freezeData\\0506\20260506143512-b97.35-f4.png,2026-05-06 14:35:12,4.0,55.093872660242134,7.401387141968076,414.27337154353603,97.114032,0.7237118682287437
688,C:\Users\joshy\OneDrive\Documents\Kravitz Lab\freezeData\\0506\20260506143532-b97.46-f6.png,2026-05-06 14:35:32,6.0,55.53469627707407,7.405987323210733,430.0800679357441,97.242556,0.7030690447035745
689,C:\Users\joshy\OneDrive\Documents\Kravitz Lab\freezeData\\0506\20260506143551-b96.97-f8.png,2026-05-06 14:35:51,8.0,56.02133522283038,7.410676721200251,446.41017798246395,96.788208,0.6663943560301874
690,C:\Users\joshy\OneDrive\Documents\Kravitz Lab\freezeData\\0506\20260506143612-b96.83-f10.png,2026-05-06 14:36:12,10.0,56.398985040064545,7.413828849088503,502.62916888561597,96.662476,0.6323649218366855
691,C:\Users\joshy\OneDrive\Documents\Kravitz Lab\freezeData\\0506\20260506143630-b96.90-f0.png,2026-05-06 14:36:30,0.0,54.347261546088006,7.3936270661807875,498.59380473113595,96.704652,0.6508020639075873
692,C:\Users\joshy\OneDrive\Documents\Kravitz Lab\freezeData\\0506\20260506143648-b97.28-f2.png,2026-05-06 14:36:48,2.0,54.75904737711043,7.40274910311211,531.298006315456,97.042876,0.6827683053830809
693,C:\Users\joshy\OneDrive\Documents\Kravitz Lab\freezeData\\0506\20260506143706-b97.57-f4.png,2026-05-06 14:37:06,4.0,55.08135923921573,7.401050837813508,421.52086009265594,97.328092,0.7237499576423368
694,C:\Users\joshy\OneDrive\Documents\Kravitz Lab\freezeData\\0506\20260506143727-b97.63-f6.png,2026-05-06 14:37:27,6.0,55.47134841357019,7.404251928555748,410.662753891696,97.405548,0.7026831326775977
695,C:\Users\joshy\OneDrive\Documents\Kravitz Lab\freezeData\\0506\20260506143746-b97.20-f8.png,2026-05-06 14:37:46,8.0,55.947177511806615,7.405273380925268,447.378371903856,96.99932,0.6672402552798771
696,C:\Users\joshy\OneDrive\Documents\Kravitz Lab\freezeData\\0506\20260506143805-b96.88-f10.png,2026-05-06 14:38:05,10.0,56.49303057085594,7.417016934481557,522.5254084636,96.708156,0.6320876247150551
697,C:\Users\joshy\OneDrive\Documents\Kravitz Lab\freezeData\\0506\20260506143824-b97.02-f0.png,2026-05-06 14:38:24,0.0,54.34497335731149,7.392612333196102,492.24460191486406,96.817652,0.650195854364329
698,C:\Users\joshy\OneDrive\Documents\Kravitz Lab\freezeData\\0506\20260506143842-b97.56-f2.png,2026-05-06 14:38:42,2.0,54.76189550910378,7.405610804401462,529.283374486896,97.3325,0.6825757922741655
699,C:\Users\joshy\OneDrive\Documents\Kravitz Lab\freezeData\\0506\20260506143901-b97.50-f4.png,2026-05-06 14:39:01,4.0,55.07223507794046,7.399056870422277,415.95908269158394,97.279992,0.7236923992430517
700,C:\Users\joshy\OneDrive\Documents\Kravitz Lab\freezeData\\0506\20260506143920-b97.41-f6.png,2026-05-06 14:39:20,6.0,55.52404248830245,7.404740722238067,430.11703768959995,97.216928,0.7029328579016303
701,C:\Users\joshy\OneDrive\Documents\Kravitz Lab\freezeData\\0506\20260506143938-b97.10-f8.png,2026-05-06 14:39:38,8.0,56.02158984791717,7.410424443258664,464.456625131264,96.920912,0.6666841361973053
702,C:\Users\joshy\OneDrive\Documents\Kravitz Lab\freezeData\\0506\20260506143958-b96.89-f10.png,2026-05-06 14:39:58,10.0,56.3873001697788,7.412566992616928,521.7128412337761,96.720208,0.6323406153671194
703,C:\Users\joshy\OneDrive\Documents\Kravitz Lab\freezeData\\0506\20260506144017-b96.97-f0.png,2026-05-06 14:40:17,0.0,54.360625935162886,7.394382724292962,471.77985555633603,96.763036,0.650069088392056
704,C:\Users\joshy\OneDrive\Documents\Kravitz Lab\freezeData\\0506\20260506144056-b97.45-f4.png,2026-05-06 14:40:56,4.0,55.13117641418873,7.402881033152932,426.77241694566396,97.21874,0.7234028069893823
705,C:\Users\joshy\OneDrive\Documents\Kravitz Lab\freezeData\\0506\20260506144037-b97.46-f2.png,2026-05-06 14:40:37,2.0,54.70490594640287,7.402016617316124,520.488484881776,97.245596,0.6814364637793888
706,C:\Users\joshy\OneDrive\Documents\Kravitz Lab\freezeData\\0506\20260506144116-b97.48-f6.png,2026-05-06 14:41:16,6.0,55.49824128712346,7.403492878438344,402.452983282416,97.253168,0.7023329052422741
707,C:\Users\joshy\OneDrive\Documents\Kravitz Lab\freezeData\\0506\20260506144134-b97.10-f8.png,2026-05-06 14:41:34,8.0,55.9495087146831,7.406847958267525,436.895136570816,96.90816,0.6661275896368553
708,C:\Users\joshy\OneDrive\Documents\Kravitz Lab\freezeData\\0506\20260506144153-b96.79-f10.png,2026-05-06 14:41:53,10.0,56.35462876205801,7.409626257781665,498.00074735870396,96.611432,0.6319416471158261
709,C:\Users\joshy\OneDrive\Documents\Kravitz Lab\freezeData\\0506\20260506144212-b97.09-f0.png,2026-05-06 14:42:12,0.0,54.32585778753613,7.391343491729084,485.07244848062396,96.89022,0.6498296940395365
710,C:\Users\joshy\OneDrive\Documents\Kravitz Lab\freezeData\\0506\20260506144233-b97.48-f2.png,2026-05-06 14:42:33,2.0,54.7119658516466,7.40234803468187,529.320965869424,97.260984,0.6819499517837226
711,C:\Users\joshy\OneDrive\Documents\Kravitz Lab\freezeData\\0506\20260506144252-b97.50-f4.png,2026-05-06 14:42:52,4.0,55.11578139290938,7.403317148280483,423.6388488604159,97.257032,0.7232706077017524
712,C:\Users\joshy\OneDrive\Documents\Kravitz Lab\freezeData\\0506\20260506144312-b97.50-f6.png,2026-05-06 14:43:12,6.0,55.58016790341231,7.408915921191603,412.397238062336,97.292636,0.7027957795182828
713,C:\Users\joshy\OneDrive\Documents\Kravitz Lab\freezeData\\0506\20260506144333-b97.11-f8.png,2026-05-06 14:43:33,8.0,56.05113416386733,7.411868633078421,455.56182847639997,96.918988,0.6658926872540456
714,C:\Users\joshy\OneDrive\Documents\Kravitz Lab\freezeData\\0506\20260506144352-b96.83-f10.png,2026-05-06 14:43:52,10.0,56.395416187602194,7.411947823190289,518.2996724636,96.652056,0.6314112870337419
715,C:\Users\joshy\OneDrive\Documents\Kravitz Lab\freezeData\\0506\20260506144411-b96.95-f0.png,2026-05-06 14:44:11,0.0,54.31083360467832,7.394140711020921,469.675120420336,96.744788,0.6497619477233693
716,C:\Users\joshy\OneDrive\Documents\Kravitz Lab\freezeData\\0506\20260506144431-b97.34-f2.png,2026-05-06 14:44:31,2.0,54.770832631885376,7.402764532072104,518.160318065904,97.1191,0.6815961480012045
717,C:\Users\joshy\OneDrive\Documents\Kravitz Lab\freezeData\\0506\20260506144450-b97.51-f4.png,2026-05-06 14:44:50,4.0,55.05584315803059,7.402337417629527,423.065921769984,97.294656,0.7231685611021689
718,C:\Users\joshy\OneDrive\Documents\Kravitz Lab\freezeData\\0506\20260506144509-b97.45-f6.png,2026-05-06 14:45:09,6.0,55.56235104613037,7.4064257563911,430.5960610140159,97.249524,0.7022880670438784
719,C:\Users\joshy\OneDrive\Documents\Kravitz Lab\freezeData\\0506\20260506144528-b97.00-f8.png,2026-05-06 14:45:28,8.0,55.941671878656464,7.404290190779802,457.169950090176,96.824856,0.6665101021864962
720,C:\Users\joshy\OneDrive\Documents\Kravitz Lab\freezeData\\0506\20260506144606-b97.11-f0.png,2026-05-06 14:46:06,0.0,54.35894095082559,7.394692912387525,498.937866765056,96.931716,0.6499438179661352
721,C:\Users\joshy\OneDrive\Documents\Kravitz Lab\freezeData\\0506\20260506144547-b96.81-f10.png,2026-05-06 14:45:47,10.0,56.44142886686778,7.414243974151517,508.7207730750559,96.640952,0.6311382534856224
722,C:\Users\joshy\OneDrive\Documents\Kravitz Lab\freezeData\\0506\20260506144624-b97.46-f2.png,2026-05-06 14:46:24,2.0,54.7237529103136,7.4027700454976255,522.811054561776,97.228288,0.6815707986393822
723,C:\Users\joshy\OneDrive\Documents\Kravitz Lab\freezeData\\0506\20260506144644-b97.71-f4.png,2026-05-06 14:46:44,4.0,55.118941444335306,7.4024927916985375,418.25102909361595,97.479456,0.7232705051944125
724,C:\Users\joshy\OneDrive\Documents\Kravitz Lab\freezeData\\0506\20260506144703-b97.35-f6.png,2026-05-06 14:47:03,6.0,55.586208950666744,7.40902687453791,415.957904803056,97.133396,0.7022367770122396
725,C:\Users\joshy\OneDrive\Documents\Kravitz Lab\freezeData\\0506\20260506144723-b97.34-f8.png,2026-05-06 14:47:23,8.0,56.05242593577566,7.411532555920722,443.1388932851039,97.154372,0.6662259823967802
726,C:\Users\joshy\OneDrive\Documents\Kravitz Lab\freezeData\\0506\20260506144743-b96.59-f10.png,2026-05-06 14:47:43,10.0,56.472007372998384,7.414939336000242,500.077409646016,96.408004,0.6317696207888907
727,C:\Users\joshy\OneDrive\Documents\Kravitz Lab\freezeData\\0506\20260506144802-b97.06-f0.png,2026-05-06 14:48:02,0.0,54.31859035304815,7.392148408750337,495.828281164144,96.862588,0.6503668329915886
728,C:\Users\joshy\OneDrive\Documents\Kravitz Lab\freezeData\\0506\20260506144821-b97.34-f2.png,2026-05-06 14:48:21,2.0,54.6740862149284,7.40035928312225,515.133907195136,97.118476,0.6818976860416242
729,C:\Users\joshy\OneDrive\Documents\Kravitz Lab\freezeData\\0506\20260506144840-b97.73-f4.png,2026-05-06 14:48:40,4.0,55.09808626287792,7.402780508264522,423.12592055801605,97.509908,0.7238168054342993
730,C:\Users\joshy\OneDrive\Documents\Kravitz Lab\freezeData\\0506\20260506144859-b97.36-f6.png,2026-05-06 14:48:59,6.0,55.54547405337591,7.407376504871327,431.10776644249603,97.159412,0.7024113845975323
731,C:\Users\joshy\OneDrive\Documents\Kravitz Lab\freezeData\\0506\20260506144919-b96.97-f8.png,2026-05-06 14:49:19,8.0,56.08228815750741,7.412229236007732,445.23611829273597,96.771048,0.6667633997936738
732,C:\Users\joshy\OneDrive\Documents\Kravitz Lab\freezeData\\0506\20260506144940-b96.86-f10.png,2026-05-06 14:49:40,10.0,56.451476699817164,7.416143087497619,510.89506655806406,96.6879,0.632012461446532
733,C:\Users\joshy\OneDrive\Documents\Kravitz Lab\freezeData\\0506\20260506144958-b96.85-f0.png,2026-05-06 14:49:58,0.0,54.347774869323366,7.392058221176365,501.89070401598394,96.655688,0.6502110248243568
734,C:\Users\joshy\OneDrive\Documents\Kravitz Lab\freezeData\\0506\20260506145017-b97.42-f2.png,2026-05-06 14:50:17,2.0,54.72649499428956,7.402420045289572,515.876862673136,97.1942,0.6819994642581381
735,C:\Users\joshy\OneDrive\Documents\Kravitz Lab\freezeData\\0506\20260506145037-b97.66-f4.png,2026-05-06 14:50:37,4.0,55.09533147774334,7.400411081709914,419.81064449240006,97.437828,0.7230302244029374
736,C:\Users\joshy\OneDrive\Documents\Kravitz Lab\freezeData\\0506\20260506145055-b97.50-f6.png,2026-05-06 14:50:55,6.0,55.521393577944856,7.4055440785139925,434.7056260511841,97.294712,0.7027043181907584
737,C:\Users\joshy\OneDrive\Documents\Kravitz Lab\freezeData\\0506\20260506145114-b97.40-f8.png,2026-05-06 14:51:14,8.0,55.96402922005084,7.406174256315095,430.5893257115999,97.201964,0.6657316012726572
738,C:\Users\joshy\OneDrive\Documents\Kravitz Lab\freezeData\\0506\20260506145134-b96.70-f10.png,2026-05-06 14:51:34,10.0,56.506510939480236,7.418899772810377,499.33960738839994,96.51592,0.6308184860548249
739,C:\Users\joshy\OneDrive\Documents\Kravitz Lab\freezeData\\0506\20260506145154-b97.10-f0.png,2026-05-06 14:51:54,0.0,54.353006560363305,7.395344822334921,489.05049572337606,96.906652,0.6497646509702615
740,C:\Users\joshy\OneDrive\Documents\Kravitz Lab\freezeData\\0506\20260506145213-b97.29-f2.png,2026-05-06 14:52:13,2.0,54.74946224370296,7.4033045442575895,518.1934370092639,97.052688,0.6821487984297107
741,C:\Users\joshy\OneDrive\Documents\Kravitz Lab\freezeData\\0506\20260506145233-b97.44-f4.png,2026-05-06 14:52:33,4.0,55.05634634840434,7.402370113103368,427.197752293824,97.201888,0.7233730012311779
742,C:\Users\joshy\OneDrive\Documents\Kravitz Lab\freezeData\\0506\20260506145253-b97.45-f6.png,2026-05-06 14:52:53,6.0,55.584500703299085,7.4086662269585775,431.72468440518395,97.230212,0.702812727290062
743,C:\Users\joshy\OneDrive\Documents\Kravitz Lab\freezeData\\0506\20260506145312-b97.17-f8.png,2026-05-06 14:53:12,8.0,55.993773976490495,7.407408840112088,446.269397892464,96.975264,0.6668045144524578
744,C:\Users\joshy\OneDrive\Documents\Kravitz Lab\freezeData\\0506\20260506145332-b96.88-f10.png,2026-05-06 14:53:32,10.0,56.44159042753845,7.416493813651957,517.1481708399999,96.7149,0.6313632928457096
745,C:\Users\joshy\OneDrive\Documents\Kravitz Lab\freezeData\\0506\20260506145350-b97.11-f0.png,2026-05-06 14:53:50,0.0,54.348007194616585,7.39404155340974,500.635023690224,96.912148,0.6504485298200263
746,C:\Users\joshy\OneDrive\Documents\Kravitz Lab\freezeData\\0506\20260506145411-b97.38-f2.png,2026-05-06 14:54:11,2.0,54.73401205091766,7.401857928845486,511.517254928496,97.1609,0.6813618935015195
747,C:\Users\joshy\OneDrive\Documents\Kravitz Lab\freezeData\\0506\20260506145429-b97.58-f4.png,2026-05-06 14:54:29,4.0,55.14133607242755,7.4055278467948495,429.86044184960014,97.35426,0.7229943788343887
748,C:\Users\joshy\OneDrive\Documents\Kravitz Lab\freezeData\\0506\20260506145448-b97.41-f6.png,2026-05-06 14:54:48,6.0,55.55762005855269,7.407774835473874,429.9907009584639,97.216752,0.7029751896354588
749,C:\Users\joshy\OneDrive\Documents\Kravitz Lab\freezeData\\0506\20260506145507-b97.33-f8.png,2026-05-06 14:55:07,8.0,55.95230379597122,7.408165270940631,450.303560604784,97.138188,0.6665332844112132
750,C:\Users\joshy\OneDrive\Documents\Kravitz Lab\freezeData\\0506\20260506145527-b96.76-f10.png,2026-05-06 14:55:27,10.0,56.42608681015532,7.415267243994199,512.3698697593439,96.591604,0.6312800814458146
751,C:\Users\joshy\OneDrive\Documents\Kravitz Lab\freezeData\\0506\20260506145545-b97.16-f0.png,2026-05-06 14:55:45,0.0,54.307187234100056,7.39218092008023,502.5058764656,96.95698,0.6505402697953252
752,C:\Users\joshy\OneDrive\Documents\Kravitz Lab\freezeData\\0506\20260506145623-b97.60-f4.png,2026-05-06 14:56:23,4.0,55.10736590783864,7.404805505473426,426.92485980569603,97.367672,0.723217174960487
753,C:\Users\joshy\OneDrive\Documents\Kravitz Lab\freezeData\\0506\20260506145604-b97.27-f2.png,2026-05-06 14:56:04,2.0,54.72358749204953,7.40234109978128,530.9828823546239,97.062,0.681609572486183
754,C:\Users\joshy\OneDrive\Documents\Kravitz Lab\freezeData\\0506\20260506145643-b97.46-f6.png,2026-05-06 14:56:43,6.0,55.49893614202434,7.403634878079842,428.487833553904,97.260252,0.7031129863673953
755,C:\Users\joshy\OneDrive\Documents\Kravitz Lab\freezeData\\0506\20260506145702-b97.30-f8.png,2026-05-06 14:57:02,8.0,55.964381593291996,7.408286021475178,450.6987434839041,97.09702,0.666994842894599
756,C:\Users\joshy\OneDrive\Documents\Kravitz Lab\freezeData\\0506\20260506145721-b96.77-f10.png,2026-05-06 14:57:21,10.0,56.42081787221224,7.414504263221972,502.85165626361595,96.587216,0.6304689422676771
757,C:\Users\joshy\OneDrive\Documents\Kravitz Lab\freezeData\\0506\20260506145741-b96.95-f0.png,2026-05-06 14:57:41,0.0,54.373913825744935,7.393895009838466,474.61662244249595,96.755592,0.6502821341342796
758,C:\Users\joshy\OneDrive\Documents\Kravitz Lab\freezeData\\0506\20260506145801-b97.31-f2.png,2026-05-06 14:58:01,2.0,54.72335483304159,7.400167189906976,520.6064451774561,97.080968,0.682360863207875
759,C:\Users\joshy\OneDrive\Documents\Kravitz Lab\freezeData\\0506\20260506145820-b97.41-f4.png,2026-05-06 14:58:20,4.0,55.153113905541325,7.4044540659987215,432.0161875435359,97.186372,0.7236357826181294
760,C:\Users\joshy\OneDrive\Documents\Kravitz Lab\freezeData\\0506\20260506145839-b97.33-f6.png,2026-05-06 14:58:39,6.0,55.517290920100336,7.405191562539653,437.9240323899999,97.122788,0.7024550663825699
761,C:\Users\joshy\OneDrive\Documents\Kravitz Lab\freezeData\\0506\20260506145858-b97.37-f8.png,2026-05-06 14:58:58,8.0,55.99104035163569,7.409531107770607,464.56409368159996,97.194752,0.6669251938343492
762,C:\Users\joshy\OneDrive\Documents\Kravitz Lab\freezeData\\0506\20260506145916-b96.71-f10.png,2026-05-06 14:59:16,10.0,56.43378399804982,7.4145736003211375,511.76377553342394,96.535884,0.6319473310270418
763,C:\Users\joshy\OneDrive\Documents\Kravitz Lab\freezeData\\0506\20260506145936-b97.07-f0.png,2026-05-06 14:59:36,0.0,54.34454630674912,7.39448104213367,507.07634547825603,96.87944,0.6506352441699151
764,C:\Users\joshy\OneDrive\Documents\Kravitz Lab\freezeData\\0506\20260506145955-b97.38-f2.png,2026-05-06 14:59:55,2.0,54.73474367275528,7.401793537150091,542.132051682544,97.163924,0.6816024153281086
765,C:\Users\joshy\OneDrive\Documents\Kravitz Lab\freezeData\\0506\20260506150013-b97.41-f4.png,2026-05-06 15:00:13,4.0,55.112742569443014,7.400369550932681,419.73576007014407,97.192952,0.7235057834968074
766,C:\Users\joshy\OneDrive\Documents\Kravitz Lab\freezeData\\0506\20260506150034-b97.49-f6.png,2026-05-06 15:00:34,6.0,55.45003835808953,7.402725690703468,429.8541397399041,97.28808,0.7026180422827005
767,C:\Users\joshy\OneDrive\Documents\Kravitz Lab\freezeData\\0506\20260506150055-b97.35-f8.png,2026-05-06 15:00:55,8.0,55.995424034008344,7.408923471724476,463.1152801388641,97.16254,0.6667908338544225
768,C:\Users\joshy\OneDrive\Documents\Kravitz Lab\freezeData\\0506\20260506150113-b96.81-f10.png,2026-05-06 15:01:13,10.0,56.34290574985085,7.410793219111971,499.79588658161606,96.626632,0.631453556167541
769,C:\Users\joshy\OneDrive\Documents\Kravitz Lab\freezeData\\0506\20260506150133-b96.96-f0.png,2026-05-06 15:01:33,0.0,54.338371057123304,7.390652948392159,492.45906474558393,96.755372,0.6497154960013887
770,C:\Users\joshy\OneDrive\Documents\Kravitz Lab\freezeData\\0506\20260506150152-b97.40-f2.png,2026-05-06 15:01:52,2.0,54.72275797929136,7.403509675203345,530.659340753136,97.179352,0.6815802218826386
771,C:\Users\joshy\OneDrive\Documents\Kravitz Lab\freezeData\\0506\20260506150213-b97.24-f4.png,2026-05-06 15:02:13,4.0,55.14513019868224,7.402827526958436,419.413169267824,97.003372,0.7234875242540441
772,C:\Users\joshy\OneDrive\Documents\Kravitz Lab\freezeData\\0506\20260506150231-b97.44-f6.png,2026-05-06 15:02:31,6.0,55.53466956592489,7.4075009077688145,422.05559673113595,97.238244,0.7022666361186163
773,C:\Users\joshy\OneDrive\Documents\Kravitz Lab\freezeData\\0506\20260506150250-b96.93-f8.png,2026-05-06 15:02:50,8.0,56.055508609709214,7.412352191362582,462.8910326047841,96.762104,0.6664345557822414
774,C:\Users\joshy\OneDrive\Documents\Kravitz Lab\freezeData\\0506\20260506150309-b96.99-f10.png,2026-05-06 15:03:09,10.0,56.37337256124512,7.412289739443746,525.696226396096,96.826916,0.631384239869379
775,C:\Users\joshy\OneDrive\Documents\Kravitz Lab\freezeData\\0506\20260506150330-b97.02-f0.png,2026-05-06 15:03:30,0.0,54.34060170537916,7.3937761202712995,504.99495377393595,96.824688,0.6501699376998473
776,C:\Users\joshy\OneDrive\Documents\Kravitz Lab\freezeData\\0506\20260506150406-b97.39-f4.png,2026-05-06 15:04:06,4.0,55.14264268478384,7.40349474666976,435.18594978993593,97.171516,0.723238889259959
777,C:\Users\joshy\OneDrive\Documents\Kravitz Lab\freezeData\\0506\20260506150348-b97.42-f2.png,2026-05-06 15:03:48,2.0,54.73736072009304,7.402985532270746,539.5112660464001,97.205196,0.6822652596285796
778,C:\Users\joshy\OneDrive\Documents\Kravitz Lab\freezeData\\0506\20260506150426-b97.41-f6.png,2026-05-06 15:04:26,6.0,55.507958287438385,7.405441164893963,435.2311723747839,97.2026,0.7030719006024453
779,C:\Users\joshy\OneDrive\Documents\Kravitz Lab\freezeData\\0506\20260506150444-b97.23-f8.png,2026-05-06 15:04:44,8.0,56.02229120022793,7.410034137151147,455.2897264870239,97.039808,0.6667497489200357
780,C:\Users\joshy\OneDrive\Documents\Kravitz Lab\freezeData\\0506\20260506150504-b97.01-f10.png,2026-05-06 15:05:04,10.0,56.4369335085846,7.414253470951112,523.848533129664,96.84574,0.6309857836715748
781,C:\Users\joshy\OneDrive\Documents\Kravitz Lab\freezeData\\0506\20260506150523-b96.91-f0.png,2026-05-06 15:05:23,0.0,54.29238477812387,7.391886689892667,504.6643415663999,96.703988,0.6503941217819741
782,C:\Users\joshy\OneDrive\Documents\Kravitz Lab\freezeData\\0506\20260506150544-b97.41-f2.png,2026-05-06 15:05:44,2.0,54.70621714657536,7.402088195115088,528.387010580416,97.195912,0.6821923566686422
783,C:\Users\joshy\OneDrive\Documents\Kravitz Lab\freezeData\\0506\20260506150605-b97.44-f4.png,2026-05-06 15:06:05,4.0,55.12095920687361,7.404620296383729,435.44018218225597,97.231776,0.7233345010370917
784,C:\Users\joshy\OneDrive\Documents\Kravitz Lab\freezeData\\0506\20260506150623-b97.40-f6.png,2026-05-06 15:06:23,6.0,55.49346161645655,7.4042231290999965,432.23220026737596,97.191692,0.7032563458602334
785,C:\Users\joshy\OneDrive\Documents\Kravitz Lab\freezeData\\0506\20260506150641-b97.27-f8.png,2026-05-06 15:06:41,8.0,55.95786983180986,7.408114772605307,446.963837544384,97.084332,0.6674073354566674
786,C:\Users\joshy\OneDrive\Documents\Kravitz Lab\freezeData\\0506\20260506150701-b96.73-f10.png,2026-05-06 15:07:01,10.0,56.41886405442364,7.413011653477146,502.11970991,96.549908,0.631141136386196
787,C:\Users\joshy\OneDrive\Documents\Kravitz Lab\freezeData\\0506\20260506150720-b97.10-f0.png,2026-05-06 15:07:20,0.0,54.34265027290384,7.3927099614073635,496.8494853626239,96.920192,0.6497421025376221
788,C:\Users\joshy\OneDrive\Documents\Kravitz Lab\freezeData\\0506\20260506150740-b97.41-f2.png,2026-05-06 15:07:40,2.0,54.6740039671307,7.399029418331859,529.0493068743041,97.199224,0.6820356942901359
789,C:\Users\joshy\OneDrive\Documents\Kravitz Lab\freezeData\\0506\20260506150800-b97.62-f4.png,2026-05-06 15:08:00,4.0,55.086694303854685,7.404478324367364,437.29502324759994,97.405392,0.722943846199997
790,C:\Users\joshy\OneDrive\Documents\Kravitz Lab\freezeData\\0506\20260506150818-b97.56-f6.png,2026-05-06 15:08:18,6.0,55.44911040324813,7.404149500273298,426.25774973798394,97.37378,0.7032230540036892
791,C:\Users\joshy\OneDrive\Documents\Kravitz Lab\freezeData\\0506\20260506150838-b97.31-f8.png,2026-05-06 15:08:38,8.0,55.98791046320825,7.41035467341796,466.10915635006404,97.133424,0.6668521345218912
792,C:\Users\joshy\OneDrive\Documents\Kravitz Lab\freezeData\\0506\20260506150858-b96.84-f10.png,2026-05-06 15:08:58,10.0,56.41537659361972,7.413215845867233,532.649252998384,96.675008,0.6312866839936494
793,C:\Users\joshy\OneDrive\Documents\Kravitz Lab\freezeData\\0506\20260506150916-b96.96-f0.png,2026-05-06 15:09:16,0.0,54.29449261852992,7.390013875718657,493.8246100734559,96.78158,0.6506365694727196
794,C:\Users\joshy\OneDrive\Documents\Kravitz Lab\freezeData\\0506\20260506150934-b97.30-f2.png,2026-05-06 15:09:34,2.0,54.73236604463008,7.4019982007436775,530.080305568704,97.082068,0.6819466579103182
795,C:\Users\joshy\OneDrive\Documents\Kravitz Lab\freezeData\\0506\20260506150955-b97.71-f4.png,2026-05-06 15:09:55,4.0,55.05703004881814,7.403920959434081,439.16017570559995,97.488244,0.7234344633744281
796,C:\Users\joshy\OneDrive\Documents\Kravitz Lab\freezeData\\0506\20260506151014-b97.22-f6.png,2026-05-06 15:10:14,6.0,55.544773577028614,7.404302922997631,408.5436477564,97.002068,0.7019568982599338
797,C:\Users\joshy\OneDrive\Documents\Kravitz Lab\freezeData\\0506\20260506151032-b97.06-f8.png,2026-05-06 15:10:32,8.0,55.98694744450353,7.408127128552587,454.686307581296,96.87592,0.6661987690620541
798,C:\Users\joshy\OneDrive\Documents\Kravitz Lab\freezeData\\0506\20260506151051-b97.09-f10.png,2026-05-06 15:10:51,10.0,56.44982546938206,7.416074127377449,500.9387272882561,96.893452,0.6311676318180901
799,C:\Users\joshy\OneDrive\Documents\Kravitz Lab\freezeData\\0506\20260506151111-b97.13-f0.png,2026-05-06 15:11:11,0.0,54.282325655628135,7.392265503061589,463.21372100017595,96.908844,0.6494473967309736
800,C:\Users\joshy\OneDrive\Documents\Kravitz Lab\freezeData\\0506\20260506151129-b97.31-f2.png,2026-05-06 15:11:29,2.0,54.689562406212175,7.398770800524141,517.0850390715999,97.080968,0.6816484799616671
801,C:\Users\joshy\OneDrive\Documents\Kravitz Lab\freezeData\\0506\20260506151148-b97.38-f4.png,2026-05-06 15:11:48,4.0,55.126067951990045,7.403841931608079,410.7710063736159,97.149024,0.7233281007724468
802,C:\Users\joshy\OneDrive\Documents\Kravitz Lab\freezeData\\0506\20260506151208-b97.19-f6.png,2026-05-06 15:12:08,6.0,55.54493254438119,7.406079640299643,427.2702978449761,96.985012,0.7023308253448
803,C:\Users\joshy\OneDrive\Documents\Kravitz Lab\freezeData\\0506\20260506151226-b97.39-f8.png,2026-05-06 15:12:26,8.0,55.96199790601319,7.406503969868275,453.7024506920959,97.199124,0.6662302713628069
804,C:\Users\joshy\OneDrive\Documents\Kravitz Lab\freezeData\\0506\20260506151246-b96.82-f10.png,2026-05-06 15:12:46,10.0,56.427246610733576,7.415455923468183,514.030223533424,96.636616,0.6313395430012333
805,C:\Users\joshy\OneDrive\Documents\Kravitz Lab\freezeData\\0506\20260506151305-b97.04-f0.png,2026-05-06 15:13:05,0.0,54.30408379925414,7.392807887083619,497.12575334961605,96.838672,0.6499905088329407
806,C:\Users\joshy\OneDrive\Documents\Kravitz Lab\freezeData\\0506\20260506151325-b97.35-f2.png,2026-05-06 15:13:25,2.0,54.710335587360454,7.400072866461764,526.371370838016,97.11428,0.6814449480459267
807,C:\Users\joshy\OneDrive\Documents\Kravitz Lab\freezeData\\0506\20260506151343-b97.48-f4.png,2026-05-06 15:13:43,4.0,55.11734812609706,7.402703221983487,418.74536386609594,97.240432,0.7237536367044733
808,C:\Users\joshy\OneDrive\Documents\Kravitz Lab\freezeData\\0506\20260506151402-b97.40-f6.png,2026-05-06 15:14:02,6.0,55.55503283442839,7.407183930006955,422.190144658416,97.180828,0.7024454261440103
809,C:\Users\joshy\OneDrive\Documents\Kravitz Lab\freezeData\\0506\20260506151421-b97.24-f8.png,2026-05-06 15:14:21,8.0,55.99235216577221,7.40974903027948,437.808036602224,97.043988,0.6655664141475439
810,C:\Users\joshy\OneDrive\Documents\Kravitz Lab\freezeData\\0506\20260506151440-b96.97-f10.png,2026-05-06 15:14:40,10.0,56.437764094710346,7.4136829365862225,505.4650252661761,96.775768,0.6313599929666265
811,C:\Users\joshy\OneDrive\Documents\Kravitz Lab\freezeData\\0506\20260506151459-b96.86-f0.png,2026-05-06 15:14:59,0.0,54.32672670137909,7.387977239487936,497.58549406233595,96.640392,0.649823147348504
812,C:\Users\joshy\OneDrive\Documents\Kravitz Lab\freezeData\\0506\20260506151521-b97.28-f2.png,2026-05-06 15:15:21,2.0,54.704390352920086,7.400815313446667,516.1320993564,97.044812,0.6809487311793767
813,C:\Users\joshy\OneDrive\Documents\Kravitz Lab\freezeData\\0506\20260506151540-b97.35-f4.png,2026-05-06 15:15:40,4.0,55.084931067059124,7.403044900927054,421.148810488944,97.114688,0.7237782301518819
814,C:\Users\joshy\OneDrive\Documents\Kravitz Lab\freezeData\\0506\20260506151559-b97.44-f6.png,2026-05-06 15:15:59,6.0,55.5518594363105,7.4080431954332635,429.352472111216,97.22678,0.7026197441985661
815,C:\Users\joshy\OneDrive\Documents\Kravitz Lab\freezeData\\0506\20260506151620-b97.16-f8.png,2026-05-06 15:16:20,8.0,56.060738567946096,7.410884310000736,451.78326633958403,96.96858,0.666073866660627
816,C:\Users\joshy\OneDrive\Documents\Kravitz Lab\freezeData\\0506\20260506151640-b96.52-f10.png,2026-05-06 15:16:40,10.0,56.498735173651454,7.415757027872589,505.8588300224,96.33924,0.6321588449380658
817,C:\Users\joshy\OneDrive\Documents\Kravitz Lab\freezeData\\0506\20260506151659-b97.13-f0.png,2026-05-06 15:16:59,0.0,54.2934430679601,7.391499760874783,504.9431465503841,96.937776,0.6494013921006754
818,C:\Users\joshy\OneDrive\Documents\Kravitz Lab\freezeData\\0506\20260506151718-b97.23-f2.png,2026-05-06 15:17:18,2.0,54.72074549362061,7.40035029864266,509.50454233560004,96.99332,0.6812085781460009
819,C:\Users\joshy\OneDrive\Documents\Kravitz Lab\freezeData\\0506\20260506151737-b97.69-f4.png,2026-05-06 15:17:37,4.0,55.12245326072866,7.40408626409887,405.518962765056,97.459472,0.7225466418917604
820,C:\Users\joshy\OneDrive\Documents\Kravitz Lab\freezeData\\0506\20260506151756-b97.38-f6.png,2026-05-06 15:17:56,6.0,55.45115875569404,7.4025144112566235,419.9508740734559,97.169896,0.7023487016787405
821,C:\Users\joshy\OneDrive\Documents\Kravitz Lab\freezeData\\0506\20260506151815-b96.83-f8.png,2026-05-06 15:18:15,8.0,56.12206308029255,7.4153013572108275,445.75643349913605,96.649892,0.6658607066339949
822,C:\Users\joshy\OneDrive\Documents\Kravitz Lab\freezeData\\0506\20260506151835-b96.87-f10.png,2026-05-06 15:18:35,10.0,56.39219560859691,7.413396564282441,515.8433608156,96.671588,0.6316811353227486
823,C:\Users\joshy\OneDrive\Documents\Kravitz Lab\freezeData\\0506\20260506151854-b97.05-f0.png,2026-05-06 15:18:54,0.0,54.35617990226995,7.394690585271653,501.793165096384,96.847992,0.6492305380293487
824,C:\Users\joshy\OneDrive\Documents\Kravitz Lab\freezeData\\0506\20260506151913-b97.38-f2.png,2026-05-06 15:19:13,2.0,54.67920630268205,7.400386870320353,514.2047819089759,97.148856,0.6819465266180857
825,C:\Users\joshy\OneDrive\Documents\Kravitz Lab\freezeData\\0506\20260506151933-b97.54-f4.png,2026-05-06 15:19:33,4.0,55.10117469987006,7.40315161066707,424.5549845580161,97.30712,0.723341496214033
826,C:\Users\joshy\OneDrive\Documents\Kravitz Lab\freezeData\\0506\20260506151952-b97.36-f6.png,2026-05-06 15:19:52,6.0,55.485988965045074,7.4052108485553445,427.847284845824,97.148164,0.702946541331298
827,C:\Users\joshy\OneDrive\Documents\Kravitz Lab\freezeData\\0506\20260506152033-b96.69-f10.png,2026-05-06 15:20:33,10.0,56.379135825655794,7.412123988437095,520.512090594416,96.513984,0.6318986829999292
828,C:\Users\joshy\OneDrive\Documents\Kravitz Lab\freezeData\\0506\20260506152012-b97.16-f8.png,2026-05-06 15:20:12,8.0,56.06792798702717,7.4125673183736085,450.442086487024,96.973256,0.6662682730387536
829,C:\Users\joshy\OneDrive\Documents\Kravitz Lab\freezeData\\0506\20260506152051-b97.08-f0.png,2026-05-06 15:20:51,0.0,54.33455067192145,7.392423498706052,499.95316929726397,96.88202,0.6493986836640716
830,C:\Users\joshy\OneDrive\Documents\Kravitz Lab\freezeData\\0506\20260506152111-b97.18-f2.png,2026-05-06 15:21:11,2.0,54.68138815801647,7.3994320805314775,503.9011811356,96.949156,0.6809793877218709
831,C:\Users\joshy\OneDrive\Documents\Kravitz Lab\freezeData\\0506\20260506152133-b97.63-f4.png,2026-05-06 15:21:33,4.0,55.07620480662393,7.40368141114077,420.38915822078405,97.388896,0.722902781060195
832,C:\Users\joshy\OneDrive\Documents\Kravitz Lab\freezeData\\0506\20260506152153-b97.34-f6.png,2026-05-06 15:21:53,6.0,55.58021848866375,7.408573104941151,422.79166474558394,97.12282,0.7027463809005382
833,C:\Users\joshy\OneDrive\Documents\Kravitz Lab\freezeData\\0506\20260506152211-b97.21-f8.png,2026-05-06 15:22:11,8.0,55.98083911791248,7.408543140562058,439.212963386224,97.01112,0.6662092390833858
834,C:\Users\joshy\OneDrive\Documents\Kravitz Lab\freezeData\\0506\20260506152231-b96.95-f10.png,2026-05-06 15:22:31,10.0,56.443602305842816,7.415680409366226,510.583347497216,96.770316,0.6308777942433007
835,C:\Users\joshy\OneDrive\Documents\Kravitz Lab\freezeData\\0506\20260506152251-b97.02-f0.png,2026-05-06 15:22:51,0.0,54.30994077906018,7.393611309302335,498.11309306905605,96.827824,0.6492297078446133
836,C:\Users\joshy\OneDrive\Documents\Kravitz Lab\freezeData\\0506\20260506152309-b97.35-f2.png,2026-05-06 15:23:09,2.0,54.69964614043115,7.402081482752144,539.663011706816,97.147296,0.6815071756792359
837,C:\Users\joshy\OneDrive\Documents\Kravitz Lab\freezeData\\0506\20260506152328-b97.60-f4.png,2026-05-06 15:23:28,4.0,55.0961127619347,7.403218421194177,434.18626411513594,97.374276,0.7231540468253363
838,C:\Users\joshy\OneDrive\Documents\Kravitz Lab\freezeData\\0506\20260506152348-b97.39-f6.png,2026-05-06 15:23:48,6.0,55.49028338230311,7.405086533144799,434.1422238872159,97.181764,0.7032304818627836
839,C:\Users\joshy\OneDrive\Documents\Kravitz Lab\freezeData\\0506\20260506152408-b97.08-f8.png,2026-05-06 15:24:08,8.0,56.153072311921676,7.416196619419697,465.14581125553593,96.898936,0.6659116462232377
840,C:\Users\joshy\OneDrive\Documents\Kravitz Lab\freezeData\\0506\20260506152427-b96.76-f10.png,2026-05-06 15:24:27,10.0,56.35323794158188,7.411983226806515,515.4373755334241,96.589384,0.6307649885011642
841,C:\Users\joshy\OneDrive\Documents\Kravitz Lab\freezeData\\0506\20260506152447-b97.04-f0.png,2026-05-06 15:24:47,0.0,54.35683744665063,7.3937649049869005,494.79255327089606,96.83772,0.6496230262254533
842,C:\Users\joshy\OneDrive\Documents\Kravitz Lab\freezeData\\0506\20260506152506-b97.37-f2.png,2026-05-06 15:25:06,2.0,54.701504163333425,7.400492434919931,537.021274543104,97.163604,0.6820192465998375
843,C:\Users\joshy\OneDrive\Documents\Kravitz Lab\freezeData\\0506\20260506152543-b97.48-f6.png,2026-05-06 15:25:43,6.0,55.48607447881084,7.405433287114341,434.0454370416,97.273684,0.7029798602815128
844,C:\Users\joshy\OneDrive\Documents\Kravitz Lab\freezeData\\0506\20260506152524-b97.56-f4.png,2026-05-06 15:25:24,4.0,55.1039904623556,7.401000853424629,429.093499866096,97.329932,0.7229351194639787
845,C:\Users\joshy\OneDrive\Documents\Kravitz Lab\freezeData\\0506\20260506152603-b97.13-f8.png,2026-05-06 15:26:03,8.0,56.07244591764921,7.41398308975673,462.71791294559995,96.952452,0.6660898262976551
846,C:\Users\joshy\OneDrive\Documents\Kravitz Lab\freezeData\\0506\20260506152621-b96.94-f10.png,2026-05-06 15:26:21,10.0,56.461118405640384,7.415880879502414,512.6566881796961,96.762016,0.6313535031951393
847,C:\Users\joshy\OneDrive\Documents\Kravitz Lab\freezeData\\0506\20260506152640-b96.78-f0.png,2026-05-06 15:26:40,0.0,54.34104508320023,7.389660852391263,507.176593844976,96.59284,0.6503662079678166
848,C:\Users\joshy\OneDrive\Documents\Kravitz Lab\freezeData\\0506\20260506152659-b97.45-f2.png,2026-05-06 15:26:59,2.0,54.71341587362734,7.400371649048244,539.2978457099359,97.219252,0.6814636089599363
849,C:\Users\joshy\OneDrive\Documents\Kravitz Lab\freezeData\\0506\20260506152718-b97.59-f4.png,2026-05-06 15:27:18,4.0,55.09949894099219,7.403350901643247,415.321358411504,97.35254,0.722960801657779
850,C:\Users\joshy\OneDrive\Documents\Kravitz Lab\freezeData\\0506\20260506152740-b97.27-f6.png,2026-05-06 15:27:40,6.0,55.50529647839471,7.405515547135417,425.39048370681604,97.054248,0.7029566461240603
851,C:\Users\joshy\OneDrive\Documents\Kravitz Lab\freezeData\\0506\20260506152802-b97.31-f8.png,2026-05-06 15:28:02,8.0,55.95386657704363,7.408050477439037,466.57380441329593,97.12528,0.6660953746009495
852,C:\Users\joshy\OneDrive\Documents\Kravitz Lab\freezeData\\0506\20260506152820-b96.85-f10.png,2026-05-06 15:28:20,10.0,56.471305153106,7.417222620870607,525.8554799654239,96.690972,0.6312667990830039
853,C:\Users\joshy\OneDrive\Documents\Kravitz Lab\freezeData\\0506\20260506152839-b97.13-f0.png,2026-05-06 15:28:39,0.0,54.310725888001166,7.391965905499337,517.170285640704,96.92572,0.6495706329735863
854,C:\Users\joshy\OneDrive\Documents\Kravitz Lab\freezeData\\0506\20260506152859-b97.40-f2.png,2026-05-06 15:28:59,2.0,54.71516155705349,7.399637969906893,542.3810943736161,97.185256,0.6817758817915461
855,C:\Users\joshy\OneDrive\Documents\Kravitz Lab\freezeData\\0506\20260506152919-b97.26-f4.png,2026-05-06 15:29:19,4.0,55.11590174059025,7.403860552681515,425.45659081982393,97.02096,0.7239477201299124
856,C:\Users\joshy\OneDrive\Documents\Kravitz Lab\freezeData\\0506\20260506152936-b97.39-f6.png,2026-05-06 15:29:36,6.0,55.50358191899489,7.4064750207721595,440.643493541376,97.171132,0.7028398724502372
857,C:\Users\joshy\OneDrive\Documents\Kravitz Lab\freezeData\\0506\20260506152956-b97.25-f8.png,2026-05-06 15:29:56,8.0,56.07185516075687,7.412229704963412,472.002988710336,97.072848,0.6660460773468154
858,C:\Users\joshy\OneDrive\Documents\Kravitz Lab\freezeData\\0506\20260506153015-b96.75-f10.png,2026-05-06 15:30:15,10.0,56.40547010602869,7.413444389479349,515.3261315696001,96.573852,0.6315523603390978
859,C:\Users\joshy\OneDrive\Documents\Kravitz Lab\freezeData\\0506\20260506153034-b96.85-f0.png,2026-05-06 15:30:34,0.0,54.242073051871316,7.386925794228705,497.607129164144,96.658616,0.6498772361480131
860,C:\Users\joshy\OneDrive\Documents\Kravitz Lab\freezeData\\0506\20260506153054-b97.15-f2.png,2026-05-06 15:30:54,2.0,54.75082990310646,7.400688763212652,528.350477588976,96.925348,0.6816951015590172
861,C:\Users\joshy\OneDrive\Documents\Kravitz Lab\freezeData\\0506\20260506153115-b97.34-f4.png,2026-05-06 15:31:15,4.0,55.088971430270725,7.403216180918701,410.84277065465596,97.106896,0.7234294083424402
862,C:\Users\joshy\OneDrive\Documents\Kravitz Lab\freezeData\\0506\20260506153133-b97.45-f6.png,2026-05-06 15:31:33,6.0,55.462904314598454,7.402735010841587,422.195144745584,97.234736,0.7026518101402709
863,C:\Users\joshy\OneDrive\Documents\Kravitz Lab\freezeData\\0506\20260506153152-b97.11-f8.png,2026-05-06 15:31:52,8.0,56.10169682538795,7.415185082006981,453.021280570816,96.916016,0.6657791993929396
864,C:\Users\joshy\OneDrive\Documents\Kravitz Lab\freezeData\\0506\20260506153213-b96.96-f10.png,2026-05-06 15:32:13,10.0,56.39371598724042,7.416355195446698,511.77969338046404,96.799408,0.6312211989805077
865,C:\Users\joshy\OneDrive\Documents\Kravitz Lab\freezeData\\0506\20260506153232-b97.05-f0.png,2026-05-06 15:32:32,0.0,54.36327536020618,7.39384984639452,508.799713603696,96.85348,0.6495609071010378
866,C:\Users\joshy\OneDrive\Documents\Kravitz Lab\freezeData\\0506\20260506153252-b97.44-f2.png,2026-05-06 15:32:52,2.0,54.70978329452969,7.400230229276501,536.2738884505441,97.21216,0.6814666111918269
867,C:\Users\joshy\OneDrive\Documents\Kravitz Lab\freezeData\\0506\20260506153311-b97.25-f4.png,2026-05-06 15:33:11,4.0,55.13874909354821,7.40352677983372,408.5838764484959,97.006356,0.7232583693631404
868,C:\Users\joshy\OneDrive\Documents\Kravitz Lab\freezeData\\0506\20260506153329-b97.41-f6.png,2026-05-06 15:33:29,6.0,55.470580681415484,7.402875369014022,435.00761290240007,97.195476,0.703497606324002
869,C:\Users\joshy\OneDrive\Documents\Kravitz Lab\freezeData\\0506\20260506153348-b97.23-f8.png,2026-05-06 15:33:48,8.0,56.07976265741146,7.413207402690383,463.773195967984,97.04622,0.6660788263492795
870,C:\Users\joshy\OneDrive\Documents\Kravitz Lab\freezeData\\0506\20260506153407-b96.80-f10.png,2026-05-06 15:34:07,10.0,56.34483752562692,7.411328357129102,510.2453208156001,96.622948,0.6314033524420115
871,C:\Users\joshy\OneDrive\Documents\Kravitz Lab\freezeData\\0506\20260506153427-b96.82-f0.png,2026-05-06 15:34:27,0.0,54.35025151297153,7.391524617630316,498.85224972593596,96.612856,0.6490031235342499
872,C:\Users\joshy\OneDrive\Documents\Kravitz Lab\freezeData\\0506\20260506153446-b97.36-f2.png,2026-05-06 15:34:46,2.0,54.734281395845514,7.401457802638829,534.6210127100001,97.12298,0.6820781530012717
873,C:\Users\joshy\OneDrive\Documents\Kravitz Lab\freezeData\\0506\20260506153505-b97.49-f4.png,2026-05-06 15:35:05,4.0,55.15585743485977,7.403627150558455,436.88037638239996,97.277868,0.7233547835261235
874,C:\Users\joshy\OneDrive\Documents\Kravitz Lab\freezeData\\0506\20260506153523-b97.22-f6.png,2026-05-06 15:35:23,6.0,55.57115273828694,7.409098987748297,433.96152807959993,97.006272,0.7024104639807192
875,C:\Users\joshy\OneDrive\Documents\Kravitz Lab\freezeData\\0506\20260506153543-b97.01-f8.png,2026-05-06 15:35:43,8.0,56.05198361147138,7.410015570791697,459.91404900414403,96.809188,0.6665791416429563
876,C:\Users\joshy\OneDrive\Documents\Kravitz Lab\freezeData\\0506\20260506153602-b96.85-f10.png,2026-05-06 15:36:02,10.0,56.46980306599993,7.417695413056386,525.824534433264,96.684428,0.6306763072988381
877,C:\Users\joshy\OneDrive\Documents\Kravitz Lab\freezeData\\0506\20260506153620-b97.14-f0.png,2026-05-06 15:36:20,0.0,54.32042499762328,7.391933722329059,501.01330206233604,96.942172,0.6501665976883477
878,C:\Users\joshy\OneDrive\Documents\Kravitz Lab\freezeData\\0506\20260506153638-b97.29-f2.png,2026-05-06 15:36:38,2.0,54.720151235528434,7.399118085544775,538.436385281536,97.059336,0.6816284212040028
879,C:\Users\joshy\OneDrive\Documents\Kravitz Lab\freezeData\\0506\20260506153658-b97.67-f4.png,2026-05-06 15:36:58,4.0,55.06881337905352,7.401947237931424,434.97795786942396,97.446176,0.7232108115730382
880,C:\Users\joshy\OneDrive\Documents\Kravitz Lab\freezeData\\0506\20260506153716-b97.32-f6.png,2026-05-06 15:37:16,6.0,55.59661302941955,7.408439154651394,415.512115195136,97.100676,0.7026977236641829
881,C:\Users\joshy\OneDrive\Documents\Kravitz Lab\freezeData\\0506\20260506153735-b97.29-f8.png,2026-05-06 15:37:35,8.0,55.929828509179465,7.4072590543649985,457.37618676633605,97.085924,0.6659803911378767
882,C:\Users\joshy\OneDrive\Documents\Kravitz Lab\freezeData\\0506\20260506153756-b96.87-f10.png,2026-05-06 15:37:56,10.0,56.42117833028531,7.415169689452875,520.6661501936,96.684488,0.6308738852573507
883,C:\Users\joshy\OneDrive\Documents\Kravitz Lab\freezeData\\0506\20260506153816-b97.12-f0.png,2026-05-06 15:38:16,0.0,54.35476946535662,7.392353100547269,499.946552420336,96.930456,0.6497577817883058
884,C:\Users\joshy\OneDrive\Documents\Kravitz Lab\freezeData\\0506\20260506153836-b97.58-f2.png,2026-05-06 15:38:36,2.0,54.74972376289123,7.404608969646454,541.3779951247361,97.358848,0.6814627118810389
885,C:\Users\joshy\OneDrive\Documents\Kravitz Lab\freezeData\\0506\20260506153856-b97.29-f4.png,2026-05-06 15:38:56,4.0,55.1287476123888,7.403648568258221,437.4479363824,97.052256,0.7236901232001477
886,C:\Users\joshy\OneDrive\Documents\Kravitz Lab\freezeData\\0506\20260506153916-b97.29-f6.png,2026-05-06 15:39:16,6.0,55.57171710538389,7.40858066080036,424.88472533657597,97.071428,0.7033352110264912
887,C:\Users\joshy\OneDrive\Documents\Kravitz Lab\freezeData\\0506\20260506153936-b97.30-f8.png,2026-05-06 15:39:36,8.0,55.959129455438244,7.408268325823013,470.889766494144,97.118248,0.6659776574301922
888,C:\Users\joshy\OneDrive\Documents\Kravitz Lab\freezeData\\0506\20260506153955-b96.72-f10.png,2026-05-06 15:39:55,10.0,56.44707660242468,7.413558533316927,528.7943827608959,96.5552,0.6314641017233764
889,C:\Users\joshy\OneDrive\Documents\Kravitz Lab\freezeData\\0506\20260506154014-b97.01-f0.png,2026-05-06 15:40:14,0.0,54.33808096466918,7.393367516046743,492.8496610416,96.802584,0.6487263588095064
890,C:\Users\joshy\OneDrive\Documents\Kravitz Lab\freezeData\\0506\20260506154033-b97.37-f2.png,2026-05-06 15:40:33,2.0,54.70606375803604,7.3996959084676694,531.892497689856,97.144264,0.6809088986562931
891,C:\Users\joshy\OneDrive\Documents\Kravitz Lab\freezeData\\0506\20260506154052-b97.58-f4.png,2026-05-06 15:40:52,4.0,55.15280480062119,7.40529040794149,430.701100753136,97.361976,0.7230142441275939
892,C:\Users\joshy\OneDrive\Documents\Kravitz Lab\freezeData\\0506\20260506154111-b97.41-f6.png,2026-05-06 15:41:11,6.0,55.457146704303646,7.4046594868615685,396.03753346553606,97.194688,0.7020488977615102
893,C:\Users\joshy\OneDrive\Documents\Kravitz Lab\freezeData\\0506\20260506154130-b96.92-f8.png,2026-05-06 15:41:30,8.0,56.14006330561889,7.415778211801794,450.50252503857615,96.729652,0.6653270451353883
894,C:\Users\joshy\OneDrive\Documents\Kravitz Lab\freezeData\\0506\20260506154149-b96.60-f10.png,2026-05-06 15:41:49,10.0,56.49207737692075,7.417303540320412,506.107219832944,96.4242,0.6309923101327425
895,C:\Users\joshy\OneDrive\Documents\Kravitz Lab\freezeData\\0506\20260506154207-b96.78-f0.png,2026-05-06 15:42:07,0.0,54.334193230654456,7.391111532236813,491.72605777393596,96.587852,0.6491527177261903
896,C:\Users\joshy\OneDrive\Documents\Kravitz Lab\freezeData\\0506\20260506154246-b97.55-f4.png,2026-05-06 15:42:46,4.0,55.11143290573323,7.401816228136698,427.764267543536,97.310192,0.722923476434542
897,C:\Users\joshy\OneDrive\Documents\Kravitz Lab\freezeData\\0506\20260506154227-b97.34-f2.png,2026-05-06 15:42:27,2.0,54.725599205697655,7.4015745324226,520.648034580416,97.104688,0.6810429950710654
898,C:\Users\joshy\OneDrive\Documents\Kravitz Lab\freezeData\\0506\20260506154305-b97.32-f6.png,2026-05-06 15:43:05,6.0,55.47999070662705,7.402368548066816,433.4952415036,97.129024,0.7024460548049741
899,C:\Users\joshy\OneDrive\Documents\Kravitz Lab\freezeData\\0506\20260506154324-b97.03-f8.png,2026-05-06 15:43:24,8.0,56.07066149316364,7.412609995365901,453.01058475878403,96.840916,0.6654888337863457
900,C:\Users\joshy\OneDrive\Documents\Kravitz Lab\freezeData\\0506\20260506154344-b96.84-f10.png,2026-05-06 15:43:44,10.0,56.48025786964589,7.417538038887605,514.538442396096,96.656048,0.6308707725699563
901,C:\Users\joshy\OneDrive\Documents\Kravitz Lab\freezeData\\0506\20260506154403-b96.95-f0.png,2026-05-06 15:44:03,0.0,54.35753726401018,7.392227251755327,498.16467495959995,96.759088,0.6490317954453165
902,C:\Users\joshy\OneDrive\Documents\Kravitz Lab\freezeData\\0506\20260506154424-b97.25-f2.png,2026-05-06 15:44:24,2.0,54.74253898899465,7.4001656871564165,528.5654461048159,97.03372,0.6804343858144178
903,C:\Users\joshy\OneDrive\Documents\Kravitz Lab\freezeData\\0506\20260506154443-b97.46-f4.png,2026-05-06 15:44:43,4.0,55.149732355766005,7.404644769009343,424.27885629382405,97.214124,0.7233947134116983
904,C:\Users\joshy\OneDrive\Documents\Kravitz Lab\freezeData\\0506\20260506154504-b97.27-f6.png,2026-05-06 15:45:04,6.0,55.50733333994578,7.405271463690114,429.4792649444959,97.062012,0.7021270648774895
905,C:\Users\joshy\OneDrive\Documents\Kravitz Lab\freezeData\\0506\20260506154524-b97.13-f8.png,2026-05-06 15:45:24,8.0,56.1176733100033,7.414498099577578,453.68206988646403,96.939088,0.6653094956427352
906,C:\Users\joshy\OneDrive\Documents\Kravitz Lab\freezeData\\0506\20260506154544-b96.82-f10.png,2026-05-06 15:45:44,10.0,56.464899893650745,7.415294722749226,518.123808534256,96.636,0.6310183247796054
907,C:\Users\joshy\OneDrive\Documents\Kravitz Lab\freezeData\\0506\20260506154605-b97.08-f0.png,2026-05-06 15:46:05,0.0,54.302004475290005,7.391260831909708,502.3355863921759,96.880828,0.6493523168154748
908,C:\Users\joshy\OneDrive\Documents\Kravitz Lab\freezeData\\0506\20260506154625-b97.19-f2.png,2026-05-06 15:46:25,2.0,54.7888438486229,7.405811128489659,533.7693609880961,96.971404,0.6810592841172002
909,C:\Users\joshy\OneDrive\Documents\Kravitz Lab\freezeData\\0506\20260506154645-b97.53-f4.png,2026-05-06 15:46:45,4.0,55.140274591646936,7.401896904342299,429.207733789936,97.276076,0.7231341261480226
910,C:\Users\joshy\OneDrive\Documents\Kravitz Lab\freezeData\\0506\20260506154705-b97.45-f6.png,2026-05-06 15:47:05,6.0,55.424094571688364,7.402052495553885,425.325294017536,97.245888,0.7024015367523208
911,C:\Users\joshy\OneDrive\Documents\Kravitz Lab\freezeData\\0506\20260506154723-b97.26-f8.png,2026-05-06 15:47:23,8.0,55.99273194346209,7.409199126882894,447.383751871744,97.05274,0.665931342317743
912,C:\Users\joshy\OneDrive\Documents\Kravitz Lab\freezeData\\0506\20260506154742-b96.85-f10.png,2026-05-06 15:47:42,10.0,56.42834118592408,7.4158222259238435,510.52909330430396,96.665212,0.6311646371301161
913,C:\Users\joshy\OneDrive\Documents\Kravitz Lab\freezeData\\0506\20260506154802-b97.18-f0.png,2026-05-06 15:48:02,0.0,54.34333296514979,7.39476897735039,505.92726144000005,96.984308,0.6491329762470714
914,C:\Users\joshy\OneDrive\Documents\Kravitz Lab\freezeData\\0506\20260506154820-b97.33-f2.png,2026-05-06 15:48:20,2.0,54.73053214662178,7.402348387584785,536.59383671,97.11926,0.6812628701786256
915,C:\Users\joshy\OneDrive\Documents\Kravitz Lab\freezeData\\0506\20260506154839-b97.65-f4.png,2026-05-06 15:48:39,4.0,55.101572821057516,7.40085250394592,434.9910176496,97.407736,0.7230382100859162
916,C:\Users\joshy\OneDrive\Documents\Kravitz Lab\freezeData\\0506\20260506154859-b97.42-f6.png,2026-05-06 15:48:59,6.0,55.45185632946475,7.403573518873881,436.72390435953605,97.20858,0.7023061865169778
917,C:\Users\joshy\OneDrive\Documents\Kravitz Lab\freezeData\\0506\20260506154917-b97.20-f8.png,2026-05-06 15:49:17,8.0,55.98441963215066,7.405829336580087,442.06272857081603,96.986792,0.6661337307249008
918,C:\Users\joshy\OneDrive\Documents\Kravitz Lab\freezeData\\0506\20260506154936-b96.87-f10.png,2026-05-06 15:49:36,10.0,56.451103021636555,7.41468337738283,524.416009113344,96.694976,0.6311912665249705
919,C:\Users\joshy\OneDrive\Documents\Kravitz Lab\freezeData\\0506\20260506154954-b97.05-f0.png,2026-05-06 15:49:54,0.0,54.31722117354076,7.391048617343864,502.10464506905606,96.846716,0.6493547901170599
920,C:\Users\joshy\OneDrive\Documents\Kravitz Lab\freezeData\\0506\20260506155014-b97.23-f2.png,2026-05-06 15:50:14,2.0,54.698378724919294,7.397923426966408,519.8691027833439,97.012036,0.6815698465411723
921,C:\Users\joshy\OneDrive\Documents\Kravitz Lab\freezeData\\0506\20260506155034-b97.53-f4.png,2026-05-06 15:50:34,4.0,55.0685690517522,7.399160822689372,431.14009421561593,97.30382,0.7227861145540599
922,C:\Users\joshy\OneDrive\Documents\Kravitz Lab\freezeData\\0506\20260506155054-b97.39-f6.png,2026-05-06 15:50:54,6.0,55.54658523497566,7.4071828447042805,435.259289000176,97.183828,0.7019650257466404
923,C:\Users\joshy\OneDrive\Documents\Kravitz Lab\freezeData\\0506\20260506155113-b97.22-f8.png,2026-05-06 15:51:13,8.0,55.954440431603146,7.406025629933858,439.0680429926241,97.017776,0.665912666131002
924,C:\Users\joshy\OneDrive\Documents\Kravitz Lab\freezeData\\0506\20260506155132-b96.50-f10.png,2026-05-06 15:51:32,10.0,56.54255791808376,7.419541422066081,518.576629456896,96.329988,0.6307629822997094
925,C:\Users\joshy\OneDrive\Documents\Kravitz Lab\freezeData\\0506\20260506155152-b96.96-f0.png,2026-05-06 15:51:52,0.0,54.30793043285093,7.388885641821126,496.78362714622403,96.763932,0.6491021705789132
926,C:\Users\joshy\OneDrive\Documents\Kravitz Lab\freezeData\\0506\20260506155212-b97.39-f2.png,2026-05-06 15:52:12,2.0,54.68634317408558,7.3984906895807505,521.672946580416,97.166512,0.6817431613005689
927,C:\Users\joshy\OneDrive\Documents\Kravitz Lab\freezeData\\0506\20260506155230-b97.59-f4.png,2026-05-06 15:52:30,4.0,55.06383523935019,7.400906583281646,435.14714307159994,97.363264,0.7228402968339043
928,C:\Users\joshy\OneDrive\Documents\Kravitz Lab\freezeData\\0506\20260506155249-b97.37-f6.png,2026-05-06 15:52:49,6.0,55.471934221849665,7.4044721961584745,436.39465967359996,97.168528,0.7028616635870635
929,C:\Users\joshy\OneDrive\Documents\Kravitz Lab\freezeData\\0506\20260506155308-b97.34-f8.png,2026-05-06 15:53:08,8.0,55.951146751380314,7.408156492228251,466.5319865944161,97.160752,0.6666186570940885
930,C:\Users\joshy\OneDrive\Documents\Kravitz Lab\freezeData\\0506\20260506155328-b96.96-f10.png,2026-05-06 15:53:28,10.0,56.474832018020344,7.417318839832589,529.2568529904,96.795128,0.6311779151419031
931,C:\Users\joshy\OneDrive\Documents\Kravitz Lab\freezeData\\0506\20260506155346-b96.76-f0.png,2026-05-06 15:53:46,0.0,54.35972943423997,7.389299011278368,511.16867136,96.571832,0.6499819522591704
932,C:\Users\joshy\OneDrive\Documents\Kravitz Lab\freezeData\\0506\20260506155405-b97.45-f2.png,2026-05-06 15:54:05,2.0,54.73378140893976,7.402497193208283,539.531380227056,97.23528,0.6808379980582727
933,C:\Users\joshy\OneDrive\Documents\Kravitz Lab\freezeData\\0506\20260506155424-b97.58-f4.png,2026-05-06 15:54:24,4.0,55.105104570267315,7.4015158036163236,428.223621051504,97.344352,0.7225590209003814
934,C:\Users\joshy\OneDrive\Documents\Kravitz Lab\freezeData\\0506\20260506155443-b97.29-f6.png,2026-05-06 15:54:43,6.0,55.57278035698829,7.408852036078548,432.37859220529606,97.084044,0.7025693864435082
935,C:\Users\joshy\OneDrive\Documents\Kravitz Lab\freezeData\\0506\20260506155503-b97.17-f8.png,2026-05-06 15:55:03,8.0,56.113577920236885,7.415182123467242,466.638996664944,96.981752,0.6659535057619473
936,C:\Users\joshy\OneDrive\Documents\Kravitz Lab\freezeData\\0506\20260506155541-b97.07-f0.png,2026-05-06 15:55:41,0.0,54.346742626903996,7.392484463524466,496.989210645104,96.871416,0.6496045257430973
937,C:\Users\joshy\OneDrive\Documents\Kravitz Lab\freezeData\\0506\20260506155522-b97.04-f10.png,2026-05-06 15:55:22,10.0,56.35007393321659,7.411196589220935,527.703973060096,96.855032,0.6314257436781028
938,C:\Users\joshy\OneDrive\Documents\Kravitz Lab\freezeData\\0506\20260506155600-b97.33-f2.png,2026-05-06 15:56:00,2.0,54.69455135387436,7.399267120329451,541.9921244924,97.12272,0.6815657139948531
939,C:\Users\joshy\OneDrive\Documents\Kravitz Lab\freezeData\\0506\20260506155621-b97.60-f4.png,2026-05-06 15:56:21,4.0,55.10769144246578,7.402652958229478,422.76730347360007,97.367728,0.7229691689415237
940,C:\Users\joshy\OneDrive\Documents\Kravitz Lab\freezeData\\0506\20260506155641-b97.29-f6.png,2026-05-06 15:56:41,6.0,55.56240151793455,7.405888322920704,425.191932344256,97.083268,0.7027817980578404
941,C:\Users\joshy\OneDrive\Documents\Kravitz Lab\freezeData\\0506\20260506155702-b97.05-f8.png,2026-05-06 15:57:02,8.0,56.11424095288525,7.413543744938902,456.872592696256,96.856744,0.6658836056733116
942,C:\Users\joshy\OneDrive\Documents\Kravitz Lab\freezeData\\0506\20260506155721-b96.93-f10.png,2026-05-06 15:57:21,10.0,56.35084191277018,7.411095707329378,502.518518950256,96.742272,0.6307680884373514
943,C:\Users\joshy\OneDrive\Documents\Kravitz Lab\freezeData\\0506\20260506155741-b97.09-f0.png,2026-05-06 15:57:41,0.0,54.35828636916937,7.394538325481134,491.89062936262394,96.879124,0.6492194232084348
944,C:\Users\joshy\OneDrive\Documents\Kravitz Lab\freezeData\\0506\20260506155800-b97.45-f2.png,2026-05-06 15:58:00,2.0,54.74369972643062,7.404279957934937,543.4043378496001,97.24432,0.6814173228103078
945,C:\Users\joshy\OneDrive\Documents\Kravitz Lab\freezeData\\0506\20260506155820-b97.33-f4.png,2026-05-06 15:58:20,4.0,55.121009105654075,7.402019545723273,437.40052940537595,97.10912,0.7230285981757887
946,C:\Users\joshy\OneDrive\Documents\Kravitz Lab\freezeData\\0506\20260506155838-b97.39-f6.png,2026-05-06 15:58:38,6.0,55.4859235169009,7.405307549762397,443.0006493756,97.202068,0.7024165865284965
947,C:\Users\joshy\OneDrive\Documents\Kravitz Lab\freezeData\\0506\20260506155857-b97.17-f8.png,2026-05-06 15:58:57,8.0,55.95328376788851,7.406606027325609,462.9291876095999,96.972512,0.6659228144490329
948,C:\Users\joshy\OneDrive\Documents\Kravitz Lab\freezeData\\0506\20260506155919-b96.69-f10.png,2026-05-06 15:59:19,10.0,56.46534568119189,7.416206466036431,520.604579497216,96.510252,0.631391850458101
949,C:\Users\joshy\OneDrive\Documents\Kravitz Lab\freezeData\\0506\20260506155939-b97.11-f0.png,2026-05-06 15:59:39,0.0,54.3367709316674,7.392303567464411,511.12257053105606,96.914252,0.6496346029903856
950,C:\Users\joshy\OneDrive\Documents\Kravitz Lab\freezeData\\0506\20260506155957-b97.18-f2.png,2026-05-06 15:59:57,2.0,54.7507147759875,7.401063504449857,529.944852666736,96.952592,0.6816100162055123
951,C:\Users\joshy\OneDrive\Documents\Kravitz Lab\freezeData\\0506\20260506160017-b97.55-f4.png,2026-05-06 16:00:17,4.0,55.06589794490757,7.401382167513014,410.669455888896,97.319968,0.7228854030175479
952,C:\Users\joshy\OneDrive\Documents\Kravitz Lab\freezeData\\0506\20260506160036-b97.36-f6.png,2026-05-06 16:00:36,6.0,55.45509426722504,7.403727798125479,435.927101713856,97.167928,0.7026875183770283
953,C:\Users\joshy\OneDrive\Documents\Kravitz Lab\freezeData\\0506\20260506160056-b97.15-f8.png,2026-05-06 16:00:56,8.0,55.95661307317647,7.40581697495502,467.774834661104,96.978896,0.6657094544196852
954,C:\Users\joshy\OneDrive\Documents\Kravitz Lab\freezeData\\0506\20260506160114-b96.74-f10.png,2026-05-06 16:01:14,10.0,56.33713549333356,7.411499373351943,491.741500215296,96.549924,0.6313991109961252
955,C:\Users\joshy\OneDrive\Documents\Kravitz Lab\freezeData\\0506\20260506160133-b97.18-f0.png,2026-05-06 16:01:33,0.0,54.37335832641438,7.392791143529576,494.673238215104,96.977812,0.6489851864417111
956,C:\Users\joshy\OneDrive\Documents\Kravitz Lab\freezeData\\0506\20260506160152-b97.36-f2.png,2026-05-06 16:01:52,2.0,54.74351582728986,7.400439492021011,525.184254561776,97.139208,0.680801461084222
957,C:\Users\joshy\OneDrive\Documents\Kravitz Lab\freezeData\\0506\20260506160212-b97.62-f4.png,2026-05-06 16:02:12,4.0,55.08954276294549,7.40318484207404,418.86095931710395,97.39264,0.7231163415888117
958,C:\Users\joshy\OneDrive\Documents\Kravitz Lab\freezeData\\0506\20260506160229-b97.32-f6.png,2026-05-06 16:02:29,6.0,55.49751569149971,7.405822946442569,435.5082443136,97.114088,0.7019411330571146
959,C:\Users\joshy\OneDrive\Documents\Kravitz Lab\freezeData\\0506\20260506160248-b96.93-f8.png,2026-05-06 16:02:48,8.0,56.02193404367814,7.408100156057079,459.700560127744,96.750076,0.6669368399175212
960,C:\Users\joshy\OneDrive\Documents\Kravitz Lab\freezeData\\0506\20260506160307-b96.99-f10.png,2026-05-06 16:03:07,10.0,56.381102815124144,7.413070239318006,510.68784164734393,96.82752,0.6311542262314996
961,C:\Users\joshy\OneDrive\Documents\Kravitz Lab\freezeData\\0506\20260506160327-b96.95-f0.png,2026-05-06 16:03:27,0.0,54.33603982113367,7.390643372968631,492.25597947582395,96.759724,0.6496131313774985
962,C:\Users\joshy\OneDrive\Documents\Kravitz Lab\freezeData\\0506\20260506160346-b97.59-f2.png,2026-05-06 16:03:46,2.0,54.76640646739262,7.404723038820283,536.7873905617761,97.377156,0.6812940347835509
963,C:\Users\joshy\OneDrive\Documents\Kravitz Lab\freezeData\\0506\20260506160425-b97.19-f6.png,2026-05-06 16:04:25,6.0,55.56717858894057,7.4060268599067145,435.248821856704,96.994028,0.7018541214875001
964,C:\Users\joshy\OneDrive\Documents\Kravitz Lab\freezeData\\0506\20260506160405-b97.56-f4.png,2026-05-06 16:04:05,4.0,55.148919733280145,7.402775355805209,434.15134088177604,97.334168,0.7225384794992665
965,C:\Users\joshy\OneDrive\Documents\Kravitz Lab\freezeData\\0506\20260506160444-b97.13-f8.png,2026-05-06 16:04:44,8.0,56.02261828936152,7.409233700595871,454.683709129664,96.949364,0.6658572528746858
966,C:\Users\joshy\OneDrive\Documents\Kravitz Lab\freezeData\\0506\20260506160503-b97.09-f10.png,2026-05-06 16:05:03,10.0,56.301102052357734,7.412356413341704,518.374982803184,96.9313,0.6313391468249756
967,C:\Users\joshy\OneDrive\Documents\Kravitz Lab\freezeData\\0506\20260506160523-b97.07-f0.png,2026-05-06 16:05:23,0.0,54.35527064307196,7.393338128415266,505.60049831000003,96.87072,0.6491660517836401
968,C:\Users\joshy\OneDrive\Documents\Kravitz Lab\freezeData\\0506\20260506160543-b97.23-f2.png,2026-05-06 16:05:43,2.0,54.71898013470119,7.399232754666959,531.073678220784,97.008776,0.681928467445761
969,C:\Users\joshy\OneDrive\Documents\Kravitz Lab\freezeData\\0506\20260506160600-b97.59-f4.png,2026-05-06 16:06:00,4.0,55.0789259348581,7.402346398140177,433.1810696697441,97.372196,0.7231024852669076
970,C:\Users\joshy\OneDrive\Documents\Kravitz Lab\freezeData\\0506\20260506160619-b97.27-f6.png,2026-05-06 16:06:19,6.0,55.55466356807486,7.40489368994307,425.00944160369596,97.051496,0.7024588560453613
971,C:\Users\joshy\OneDrive\Documents\Kravitz Lab\freezeData\\0506\20260506160638-b97.15-f8.png,2026-05-06 16:06:38,8.0,55.99616767412555,7.409832927474744,464.3857869265761,96.981404,0.6661516138905911
972,C:\Users\joshy\OneDrive\Documents\Kravitz Lab\freezeData\\0506\20260506160657-b96.97-f10.png,2026-05-06 16:06:57,10.0,56.38764805868391,7.4118014276015645,511.473682544576,96.7871,0.6313720138918024
973,C:\Users\joshy\OneDrive\Documents\Kravitz Lab\freezeData\\0506\20260506160717-b96.99-f0.png,2026-05-06 16:07:17,0.0,54.356073937462554,7.392333791070764,481.712731232624,96.795652,0.6488273455065752
974,C:\Users\joshy\OneDrive\Documents\Kravitz Lab\freezeData\\0506\20260506160737-b97.41-f2.png,2026-05-06 16:07:37,2.0,54.73923722215442,7.401830961316591,520.6452602716,97.191448,0.6808461236584012
975,C:\Users\joshy\OneDrive\Documents\Kravitz Lab\freezeData\\0506\20260506160755-b97.49-f4.png,2026-05-06 16:07:55,4.0,55.14944771304083,7.405857712006724,428.0305551196,97.264524,0.7222677000059664
976,C:\Users\joshy\OneDrive\Documents\Kravitz Lab\freezeData\\0506\20260506160815-b97.65-f6.png,2026-05-06 16:08:15,6.0,55.5242299031389,7.405561926979907,426.86801323110404,97.448876,0.7021895979928392
977,C:\Users\joshy\OneDrive\Documents\Kravitz Lab\freezeData\\0506\20260506160834-b97.23-f8.png,2026-05-06 16:08:34,8.0,55.99087186627249,7.407636206228958,460.6332566047841,97.030784,0.6660653302946393
978,C:\Users\joshy\OneDrive\Documents\Kravitz Lab\freezeData\\0506\20260506160853-b97.02-f10.png,2026-05-06 16:08:53,10.0,56.433136566244336,7.413737081599729,527.1842760012161,96.850704,0.6312255558667645
979,C:\Users\joshy\OneDrive\Documents\Kravitz Lab\freezeData\\0506\20260506160913-b97.03-f0.png,2026-05-06 16:09:13,0.0,54.291502190871675,7.387409635205562,497.02725427865596,96.841476,0.6495385358432653
980,C:\Users\joshy\OneDrive\Documents\Kravitz Lab\freezeData\\0506\20260506160931-b97.38-f2.png,2026-05-06 16:09:31,2.0,54.70699742996188,7.397437237783609,525.380298201536,97.164512,0.6811501367787879
981,C:\Users\joshy\OneDrive\Documents\Kravitz Lab\freezeData\\0506\20260506160950-b97.49-f4.png,2026-05-06 16:09:50,4.0,55.10906706173408,7.403525757303817,436.655052881776,97.272036,0.7229511352677741
982,C:\Users\joshy\OneDrive\Documents\Kravitz Lab\freezeData\\0506\20260506161010-b97.38-f6.png,2026-05-06 16:10:10,6.0,55.52006281089185,7.40426921297751,411.04026633073596,97.167432,0.7024143720441108
983,C:\Users\joshy\OneDrive\Documents\Kravitz Lab\freezeData\\0506\20260506161030-b97.30-f8.png,2026-05-06 16:10:30,8.0,56.07068474061233,7.409575425358799,452.963987124336,97.110692,0.6658862131708039
984,C:\Users\joshy\OneDrive\Documents\Kravitz Lab\freezeData\\0506\20260506161048-b97.04-f10.png,2026-05-06 16:10:48,10.0,56.37389640045698,7.4108016786065045,506.1007912428639,96.855388,0.6319932938390174
985,C:\Users\joshy\OneDrive\Documents\Kravitz Lab\freezeData\\0506\20260506161108-b97.00-f0.png,2026-05-06 16:11:08,0.0,54.3359211625681,7.392494998770997,487.726746754544,96.797428,0.6486601943857047
986,C:\Users\joshy\OneDrive\Documents\Kravitz Lab\freezeData\\0506\20260506161128-b97.27-f2.png,2026-05-06 16:11:28,2.0,54.73451851368253,7.400594424885837,512.5055931983361,97.040188,0.6808589765281263
987,C:\Users\joshy\OneDrive\Documents\Kravitz Lab\freezeData\\0506\20260506161148-b97.63-f4.png,2026-05-06 16:11:48,4.0,55.094908605061356,7.40028898367377,410.535972881776,97.391456,0.7228469442148472
988,C:\Users\joshy\OneDrive\Documents\Kravitz Lab\freezeData\\0506\20260506161207-b97.41-f6.png,2026-05-06 16:12:07,6.0,55.4532619640005,7.402786216457606,413.079041797744,97.212456,0.7022573412174822
989,C:\Users\joshy\OneDrive\Documents\Kravitz Lab\freezeData\\0506\20260506161227-b97.20-f8.png,2026-05-06 16:12:27,8.0,56.06588366659083,7.411771887290967,440.415293952496,97.004548,0.6654488460140888
990,C:\Users\joshy\OneDrive\Documents\Kravitz Lab\freezeData\\0506\20260506161245-b96.75-f10.png,2026-05-06 16:12:45,10.0,56.439866285584486,7.415355959128105,512.412132146544,96.567688,0.6315275745513922
991,C:\Users\joshy\OneDrive\Documents\Kravitz Lab\freezeData\\0506\20260506161305-b97.00-f0.png,2026-05-06 16:13:05,0.0,54.36320549617891,7.3927642493494234,498.46760266366397,96.807168,0.6491597046018458
992,C:\Users\joshy\OneDrive\Documents\Kravitz Lab\freezeData\\0506\20260506161324-b97.26-f2.png,2026-05-06 16:13:24,2.0,54.70176956102228,7.399651484225699,518.8682943736161,97.041604,0.6811405680997791
993,C:\Users\joshy\OneDrive\Documents\Kravitz Lab\freezeData\\0506\20260506161342-b97.57-f4.png,2026-05-06 16:13:42,4.0,55.144222647267924,7.402833255487012,419.251902297456,97.340888,0.7233246506401697
994,C:\Users\joshy\OneDrive\Documents\Kravitz Lab\freezeData\\0506\20260506161401-b97.31-f6.png,2026-05-06 16:14:01,6.0,55.482774118239625,7.402855483123994,408.97913301401593,97.10038,0.7018522616020758
995,C:\Users\joshy\OneDrive\Documents\Kravitz Lab\freezeData\\0506\20260506161420-b97.13-f8.png,2026-05-06 16:14:20,8.0,55.971619323318635,7.407503523723025,449.41590821529604,96.940752,0.665687173452233
996,C:\Users\joshy\OneDrive\Documents\Kravitz Lab\freezeData\\0506\20260506161439-b96.74-f10.png,2026-05-06 16:14:39,10.0,56.38975173268902,7.413639929472717,512.898044920576,96.552264,0.6309624640355842
997,C:\Users\joshy\OneDrive\Documents\Kravitz Lab\freezeData\\0506\20260506161458-b97.08-f0.png,2026-05-06 16:14:58,0.0,54.35218654193717,7.394772309616455,497.562505891696,96.890592,0.6489590830469274
998,C:\Users\joshy\OneDrive\Documents\Kravitz Lab\freezeData\\0506\20260506161518-b97.25-f2.png,2026-05-06 16:15:18,2.0,54.7422436880331,7.400705957340295,513.4605233343999,97.018,0.6809360851419732
999,C:\Users\joshy\OneDrive\Documents\Kravitz Lab\freezeData\\0506\20260506161537-b97.56-f4.png,2026-05-06 16:15:37,4.0,55.0611538824062,7.4014581115775755,413.108132579824,97.331272,0.7225896348099557
1000,C:\Users\joshy\OneDrive\Documents\Kravitz Lab\freezeData\\0506\20260506161557-b97.37-f6.png,2026-05-06 16:15:57,6.0,55.514448043686215,7.4055093447092775,416.78354028281603,97.152192,0.7024917109424149
1001,C:\Users\joshy\OneDrive\Documents\Kravitz Lab\freezeData\\0506\20260506161615-b97.21-f8.png,2026-05-06 16:16:15,8.0,55.98858512566418,7.410050991335691,442.489978172416,97.019484,0.6657249477277127
1002,C:\Users\joshy\OneDrive\Documents\Kravitz Lab\freezeData\\0506\20260506161634-b96.65-f10.png,2026-05-06 16:16:34,10.0,56.460184384410226,7.414838690007342,508.82010446360005,96.47028,0.631008249544488
1003,C:\Users\joshy\OneDrive\Documents\Kravitz Lab\freezeData\\0506\20260506161653-b96.87-f0.png,2026-05-06 16:16:53,0.0,54.410762692858334,7.396276858906064,490.200002910064,96.675884,0.6493946913964022
1004,C:\Users\joshy\OneDrive\Documents\Kravitz Lab\freezeData\\0506\20260506161713-b97.20-f2.png,2026-05-06 16:17:13,2.0,54.72562145790215,7.402864331333364,502.274621588976,96.98092,0.6809702155390945
1005,C:\Users\joshy\OneDrive\Documents\Kravitz Lab\freezeData\\0506\20260506161733-b97.53-f4.png,2026-05-06 16:17:33,4.0,55.10071996438522,7.402420101582426,412.6184299484,97.28492,0.7228751966513135
1006,C:\Users\joshy\OneDrive\Documents\Kravitz Lab\freezeData\\0506\20260506161752-b97.38-f6.png,2026-05-06 16:17:52,6.0,55.46892664329376,7.402930874199521,416.84165585470396,97.174336,0.702074822506396
1007,C:\Users\joshy\OneDrive\Documents\Kravitz Lab\freezeData\\0506\20260506161812-b97.20-f8.png,2026-05-06 16:18:12,8.0,56.042324507096026,7.409545131057314,442.4368323184001,96.993688,0.6658326953409528
1008,C:\Users\joshy\OneDrive\Documents\Kravitz Lab\freezeData\\0506\20260506161832-b96.94-f10.png,2026-05-06 16:18:32,10.0,56.34173312048894,7.408374342756549,515.1977410600961,96.76786,0.6314641127148223
1009,C:\Users\joshy\OneDrive\Documents\Kravitz Lab\freezeData\\0506\20260506161851-b97.05-f0.png,2026-05-06 16:18:51,0.0,54.36480281748418,7.394346634837497,487.57763360369603,96.851008,0.6490067739631676
1010,C:\Users\joshy\OneDrive\Documents\Kravitz Lab\freezeData\\0506\20260506161910-b97.45-f2.png,2026-05-06 16:19:10,2.0,54.68819269376102,7.3986586987304905,513.8767955056001,97.227508,0.6814310268919315
1011,C:\Users\joshy\OneDrive\Documents\Kravitz Lab\freezeData\\0506\20260506161930-b97.62-f4.png,2026-05-06 16:19:30,4.0,55.05815852482333,7.400291901947251,425.21876860160006,97.395368,0.7235659793806865
1012,C:\Users\joshy\OneDrive\Documents\Kravitz Lab\freezeData\\0506\20260506161949-b97.33-f6.png,2026-05-06 16:19:49,6.0,55.530871024916436,7.4057088352154254,426.756869785856,97.117436,0.7028004810675785
1013,C:\Users\joshy\OneDrive\Documents\Kravitz Lab\freezeData\\0506\20260506162008-b97.16-f8.png,2026-05-06 16:20:08,8.0,56.06391111910706,7.410617067848181,468.01938282726394,96.986808,0.6660422151835622
1014,C:\Users\joshy\OneDrive\Documents\Kravitz Lab\freezeData\\0506\20260506162028-b96.87-f10.png,2026-05-06 16:20:28,10.0,56.443923560401075,7.4142227944552,527.120499133376,96.70226,0.6310924312351366
1015,C:\Users\joshy\OneDrive\Documents\Kravitz Lab\freezeData\\0506\20260506162048-b97.15-f0.png,2026-05-06 16:20:48,0.0,54.31620652563667,7.390187495746505,506.59049278873607,96.983128,0.6499280976732489
1016,C:\Users\joshy\OneDrive\Documents\Kravitz Lab\freezeData\\0506\20260506162126-b97.61-f4.png,2026-05-06 16:21:26,4.0,55.15524679458679,7.40397963098938,422.391308448496,97.375168,0.7227664517390767
1017,C:\Users\joshy\OneDrive\Documents\Kravitz Lab\freezeData\\0506\20260506162106-b97.31-f2.png,2026-05-06 16:21:06,2.0,54.7232113344762,7.400089271476753,525.3491144304,97.093516,0.6810583378192641
1018,C:\Users\joshy\OneDrive\Documents\Kravitz Lab\freezeData\\0506\20260506162145-b97.52-f6.png,2026-05-06 16:21:45,6.0,55.50018773480767,7.404588403299767,422.54238166521594,97.305348,0.7020490001090085
1019,C:\Users\joshy\OneDrive\Documents\Kravitz Lab\freezeData\\0506\20260506162204-b97.16-f8.png,2026-05-06 16:22:04,8.0,56.08487411170124,7.409973568854905,457.451282633664,96.982568,0.6659175557103821
1020,C:\Users\joshy\OneDrive\Documents\Kravitz Lab\freezeData\\0506\20260506162222-b96.96-f10.png,2026-05-06 16:22:22,10.0,56.418715281061694,7.414507744823458,517.226064496896,96.771864,0.6315470978609162
1021,C:\Users\joshy\OneDrive\Documents\Kravitz Lab\freezeData\\0506\20260506162242-b97.10-f0.png,2026-05-06 16:22:42,0.0,54.37790415365947,7.394443140896971,505.70494491646394,96.895368,0.6496790062334997
1022,C:\Users\joshy\OneDrive\Documents\Kravitz Lab\freezeData\\0506\20260506162259-b97.29-f2.png,2026-05-06 16:22:59,2.0,54.75713375538511,7.401213717599184,538.348654220784,97.074692,0.681297552750809
1023,C:\Users\joshy\OneDrive\Documents\Kravitz Lab\freezeData\\0506\20260506162318-b97.29-f4.png,2026-05-06 16:23:18,4.0,55.1717675619545,7.403429068765936,422.57588550769606,97.045608,0.7233205477521506
1024,C:\Users\joshy\OneDrive\Documents\Kravitz Lab\freezeData\\0506\20260506162338-b97.34-f6.png,2026-05-06 16:23:38,6.0,55.53059793163103,7.405095360943228,437.46163725766394,97.142244,0.7026717196728653
1025,C:\Users\joshy\OneDrive\Documents\Kravitz Lab\freezeData\\0506\20260506162358-b97.21-f8.png,2026-05-06 16:23:58,8.0,55.98161945724171,7.407255958733781,465.9521312555361,97.021976,0.6662005574533677
1026,C:\Users\joshy\OneDrive\Documents\Kravitz Lab\freezeData\\0506\20260506162416-b96.57-f10.png,2026-05-06 16:24:16,10.0,56.49873609078787,7.417666878073584,507.70095909681606,96.395252,0.6313692878928918
1027,C:\Users\joshy\OneDrive\Documents\Kravitz Lab\freezeData\\0506\20260506162456-b97.31-f2.png,2026-05-06 16:24:56,2.0,54.706767368794736,7.3994061747777025,534.844794728384,97.102976,0.6813725902827931
1028,C:\Users\joshy\OneDrive\Documents\Kravitz Lab\freezeData\\0506\20260506162436-b96.74-f0.png,2026-05-06 16:24:36,0.0,54.338719630451955,7.388600573408704,507.47267815039993,96.535056,0.6492989222763285
1029,C:\Users\joshy\OneDrive\Documents\Kravitz Lab\freezeData\\0506\20260506162515-b97.49-f4.png,2026-05-06 16:25:15,4.0,55.1396880787382,7.405236202187086,423.89560980985607,97.274384,0.7229663251978765
1030,C:\Users\joshy\OneDrive\Documents\Kravitz Lab\freezeData\\0506\20260506162533-b97.30-f6.png,2026-05-06 16:25:33,6.0,55.57351615376388,7.407567084871436,435.87588601753606,97.102812,0.7026123459420471
1031,C:\Users\joshy\OneDrive\Documents\Kravitz Lab\freezeData\\0506\20260506162553-b97.26-f8.png,2026-05-06 16:25:53,8.0,55.987603929352076,7.40847021916224,465.524281802176,97.0785,0.6657037430853215
1032,C:\Users\joshy\OneDrive\Documents\Kravitz Lab\freezeData\\0506\20260506162612-b96.89-f10.png,2026-05-06 16:26:12,10.0,56.321069512217186,7.408468359119444,505.819540001216,96.709,0.6317968838315438
1033,C:\Users\joshy\OneDrive\Documents\Kravitz Lab\freezeData\\0506\20260506162631-b97.02-f0.png,2026-05-06 16:26:31,0.0,54.37616565515078,7.393049080949867,495.20671302782404,96.82794,0.6488966838680673
1034,C:\Users\joshy\OneDrive\Documents\Kravitz Lab\freezeData\\0506\20260506162651-b97.19-f2.png,2026-05-06 16:26:51,2.0,54.72581430977888,7.401258179751158,519.1881151247361,96.97354,0.6814138665343056
1035,C:\Users\joshy\OneDrive\Documents\Kravitz Lab\freezeData\\0506\20260506162710-b97.61-f4.png,2026-05-06 16:27:10,4.0,55.106234778983186,7.403548305576723,412.9165277564,97.378672,0.7233397234372201
1036,C:\Users\joshy\OneDrive\Documents\Kravitz Lab\freezeData\\0506\20260506162729-b97.62-f6.png,2026-05-06 16:27:29,6.0,55.45963634592639,7.403111945562627,428.041977000176,97.41576,0.7024115397448074
1037,C:\Users\joshy\OneDrive\Documents\Kravitz Lab\freezeData\\0506\20260506162748-b97.17-f8.png,2026-05-06 16:27:48,8.0,55.940609741586336,7.404371736438264,454.01722916209604,96.985244,0.6666636359117395
1038,C:\Users\joshy\OneDrive\Documents\Kravitz Lab\freezeData\\0506\20260506162808-b96.73-f10.png,2026-05-06 16:28:08,10.0,56.33810823177633,7.408386839748535,530.9940648856159,96.561716,0.6316169655842208
1039,C:\Users\joshy\OneDrive\Documents\Kravitz Lab\freezeData\\0506\20260506162826-b96.82-f0.png,2026-05-06 16:28:26,0.0,54.31471075592998,7.389073007965708,511.919100930496,96.631892,0.6494391952679689
1040,C:\Users\joshy\OneDrive\Documents\Kravitz Lab\freezeData\\0506\20260506162844-b97.25-f2.png,2026-05-06 16:28:44,2.0,54.72843963188777,7.3972002762464415,532.424251437504,97.031104,0.6815717150601818
1041,C:\Users\joshy\OneDrive\Documents\Kravitz Lab\freezeData\\0506\20260506162903-b97.52-f4.png,2026-05-06 16:29:03,4.0,55.083352230463824,7.402158856622036,434.068428448496,97.294216,0.7234111093024467
1042,C:\Users\joshy\OneDrive\Documents\Kravitz Lab\freezeData\\0506\20260506162923-b97.19-f6.png,2026-05-06 16:29:23,6.0,55.531211366316725,7.404609392149758,435.46274500017597,96.981884,0.7022910550910781
1043,C:\Users\joshy\OneDrive\Documents\Kravitz Lab\freezeData\\0506\20260506162942-b97.26-f8.png,2026-05-06 16:29:42,8.0,55.95592241611606,7.40616757036638,461.8552187504,97.06796,0.666898155969094
1044,C:\Users\joshy\OneDrive\Documents\Kravitz Lab\freezeData\\0506\20260506163002-b96.98-f10.png,2026-05-06 16:30:02,10.0,56.40811037257319,7.413166586387589,521.098604144064,96.80634,0.631570972269852
1045,C:\Users\joshy\OneDrive\Documents\Kravitz Lab\freezeData\\0506\20260506163022-b97.07-f0.png,2026-05-06 16:30:22,0.0,54.362519512025415,7.393205466242932,504.92952142718406,96.893284,0.6491481709774418
1046,C:\Users\joshy\OneDrive\Documents\Kravitz Lab\freezeData\\0506\20260506163042-b97.20-f2.png,2026-05-06 16:30:42,2.0,54.73985724745362,7.403644238012226,532.681093789936,96.98278,0.681540189539585
1047,C:\Users\joshy\OneDrive\Documents\Kravitz Lab\freezeData\\0506\20260506163102-b97.56-f4.png,2026-05-06 16:31:02,4.0,55.04694487087094,7.39985787974439,420.664428360304,97.331464,0.7228514275176361
1048,C:\Users\joshy\OneDrive\Documents\Kravitz Lab\freezeData\\0506\20260506163121-b97.21-f6.png,2026-05-06 16:31:21,6.0,55.52909396615493,7.40475417611065,409.2128895036,96.992044,0.7019244441117892
1049,C:\Users\joshy\OneDrive\Documents\Kravitz Lab\freezeData\\0506\20260506163139-b97.11-f8.png,2026-05-06 16:31:39,8.0,56.03823422790565,7.410586436495456,453.0372123500639,96.920372,0.6660461375045084
1050,C:\Users\joshy\OneDrive\Documents\Kravitz Lab\freezeData\\0506\20260506163159-b96.87-f10.png,2026-05-06 16:31:59,10.0,56.395033395943656,7.413706321916512,514.0220580563039,96.70052,0.6308622383936414
1051,C:\Users\joshy\OneDrive\Documents\Kravitz Lab\freezeData\\0506\20260506163220-b97.03-f0.png,2026-05-06 16:32:20,0.0,54.34883334456569,7.39428775064052,506.182670106624,96.844932,0.6495300746776749
1052,C:\Users\joshy\OneDrive\Documents\Kravitz Lab\freezeData\\0506\20260506163238-b97.19-f2.png,2026-05-06 16:32:38,2.0,54.7537681234307,7.402560162226462,533.4391801375841,96.975828,0.6818200177752359
1053,C:\Users\joshy\OneDrive\Documents\Kravitz Lab\freezeData\\0506\20260506163301-b97.59-f4.png,2026-05-06 16:33:01,4.0,55.14805529042909,7.404390610109912,419.450318297456,97.351576,0.7231754307288412
1054,C:\Users\joshy\OneDrive\Documents\Kravitz Lab\freezeData\\0506\20260506163320-b97.23-f6.png,2026-05-06 16:33:20,6.0,55.49786204783186,7.406765299873128,432.57038435953604,97.043268,0.7025961306280457
1055,C:\Users\joshy\OneDrive\Documents\Kravitz Lab\freezeData\\0506\20260506163338-b97.34-f8.png,2026-05-06 16:33:38,8.0,55.92936118553832,7.407382463333341,462.7296454076001,97.15924,0.6662513760054629
1056,C:\Users\joshy\OneDrive\Documents\Kravitz Lab\freezeData\\0506\20260506163418-b97.02-f0.png,2026-05-06 16:34:18,0.0,54.378127271544166,7.394141861149035,498.84823226737603,96.832088,0.6491110992964505
1057,C:\Users\joshy\OneDrive\Documents\Kravitz Lab\freezeData\\0506\20260506163358-b96.73-f10.png,2026-05-06 16:33:58,10.0,56.43809565056553,7.412634355198388,529.083791893744,96.562796,0.6313727761392842
1058,C:\Users\joshy\OneDrive\Documents\Kravitz Lab\freezeData\\0506\20260506163436-b97.38-f2.png,2026-05-06 16:34:36,2.0,54.76994675229838,7.403068837683673,537.444995089344,97.16252,0.6815206293132139
1059,C:\Users\joshy\OneDrive\Documents\Kravitz Lab\freezeData\\0506\20260506163455-b97.51-f4.png,2026-05-06 16:34:55,4.0,55.046684786561165,7.3995978948394345,434.0836428016,97.273324,0.7231212429566946
1060,C:\Users\joshy\OneDrive\Documents\Kravitz Lab\freezeData\\0506\20260506163515-b97.23-f6.png,2026-05-06 16:35:15,6.0,55.52931529011551,7.405885209424163,425.171448328944,97.021712,0.7020498726066398
1061,C:\Users\joshy\OneDrive\Documents\Kravitz Lab\freezeData\\0506\20260506163534-b97.11-f8.png,2026-05-06 16:35:34,8.0,55.98203363073678,7.408264863536969,458.427882221056,96.920084,0.6660690590708427
1062,C:\Users\joshy\OneDrive\Documents\Kravitz Lab\freezeData\\0506\20260506163554-b96.60-f10.png,2026-05-06 16:35:54,10.0,56.45311764465803,7.412759794417958,524.1501704704,96.42272,0.6312000641535604
1063,C:\Users\joshy\OneDrive\Documents\Kravitz Lab\freezeData\\0506\20260506163613-b97.00-f0.png,2026-05-06 16:36:13,0.0,54.39280228073696,7.395115409478609,488.18368377286396,96.801284,0.6497978103528718
1064,C:\Users\joshy\OneDrive\Documents\Kravitz Lab\freezeData\\0506\20260506163631-b97.35-f2.png,2026-05-06 16:36:31,2.0,54.719312952817674,7.400582555499262,522.318145568704,97.14654,0.6813416359739697
1065,C:\Users\joshy\OneDrive\Documents\Kravitz Lab\freezeData\\0506\20260506163651-b97.43-f4.png,2026-05-06 16:36:51,4.0,55.15444935587699,7.403461423975283,421.75657305150406,97.1915,0.7230543543408949
1066,C:\Users\joshy\OneDrive\Documents\Kravitz Lab\freezeData\\0506\20260506163710-b97.35-f6.png,2026-05-06 16:37:10,6.0,55.45498313325863,7.402008506317451,413.9109333104001,97.1363,0.7022524731078499
1067,C:\Users\joshy\OneDrive\Documents\Kravitz Lab\freezeData\\0506\20260506163748-b96.80-f10.png,2026-05-06 16:37:48,10.0,56.44216106622014,7.415455089078814,516.358540780544,96.619692,0.6310123806391261
1068,C:\Users\joshy\OneDrive\Documents\Kravitz Lab\freezeData\\0506\20260506163729-b97.19-f8.png,2026-05-06 16:37:29,8.0,56.05618341718515,7.410804938104172,455.960264,96.999164,0.6662459429272818
1069,C:\Users\joshy\OneDrive\Documents\Kravitz Lab\freezeData\\0506\20260506163809-b97.06-f0.png,2026-05-06 16:38:09,0.0,54.35757181262886,7.394096117805987,508.378006297456,96.886164,0.6500157449942137
1070,C:\Users\joshy\OneDrive\Documents\Kravitz Lab\freezeData\\0506\20260506163827-b97.20-f2.png,2026-05-06 16:38:27,2.0,54.75428803398674,7.402958826490298,521.3509699287039,96.991404,0.681860562871452
1071,C:\Users\joshy\OneDrive\Documents\Kravitz Lab\freezeData\\0506\20260506163847-b97.48-f4.png,2026-05-06 16:38:47,4.0,55.10045205205068,7.402238744389816,422.9117051627359,97.246892,0.7229061606675858
1072,C:\Users\joshy\OneDrive\Documents\Kravitz Lab\freezeData\\0506\20260506163906-b97.56-f6.png,2026-05-06 16:39:06,6.0,55.53183184927521,7.405955810490129,439.40160458489595,97.372268,0.7021372838102098
1073,C:\Users\joshy\OneDrive\Documents\Kravitz Lab\freezeData\\0506\20260506163924-b97.03-f8.png,2026-05-06 16:39:24,8.0,56.060753328868635,7.4105006157115145,461.62836259441605,96.842088,0.6655291579645118
1074,C:\Users\joshy\OneDrive\Documents\Kravitz Lab\freezeData\\0506\20260506163943-b96.73-f10.png,2026-05-06 16:39:43,10.0,56.424864523744,7.413186535554113,522.729931060224,96.564556,0.6317162801293125
1075,C:\Users\joshy\OneDrive\Documents\Kravitz Lab\freezeData\\0506\20260506164024-b97.27-f2.png,2026-05-06 16:40:24,2.0,54.749087246204056,7.398779171775193,525.6686379483999,97.053756,0.6811305386633091
1076,C:\Users\joshy\OneDrive\Documents\Kravitz Lab\freezeData\\0506\20260506164003-b97.08-f0.png,2026-05-06 16:40:03,0.0,54.39989511108947,7.395267574709798,505.027210910464,96.878592,0.6488189108854481
1077,C:\Users\joshy\OneDrive\Documents\Kravitz Lab\freezeData\\0506\20260506164043-b97.53-f4.png,2026-05-06 16:40:43,4.0,55.16522825982599,7.403294411273927,425.962482654656,97.304964,0.7233263698893548
1078,C:\Users\joshy\OneDrive\Documents\Kravitz Lab\freezeData\\0506\20260506164102-b97.32-f6.png,2026-05-06 16:41:02,6.0,55.48032460533793,7.4023002278667995,418.4710878547039,97.113656,0.7021684976311677
1079,C:\Users\joshy\OneDrive\Documents\Kravitz Lab\freezeData\\0506\20260506164122-b97.02-f8.png,2026-05-06 16:41:22,8.0,56.150333891944896,7.415204712147022,444.858262131824,96.825152,0.6649999722109206
1080,C:\Users\joshy\OneDrive\Documents\Kravitz Lab\freezeData\\0506\20260506164142-b96.87-f10.png,2026-05-06 16:41:42,10.0,56.38636719619024,7.410878393820016,505.10150922801597,96.68858,0.6310485203406115
1081,C:\Users\joshy\OneDrive\Documents\Kravitz Lab\freezeData\\0506\20260506164202-b97.00-f0.png,2026-05-06 16:42:02,0.0,54.32475839757354,7.3919409306582375,498.552081156544,96.815292,0.6491116621152652
1082,C:\Users\joshy\OneDrive\Documents\Kravitz Lab\freezeData\\0506\20260506164223-b97.26-f2.png,2026-05-06 16:42:23,2.0,54.792455517148134,7.403548935375274,529.554649769984,97.053688,0.6809951230146902
1083,C:\Users\joshy\OneDrive\Documents\Kravitz Lab\freezeData\\0506\20260506164242-b97.55-f4.png,2026-05-06 16:42:42,4.0,55.03587280611496,7.400360726802877,425.246669908976,97.319444,0.7229640179160565
1084,C:\Users\joshy\OneDrive\Documents\Kravitz Lab\freezeData\\0506\20260506164301-b97.35-f6.png,2026-05-06 16:43:01,6.0,55.49791823834476,7.401151407486304,418.666236702144,97.1439,0.7019838249131507
1085,C:\Users\joshy\OneDrive\Documents\Kravitz Lab\freezeData\\0506\20260506164321-b97.15-f8.png,2026-05-06 16:43:21,8.0,55.97597955959267,7.406153667628866,447.609894837616,96.959008,0.6654356012584431
1086,C:\Users\joshy\OneDrive\Documents\Kravitz Lab\freezeData\\0506\20260506164340-b96.91-f10.png,2026-05-06 16:43:40,10.0,56.35312135844602,7.408458689399795,513.975402477296,96.744984,0.6320208427252884
1087,C:\Users\joshy\OneDrive\Documents\Kravitz Lab\freezeData\\0506\20260506164400-b96.91-f0.png,2026-05-06 16:44:00,0.0,54.37311279216962,7.394007965165867,505.63518182974406,96.7377,0.6485773000932327
1088,C:\Users\joshy\OneDrive\Documents\Kravitz Lab\freezeData\\0506\20260506164439-b97.52-f4.png,2026-05-06 16:44:39,4.0,55.15190521944147,7.404228377686873,430.92230263614397,97.304412,0.7224538922436792
1089,C:\Users\joshy\OneDrive\Documents\Kravitz Lab\freezeData\\0506\20260506164420-b97.09-f2.png,2026-05-06 16:44:20,2.0,54.76977177372204,7.400944521468231,529.2905426361439,96.88388,0.6804526148162747
1090,C:\Users\joshy\OneDrive\Documents\Kravitz Lab\freezeData\\0506\20260506164501-b97.27-f6.png,2026-05-06 16:45:01,6.0,55.5508890388968,7.405821219589516,420.190757880064,97.068724,0.7017246627342754
1091,C:\Users\joshy\OneDrive\Documents\Kravitz Lab\freezeData\\0506\20260506164520-b97.29-f8.png,2026-05-06 16:45:20,8.0,55.840633775704084,7.401354131009141,461.72848088345603,97.126236,0.6654803251537694
1092,C:\Users\joshy\OneDrive\Documents\Kravitz Lab\freezeData\\0506\20260506164540-b96.81-f10.png,2026-05-06 16:45:40,10.0,56.466147815477406,7.414563417093227,519.22453264,96.649716,0.631358188264512
1093,C:\Users\joshy\OneDrive\Documents\Kravitz Lab\freezeData\\0506\20260506164559-b96.88-f0.png,2026-05-06 16:45:59,0.0,54.39129659645175,7.3941645910867395,512.601657836656,96.700396,0.6487481781606289
1094,C:\Users\joshy\OneDrive\Documents\Kravitz Lab\freezeData\\0506\20260506164618-b97.24-f2.png,2026-05-06 16:46:18,2.0,54.73852976971888,7.401734030179511,520.8753667100001,97.04136,0.6807088594672573
1095,C:\Users\joshy\OneDrive\Documents\Kravitz Lab\freezeData\\0506\20260506164636-b97.49-f4.png,2026-05-06 16:46:36,4.0,55.173851538458905,7.403311235417987,432.57194170993597,97.261064,0.7230325045876509
1096,C:\Users\joshy\OneDrive\Documents\Kravitz Lab\freezeData\\0506\20260506164657-b97.51-f6.png,2026-05-06 16:46:57,6.0,55.49711436907688,7.402302643632045,423.33783271665595,97.29916,0.7016287582754052
1097,C:\Users\joshy\OneDrive\Documents\Kravitz Lab\freezeData\\0506\20260506164717-b97.08-f8.png,2026-05-06 16:47:17,8.0,56.12780144774403,7.412852281682407,430.807204539376,96.870568,0.6652413814206449
1098,C:\Users\joshy\OneDrive\Documents\Kravitz Lab\freezeData\\0506\20260506164735-b96.74-f10.png,2026-05-06 16:47:35,10.0,56.42323873621379,7.411836541204781,516.258784392816,96.566832,0.6308490572856963
1099,C:\Users\joshy\OneDrive\Documents\Kravitz Lab\freezeData\\0506\20260506164754-b96.99-f0.png,2026-05-06 16:47:54,0.0,54.35339391577958,7.391026933517261,489.838710182256,96.819064,0.6488875520134973
1100,C:\Users\joshy\OneDrive\Documents\Kravitz Lab\freezeData\\0506\20260506164813-b97.33-f2.png,2026-05-06 16:48:13,2.0,54.77344465488304,7.40249286841911,520.3443901436,97.117408,0.6810446781176009
1101,C:\Users\joshy\OneDrive\Documents\Kravitz Lab\freezeData\\0506\20260506164833-b97.58-f4.png,2026-05-06 16:48:33,4.0,55.107140341698006,7.402567717098491,429.651840903104,97.35902,0.7230183498713212
1102,C:\Users\joshy\OneDrive\Documents\Kravitz Lab\freezeData\\0506\20260506164851-b97.21-f6.png,2026-05-06 16:48:51,6.0,55.55484918056259,7.405366072714433,423.37715400625603,97.020212,0.7016508268949333
1103,C:\Users\joshy\OneDrive\Documents\Kravitz Lab\freezeData\\0506\20260506164911-b96.95-f8.png,2026-05-06 16:49:11,8.0,56.12668668916419,7.410663371426998,443.218228413296,96.75658,0.6653015993180885
1104,C:\Users\joshy\OneDrive\Documents\Kravitz Lab\freezeData\\0506\20260506164929-b96.88-f10.png,2026-05-06 16:49:29,10.0,56.44616342811603,7.415060672688697,527.3418418723841,96.700804,0.6310355649959288
1105,C:\Users\joshy\OneDrive\Documents\Kravitz Lab\freezeData\\0506\20260506164950-b96.91-f0.png,2026-05-06 16:49:50,0.0,54.37029541232734,7.392470061189468,510.36518134360006,96.743016,0.6490636021116389
1106,C:\Users\joshy\OneDrive\Documents\Kravitz Lab\freezeData\\0506\20260506165009-b97.25-f2.png,2026-05-06 16:50:09,2.0,54.73351581338966,7.400137537945465,535.148573177456,97.067132,0.6817758025504214
1107,C:\Users\joshy\OneDrive\Documents\Kravitz Lab\freezeData\\0506\20260506165029-b97.44-f4.png,2026-05-06 16:50:29,4.0,55.09502218973238,7.400557123268053,435.993261629424,97.224664,0.7231198514788231
1108,C:\Users\joshy\OneDrive\Documents\Kravitz Lab\freezeData\\0506\20260506165048-b97.13-f6.png,2026-05-06 16:50:48,6.0,55.61509470260663,7.40871095554311,436.50625016126406,96.927936,0.7026236106827958
1109,C:\Users\joshy\OneDrive\Documents\Kravitz Lab\freezeData\\0506\20260506165107-b97.22-f8.png,2026-05-06 16:51:07,8.0,55.90064354395516,7.403698791868427,443.429999418816,97.039892,0.6660170795328283
1110,C:\Users\joshy\OneDrive\Documents\Kravitz Lab\freezeData\\0506\20260506165125-b96.99-f10.png,2026-05-06 16:51:25,10.0,56.32334324270163,7.407452181639242,520.5538866944,96.799396,0.6310731978346703
1111,C:\Users\joshy\OneDrive\Documents\Kravitz Lab\freezeData\\0506\20260506165144-b97.11-f0.png,2026-05-06 16:51:44,0.0,54.37703371154495,7.39337465551832,495.308508579824,96.917752,0.6491569909087885
1112,C:\Users\joshy\OneDrive\Documents\Kravitz Lab\freezeData\\0506\20260506165204-b97.32-f2.png,2026-05-06 16:52:04,2.0,54.75631826641014,7.399535240680769,532.636736470464,97.11726,0.6810405773699753
1113,C:\Users\joshy\OneDrive\Documents\Kravitz Lab\freezeData\\0506\20260506165222-b97.39-f4.png,2026-05-06 16:52:22,4.0,55.1825584137017,7.404479179116154,432.293141829744,97.16072,0.7231565585622949
1114,C:\Users\joshy\OneDrive\Documents\Kravitz Lab\freezeData\\0506\20260506165242-b97.28-f6.png,2026-05-06 16:52:42,6.0,55.454285462600055,7.401351823590969,433.980968111216,97.086092,0.7026740377197286
1115,C:\Users\joshy\OneDrive\Documents\Kravitz Lab\freezeData\\0506\20260506165301-b97.06-f8.png,2026-05-06 16:53:01,8.0,56.10937942705137,7.410069772136553,453.7286428604,96.888428,0.6659971845756129
1116,C:\Users\joshy\OneDrive\Documents\Kravitz Lab\freezeData\\0506\20260506165321-b96.93-f10.png,2026-05-06 16:53:21,10.0,56.47463698497144,7.416951631054647,515.217113494464,96.755236,0.6304840303167671
1117,C:\Users\joshy\OneDrive\Documents\Kravitz Lab\freezeData\\0506\20260506165339-b96.77-f0.png,2026-05-06 16:53:39,0.0,54.353138620697,7.390503172774088,518.9358980072959,96.613464,0.6489563165695814
1118,C:\Users\joshy\OneDrive\Documents\Kravitz Lab\freezeData\\0506\20260506165357-b97.27-f2.png,2026-05-06 16:53:57,2.0,54.7561262291351,7.401771849392718,528.177004536176,97.064532,0.6809366313912236
1119,C:\Users\joshy\OneDrive\Documents\Kravitz Lab\freezeData\\0506\20260506165419-b97.41-f4.png,2026-05-06 16:54:19,4.0,55.1513672130429,7.402919741038189,423.308681809856,97.176064,0.7230521370404837
1120,C:\Users\joshy\OneDrive\Documents\Kravitz Lab\freezeData\\0506\20260506165439-b97.22-f6.png,2026-05-06 16:54:39,6.0,55.51933773059171,7.40344517909894,438.33868258865607,97.008364,0.7021616630776413
1121,C:\Users\joshy\OneDrive\Documents\Kravitz Lab\freezeData\\0506\20260506165458-b97.19-f8.png,2026-05-06 16:54:58,8.0,56.06679669576638,7.40890816334475,471.6084825944161,97.01234,0.6654112089353494
1122,C:\Users\joshy\OneDrive\Documents\Kravitz Lab\freezeData\\0506\20260506165517-b96.53-f10.png,2026-05-06 16:55:17,10.0,56.42863274927565,7.412389628525805,505.95153199000003,96.359124,0.6309573741061938
1123,C:\Users\joshy\OneDrive\Documents\Kravitz Lab\freezeData\\0506\20260506165536-b96.97-f0.png,2026-05-06 16:55:36,0.0,54.36193754354294,7.3926680080271,514.7570927311359,96.792456,0.6494590251894647
1124,C:\Users\joshy\OneDrive\Documents\Kravitz Lab\freezeData\\0506\20260506165555-b97.15-f2.png,2026-05-06 16:55:55,2.0,54.78373065708892,7.404639863106906,540.0014178892161,96.939244,0.6810904732676997
1125,C:\Users\joshy\OneDrive\Documents\Kravitz Lab\freezeData\\0506\20260506165615-b97.51-f4.png,2026-05-06 16:56:15,4.0,55.1798811563593,7.405233283701762,425.0252140268639,97.292492,0.7230830015648281
1126,C:\Users\joshy\OneDrive\Documents\Kravitz Lab\freezeData\\0506\20260506165634-b97.38-f6.png,2026-05-06 16:56:34,6.0,55.522661371944345,7.403246606213915,432.9426080478559,97.17458,0.7022827522468997
1127,C:\Users\joshy\OneDrive\Documents\Kravitz Lab\freezeData\\0506\20260506165654-b97.08-f8.png,2026-05-06 16:56:54,8.0,56.081175276261675,7.411517536003031,464.704853954496,96.902904,0.665775690888673
1128,C:\Users\joshy\OneDrive\Documents\Kravitz Lab\freezeData\\0506\20260506165714-b96.98-f10.png,2026-05-06 16:57:14,10.0,56.3226182689109,7.410483197343572,497.85612338622406,96.790612,0.6312260080429586
1129,C:\Users\joshy\OneDrive\Documents\Kravitz Lab\freezeData\\0506\20260506165733-b97.06-f0.png,2026-05-06 16:57:33,0.0,54.357446636040585,7.391419810600733,505.540783317104,96.8761,0.6490302481093485
1130,C:\Users\joshy\OneDrive\Documents\Kravitz Lab\freezeData\\0506\20260506165752-b97.17-f2.png,2026-05-06 16:57:52,2.0,54.79816419920522,7.402840135859227,532.624903979776,96.951788,0.6810095649833369
1131,C:\Users\joshy\OneDrive\Documents\Kravitz Lab\freezeData\\0506\20260506165814-b97.52-f4.png,2026-05-06 16:58:14,4.0,55.11811196540476,7.4029893484071,421.07929123014407,97.286652,0.7232978430499246
1132,C:\Users\joshy\OneDrive\Documents\Kravitz Lab\freezeData\\0506\20260506165834-b97.50-f6.png,2026-05-06 16:58:34,6.0,55.49481087571788,7.402931741668886,435.152345701744,97.308548,0.7023460459910535
1133,C:\Users\joshy\OneDrive\Documents\Kravitz Lab\freezeData\\0506\20260506165852-b96.89-f8.png,2026-05-06 16:58:52,8.0,56.08000745745899,7.409999421032337,470.914291967984,96.713812,0.6660445073524046
1134,C:\Users\joshy\OneDrive\Documents\Kravitz Lab\freezeData\\0506\20260506165911-b96.84-f10.png,2026-05-06 16:59:11,10.0,56.38857251121095,7.411430921234974,508.93264865177593,96.668648,0.6309703504904977
1135,C:\Users\joshy\OneDrive\Documents\Kravitz Lab\freezeData\\0506\20260506165930-b96.81-f0.png,2026-05-06 16:59:30,0.0,54.36929352861683,7.39140425380356,518.572282468096,96.630848,0.649559675883056
1136,C:\Users\joshy\OneDrive\Documents\Kravitz Lab\freezeData\\0506\20260506165949-b97.13-f2.png,2026-05-06 16:59:49,2.0,54.76705312396262,7.402041060157423,537.926756536176,96.917416,0.6816177433525543
1137,C:\Users\joshy\OneDrive\Documents\Kravitz Lab\freezeData\\0506\20260506170008-b97.48-f4.png,2026-05-06 17:00:08,4.0,55.16128955336342,7.402510443893727,424.28801724000004,97.2741,0.7233432518188102
1138,C:\Users\joshy\OneDrive\Documents\Kravitz Lab\freezeData\\0506\20260506170028-b97.57-f6.png,2026-05-06 17:00:28,6.0,55.46318719438457,7.400788147963452,424.642698330736,97.370284,0.7026922387388522
1139,C:\Users\joshy\OneDrive\Documents\Kravitz Lab\freezeData\\0506\20260506170047-b97.06-f8.png,2026-05-06 17:00:47,8.0,56.04000834930972,7.40909340370052,445.40172499040006,96.885964,0.6659237799390586
1140,C:\Users\joshy\OneDrive\Documents\Kravitz Lab\freezeData\\0506\20260506170105-b96.60-f10.png,2026-05-06 17:01:05,10.0,56.44990166218539,7.412119588812788,508.969981608176,96.43536,0.6308865430582881
1141,C:\Users\joshy\OneDrive\Documents\Kravitz Lab\freezeData\\0506\20260506170125-b96.97-f0.png,2026-05-06 17:01:25,0.0,54.32319896851421,7.389038403289928,483.363676666736,96.783404,0.6497690977506622
1142,C:\Users\joshy\OneDrive\Documents\Kravitz Lab\freezeData\\0506\20260506170145-b97.28-f2.png,2026-05-06 17:01:45,2.0,54.77803786617787,7.402174704421883,513.0664759357439,97.054328,0.6813442005062419
1143,C:\Users\joshy\OneDrive\Documents\Kravitz Lab\freezeData\\0506\20260506170204-b97.44-f4.png,2026-05-06 17:02:04,4.0,55.1446847627735,7.401791596928624,417.441912204736,97.217344,0.7231038598681202
1144,C:\Users\joshy\OneDrive\Documents\Kravitz Lab\freezeData\\0506\20260506170222-b97.16-f6.png,2026-05-06 17:02:22,6.0,55.565932261525134,7.404478646711712,421.77901760369593,96.96726,0.7027019560109585
1145,C:\Users\joshy\OneDrive\Documents\Kravitz Lab\freezeData\\0506\20260506170243-b97.17-f8.png,2026-05-06 17:02:43,8.0,55.936151709619786,7.402669034677223,447.67347831,96.98572,0.666736605318821
1146,C:\Users\joshy\OneDrive\Documents\Kravitz Lab\freezeData\\0506\20260506170301-b96.67-f10.png,2026-05-06 17:03:01,10.0,56.430751044341626,7.411985648045072,503.91187692158394,96.499244,0.6313950579458469
1147,C:\Users\joshy\OneDrive\Documents\Kravitz Lab\freezeData\\0506\20260506170321-b97.04-f0.png,2026-05-06 17:03:21,0.0,54.38454851671471,7.394292219975981,487.58704692849597,96.847348,0.6490965333757103
1148,C:\Users\joshy\OneDrive\Documents\Kravitz Lab\freezeData\\0506\20260506170340-b97.31-f2.png,2026-05-06 17:03:40,2.0,54.73194048487826,7.399336855987181,517.598553364224,97.097912,0.6822723396979234
1149,C:\Users\joshy\OneDrive\Documents\Kravitz Lab\freezeData\\0506\20260506170359-b97.49-f4.png,2026-05-06 17:03:59,4.0,55.14592893441908,7.4036565075271445,424.013764404464,97.2686,0.7234131598777931
1150,C:\Users\joshy\OneDrive\Documents\Kravitz Lab\freezeData\\0506\20260506170418-b97.25-f6.png,2026-05-06 17:04:18,6.0,55.53164075684579,7.40181221481745,412.186786225776,97.043068,0.7023153650725146
1151,C:\Users\joshy\OneDrive\Documents\Kravitz Lab\freezeData\\0506\20260506170438-b97.25-f8.png,2026-05-06 17:04:38,8.0,55.96487411305059,7.405608497208788,454.33954513126395,97.06848,0.6662000408542068
1152,C:\Users\joshy\OneDrive\Documents\Kravitz Lab\freezeData\\0506\20260506170515-b97.01-f0.png,2026-05-06 17:05:15,0.0,54.39773102145551,7.393149885816933,485.7305004923999,96.836624,0.6494894705810654
1153,C:\Users\joshy\OneDrive\Documents\Kravitz Lab\freezeData\\0506\20260506170456-b96.91-f10.png,2026-05-06 17:04:56,10.0,56.414081264249475,7.412193556268045,516.1678831996,96.727216,0.6309223899447632
1154,C:\Users\joshy\OneDrive\Documents\Kravitz Lab\freezeData\\0506\20260506170534-b97.27-f2.png,2026-05-06 17:05:34,2.0,54.77316737876254,7.400963450140479,522.486088774656,97.059492,0.6812381768877994
1155,C:\Users\joshy\OneDrive\Documents\Kravitz Lab\freezeData\\0506\20260506170553-b97.42-f4.png,2026-05-06 17:05:53,4.0,55.14896774965072,7.404107932910645,422.992085302256,97.191228,0.722734459592986
1156,C:\Users\joshy\OneDrive\Documents\Kravitz Lab\freezeData\\0506\20260506170612-b97.50-f6.png,2026-05-06 17:06:12,6.0,55.47094295217142,7.401409026554214,411.504250432496,97.301788,0.702762376180858
1157,C:\Users\joshy\OneDrive\Documents\Kravitz Lab\freezeData\\0506\20260506170631-b96.93-f8.png,2026-05-06 17:06:31,8.0,56.10834518012749,7.412478514763037,440.4583350256,96.746108,0.6658557006501874
1158,C:\Users\joshy\OneDrive\Documents\Kravitz Lab\freezeData\\0506\20260506170651-b96.76-f10.png,2026-05-06 17:06:51,10.0,56.51266592127467,7.4165419727935795,508.21787505854405,96.60552,0.6307044423844841
1159,C:\Users\joshy\OneDrive\Documents\Kravitz Lab\freezeData\\0506\20260506170710-b96.96-f0.png,2026-05-06 17:07:10,0.0,54.39046437219171,7.393245298737701,480.52971806590404,96.779688,0.6492976384262547
1160,C:\Users\joshy\OneDrive\Documents\Kravitz Lab\freezeData\\0506\20260506170750-b97.54-f4.png,2026-05-06 17:07:50,4.0,55.10408976650992,7.401440702085432,416.1027857699839,97.314304,0.7234387956290111
1161,C:\Users\joshy\OneDrive\Documents\Kravitz Lab\freezeData\\0506\20260506170729-b97.31-f2.png,2026-05-06 17:07:29,2.0,54.769662375147064,7.401629317139635,519.927339957104,97.10182,0.6812429917218642
1162,C:\Users\joshy\OneDrive\Documents\Kravitz Lab\freezeData\\0506\20260506170809-b97.40-f6.png,2026-05-06 17:08:09,6.0,55.574236121413094,7.406514159551747,430.50616991486396,97.213868,0.7023184508356578
1163,C:\Users\joshy\OneDrive\Documents\Kravitz Lab\freezeData\\0506\20260506170828-b97.18-f8.png,2026-05-06 17:08:28,8.0,55.9700968585589,7.405151393793442,459.3201529455999,97.006756,0.6659381802693726
1164,C:\Users\joshy\OneDrive\Documents\Kravitz Lab\freezeData\\0506\20260506170848-b96.94-f10.png,2026-05-06 17:08:48,10.0,56.367527184048086,7.408976999776448,515.2731779204961,96.77166,0.6316835224428528
1165,C:\Users\joshy\OneDrive\Documents\Kravitz Lab\freezeData\\0506\20260506170926-b97.29-f2.png,2026-05-06 17:09:26,2.0,54.74121700445966,7.40113226782254,526.4270599116641,97.092784,0.6814169062436461
1166,C:\Users\joshy\OneDrive\Documents\Kravitz Lab\freezeData\\0506\20260506170907-b96.81-f0.png,2026-05-06 17:09:07,0.0,54.40030926624502,7.394219418837229,493.2284238432639,96.632664,0.6491750560326301
1167,C:\Users\joshy\OneDrive\Documents\Kravitz Lab\freezeData\\0506\20260506170945-b97.43-f4.png,2026-05-06 17:09:45,4.0,55.181072548190144,7.404600614152837,423.52958142590404,97.207876,0.7235663056505278
1168,C:\Users\joshy\OneDrive\Documents\Kravitz Lab\freezeData\\0506\20260506171024-b97.05-f8.png,2026-05-06 17:10:24,8.0,55.99268142453976,7.404147854885042,435.270143524976,96.8633,0.6658377545029358
1169,C:\Users\joshy\OneDrive\Documents\Kravitz Lab\freezeData\\0506\20260506171005-b97.20-f6.png,2026-05-06 17:10:05,6.0,55.49901836227318,7.401733972468723,415.916854341056,96.989008,0.7025675200812943
1170,C:\Users\joshy\OneDrive\Documents\Kravitz Lab\freezeData\\0506\20260506171043-b96.96-f10.png,2026-05-06 17:10:43,10.0,56.353546734752236,7.408168409029243,502.3847251296639,96.782564,0.631768741098984
1171,C:\Users\joshy\OneDrive\Documents\Kravitz Lab\freezeData\\0506\20260506171102-b96.73-f0.png,2026-05-06 17:11:02,0.0,54.336031190831896,7.390144764013784,475.3233582207841,96.541212,0.6490709574228927
1172,C:\Users\joshy\OneDrive\Documents\Kravitz Lab\freezeData\\0506\20260506171121-b97.13-f2.png,2026-05-06 17:11:21,2.0,54.77208904658781,7.4013322489110696,488.433553568704,96.905716,0.6807216307177014
1173,C:\Users\joshy\OneDrive\Documents\Kravitz Lab\freezeData\\0506\20260506171140-b97.49-f4.png,2026-05-06 17:11:40,4.0,55.0496735082175,7.3976400942532825,396.35741542039995,97.256216,0.7236352107760191
1174,C:\Users\joshy\OneDrive\Documents\Kravitz Lab\freezeData\\0506\20260506171159-b97.17-f6.png,2026-05-06 17:11:59,6.0,55.52951231731552,7.40261187802931,406.2012464623999,96.955348,0.7018282448178814
1175,C:\Users\joshy\OneDrive\Documents\Kravitz Lab\freezeData\\0506\20260506171218-b97.11-f8.png,2026-05-06 17:12:18,8.0,55.96544177936953,7.40507600164204,432.6763900124,96.9238,0.6661938215649293
1176,C:\Users\joshy\OneDrive\Documents\Kravitz Lab\freezeData\\0506\20260506171237-b96.84-f10.png,2026-05-06 17:12:37,10.0,56.38440424550874,7.410047287643266,497.58464469041587,96.654084,0.6309416883664163
1177,C:\Users\joshy\OneDrive\Documents\Kravitz Lab\freezeData\\0506\20260506171257-b96.98-f0.png,2026-05-06 17:12:57,0.0,54.334219225676335,7.391302091736058,477.096650007296,96.785988,0.6490023444219969
1178,C:\Users\joshy\OneDrive\Documents\Kravitz Lab\freezeData\\0506\20260506171316-b97.22-f2.png,2026-05-06 17:13:16,2.0,54.756220502408674,7.400721878586402,501.79907281760006,97.00054,0.6811727163821363
1179,C:\Users\joshy\OneDrive\Documents\Kravitz Lab\freezeData\\0506\20260506171336-b97.41-f4.png,2026-05-06 17:13:36,4.0,55.140493602085215,7.403925617182083,413.67419465465593,97.17928,0.7228120009308767
1180,C:\Users\joshy\OneDrive\Documents\Kravitz Lab\freezeData\\0506\20260506171354-b97.24-f6.png,2026-05-06 17:13:54,6.0,55.54920477920251,7.404231450534248,411.40425033073603,97.017332,0.7023947350781621
1181,C:\Users\joshy\OneDrive\Documents\Kravitz Lab\freezeData\\0506\20260506171432-b96.74-f10.png,2026-05-06 17:14:32,10.0,56.419494834884865,7.412539193344503,507.57379931569614,96.56042,0.6305266575151994
1182,C:\Users\joshy\OneDrive\Documents\Kravitz Lab\freezeData\\0506\20260506171414-b97.09-f8.png,2026-05-06 17:14:14,8.0,55.96023719362511,7.406168270195966,423.712427386224,96.897096,0.6657025090309848
1183,C:\Users\joshy\OneDrive\Documents\Kravitz Lab\freezeData\\0506\20260506171451-b97.06-f0.png,2026-05-06 17:14:51,0.0,54.39164303028089,7.393311702109764,478.09347037361596,96.865864,0.6484749266101615
1184,C:\Users\joshy\OneDrive\Documents\Kravitz Lab\freezeData\\0506\20260506171509-b97.18-f2.png,2026-05-06 17:15:09,2.0,54.79974138636729,7.400652278064406,518.117725009264,96.959208,0.6810965270566625
1185,C:\Users\joshy\OneDrive\Documents\Kravitz Lab\freezeData\\0506\20260506171529-b97.47-f4.png,2026-05-06 17:15:29,4.0,55.1061392746761,7.402407519223439,413.190738505664,97.2532,0.7233891135977139
1186,C:\Users\joshy\OneDrive\Documents\Kravitz Lab\freezeData\\0506\20260506171547-b97.19-f6.png,2026-05-06 17:15:47,6.0,55.56310965002459,7.404937927221771,405.588986772336,96.984188,0.7023357416067925
1187,C:\Users\joshy\OneDrive\Documents\Kravitz Lab\freezeData\\0506\20260506171607-b97.03-f8.png,2026-05-06 17:16:07,8.0,56.05147910588066,7.409027578938823,432.546635124336,96.840532,0.6659152069607542
1188,C:\Users\joshy\OneDrive\Documents\Kravitz Lab\freezeData\\0506\20260506171627-b96.88-f10.png,2026-05-06 17:16:27,10.0,56.259157332353425,7.405894743579974,492.494747352064,96.702248,0.6312061877437412
1189,C:\Users\joshy\OneDrive\Documents\Kravitz Lab\freezeData\\0506\20260506171644-b96.97-f0.png,2026-05-06 17:16:44,0.0,54.35883223461387,7.391849445484369,478.87466057982397,96.783348,0.6498325040343755
1190,C:\Users\joshy\OneDrive\Documents\Kravitz Lab\freezeData\\0506\20260506171705-b97.29-f2.png,2026-05-06 17:17:05,2.0,54.73885691369099,7.400822899734544,508.34526836030403,97.073592,0.681232417615714
1191,C:\Users\joshy\OneDrive\Documents\Kravitz Lab\freezeData\\0506\20260506171723-b97.40-f4.png,2026-05-06 17:17:23,4.0,55.122559878378794,7.400221505034412,400.60744077465597,97.170612,0.7232255229136926
1192,C:\Users\joshy\OneDrive\Documents\Kravitz Lab\freezeData\\0506\20260506171742-b97.28-f6.png,2026-05-06 17:17:42,6.0,55.5625224293642,7.402807257587414,405.18954834425597,97.05808,0.7025385751603389
1193,C:\Users\joshy\OneDrive\Documents\Kravitz Lab\freezeData\\0506\20260506171801-b97.05-f8.png,2026-05-06 17:18:01,8.0,55.97312081666113,7.4077408845731165,431.8255139224961,96.852616,0.6660900064830046
1194,C:\Users\joshy\OneDrive\Documents\Kravitz Lab\freezeData\\0506\20260506171821-b96.88-f10.png,2026-05-06 17:18:21,10.0,56.45445721134784,7.4139935203636025,495.569761189824,96.718936,0.6309180207458295
1195,C:\Users\joshy\OneDrive\Documents\Kravitz Lab\freezeData\\0506\20260506171840-b97.05-f0.png,2026-05-06 17:18:40,0.0,54.44147541029358,7.396429450338852,491.394575854704,96.87748,0.6494841721476244
1196,C:\Users\joshy\OneDrive\Documents\Kravitz Lab\freezeData\\0506\20260506171900-b97.20-f2.png,2026-05-06 17:19:00,2.0,54.75778794047707,7.398831970283682,518.998605709936,96.979412,0.6817073565413008
1197,C:\Users\joshy\OneDrive\Documents\Kravitz Lab\freezeData\\0506\20260506171919-b97.39-f4.png,2026-05-06 17:19:19,4.0,55.1850377448611,7.4048808267242014,403.44267170560005,97.151516,0.7235487152575781
1198,C:\Users\joshy\OneDrive\Documents\Kravitz Lab\freezeData\\0506\20260506171937-b97.34-f6.png,2026-05-06 17:19:37,6.0,55.503758727246,7.402159931090426,407.932810531056,97.121108,0.7020352678527692
1199,C:\Users\joshy\OneDrive\Documents\Kravitz Lab\freezeData\\0506\20260506171957-b97.10-f8.png,2026-05-06 17:19:57,8.0,56.01436895199574,7.408866031844163,438.685823288256,96.905264,0.6660884182154649
1200,C:\Users\joshy\OneDrive\Documents\Kravitz Lab\freezeData\\0506\20260506172015-b96.60-f10.png,2026-05-06 17:20:15,10.0,56.39316476403799,7.410774981283394,508.01027217969596,96.431008,0.6313553277883238
1201,C:\Users\joshy\OneDrive\Documents\Kravitz Lab\freezeData\\0506\20260506172036-b97.13-f0.png,2026-05-06 17:20:36,0.0,54.35293869766955,7.394032660701144,499.1923926876,96.955876,0.6497267216902065
1202,C:\Users\joshy\OneDrive\Documents\Kravitz Lab\freezeData\\0506\20260506172055-b97.26-f2.png,2026-05-06 17:20:55,2.0,54.77908522401958,7.401527141397465,527.3149659484,97.05014,0.6810801733589023
1203,C:\Users\joshy\OneDrive\Documents\Kravitz Lab\freezeData\\0506\20260506172115-b97.41-f4.png,2026-05-06 17:21:15,4.0,55.103339332415196,7.398915612616195,400.47666486041595,97.171448,0.7229678073378262
1204,C:\Users\joshy\OneDrive\Documents\Kravitz Lab\freezeData\\0506\20260506172135-b97.13-f6.png,2026-05-06 17:21:35,6.0,55.57694810773776,7.406954777494138,417.004693785856,96.915768,0.7020714527602104
1205,C:\Users\joshy\OneDrive\Documents\Kravitz Lab\freezeData\\0506\20260506172154-b97.17-f8.png,2026-05-06 17:21:54,8.0,55.93625670855911,7.402566183287576,442.947781475584,96.983224,0.665610146515067
1206,C:\Users\joshy\OneDrive\Documents\Kravitz Lab\freezeData\\0506\20260506172214-b96.86-f10.png,2026-05-06 17:22:14,10.0,56.382477156165606,7.410265910888163,496.34193951729594,96.698408,0.63158089416057
1207,C:\Users\joshy\OneDrive\Documents\Kravitz Lab\freezeData\\0506\20260506172233-b96.94-f0.png,2026-05-06 17:22:33,0.0,54.42475595551481,7.394932608876833,492.925706124224,96.751784,0.6498143091739048
1208,C:\Users\joshy\OneDrive\Documents\Kravitz Lab\freezeData\\0506\20260506172252-b97.35-f2.png,2026-05-06 17:22:52,2.0,54.7719504376488,7.40168036595999,524.104265889216,97.151912,0.6812803559847403
1209,C:\Users\joshy\OneDrive\Documents\Kravitz Lab\freezeData\\0506\20260506172313-b97.43-f4.png,2026-05-06 17:23:13,4.0,55.146894886203704,7.4017353055559,407.888335797504,97.2021,0.7235592554387238
1210,C:\Users\joshy\OneDrive\Documents\Kravitz Lab\freezeData\\0506\20260506172332-b97.23-f6.png,2026-05-06 17:23:32,6.0,55.53098513463935,7.404285023791066,426.069370289136,97.027092,0.7026863773307218
1211,C:\Users\joshy\OneDrive\Documents\Kravitz Lab\freezeData\\0506\20260506172350-b96.86-f8.png,2026-05-06 17:23:50,8.0,56.09575031555257,7.41196866241994,459.48712327929604,96.692428,0.6649615727891917
1212,C:\Users\joshy\OneDrive\Documents\Kravitz Lab\freezeData\\0506\20260506172409-b96.65-f10.png,2026-05-06 17:24:09,10.0,56.449858552934,7.4135318786452435,514.9163069135361,96.483588,0.6312495007043033
1213,C:\Users\joshy\OneDrive\Documents\Kravitz Lab\freezeData\\0506\20260506172429-b96.91-f0.png,2026-05-06 17:24:29,0.0,54.37674421626231,7.393036572498206,500.557098085376,96.723572,0.649154183640241
1214,C:\Users\joshy\OneDrive\Documents\Kravitz Lab\freezeData\\0506\20260506172448-b97.21-f2.png,2026-05-06 17:24:48,2.0,54.755928481846645,7.399697661349126,522.146745769984,96.988164,0.6818244283604326
1215,C:\Users\joshy\OneDrive\Documents\Kravitz Lab\freezeData\\0506\20260506172508-b97.56-f4.png,2026-05-06 17:25:08,4.0,55.11619146966655,7.400702675530277,426.7750860268641,97.345916,0.723143841340573
1216,C:\Users\joshy\OneDrive\Documents\Kravitz Lab\freezeData\\0506\20260506172526-b97.14-f6.png,2026-05-06 17:25:26,6.0,55.54121848055968,7.405852311951541,428.022208774384,96.939356,0.7025105278437765
1217,C:\Users\joshy\OneDrive\Documents\Kravitz Lab\freezeData\\0506\20260506172544-b97.00-f8.png,2026-05-06 17:25:44,8.0,55.96499470805386,7.4055337045826635,451.25497052760005,96.816252,0.6658575079161708
1218,C:\Users\joshy\OneDrive\Documents\Kravitz Lab\freezeData\\0506\20260506172604-b96.51-f10.png,2026-05-06 17:26:04,10.0,56.346551899950576,7.410313489322746,510.5448792227839,96.357224,0.6318318330218504
1219,C:\Users\joshy\OneDrive\Documents\Kravitz Lab\freezeData\\0506\20260506172622-b97.01-f0.png,2026-05-06 17:26:22,0.0,54.44632276835981,7.3956204466131075,500.334588227056,96.833672,0.6491252764039868
1220,C:\Users\joshy\OneDrive\Documents\Kravitz Lab\freezeData\\0506\20260506172642-b97.26-f2.png,2026-05-06 17:26:42,2.0,54.7318072826811,7.398521721795767,515.984699636336,97.031616,0.6819068334735962
1221,C:\Users\joshy\OneDrive\Documents\Kravitz Lab\freezeData\\0506\20260506172702-b97.40-f4.png,2026-05-06 17:27:02,4.0,55.1471902310954,7.40217265502607,414.5670703356,97.174876,0.7229245013619409
1222,C:\Users\joshy\OneDrive\Documents\Kravitz Lab\freezeData\\0506\20260506172720-b97.52-f6.png,2026-05-06 17:27:20,6.0,55.51313565332602,7.40275960231538,419.01066154137607,97.324632,0.7019604878138642
1223,C:\Users\joshy\OneDrive\Documents\Kravitz Lab\freezeData\\0506\20260506172738-b96.96-f8.png,2026-05-06 17:27:38,8.0,56.018108813660746,7.407429150036534,452.259633982464,96.781192,0.6653997666482109
1224,C:\Users\joshy\OneDrive\Documents\Kravitz Lab\freezeData\\0506\20260506172758-b96.85-f10.png,2026-05-06 17:27:58,10.0,56.47026133925275,7.413800355107639,516.0718076779359,96.676636,0.6311829410788269
1225,C:\Users\joshy\OneDrive\Documents\Kravitz Lab\freezeData\\0506\20260506172816-b96.96-f0.png,2026-05-06 17:28:16,0.0,54.42187839928071,7.395199645633769,485.888542928496,96.782148,0.6497579732501081
1226,C:\Users\joshy\OneDrive\Documents\Kravitz Lab\freezeData\\0506\20260506172834-b97.24-f2.png,2026-05-06 17:28:34,2.0,54.772543391605836,7.402623237991762,515.189944293824,97.024216,0.6812026959565953
1227,C:\Users\joshy\OneDrive\Documents\Kravitz Lab\freezeData\\0506\20260506172853-b97.46-f4.png,2026-05-06 17:28:53,4.0,55.07833569639155,7.398543473518039,423.09518592870404,97.23966,0.7234755531763031
1228,C:\Users\joshy\OneDrive\Documents\Kravitz Lab\freezeData\\0506\20260506172912-b97.49-f6.png,2026-05-06 17:29:12,6.0,55.53164343310491,7.4037604975917715,416.61642925766404,97.300136,0.7019843011685704
1229,C:\Users\joshy\OneDrive\Documents\Kravitz Lab\freezeData\\0506\20260506172932-b96.94-f8.png,2026-05-06 17:29:32,8.0,56.10457423913683,7.411565678366158,463.25486335359994,96.760072,0.6649835186267329
1230,C:\Users\joshy\OneDrive\Documents\Kravitz Lab\freezeData\\0506\20260506172951-b96.74-f10.png,2026-05-06 17:29:51,10.0,56.443878449018726,7.412417627105665,512.5432548935041,96.56482,0.630644225039223
1231,C:\Users\joshy\OneDrive\Documents\Kravitz Lab\freezeData\\0506\20260506173011-b96.93-f0.png,2026-05-06 17:30:11,0.0,54.42376388744534,7.394835721804006,477.736258505664,96.73606,0.6490010642253659
1232,C:\Users\joshy\OneDrive\Documents\Kravitz Lab\freezeData\\0506\20260506173029-b97.17-f2.png,2026-05-06 17:30:29,2.0,54.77211979626774,7.401447820474008,524.1904056294239,96.961464,0.681310669607622
1233,C:\Users\joshy\OneDrive\Documents\Kravitz Lab\freezeData\\0506\20260506173050-b97.21-f4.png,2026-05-06 17:30:50,4.0,55.201880835881525,7.404420006894979,422.80146552806394,96.981556,0.7233175743199902
1234,C:\Users\joshy\OneDrive\Documents\Kravitz Lab\freezeData\\0506\20260506173109-b96.98-f6.png,2026-05-06 17:31:09,6.0,55.678606249199305,7.4091546262503325,417.85082596081605,96.765432,0.7019585242556715
1235,C:\Users\joshy\OneDrive\Documents\Kravitz Lab\freezeData\\0506\20260506173128-b96.88-f8.png,2026-05-06 17:31:28,8.0,56.07750122589971,7.40797801431439,447.426776696256,96.687404,0.6655106723349945
1236,C:\Users\joshy\OneDrive\Documents\Kravitz Lab\freezeData\\0506\20260506173148-b96.79-f10.png,2026-05-06 17:31:48,10.0,56.391887410917676,7.408727196717718,508.02431454457604,96.609372,0.6314049065122537
1237,C:\Users\joshy\OneDrive\Documents\Kravitz Lab\freezeData\\0506\20260506173208-b96.82-f0.png,2026-05-06 17:32:08,0.0,54.35746695012195,7.391051576755962,504.37759863614406,96.63892,0.6492472194724888
1238,C:\Users\joshy\OneDrive\Documents\Kravitz Lab\freezeData\\0506\20260506173230-b97.16-f2.png,2026-05-06 17:32:30,2.0,54.7852505879128,7.400821423019322,517.7835034203999,96.94986,0.6816211838537278
1239,C:\Users\joshy\OneDrive\Documents\Kravitz Lab\freezeData\\0506\20260506173249-b97.61-f4.png,2026-05-06 17:32:49,4.0,55.12915261499397,7.401881724720074,420.193509009264,97.387448,0.723041899505539
1240,C:\Users\joshy\OneDrive\Documents\Kravitz Lab\freezeData\\0506\20260506173309-b97.30-f6.png,2026-05-06 17:33:09,6.0,55.60456711505284,7.408017394428138,429.961518106624,97.109672,0.7020343209616279
1241,C:\Users\joshy\OneDrive\Documents\Kravitz Lab\freezeData\\0506\20260506173327-b97.07-f8.png,2026-05-06 17:33:27,8.0,56.00762143935998,7.4085203055194295,448.3939315812961,96.892312,0.6652389783897477
1242,C:\Users\joshy\OneDrive\Documents\Kravitz Lab\freezeData\\0506\20260506173346-b96.77-f10.png,2026-05-06 17:33:46,10.0,56.35862507156455,7.40754762129009,513.1292710235999,96.595896,0.6318328234937814
1243,C:\Users\joshy\OneDrive\Documents\Kravitz Lab\freezeData\\0506\20260506173407-b96.88-f0.png,2026-05-06 17:34:07,0.0,54.422095984121164,7.393519443303619,487.576330946496,96.681848,0.6484228884023537
1244,C:\Users\joshy\OneDrive\Documents\Kravitz Lab\freezeData\\0506\20260506173425-b97.36-f2.png,2026-05-06 17:34:25,2.0,54.76493586110003,7.399815332697406,521.447380881776,97.14964,0.6811685356341772
1245,C:\Users\joshy\OneDrive\Documents\Kravitz Lab\freezeData\\0506\20260506173443-b97.21-f4.png,2026-05-06 17:34:43,4.0,55.14816660835049,7.401787017139702,416.8327160926559,96.987204,0.7230996739093037
1246,C:\Users\joshy\OneDrive\Documents\Kravitz Lab\freezeData\\0506\20260506173504-b97.32-f6.png,2026-05-06 17:35:04,6.0,55.506014392513684,7.402195022364599,423.90934246239993,97.124492,0.7023561449133767
1247,C:\Users\joshy\OneDrive\Documents\Kravitz Lab\freezeData\\0506\20260506173523-b97.10-f8.png,2026-05-06 17:35:23,8.0,56.02784648247962,7.4065596539389364,457.360986124016,96.909764,0.664751367943075
1248,C:\Users\joshy\OneDrive\Documents\Kravitz Lab\freezeData\\0506\20260506173542-b96.58-f10.png,2026-05-06 17:35:42,10.0,56.457362994421764,7.414073676278842,519.107147124336,96.404064,0.6312460863240567
1249,C:\Users\joshy\OneDrive\Documents\Kravitz Lab\freezeData\\0506\20260506173601-b97.04-f0.png,2026-05-06 17:36:01,0.0,54.43272325830542,7.394910200898267,487.95913901817596,96.853144,0.6488832231656375
1250,C:\Users\joshy\OneDrive\Documents\Kravitz Lab\freezeData\\0506\20260506173620-b97.19-f2.png,2026-05-06 17:36:20,2.0,54.794393031725285,7.400345560455746,521.469927095744,96.990604,0.6810384570212512
1251,C:\Users\joshy\OneDrive\Documents\Kravitz Lab\freezeData\\0506\20260506173639-b97.56-f4.png,2026-05-06 17:36:39,4.0,55.146652229779605,7.399739715626559,425.2009058892159,97.340088,0.7231443002234431
1252,C:\Users\joshy\OneDrive\Documents\Kravitz Lab\freezeData\\0506\20260506173659-b97.33-f6.png,2026-05-06 17:36:59,6.0,55.57477646407859,7.404685076187628,430.22726628913597,97.146236,0.7025650712259264
1253,C:\Users\joshy\OneDrive\Documents\Kravitz Lab\freezeData\\0506\20260506173718-b96.97-f8.png,2026-05-06 17:37:18,8.0,56.03246806878797,7.40619943184544,437.2490366022239,96.785016,0.6656252563739999
1254,C:\Users\joshy\OneDrive\Documents\Kravitz Lab\freezeData\\0506\20260506173737-b96.81-f10.png,2026-05-06 17:37:37,10.0,56.41265835348715,7.410831971899166,500.0884624941441,96.644144,0.6306061487914154
1255,C:\Users\joshy\OneDrive\Documents\Kravitz Lab\freezeData\\0506\20260506173758-b96.91-f0.png,2026-05-06 17:37:58,0.0,54.38829026646438,7.3911534180635705,493.15168546686397,96.735104,0.6491275225561799
1256,C:\Users\joshy\OneDrive\Documents\Kravitz Lab\freezeData\\0506\20260506173816-b97.16-f2.png,2026-05-06 17:38:16,2.0,54.72072907737089,7.398293509314871,510.90945370993603,96.957324,0.6818420813739412
1257,C:\Users\joshy\OneDrive\Documents\Kravitz Lab\freezeData\\0506\20260506173835-b97.27-f4.png,2026-05-06 17:38:35,4.0,55.126437717848006,7.398795184093176,427.16956622078396,97.057832,0.722790855992112
1258,C:\Users\joshy\OneDrive\Documents\Kravitz Lab\freezeData\\0506\20260506173854-b97.33-f6.png,2026-05-06 17:38:54,6.0,55.50703797497957,7.401654658375539,426.393150691264,97.140724,0.7021731219181702
1259,C:\Users\joshy\OneDrive\Documents\Kravitz Lab\freezeData\\0506\20260506173914-b96.94-f8.png,2026-05-06 17:39:14,8.0,55.96309187958092,7.403604515242734,443.23268286039996,96.757828,0.6657391002784795
1260,C:\Users\joshy\OneDrive\Documents\Kravitz Lab\freezeData\\0506\20260506173932-b96.72-f10.png,2026-05-06 17:39:32,10.0,56.3974326876096,7.410787148372167,523.9352564635999,96.553612,0.6303643263706402
1261,C:\Users\joshy\OneDrive\Documents\Kravitz Lab\freezeData\\0506\20260506173953-b96.89-f0.png,2026-05-06 17:39:53,0.0,54.39779734934494,7.392440057988264,498.949460579824,96.71586,0.6494589383937115
1262,C:\Users\joshy\OneDrive\Documents\Kravitz Lab\freezeData\\0506\20260506174011-b97.25-f2.png,2026-05-06 17:40:11,2.0,54.76030893945738,7.401771013613851,496.65103988721603,97.037428,0.6802268360104218
1263,C:\Users\joshy\OneDrive\Documents\Kravitz Lab\freezeData\\0506\20260506174030-b97.45-f4.png,2026-05-06 17:40:30,4.0,55.21825334015715,7.4046414133732785,420.2373363824,97.231668,0.7223844078603534
1264,C:\Users\joshy\OneDrive\Documents\Kravitz Lab\freezeData\\0506\20260506174050-b97.32-f6.png,2026-05-06 17:40:50,6.0,55.61065320418684,7.40661411759404,426.60997493497604,97.137892,0.701633499090502
1265,C:\Users\joshy\OneDrive\Documents\Kravitz Lab\freezeData\\0506\20260506174109-b97.08-f8.png,2026-05-06 17:41:09,8.0,55.958409009688616,7.4036796895795005,445.53022525439997,96.90362,0.6643078841702442
1266,C:\Users\joshy\OneDrive\Documents\Kravitz Lab\freezeData\\0506\20260506174127-b96.54-f10.png,2026-05-06 17:41:27,10.0,56.42927732927169,7.412533463946159,493.7888996418559,96.370988,0.6298428227510029
1267,C:\Users\joshy\OneDrive\Documents\Kravitz Lab\freezeData\\0506\20260506174146-b96.89-f0.png,2026-05-06 17:41:46,0.0,54.416532466592024,7.392999184308476,485.71158600729603,96.700844,0.648183090618824
1268,C:\Users\joshy\OneDrive\Documents\Kravitz Lab\freezeData\\0506\20260506174205-b97.26-f2.png,2026-05-06 17:42:05,2.0,54.72108755759885,7.397330675855987,524.838330975984,97.06444,0.6805927347627773
1269,C:\Users\joshy\OneDrive\Documents\Kravitz Lab\freezeData\\0506\20260506174224-b97.45-f4.png,2026-05-06 17:42:24,4.0,55.12676693282871,7.398046079206025,412.6482865244001,97.233828,0.7218474085871276
1270,C:\Users\joshy\OneDrive\Documents\Kravitz Lab\freezeData\\0506\20260506174244-b97.21-f6.png,2026-05-06 17:42:44,6.0,55.51085861846851,7.4017886133207345,418.14390664510404,97.01398,0.7013873713375748
1271,C:\Users\joshy\OneDrive\Documents\Kravitz Lab\freezeData\\0506\20260506174303-b97.08-f8.png,2026-05-06 17:43:03,8.0,56.003183015637106,7.406369644021694,455.336589038576,96.917416,0.6645238018007426
1272,C:\Users\joshy\OneDrive\Documents\Kravitz Lab\freezeData\\0506\20260506174342-b96.84-f0.png,2026-05-06 17:43:42,0.0,54.42937541438447,7.3911162709466804,486.4803010936159,96.654,0.6485495527221582
1273,C:\Users\joshy\OneDrive\Documents\Kravitz Lab\freezeData\\0506\20260506174322-b96.61-f10.png,2026-05-06 17:43:22,10.0,56.42885297935814,7.411683996222683,514.7237096816,96.440272,0.6297339484815364
1274,C:\Users\joshy\OneDrive\Documents\Kravitz Lab\freezeData\\0506\20260506174401-b97.01-f2.png,2026-05-06 17:44:01,2.0,54.739977517824244,7.396396392826957,508.550697487296,96.801936,0.6794707156759654
1275,C:\Users\joshy\OneDrive\Documents\Kravitz Lab\freezeData\\0506\20260506174420-b97.34-f4.png,2026-05-06 17:44:20,4.0,55.09777912387759,7.395735085685169,416.514757829744,97.13358,0.721901382135041
1276,C:\Users\joshy\OneDrive\Documents\Kravitz Lab\freezeData\\0506\20260506174439-b97.32-f6.png,2026-05-06 17:44:39,6.0,55.48222142343978,7.39902086840974,427.2362865213441,97.12302,0.7008807262150661
1277,C:\Users\joshy\OneDrive\Documents\Kravitz Lab\freezeData\\0506\20260506174458-b96.96-f8.png,2026-05-06 17:44:58,8.0,55.952549840327244,7.402625719463182,454.70240510040003,96.792736,0.6645852720285412
1278,C:\Users\joshy\OneDrive\Documents\Kravitz Lab\freezeData\\0506\20260506174517-b96.27-f10.png,2026-05-06 17:45:17,10.0,56.38066741441701,7.407001047528806,497.030917985136,96.086336,0.6296860085003188
1279,C:\Users\joshy\OneDrive\Documents\Kravitz Lab\freezeData\\0506\20260506174537-b96.56-f0.png,2026-05-06 17:45:37,0.0,54.32816504698814,7.385984408311605,486.996874765056,96.383404,0.6473754479992117
1280,C:\Users\joshy\OneDrive\Documents\Kravitz Lab\freezeData\\0506\20260506174556-b96.97-f2.png,2026-05-06 17:45:56,2.0,54.66850632655244,7.393302999588047,526.923450316544,96.769236,0.6800870516261517
1281,C:\Users\joshy\OneDrive\Documents\Kravitz Lab\freezeData\\0506\20260506174616-b97.26-f4.png,2026-05-06 17:46:16,4.0,54.98505754380097,7.392147252163198,408.6096239839841,97.038664,0.7219283144712886
1282,C:\Users\joshy\OneDrive\Documents\Kravitz Lab\freezeData\\0506\20260506174637-b96.87-f6.png,2026-05-06 17:46:37,6.0,55.46518299903463,7.396868288688308,415.4496789514239,96.67594,0.7006130081950741
1283,C:\Users\joshy\OneDrive\Documents\Kravitz Lab\freezeData\\0506\20260506174657-b96.75-f8.png,2026-05-06 17:46:57,8.0,55.93623081402478,7.401276698226536,450.207551418816,96.569988,0.6633097398003673
1284,C:\Users\joshy\OneDrive\Documents\Kravitz Lab\freezeData\\0506\20260506174716-b96.56-f10.png,2026-05-06 17:47:16,10.0,56.251803867684956,7.39963251101839,492.85302028670407,96.392252,0.6301568968852331
1285,C:\Users\joshy\OneDrive\Documents\Kravitz Lab\freezeData\\0506\20260506174736-b96.75-f0.png,2026-05-06 17:47:36,0.0,54.30668662598653,7.386795282889135,487.9675253435999,96.560164,0.6483364224988619
1286,C:\Users\joshy\OneDrive\Documents\Kravitz Lab\freezeData\\0506\20260506174756-b97.10-f2.png,2026-05-06 17:47:56,2.0,54.61845618796401,7.393694087772516,522.299448988096,96.902616,0.6805306361058234
1287,C:\Users\joshy\OneDrive\Documents\Kravitz Lab\freezeData\\0506\20260506174815-b97.44-f4.png,2026-05-06 17:48:15,4.0,55.08035189559501,7.400534462988888,411.61007298809596,97.235132,0.7213405219573744
1288,C:\Users\joshy\OneDrive\Documents\Kravitz Lab\freezeData\\0506\20260506174834-b97.24-f6.png,2026-05-06 17:48:34,6.0,55.39315052588159,7.395747288122511,422.9386552535039,97.044032,0.7013947563502441
1289,C:\Users\joshy\OneDrive\Documents\Kravitz Lab\freezeData\\0506\20260506174854-b96.81-f8.png,2026-05-06 17:48:54,8.0,55.948941837788645,7.4036754318126565,454.672279483904,96.649088,0.6645223827148617
1290,C:\Users\joshy\OneDrive\Documents\Kravitz Lab\freezeData\\0506\20260506174912-b96.57-f10.png,2026-05-06 17:49:12,10.0,56.25978272246291,7.402482733779284,508.713469304304,96.404292,0.6294687696015719
1291,C:\Users\joshy\OneDrive\Documents\Kravitz Lab\freezeData\\0506\20260506174932-b96.65-f0.png,2026-05-06 17:49:32,0.0,54.283886169795764,7.386006514020897,496.952059089344,96.481716,0.6485959981012681
1292,C:\Users\joshy\OneDrive\Documents\Kravitz Lab\freezeData\\0506\20260506174950-b97.07-f2.png,2026-05-06 17:49:50,2.0,54.67909534524507,7.393859761297663,530.352213629424,96.88516,0.6804472313191905
1293,C:\Users\joshy\OneDrive\Documents\Kravitz Lab\freezeData\\0506\20260506175009-b97.18-f4.png,2026-05-06 17:50:09,4.0,55.02850616349311,7.395165798822848,428.85624029382404,96.98512,0.7225951356197661
1294,C:\Users\joshy\OneDrive\Documents\Kravitz Lab\freezeData\\0506\20260506175028-b97.19-f6.png,2026-05-06 17:50:28,6.0,55.47028822206843,7.399756582675494,433.69448258865594,97.014716,0.7011249551920166
1295,C:\Users\joshy\OneDrive\Documents\Kravitz Lab\freezeData\\0506\20260506175048-b96.86-f8.png,2026-05-06 17:50:48,8.0,56.016158630877214,7.404037760201676,460.93123538622405,96.69398,0.6647415315594726
1296,C:\Users\joshy\OneDrive\Documents\Kravitz Lab\freezeData\\0506\20260506175107-b96.60-f10.png,2026-05-06 17:51:07,10.0,56.28555159066042,7.406116207824958,500.51258382193595,96.428152,0.6299207327793925
1297,C:\Users\joshy\OneDrive\Documents\Kravitz Lab\freezeData\\0506\20260506175125-b96.65-f0.png,2026-05-06 17:51:25,0.0,54.32547832638074,7.386576954183662,493.8772330303999,96.458956,0.6488507024363401
1298,C:\Users\joshy\OneDrive\Documents\Kravitz Lab\freezeData\\0506\20260506175144-b97.09-f2.png,2026-05-06 17:51:44,2.0,54.70931773345743,7.395830443401271,521.358690831216,96.87086,0.6807933422317486
1299,C:\Users\joshy\OneDrive\Documents\Kravitz Lab\freezeData\\0506\20260506175204-b97.61-f4.png,2026-05-06 17:52:04,4.0,55.0736214955799,7.396156507351973,422.6801626176,97.40796,0.7222759972183521
1300,C:\Users\joshy\OneDrive\Documents\Kravitz Lab\freezeData\\0506\20260506175241-b97.01-f8.png,2026-05-06 17:52:41,8.0,55.869734203412854,7.400054326642146,444.996540914544,96.8502,0.6663042484655809
1301,C:\Users\joshy\OneDrive\Documents\Kravitz Lab\freezeData\\0506\20260506175223-b97.03-f6.png,2026-05-06 17:52:23,6.0,55.439319412267544,7.3970481929816945,428.70519863577607,96.851976,0.7021610556551606
1302,C:\Users\joshy\OneDrive\Documents\Kravitz Lab\freezeData\\0506\20260506175300-b96.64-f10.png,2026-05-06 17:53:00,10.0,56.39675404701941,7.412323760852369,518.974429285104,96.4964,0.6313339989996215
1303,C:\Users\joshy\OneDrive\Documents\Kravitz Lab\freezeData\\0506\20260506175319-b96.62-f0.png,2026-05-06 17:53:19,0.0,54.33172795970693,7.386475815925001,489.886974259184,96.44182,0.6495649546050399
1304,C:\Users\joshy\OneDrive\Documents\Kravitz Lab\freezeData\\0506\20260506175338-b97.09-f2.png,2026-05-06 17:53:38,2.0,54.69282450681939,7.395964007763843,542.7575942783359,96.899484,0.6815370831882188
1305,C:\Users\joshy\OneDrive\Documents\Kravitz Lab\freezeData\\0506\20260506175357-b97.28-f4.png,2026-05-06 17:53:57,4.0,55.13690417565295,7.401686350412978,419.56640068838414,97.067808,0.7222740008235397
1306,C:\Users\joshy\OneDrive\Documents\Kravitz Lab\freezeData\\0506\20260506175416-b97.28-f6.png,2026-05-06 17:54:16,6.0,55.578972490052244,7.404006789826188,421.12320142718403,97.087504,0.7016362147473791
1307,C:\Users\joshy\OneDrive\Documents\Kravitz Lab\freezeData\\0506\20260506175435-b96.68-f8.png,2026-05-06 17:54:35,8.0,56.05149291060127,7.407903647820661,461.35344094559997,96.508396,0.664983307500779
1308,C:\Users\joshy\OneDrive\Documents\Kravitz Lab\freezeData\\0506\20260506175455-b96.68-f10.png,2026-05-06 17:54:55,10.0,56.41743472789326,7.411173669082624,520.710450516416,96.525352,0.6311551901402824
1309,C:\Users\joshy\OneDrive\Documents\Kravitz Lab\freezeData\\0506\20260506175514-b96.65-f0.png,2026-05-06 17:55:14,0.0,54.362568022885156,7.386779672203253,486.08017489239995,96.458072,0.6490546441563633
1310,C:\Users\joshy\OneDrive\Documents\Kravitz Lab\freezeData\\0506\20260506175533-b97.15-f2.png,2026-05-06 17:55:33,2.0,54.7446997342245,7.396789072996758,540.165174259184,96.94564,0.6803328757959659
1311,C:\Users\joshy\OneDrive\Documents\Kravitz Lab\freezeData\\0506\20260506175552-b97.35-f4.png,2026-05-06 17:55:52,4.0,55.1142814788488,7.398560141190338,430.06004610481597,97.140332,0.7225931242806253
1312,C:\Users\joshy\OneDrive\Documents\Kravitz Lab\freezeData\\0506\20260506175630-b97.03-f8.png,2026-05-06 17:56:30,8.0,55.99471597327605,7.40411112076064,462.38344116273595,96.871988,0.6651041434871217
1313,C:\Users\joshy\OneDrive\Documents\Kravitz Lab\freezeData\\0506\20260506175611-b97.31-f6.png,2026-05-06 17:56:11,6.0,55.60125237793897,7.402978991035569,410.6219621395041,97.118144,0.7009276311778582
1314,C:\Users\joshy\OneDrive\Documents\Kravitz Lab\freezeData\\0506\20260506175649-b96.50-f10.png,2026-05-06 17:56:49,10.0,56.45261525684705,7.408632266774676,524.0320008156,96.34568,0.6306234206454363
1315,C:\Users\joshy\OneDrive\Documents\Kravitz Lab\freezeData\\0506\20260506175709-b96.70-f0.png,2026-05-06 17:57:09,0.0,54.45992763655919,7.389890422800669,497.6360488604161,96.524856,0.648578865638506
1316,C:\Users\joshy\OneDrive\Documents\Kravitz Lab\freezeData\\0506\20260506175728-b97.12-f2.png,2026-05-06 17:57:28,2.0,54.8039914252699,7.398023580268611,539.5917250936161,96.923712,0.6800141495904455
1317,C:\Users\joshy\OneDrive\Documents\Kravitz Lab\freezeData\\0506\20260506175750-b97.17-f4.png,2026-05-06 17:57:50,4.0,55.174930716821166,7.397160852722626,423.124596623344,96.969728,0.7214216226989995
1318,C:\Users\joshy\OneDrive\Documents\Kravitz Lab\freezeData\\0506\20260506175810-b97.17-f6.png,2026-05-06 17:58:10,6.0,55.58856296066651,7.3981793864392245,424.645203353584,96.996004,0.7010963610156985
1319,C:\Users\joshy\OneDrive\Documents\Kravitz Lab\freezeData\\0506\20260506175828-b96.77-f8.png,2026-05-06 17:58:28,8.0,56.14083472955364,7.406793685975553,463.99662603966397,96.601212,0.6642987788792
1320,C:\Users\joshy\OneDrive\Documents\Kravitz Lab\freezeData\\0506\20260506175847-b96.67-f10.png,2026-05-06 17:58:47,10.0,56.45593463886482,7.405192661033973,517.1083811620961,96.509168,0.6298948086336333
1321,C:\Users\joshy\OneDrive\Documents\Kravitz Lab\freezeData\\0506\20260506175905-b96.82-f0.png,2026-05-06 17:59:05,0.0,54.45190131905772,7.38644088075166,508.3871742974561,96.64914,0.6485555672718734
1322,C:\Users\joshy\OneDrive\Documents\Kravitz Lab\freezeData\\0506\20260506175924-b97.10-f2.png,2026-05-06 17:59:24,2.0,54.86404575281323,7.395108642358456,539.8106566016,96.902904,0.6797206230176667
1323,C:\Users\joshy\OneDrive\Documents\Kravitz Lab\freezeData\\0506\20260506175943-b97.18-f4.png,2026-05-06 17:59:43,4.0,55.2943228972523,7.400101645880878,430.09972575,96.99312,0.721970716006786
1324,C:\Users\joshy\OneDrive\Documents\Kravitz Lab\freezeData\\0506\20260506180003-b97.06-f6.png,2026-05-06 18:00:03,6.0,55.6810849767554,7.399628669697193,439.9612987004,96.901188,0.7008293242862753
1325,C:\Users\joshy\OneDrive\Documents\Kravitz Lab\freezeData\\0506\20260506180022-b96.98-f8.png,2026-05-06 18:00:22,8.0,56.120103032383106,7.4019138278558625,468.314811833856,96.833052,0.664444288789775
1326,C:\Users\joshy\OneDrive\Documents\Kravitz Lab\freezeData\\0506\20260506180042-b96.59-f10.png,2026-05-06 18:00:42,10.0,56.56882687024068,7.409371397787545,529.870499775216,96.466856,0.6296517583630191
1327,C:\Users\joshy\OneDrive\Documents\Kravitz Lab\freezeData\\0506\20260506180100-b96.71-f0.png,2026-05-06 18:01:00,0.0,54.57295626763703,7.3917495432956795,501.44682071,96.542476,0.6479930768129019
1328,C:\Users\joshy\OneDrive\Documents\Kravitz Lab\freezeData\\0506\20260506180120-b97.01-f2.png,2026-05-06 18:01:20,2.0,54.872287462887634,7.396743087834931,540.857879822064,96.820332,0.6798866940086821
1329,C:\Users\joshy\OneDrive\Documents\Kravitz Lab\freezeData\\0506\20260506180139-b97.11-f4.png,2026-05-06 18:01:39,4.0,55.31128774397631,7.401028785151625,428.789253384816,96.927916,0.7214504757768677
1330,C:\Users\joshy\OneDrive\Documents\Kravitz Lab\freezeData\\0506\20260506180159-b96.90-f6.png,2026-05-06 18:01:59,6.0,55.713890500013875,7.400812081782281,434.53697918999995,96.741092,0.7001758985599423
1331,C:\Users\joshy\OneDrive\Documents\Kravitz Lab\freezeData\\0506\20260506180218-b96.83-f8.png,2026-05-06 18:02:18,8.0,56.22123414246272,7.407812092809961,459.3572283855359,96.684628,0.6644134919664417
1332,C:\Users\joshy\OneDrive\Documents\Kravitz Lab\freezeData\\0506\20260506180238-b96.66-f10.png,2026-05-06 18:02:38,10.0,56.5106739868462,7.407315225935761,535.5933782590561,96.506128,0.6288580439444864
1333,C:\Users\joshy\OneDrive\Documents\Kravitz Lab\freezeData\\0506\20260506180257-b96.54-f0.png,2026-05-06 18:02:57,0.0,54.42390362783045,7.384846071020122,502.9226109824,96.389068,0.6484877336730396
1334,C:\Users\joshy\OneDrive\Documents\Kravitz Lab\freezeData\\0506\20260506180317-b96.82-f2.png,2026-05-06 18:03:17,2.0,54.926690515217615,7.398192977307862,527.9016393328641,96.620752,0.6803724694351765
1335,C:\Users\joshy\OneDrive\Documents\Kravitz Lab\freezeData\\0506\20260506180335-b97.16-f4.png,2026-05-06 18:03:35,4.0,55.23471191091689,7.398359676117021,440.0273300900959,96.983504,0.7220175173309731
1336,C:\Users\joshy\OneDrive\Documents\Kravitz Lab\freezeData\\0506\20260506180354-b96.96-f6.png,2026-05-06 18:03:54,6.0,55.73191600169928,7.401901531434152,439.68760945278393,96.815244,0.7007665573745256
1337,C:\Users\joshy\OneDrive\Documents\Kravitz Lab\freezeData\\0506\20260506180414-b96.82-f8.png,2026-05-06 18:04:14,8.0,56.08015549305918,7.399667654031053,452.8562680958561,96.667952,0.6633910489772324
1338,C:\Users\joshy\OneDrive\Documents\Kravitz Lab\freezeData\\0506\20260506180433-b96.52-f10.png,2026-05-06 18:04:33,10.0,56.62549718929606,7.411379756054507,531.390919605744,96.373968,0.6279201169411738
1339,C:\Users\joshy\OneDrive\Documents\Kravitz Lab\freezeData\\0506\20260506180451-b96.87-f0.png,2026-05-06 18:04:51,0.0,54.484786592777844,7.388019795931032,498.297806297456,96.705616,0.6478955101453252
1340,C:\Users\joshy\OneDrive\Documents\Kravitz Lab\freezeData\\0506\20260506180511-b96.81-f2.png,2026-05-06 18:05:11,2.0,54.927045281292024,7.396542600178732,530.468241889216,96.619836,0.679734529916695
1341,C:\Users\joshy\OneDrive\Documents\Kravitz Lab\freezeData\\0506\20260506180529-b97.17-f4.png,2026-05-06 18:05:29,4.0,55.341731113849484,7.397898035680664,443.456953322944,96.988628,0.7209278828743005
1342,C:\Users\joshy\OneDrive\Documents\Kravitz Lab\freezeData\\0506\20260506180548-b97.03-f6.png,2026-05-06 18:05:48,6.0,55.70458093109169,7.3995856273650995,442.87955137273605,96.866616,0.7005842063695781
1343,C:\Users\joshy\OneDrive\Documents\Kravitz Lab\freezeData\\0506\20260506180607-b96.59-f8.png,2026-05-06 18:06:07,8.0,56.160435210085616,7.402180927959348,460.80379273726396,96.454076,0.6625639549934307
1344,C:\Users\joshy\OneDrive\Documents\Kravitz Lab\freezeData\\0506\20260506180626-b96.40-f10.png,2026-05-06 18:06:26,10.0,56.66709130750453,7.4134747346453524,533.158612920576,96.260712,0.6276448507196706
1345,C:\Users\joshy\OneDrive\Documents\Kravitz Lab\freezeData\\0506\20260506180645-b96.75-f0.png,2026-05-06 18:06:45,0.0,54.54525218668903,7.387781653976696,509.168473609216,96.573864,0.6481045743491971
1346,C:\Users\joshy\OneDrive\Documents\Kravitz Lab\freezeData\\0506\20260506180704-b96.73-f2.png,2026-05-06 18:07:04,2.0,54.90108884990082,7.3986595823532655,545.0520597286242,96.539536,0.6789909303424154
1347,C:\Users\joshy\OneDrive\Documents\Kravitz Lab\freezeData\\0506\20260506180724-b97.02-f4.png,2026-05-06 18:07:24,4.0,55.27474325241054,7.396090073655068,426.57849744640004,96.832936,0.720248327757329
1348,C:\Users\joshy\OneDrive\Documents\Kravitz Lab\freezeData\\0506\20260506180743-b96.92-f6.png,2026-05-06 18:07:43,6.0,55.76893653548376,7.402224454637954,432.169518172096,96.765928,0.6989172930390022
1349,C:\Users\joshy\OneDrive\Documents\Kravitz Lab\freezeData\\0506\20260506180803-b96.62-f8.png,2026-05-06 18:08:03,8.0,56.221117869048314,7.406138231232065,473.69241960959994,96.485524,0.662077235399906
1350,C:\Users\joshy\OneDrive\Documents\Kravitz Lab\freezeData\\0506\20260506180823-b96.12-f10.png,2026-05-06 18:08:23,10.0,56.628544678762,7.409607072928449,525.8403051312639,95.988884,0.6274246051279712
1351,C:\Users\joshy\OneDrive\Documents\Kravitz Lab\freezeData\\0506\20260506180842-b96.68-f0.png,2026-05-06 18:08:42,0.0,54.52922292553291,7.389099867590438,511.5350862207841,96.506256,0.6475374274873767
1352,C:\Users\joshy\OneDrive\Documents\Kravitz Lab\freezeData\\0506\20260506180900-b96.73-f2.png,2026-05-06 18:09:00,2.0,54.89740568142346,7.397459234443317,561.3697992476001,96.570096,0.6790196999305214
1353,C:\Users\joshy\OneDrive\Documents\Kravitz Lab\freezeData\\0506\20260506180920-b96.90-f4.png,2026-05-06 18:09:20,4.0,55.28637667191208,7.399271550517211,442.015150928496,96.716616,0.7203055460548804
1354,C:\Users\joshy\OneDrive\Documents\Kravitz Lab\freezeData\\0506\20260506180938-b96.78-f6.png,2026-05-06 18:09:38,6.0,55.77588102180712,7.403617223774094,449.571223410176,96.628904,0.6987920527324017
1355,C:\Users\joshy\OneDrive\Documents\Kravitz Lab\freezeData\\0506\20260506180957-b96.71-f8.png,2026-05-06 18:09:57,8.0,56.116233494297745,7.400658903025567,465.72960251641615,96.575116,0.6617902741794902
1356,C:\Users\joshy\OneDrive\Documents\Kravitz Lab\freezeData\\0506\20260506181016-b96.36-f10.png,2026-05-06 18:10:16,10.0,56.48331671392833,7.403335533517322,511.556065315776,96.203492,0.627431627176675
1357,C:\Users\joshy\OneDrive\Documents\Kravitz Lab\freezeData\\0506\20260506181037-b96.60-f0.png,2026-05-06 18:10:37,0.0,54.5073630166522,7.388801465696636,489.531657729984,96.426836,0.6467885547045504
1358,C:\Users\joshy\OneDrive\Documents\Kravitz Lab\freezeData\\0506\20260506181055-b96.80-f2.png,2026-05-06 18:10:55,2.0,54.83618211414373,7.392346657910331,552.597749869424,96.604092,0.678794070968595
1359,C:\Users\joshy\OneDrive\Documents\Kravitz Lab\freezeData\\0506\20260506181113-b96.91-f4.png,2026-05-06 18:11:13,4.0,55.352399096529,7.400893236834122,405.69277168254405,96.708524,0.7187100681354021
1360,C:\Users\joshy\OneDrive\Documents\Kravitz Lab\freezeData\\0506\20260506181132-b96.82-f6.png,2026-05-06 18:11:32,6.0,55.67203082338563,7.397614982124645,422.282443246576,96.672,0.6979506452223255
1361,C:\Users\joshy\OneDrive\Documents\Kravitz Lab\freezeData\\0506\20260506181151-b96.44-f8.png,2026-05-06 18:11:51,8.0,56.199411053090444,7.40355518551844,439.0577831836,96.265076,0.6605397206813044
1362,C:\Users\joshy\OneDrive\Documents\Kravitz Lab\freezeData\\0506\20260506181210-b96.29-f10.png,2026-05-06 18:12:10,10.0,56.51169316182611,7.405623919470558,502.45084767839995,96.136704,0.6276115316053893
1363,C:\Users\joshy\OneDrive\Documents\Kravitz Lab\freezeData\\0506\20260506181229-b96.54-f0.png,2026-05-06 18:12:29,0.0,54.5603614760571,7.3883219390114805,503.33023074673605,96.362728,0.6465537287506822
1364,C:\Users\joshy\OneDrive\Documents\Kravitz Lab\freezeData\\0506\20260506181248-b96.78-f2.png,2026-05-06 18:12:48,2.0,54.8638854819913,7.395789835064027,547.613041156544,96.588712,0.678694707553089
1365,C:\Users\joshy\OneDrive\Documents\Kravitz Lab\freezeData\\0506\20260506181305-b96.90-f4.png,2026-05-06 18:13:05,4.0,55.361173769168005,7.399137940229908,432.833921072576,96.708228,0.7190207588359064
1366,C:\Users\joshy\OneDrive\Documents\Kravitz Lab\freezeData\\0506\20260506181326-b96.81-f6.png,2026-05-06 18:13:26,6.0,55.71133373957497,7.398018507633972,435.1409587987841,96.628736,0.6981251006464093
1367,C:\Users\joshy\OneDrive\Documents\Kravitz Lab\freezeData\\0506\20260506181344-b96.77-f8.png,2026-05-06 18:13:44,8.0,56.10029951175305,7.398797635279247,452.5660710687841,96.60554,0.6618897330929303
1368,C:\Users\joshy\OneDrive\Documents\Kravitz Lab\freezeData\\0506\20260506181402-b96.23-f10.png,2026-05-06 18:14:02,10.0,56.55225407782165,7.4069523038965475,521.528707386224,96.086248,0.6266288216763014
1369,C:\Users\joshy\OneDrive\Documents\Kravitz Lab\freezeData\\0506\20260506181421-b96.60-f0.png,2026-05-06 18:14:21,0.0,54.49518494635224,7.387525223005388,489.77675420153605,96.423308,0.6465103765441569
1370,C:\Users\joshy\OneDrive\Documents\Kravitz Lab\freezeData\\0506\20260506181442-b96.77-f2.png,2026-05-06 18:14:42,2.0,54.89848190257563,7.399310380909323,544.863346654656,96.579024,0.6783064106284884
1371,C:\Users\joshy\OneDrive\Documents\Kravitz Lab\freezeData\\0506\20260506181502-b97.01-f4.png,2026-05-06 18:15:02,4.0,55.23471915366335,7.394112712430506,431.6077058098559,96.815544,0.7194354358723387
1372,C:\Users\joshy\OneDrive\Documents\Kravitz Lab\freezeData\\0506\20260506181522-b96.86-f6.png,2026-05-06 18:15:22,6.0,55.7044339388686,7.3998386204400415,434.632290893296,96.710332,0.6977387663497313
1373,C:\Users\joshy\OneDrive\Documents\Kravitz Lab\freezeData\\0506\20260506181540-b96.45-f8.png,2026-05-06 18:15:40,8.0,56.22638431475031,7.4061593654011055,458.75274903065616,96.2967,0.6614243513797244
1374,C:\Users\joshy\OneDrive\Documents\Kravitz Lab\freezeData\\0506\20260506181559-b96.15-f10.png,2026-05-06 18:15:59,10.0,56.57050881663895,7.405875693132114,527.029797406656,96.000476,0.6268385351888183
1375,C:\Users\joshy\OneDrive\Documents\Kravitz Lab\freezeData\\0506\20260506181622-b96.45-f0.png,2026-05-06 18:16:22,0.0,54.539468951868756,7.386787000523373,495.970698468096,96.272988,0.6473265004985947
1376,C:\Users\joshy\OneDrive\Documents\Kravitz Lab\freezeData\\0506\20260506181640-b96.82-f2.png,2026-05-06 18:16:40,2.0,54.83612225783206,7.395957372407306,544.7495506361439,96.634936,0.6791709587327898
1377,C:\Users\joshy\OneDrive\Documents\Kravitz Lab\freezeData\\0506\20260506181658-b96.69-f4.png,2026-05-06 18:16:58,4.0,55.35066915961598,7.399128630763442,434.3322191195999,96.511644,0.7194771093275841
1378,C:\Users\joshy\OneDrive\Documents\Kravitz Lab\freezeData\\0506\20260506181719-b96.84-f6.png,2026-05-06 18:17:19,6.0,55.79099002957019,7.401079639094619,417.68830310886403,96.66302,0.6974304314167041
1379,C:\Users\joshy\OneDrive\Documents\Kravitz Lab\freezeData\\0506\20260506181739-b96.50-f8.png,2026-05-06 18:17:39,8.0,56.17927229005374,7.4019309710042505,456.1758198896,96.3436,0.6606086254746173
1380,C:\Users\joshy\OneDrive\Documents\Kravitz Lab\freezeData\\0506\20260506181758-b96.07-f10.png,2026-05-06 18:17:58,10.0,56.50991936724228,7.400018397286073,517.886545025264,95.913576,0.6273579168906707
1381,C:\Users\joshy\OneDrive\Documents\Kravitz Lab\freezeData\\0506\20260506181818-b96.47-f0.png,2026-05-06 18:18:18,0.0,54.60444963700303,7.389767062113877,492.8317378496001,96.2972,0.6473950938261562
1382,C:\Users\joshy\OneDrive\Documents\Kravitz Lab\freezeData\\0506\20260506181837-b96.61-f2.png,2026-05-06 18:18:37,2.0,54.91902753765635,7.396822293667167,544.2660542974559,96.419512,0.678695394512097
1383,C:\Users\joshy\OneDrive\Documents\Kravitz Lab\freezeData\\0506\20260506181857-b96.89-f4.png,2026-05-06 18:18:57,4.0,55.35591252753765,7.39758561218989,426.091129156544,96.69794,0.7188422799850089
1384,C:\Users\joshy\OneDrive\Documents\Kravitz Lab\freezeData\\0506\20260506181916-b96.76-f6.png,2026-05-06 18:19:16,6.0,55.77167981438608,7.399742322285173,425.755066943216,96.57896,0.6969520315420956
1385,C:\Users\joshy\OneDrive\Documents\Kravitz Lab\freezeData\\0506\20260506181934-b96.39-f8.png,2026-05-06 18:19:34,8.0,56.15853117679642,7.397990499511667,460.189534428144,96.230972,0.6605989810673593
1386,C:\Users\joshy\OneDrive\Documents\Kravitz Lab\freezeData\\0506\20260506181952-b95.81-f10.png,2026-05-06 18:19:52,10.0,56.67266597920024,7.408306026656716,520.639754056304,95.6659,0.6278137576479159
1387,C:\Users\joshy\OneDrive\Documents\Kravitz Lab\freezeData\\0506\20260506182011-b96.41-f0.png,2026-05-06 18:20:11,0.0,54.56847644413672,7.385849733302666,491.23420400000003,96.232264,0.6478547146192574
1388,C:\Users\joshy\OneDrive\Documents\Kravitz Lab\freezeData\\0506\20260506182032-b96.54-f2.png,2026-05-06 18:20:32,2.0,54.946113546598504,7.3950525340716755,563.9069920796,96.355452,0.6794948474619285
1389,C:\Users\joshy\OneDrive\Documents\Kravitz Lab\freezeData\\0506\20260506182050-b96.52-f4.png,2026-05-06 18:20:50,4.0,55.396673133884136,7.39602805693205,444.06834066673593,96.34324,0.7202446569572206
1390,C:\Users\joshy\OneDrive\Documents\Kravitz Lab\freezeData\\0506\20260506182109-b96.65-f6.png,2026-05-06 18:21:09,6.0,55.74834029090014,7.394147066286806,437.41837864510404,96.4941,0.6983546022595594
1391,C:\Users\joshy\OneDrive\Documents\Kravitz Lab\freezeData\\0506\20260506182130-b96.30-f8.png,2026-05-06 18:21:30,8.0,56.13073316300709,7.394073639753157,464.7326625136,96.143536,0.6614066570038035
1392,C:\Users\joshy\OneDrive\Documents\Kravitz Lab\freezeData\\0506\20260506182148-b95.76-f10.png,2026-05-06 18:21:48,10.0,56.544016592753074,7.398690295508278,523.884050661104,95.612408,0.6285116060838395
1393,C:\Users\joshy\OneDrive\Documents\Kravitz Lab\freezeData\\0506\20260506182207-b96.14-f0.png,2026-05-06 18:22:07,0.0,54.59481487423142,7.3834034143557865,501.144387230144,95.97978,0.6492462405765976
1394,C:\Users\joshy\OneDrive\Documents\Kravitz Lab\freezeData\\0506\20260506182230-b96.38-f2.png,2026-05-06 18:22:30,2.0,54.982335415783275,7.394754445714712,561.1017450725759,96.205952,0.6805973970706836
1395,C:\Users\joshy\OneDrive\Documents\Kravitz Lab\freezeData\\0506\20260506182247-b96.64-f4.png,2026-05-06 18:22:47,4.0,55.32049120043834,7.391589300212184,430.271373302256,96.461668,0.7216642579954357
1396,C:\Users\joshy\OneDrive\Documents\Kravitz Lab\freezeData\\0506\20260506182306-b96.28-f6.png,2026-05-06 18:23:06,6.0,55.79997319035557,7.3952579902071855,448.28647125350403,96.13666,0.6989074301089025
1397,C:\Users\joshy\OneDrive\Documents\Kravitz Lab\freezeData\\0506\20260506182326-b96.32-f8.png,2026-05-06 18:23:26,8.0,56.17156206324635,7.393907943935287,471.1247745136,96.169692,0.6625901195689157
1398,C:\Users\joshy\OneDrive\Documents\Kravitz Lab\freezeData\\0506\20260506182343-b95.76-f10.png,2026-05-06 18:23:43,10.0,56.54197950633861,7.397907040510356,527.146220223216,95.615972,0.6297516167894891
1399,C:\Users\joshy\OneDrive\Documents\Kravitz Lab\freezeData\\0506\20260506182402-b95.91-f0.png,2026-05-06 18:24:02,0.0,54.60616678897006,7.377217764214619,513.4160286437759,95.747428,0.6503554291654984
1400,C:\Users\joshy\OneDrive\Documents\Kravitz Lab\freezeData\\0506\20260506182421-b96.38-f2.png,2026-05-06 18:24:21,2.0,54.91681406261452,7.388755179061447,549.087875870976,96.194168,0.681469134624992
1401,C:\Users\joshy\OneDrive\Documents\Kravitz Lab\freezeData\\0506\20260506182439-b96.50-f4.png,2026-05-06 18:24:39,4.0,55.35905353274039,7.390966940226316,444.14932038239994,96.321428,0.7229367113106627
1402,C:\Users\joshy\OneDrive\Documents\Kravitz Lab\freezeData\\0506\20260506182458-b96.34-f6.png,2026-05-06 18:24:58,6.0,55.67570607333507,7.387045927395938,448.56651424702403,96.18434,0.7010238731763673
1403,C:\Users\joshy\OneDrive\Documents\Kravitz Lab\freezeData\\0506\20260506182518-b95.91-f8.png,2026-05-06 18:25:18,8.0,56.237225990650145,7.395719787312925,462.4710478059361,95.736112,0.6643862905579992
1404,C:\Users\joshy\OneDrive\Documents\Kravitz Lab\freezeData\\0506\20260506182536-b95.62-f10.png,2026-05-06 18:25:36,10.0,56.518120121236024,7.3976796528967705,537.275071126256,95.466744,0.6315794612841582
1405,C:\Users\joshy\OneDrive\Documents\Kravitz Lab\freezeData\\0506\20260506182556-b96.06-f0.png,2026-05-06 18:25:56,0.0,54.6314300713315,7.379608663247851,515.1846991247361,95.893904,0.6517708813278896
1406,C:\Users\joshy\OneDrive\Documents\Kravitz Lab\freezeData\\0506\20260506182614-b96.27-f2.png,2026-05-06 18:26:14,2.0,54.88214895188504,7.3836387351844275,544.93195775,96.100152,0.6834392884107912
1407,C:\Users\joshy\OneDrive\Documents\Kravitz Lab\freezeData\\0506\20260506182633-b96.34-f4.png,2026-05-06 18:26:33,4.0,55.227755904677345,7.38128762102283,440.62786608537596,96.171376,0.7251675247732523
1408,C:\Users\joshy\OneDrive\Documents\Kravitz Lab\freezeData\\0506\20260506182653-b96.28-f6.png,2026-05-06 18:26:53,6.0,55.714115035639,7.388000914386477,445.15208634105596,96.123328,0.7031704802162847
1409,C:\Users\joshy\OneDrive\Documents\Kravitz Lab\freezeData\\0506\20260506182712-b95.89-f8.png,2026-05-06 18:27:12,8.0,56.148652274205695,7.388128159722315,453.25813916721603,95.719344,0.6671055690641865
1410,C:\Users\joshy\OneDrive\Documents\Kravitz Lab\freezeData\\0506\20260506182732-b95.77-f10.png,2026-05-06 18:27:32,10.0,56.49014584477558,7.392019049243585,519.0259424281439,95.610772,0.6331566220847288
1411,C:\Users\joshy\OneDrive\Documents\Kravitz Lab\freezeData\\0506\20260506182753-b96.02-f0.png,2026-05-06 18:27:53,0.0,54.58049873576694,7.372413416839828,499.62503110705603,95.852712,0.6536026847309133
1412,C:\Users\joshy\OneDrive\Documents\Kravitz Lab\freezeData\\0506\20260506182812-b96.20-f2.png,2026-05-06 18:28:12,2.0,54.869807650654515,7.379587032751995,552.216053219184,96.022724,0.6861504466756722
1413,C:\Users\joshy\OneDrive\Documents\Kravitz Lab\freezeData\\0506\20260506182831-b96.32-f4.png,2026-05-06 18:28:31,4.0,55.21232274947773,7.3773903250085615,430.84531988889603,96.136252,0.7261241466050499
1414,C:\Users\joshy\OneDrive\Documents\Kravitz Lab\freezeData\\0506\20260506182850-b96.11-f6.png,2026-05-06 18:28:50,6.0,55.57685806798884,7.384210365086317,448.89695056,95.963568,0.704951203357114
1415,C:\Users\joshy\OneDrive\Documents\Kravitz Lab\freezeData\\0506\20260506182909-b95.98-f8.png,2026-05-06 18:29:09,8.0,56.080240400785584,7.3860323896872835,477.9824771363841,95.825436,0.667504590878225
1416,C:\Users\joshy\OneDrive\Documents\Kravitz Lab\freezeData\\0506\20260506182927-b95.56-f10.png,2026-05-06 18:29:27,10.0,56.402772557704075,7.393830142889039,516.379617982464,95.420352,0.6332830410057333
1417,C:\Users\joshy\OneDrive\Documents\Kravitz Lab\freezeData\\0506\20260506182947-b95.80-f0.png,2026-05-06 18:29:47,0.0,54.50635254647385,7.372983765636235,503.534417553904,95.620748,0.6541351462793247
1418,C:\Users\joshy\OneDrive\Documents\Kravitz Lab\freezeData\\0506\20260506183006-b96.35-f2.png,2026-05-06 18:30:06,2.0,54.74722571804507,7.388407477233931,567.287553689856,96.184868,0.685327454055081
1419,C:\Users\joshy\OneDrive\Documents\Kravitz Lab\freezeData\\0506\20260506183025-b96.28-f4.png,2026-05-06 18:30:25,4.0,55.042408502357524,7.382884065346406,442.7003449456639,96.10814,0.725674533383469
1420,C:\Users\joshy\OneDrive\Documents\Kravitz Lab\freezeData\\0506\20260506183044-b95.97-f6.png,2026-05-06 18:30:44,6.0,55.461500436697314,7.384787165043679,439.17059104742407,95.824668,0.702315525894734
1421,C:\Users\joshy\OneDrive\Documents\Kravitz Lab\freezeData\\0506\20260506183103-b95.85-f8.png,2026-05-06 18:31:03,8.0,55.84791721568138,7.38387950990598,458.6301270000001,95.68948,0.6648768717775282
1422,C:\Users\joshy\OneDrive\Documents\Kravitz Lab\freezeData\\0506\20260506183121-b95.67-f10.png,2026-05-06 18:31:21,10.0,56.29241367492696,7.393185598082151,504.891592821184,95.508164,0.6295325666448417
1423,C:\Users\joshy\OneDrive\Documents\Kravitz Lab\freezeData\\0506\20260506183140-b95.71-f0.png,2026-05-06 18:31:40,0.0,54.26993931517654,7.371873725791561,493.716107640256,95.540084,0.6523894660710416
1424,C:\Users\joshy\OneDrive\Documents\Kravitz Lab\freezeData\\0506\20260506183159-b96.29-f2.png,2026-05-06 18:31:59,2.0,54.54071286888708,7.382425630718988,560.395125384816,96.110796,0.6798975740780564
1425,C:\Users\joshy\OneDrive\Documents\Kravitz Lab\freezeData\\0506\20260506183217-b96.14-f4.png,2026-05-06 18:32:17,4.0,54.901778890071824,7.375160626658189,419.815127317104,95.946608,0.7210127141531926
1426,C:\Users\joshy\OneDrive\Documents\Kravitz Lab\freezeData\\0506\20260506183237-b95.95-f6.png,2026-05-06 18:32:37,6.0,55.35484477050167,7.3809500153438385,433.675142482176,95.795392,0.6980620510224467
1427,C:\Users\joshy\OneDrive\Documents\Kravitz Lab\freezeData\\0506\20260506183256-b96.09-f8.png,2026-05-06 18:32:56,8.0,55.65779878940395,7.380606961256065,474.8066042213761,95.947332,0.6594438785491252
1428,C:\Users\joshy\OneDrive\Documents\Kravitz Lab\freezeData\\0506\20260506183315-b95.69-f10.png,2026-05-06 18:33:15,10.0,56.08896925235706,7.385977287195784,513.907755440064,95.532988,0.6264287641622382
1429,C:\Users\joshy\OneDrive\Documents\Kravitz Lab\freezeData\\0506\20260506183335-b95.93-f0.png,2026-05-06 18:33:35,0.0,54.150205498258266,7.373604545264646,515.787609652976,95.75158,0.6447488224723739
1430,C:\Users\joshy\OneDrive\Documents\Kravitz Lab\freezeData\\0506\20260506183353-b96.32-f2.png,2026-05-06 18:33:53,2.0,54.39067070652628,7.38004314300847,569.8055444505442,96.131332,0.6747450830034044
1431,C:\Users\joshy\OneDrive\Documents\Kravitz Lab\freezeData\\0506\20260506183412-b96.35-f4.png,2026-05-06 18:34:12,4.0,54.74986078526958,7.37631166692905,428.211204881776,96.16456,0.714530479099064
1432,C:\Users\joshy\OneDrive\Documents\Kravitz Lab\freezeData\\0506\20260506183431-b96.12-f6.png,2026-05-06 18:34:31,6.0,55.228536563981336,7.380781968073058,431.50111846240003,95.952324,0.6921183013693534
1433,C:\Users\joshy\OneDrive\Documents\Kravitz Lab\freezeData\\0506\20260506183449-b95.95-f8.png,2026-05-06 18:34:49,8.0,55.756270556634476,7.3873072266003,468.661645346304,95.799876,0.6555053836543246
1434,C:\Users\joshy\OneDrive\Documents\Kravitz Lab\freezeData\\0506\20260506183508-b95.71-f10.png,2026-05-06 18:35:08,10.0,55.99673122094125,7.388942222380515,530.992143222784,95.575608,0.62242443039247
1435,C:\Users\joshy\OneDrive\Documents\Kravitz Lab\freezeData\\0506\20260506183527-b95.99-f0.png,2026-05-06 18:35:27,0.0,54.06012152409205,7.369802892673414,502.363439211456,95.82002,0.641344274280666
1436,C:\Users\joshy\OneDrive\Documents\Kravitz Lab\freezeData\\0506\20260506183544-b96.55-f2.png,2026-05-06 18:35:44,2.0,54.42935423316489,7.3830570980409185,567.5885454464001,96.364716,0.6709635768030835
1437,C:\Users\joshy\OneDrive\Documents\Kravitz Lab\freezeData\\0506\20260506183605-b96.31-f4.png,2026-05-06 18:36:05,4.0,54.811576174952826,7.377040579976003,444.494594354624,96.130312,0.7116078959468022
1438,C:\Users\joshy\OneDrive\Documents\Kravitz Lab\freezeData\\0506\20260506183623-b96.09-f6.png,2026-05-06 18:36:23,6.0,55.29633549393074,7.383004349695629,441.409394161264,95.928216,0.6896513292106873
1439,C:\Users\joshy\OneDrive\Documents\Kravitz Lab\freezeData\\0506\20260506183641-b96.15-f8.png,2026-05-06 18:36:41,8.0,55.66928127868856,7.383434969998644,456.1779997056,95.989516,0.6537922348596196
1440,C:\Users\joshy\OneDrive\Documents\Kravitz Lab\freezeData\\0506\20260506183700-b95.62-f10.png,2026-05-06 18:37:00,10.0,56.0628445536865,7.389784438732699,524.146876350064,95.476072,0.6199259347504626
1441,C:\Users\joshy\OneDrive\Documents\Kravitz Lab\freezeData\\0506\20260506183719-b95.84-f0.png,2026-05-06 18:37:19,0.0,54.11017043437568,7.372604686298165,501.58648745830396,95.655896,0.6379191236818263
1442,C:\Users\joshy\OneDrive\Documents\Kravitz Lab\freezeData\\0506\20260506183737-b96.22-f2.png,2026-05-06 18:37:37,2.0,54.439646808482365,7.382500307922579,552.7805941242241,96.028764,0.6686402921197823
1443,C:\Users\joshy\OneDrive\Documents\Kravitz Lab\freezeData\\0506\20260506183756-b96.50-f4.png,2026-05-06 18:37:56,4.0,54.85299491103471,7.380925868730908,437.8482100464,96.3073,0.7092507767037343
1444,C:\Users\joshy\OneDrive\Documents\Kravitz Lab\freezeData\\0506\20260506183816-b96.26-f6.png,2026-05-06 18:38:16,6.0,55.22057599999058,7.380273704429924,433.73991113881607,96.091292,0.6887444560061406
1445,C:\Users\joshy\OneDrive\Documents\Kravitz Lab\freezeData\\0506\20260506183835-b95.91-f8.png,2026-05-06 18:38:35,8.0,55.69643900133566,7.382837389642294,477.4446366026241,95.758864,0.6523122284031622
1446,C:\Users\joshy\OneDrive\Documents\Kravitz Lab\freezeData\\0506\20260506183854-b95.52-f10.png,2026-05-06 18:38:54,10.0,56.200328268387324,7.39536197009983,525.9255176816001,95.384248,0.6190298385542832
1447,C:\Users\joshy\OneDrive\Documents\Kravitz Lab\freezeData\\0506\20260506183914-b96.03-f0.png,2026-05-06 18:39:14,0.0,54.157646119761004,7.36988691027492,505.171771574896,95.845356,0.6369481208453482
1448,C:\Users\joshy\OneDrive\Documents\Kravitz Lab\freezeData\\0506\20260506183932-b96.10-f2.png,2026-05-06 18:39:32,2.0,54.43898319059767,7.3773838826063285,573.9033189644639,95.919768,0.6682054222605337
1449,C:\Users\joshy\OneDrive\Documents\Kravitz Lab\freezeData\\0506\20260506183951-b96.17-f4.png,2026-05-06 18:39:51,4.0,54.823587095590305,7.375367874609317,433.87968276505603,95.979168,0.708808976088002
1450,C:\Users\joshy\OneDrive\Documents\Kravitz Lab\freezeData\\0506\20260506184011-b96.32-f6.png,2026-05-06 18:40:11,6.0,55.15722351250048,7.374711280032186,416.25304672761604,96.162992,0.6875415115683754
1451,C:\Users\joshy\OneDrive\Documents\Kravitz Lab\freezeData\\0506\20260506184030-b95.87-f8.png,2026-05-06 18:40:30,8.0,55.696284352606504,7.3822575588013875,469.95193376000003,95.72556,0.6516084549172191
1452,C:\Users\joshy\OneDrive\Documents\Kravitz Lab\freezeData\\0506\20260506184050-b95.71-f10.png,2026-05-06 18:40:50,10.0,56.059549211164516,7.387804404197615,525.474623222784,95.589968,0.6195308740878381
1453,C:\Users\joshy\OneDrive\Documents\Kravitz Lab\freezeData\\0506\20260506184109-b95.92-f0.png,2026-05-06 18:41:09,0.0,54.177304303247716,7.373915243445144,501.77923199360004,95.756036,0.6367899009446465
1454,C:\Users\joshy\OneDrive\Documents\Kravitz Lab\freezeData\\0506\20260506184127-b96.09-f2.png,2026-05-06 18:41:27,2.0,54.44832911008014,7.380623685556771,545.585397177456,95.90302,0.6672199267970649
1455,C:\Users\joshy\OneDrive\Documents\Kravitz Lab\freezeData\\0506\20260506184146-b96.13-f4.png,2026-05-06 18:41:46,4.0,54.890323528143426,7.37713803258621,427.04925031654403,95.943088,0.7085221708458451
1456,C:\Users\joshy\OneDrive\Documents\Kravitz Lab\freezeData\\0506\20260506184206-b95.99-f6.png,2026-05-06 18:42:06,6.0,55.23318216796914,7.37563605133287,442.455698351344,95.833544,0.6882205018664875
1457,C:\Users\joshy\OneDrive\Documents\Kravitz Lab\freezeData\\0506\20260506184224-b95.99-f8.png,2026-05-06 18:42:24,8.0,55.6623143917103,7.379285725168544,459.498252360304,95.84172,0.6525292149973213
1458,C:\Users\joshy\OneDrive\Documents\Kravitz Lab\freezeData\\0506\20260506184243-b95.89-f10.png,2026-05-06 18:42:43,10.0,56.0591451152193,7.387189544712659,515.903626339584,95.737472,0.6208525805036895
1459,C:\Users\joshy\OneDrive\Documents\Kravitz Lab\freezeData\\0506\20260506184303-b95.74-f0.png,2026-05-06 18:43:03,0.0,54.11274421475208,7.366147901855352,508.5439559803999,95.573604,0.6380982109182852
1460,C:\Users\joshy\OneDrive\Documents\Kravitz Lab\freezeData\\0506\20260506184323-b96.18-f2.png,2026-05-06 18:43:23,2.0,54.444144266717096,7.377463807273987,573.0685315055999,95.991336,0.6692284879614092
1461,C:\Users\joshy\OneDrive\Documents\Kravitz Lab\freezeData\\0506\20260506184340-b96.40-f4.png,2026-05-06 18:43:40,4.0,54.81488216432308,7.373775921058294,436.105054486896,96.227124,0.710016942597781
1462,C:\Users\joshy\OneDrive\Documents\Kravitz Lab\freezeData\\0506\20260506184359-b96.16-f6.png,2026-05-06 18:43:59,6.0,55.16676823890542,7.372114096147432,443.0271944723039,95.991164,0.6896935422922422
1463,C:\Users\joshy\OneDrive\Documents\Kravitz Lab\freezeData\\0506\20260506184419-b95.82-f8.png,2026-05-06 18:44:19,8.0,55.755145833181565,7.38115456043416,457.82192695345594,95.655284,0.6530313003515237
1464,C:\Users\joshy\OneDrive\Documents\Kravitz Lab\freezeData\\0506\20260506184437-b95.73-f10.png,2026-05-06 18:44:37,10.0,56.016384897060824,7.384373643704721,514.7745565393761,95.579844,0.6213098712222048
1465,C:\Users\joshy\OneDrive\Documents\Kravitz Lab\freezeData\\0506\20260506184457-b96.01-f0.png,2026-05-06 18:44:57,0.0,54.14593912578989,7.370690952210438,503.6132395904,95.814484,0.6389072699855886
1466,C:\Users\joshy\OneDrive\Documents\Kravitz Lab\freezeData\\0506\20260506184516-b96.31-f2.png,2026-05-06 18:45:16,2.0,54.431103423510194,7.375788118618073,560.316335000304,96.108056,0.6701265476141558
1467,C:\Users\joshy\OneDrive\Documents\Kravitz Lab\freezeData\\0506\20260506184536-b96.20-f4.png,2026-05-06 18:45:36,4.0,54.84317469439201,7.371311419863049,444.91502241150397,96.01102,0.7114160472322593
1468,C:\Users\joshy\OneDrive\Documents\Kravitz Lab\freezeData\\0506\20260506184614-b96.02-f8.png,2026-05-06 18:46:14,8.0,55.66021815120742,7.376137363291213,449.2424287104001,95.8556,0.655425893752704
1469,C:\Users\joshy\OneDrive\Documents\Kravitz Lab\freezeData\\0506\20260506184555-b95.98-f6.png,2026-05-06 18:45:55,6.0,55.281635216046205,7.3764173130283925,446.7494114284641,95.8172,0.6916062639630918
1470,C:\Users\joshy\OneDrive\Documents\Kravitz Lab\freezeData\\0506\20260506184633-b95.45-f10.png,2026-05-06 18:46:33,10.0,56.08085325747689,7.384541379104391,519.6346568211841,95.309312,0.6223731357020834
1471,C:\Users\joshy\OneDrive\Documents\Kravitz Lab\freezeData\\0506\20260506184653-b95.98-f0.png,2026-05-06 18:46:53,0.0,54.16509710867602,7.368231630508641,511.72412779929607,95.808764,0.6403105252870657
1472,C:\Users\joshy\OneDrive\Documents\Kravitz Lab\freezeData\\0506\20260506184710-b96.15-f2.png,2026-05-06 18:47:10,2.0,54.457439703867976,7.374738838284376,549.5129417899361,95.957328,0.670706685694709
1473,C:\Users\joshy\OneDrive\Documents\Kravitz Lab\freezeData\\0506\20260506184729-b96.19-f4.png,2026-05-06 18:47:29,4.0,54.85261351368104,7.37294444441528,433.546005709936,96.008644,0.7118078839846149
1474,C:\Users\joshy\OneDrive\Documents\Kravitz Lab\freezeData\\0506\20260506184749-b95.95-f6.png,2026-05-06 18:47:49,6.0,55.28018823224624,7.37372662148517,431.895793773936,95.777368,0.6919789231656964
1475,C:\Users\joshy\OneDrive\Documents\Kravitz Lab\freezeData\\0506\20260506184806-b95.97-f8.png,2026-05-06 18:48:06,8.0,55.70114723091437,7.377933620015462,470.52597472126394,95.8346,0.656496022652154
1476,C:\Users\joshy\OneDrive\Documents\Kravitz Lab\freezeData\\0506\20260506184824-b95.75-f10.png,2026-05-06 18:48:24,10.0,56.12991153581399,7.387272621893319,518.081750760896,95.604264,0.6233533041993039
1477,C:\Users\joshy\OneDrive\Documents\Kravitz Lab\freezeData\\0506\20260506184844-b95.69-f0.png,2026-05-06 18:48:44,0.0,54.181632389235226,7.36554705247244,509.17980798745594,95.508924,0.6412792140101753
1478,C:\Users\joshy\OneDrive\Documents\Kravitz Lab\freezeData\\0506\20260506184901-b96.19-f2.png,2026-05-06 18:49:01,2.0,54.49605949022003,7.375949622994355,564.1655706176,95.99128,0.6720383091105023
1479,C:\Users\joshy\OneDrive\Documents\Kravitz Lab\freezeData\\0506\20260506184920-b96.09-f4.png,2026-05-06 18:49:20,4.0,54.918567419554705,7.372715787663706,443.065406819824,95.917268,0.712260752246082
1480,C:\Users\joshy\OneDrive\Documents\Kravitz Lab\freezeData\\0506\20260506184940-b95.77-f6.png,2026-05-06 18:49:40,6.0,55.3510877194346,7.373442824916061,441.85539840230405,95.603616,0.6925383696210354
1481,C:\Users\joshy\OneDrive\Documents\Kravitz Lab\freezeData\\0506\20260506184958-b95.68-f8.png,2026-05-06 18:49:58,8.0,55.72779989887647,7.374281417249063,474.30620268529606,95.532472,0.6568773007178454
1482,C:\Users\joshy\OneDrive\Documents\Kravitz Lab\freezeData\\0506\20260506185016-b95.47-f10.png,2026-05-06 18:50:16,10.0,56.160026041612056,7.3859162842864965,520.7920281664001,95.318884,0.6243442377840849
1483,C:\Users\joshy\OneDrive\Documents\Kravitz Lab\freezeData\\0506\20260506185036-b95.90-f0.png,2026-05-06 18:50:36,0.0,54.23150093228384,7.366736462905179,519.845059999984,95.716764,0.6414378847670963
1484,C:\Users\joshy\OneDrive\Documents\Kravitz Lab\freezeData\\0506\20260506185113-b96.13-f4.png,2026-05-06 18:51:13,4.0,54.95573483744982,7.3741669626001505,423.1327158384,95.938352,0.7125607294907313
1485,C:\Users\joshy\OneDrive\Documents\Kravitz Lab\freezeData\\0506\20260506185054-b96.04-f2.png,2026-05-06 18:50:54,2.0,54.54907663989923,7.377641203585341,574.3324068561759,95.84688,0.6718422050049299
1486,C:\Users\joshy\OneDrive\Documents\Kravitz Lab\freezeData\\0506\20260506185132-b96.04-f6.png,2026-05-06 18:51:32,6.0,55.366443000656055,7.376092956215512,436.79809843249603,95.883152,0.692659252602815
1487,C:\Users\joshy\OneDrive\Documents\Kravitz Lab\freezeData\\0506\20260506185150-b95.73-f8.png,2026-05-06 18:51:50,8.0,55.771495787277715,7.375781569874095,465.18629591742405,95.580608,0.6566139054530784
1488,C:\Users\joshy\OneDrive\Documents\Kravitz Lab\freezeData\\0506\20260506185210-b95.50-f10.png,2026-05-06 18:52:10,10.0,56.150446532811976,7.382044465880261,517.8973406026239,95.358232,0.6240664403837749
1489,C:\Users\joshy\OneDrive\Documents\Kravitz Lab\freezeData\\0506\20260506185229-b95.79-f0.png,2026-05-06 18:52:29,0.0,54.30012086349407,7.371399185687315,515.5985559001439,95.616044,0.6409878000673546
1490,C:\Users\joshy\OneDrive\Documents\Kravitz Lab\freezeData\\0506\20260506185249-b96.03-f2.png,2026-05-06 18:52:49,2.0,54.57643318438229,7.375316525485621,575.433531018176,95.842784,0.6717957575770543
1491,C:\Users\joshy\OneDrive\Documents\Kravitz Lab\freezeData\\0506\20260506185308-b96.07-f4.png,2026-05-06 18:53:08,4.0,54.95509432407678,7.371368754795396,450.39086300030397,95.910268,0.7122458304681593
1492,C:\Users\joshy\OneDrive\Documents\Kravitz Lab\freezeData\\0506\20260506185347-b95.70-f8.png,2026-05-06 18:53:47,8.0,55.876611604503864,7.3793374316635285,462.80885355417604,95.550632,0.6564198672711788
1493,C:\Users\joshy\OneDrive\Documents\Kravitz Lab\freezeData\\0506\20260506185328-b95.94-f6.png,2026-05-06 18:53:28,6.0,55.40125984332688,7.373673471116974,449.02367480753605,95.773276,0.6918455262170173
1494,C:\Users\joshy\OneDrive\Documents\Kravitz Lab\freezeData\\0506\20260506185407-b95.47-f10.png,2026-05-06 18:54:07,10.0,56.25029855478614,7.388159550220572,522.195704790896,95.320132,0.6233987049078301
1495,C:\Users\joshy\OneDrive\Documents\Kravitz Lab\freezeData\\0506\20260506185426-b95.56-f0.png,2026-05-06 18:54:26,0.0,54.261043189497784,7.36661553852643,518.8445517696,95.369616,0.6409924082685032
1496,C:\Users\joshy\OneDrive\Documents\Kravitz Lab\freezeData\\0506\20260506185445-b95.91-f2.png,2026-05-06 18:54:45,2.0,54.62834689681817,7.376681274744774,579.865104015984,95.710664,0.6712716979509292
1497,C:\Users\joshy\OneDrive\Documents\Kravitz Lab\freezeData\\0506\20260506185504-b95.85-f4.png,2026-05-06 18:55:04,4.0,55.026390732939625,7.372441978713099,445.62968894566404,95.679184,0.7114809420357093
1498,C:\Users\joshy\OneDrive\Documents\Kravitz Lab\freezeData\\0506\20260506185525-b95.80-f6.png,2026-05-06 18:55:25,6.0,55.40622881499429,7.370639751551749,450.208270763456,95.631364,0.691775151908833
1499,C:\Users\joshy\OneDrive\Documents\Kravitz Lab\freezeData\\0506\20260506185545-b95.50-f8.png,2026-05-06 18:55:45,8.0,55.870039966806395,7.375565623034964,474.893004360304,95.345384,0.6565385975158886
1500,C:\Users\joshy\OneDrive\Documents\Kravitz Lab\freezeData\\0506\20260506185622-b95.55-f0.png,2026-05-06 18:56:22,0.0,54.28761904064329,7.365088074524788,521.2986198897761,95.371272,0.6411039274313954
1501,C:\Users\joshy\OneDrive\Documents\Kravitz Lab\freezeData\\0506\20260506185602-b95.23-f10.png,2026-05-06 18:56:02,10.0,56.2415777928025,7.38228441413374,524.198305004144,95.099012,0.6237324353587779
1502,C:\Users\joshy\OneDrive\Documents\Kravitz Lab\freezeData\\0506\20260506185641-b95.87-f2.png,2026-05-06 18:56:41,2.0,54.62319757213765,7.375371735521697,561.8223339876961,95.670596,0.6711816202763428
1503,C:\Users\joshy\OneDrive\Documents\Kravitz Lab\freezeData\\0506\20260506185717-b95.92-f6.png,2026-05-06 18:57:17,6.0,55.422587737690634,7.371419496148103,418.99079174598404,95.736272,0.6916821119000798
1504,C:\Users\joshy\OneDrive\Documents\Kravitz Lab\freezeData\\0506\20260506185659-b95.98-f4.png,2026-05-06 18:56:59,4.0,55.01710517761529,7.36963998510123,452.89931790897606,95.814404,0.7119936686942935
1505,C:\Users\joshy\OneDrive\Documents\Kravitz Lab\freezeData\\0506\20260506185736-b95.60-f8.png,2026-05-06 18:57:36,8.0,55.82126959689985,7.372063621433761,471.169172182384,95.445332,0.6556994460177765
1506,C:\Users\joshy\OneDrive\Documents\Kravitz Lab\freezeData\\0506\20260506185756-b95.29-f10.png,2026-05-06 18:57:56,10.0,56.325308345065054,7.38585523978856,524.0430564448641,95.139312,0.6236947306262367
1507,C:\Users\joshy\OneDrive\Documents\Kravitz Lab\freezeData\\0506\20260506185814-b95.60-f0.png,2026-05-06 18:58:14,0.0,54.39390627148964,7.368510044559173,507.251919600576,95.40778,0.6408324938140215
1508,C:\Users\joshy\OneDrive\Documents\Kravitz Lab\freezeData\\0506\20260506185835-b95.86-f2.png,2026-05-06 18:58:35,2.0,54.62024277342444,7.371909318592356,582.2755111775839,95.676724,0.671036900312777
1509,C:\Users\joshy\OneDrive\Documents\Kravitz Lab\freezeData\\0506\20260506185855-b96.10-f4.png,2026-05-06 18:58:55,4.0,54.97924899426488,7.367680048457293,457.1812743165439,95.939568,0.7118569384077161
1510,C:\Users\joshy\OneDrive\Documents\Kravitz Lab\freezeData\\0506\20260506185913-b95.91-f6.png,2026-05-06 18:59:13,6.0,55.417940277769105,7.371858555819381,438.44608650182397,95.758796,0.6915665001811417
1511,C:\Users\joshy\OneDrive\Documents\Kravitz Lab\freezeData\\0506\20260506185931-b95.67-f8.png,2026-05-06 18:59:31,8.0,55.86952452900955,7.3770020605895095,466.629959888896,95.52032,0.655499241702034
1512,C:\Users\joshy\OneDrive\Documents\Kravitz Lab\freezeData\\0506\20260506185951-b95.47-f10.png,2026-05-06 18:59:51,10.0,56.24624314569015,7.383813129615031,523.503607861744,95.318352,0.6234650400094645
1513,C:\Users\joshy\OneDrive\Documents\Kravitz Lab\freezeData\\0506\20260506190009-b95.64-f0.png,2026-05-06 19:00:09,0.0,54.332280158769855,7.3662411435381525,522.677787464176,95.471212,0.6411337833491638
1514,C:\Users\joshy\OneDrive\Documents\Kravitz Lab\freezeData\\0506\20260506190029-b95.87-f2.png,2026-05-06 19:00:29,2.0,54.6237620759281,7.374991631221814,577.6914388198239,95.67582,0.6710374823442621
1515,C:\Users\joshy\OneDrive\Documents\Kravitz Lab\freezeData\\0506\20260506190048-b96.14-f4.png,2026-05-06 19:00:48,4.0,55.009894301936775,7.372612828775488,450.106981669744,95.969588,0.712368509853315
1516,C:\Users\joshy\OneDrive\Documents\Kravitz Lab\freezeData\\0506\20260506190108-b95.74-f6.png,2026-05-06 19:01:08,6.0,55.43988303787821,7.375514180130004,439.57361800625597,95.607372,0.6913525985128741
1517,C:\Users\joshy\OneDrive\Documents\Kravitz Lab\freezeData\\0506\20260506190129-b95.59-f8.png,2026-05-06 19:01:29,8.0,55.87827529173519,7.375347545240552,462.15126809265604,95.439416,0.6553416583610207
1518,C:\Users\joshy\OneDrive\Documents\Kravitz Lab\freezeData\\0506\20260506190148-b95.35-f10.png,2026-05-06 19:01:48,10.0,56.19830872356085,7.381715774471143,512.1255884989439,95.201188,0.623930571853209
1519,C:\Users\joshy\OneDrive\Documents\Kravitz Lab\freezeData\\0506\20260506190208-b95.82-f0.png,2026-05-06 19:02:08,0.0,54.374849802529695,7.373444064802466,525.4412958064,95.644156,0.6411305910085957
1520,C:\Users\joshy\OneDrive\Documents\Kravitz Lab\freezeData\\0506\20260506190228-b95.95-f2.png,2026-05-06 19:02:28,2.0,54.63894078926362,7.378117287377404,577.949629588976,95.767188,0.6714157483023547
1521,C:\Users\joshy\OneDrive\Documents\Kravitz Lab\freezeData\\0506\20260506190248-b96.02-f4.png,2026-05-06 19:02:48,4.0,55.01851016858032,7.372869035015966,451.10454958897594,95.840768,0.712069690480917
1522,C:\Users\joshy\OneDrive\Documents\Kravitz Lab\freezeData\\0506\20260506190309-b95.68-f6.png,2026-05-06 19:03:09,6.0,55.47585681708309,7.375194756234095,450.12099810662403,95.538864,0.6909776337357386
1523,C:\Users\joshy\OneDrive\Documents\Kravitz Lab\freezeData\\0506\20260506190327-b95.45-f8.png,2026-05-06 19:03:27,8.0,55.865540704044605,7.379027649251697,466.833255581424,95.298144,0.655846456454629
1524,C:\Users\joshy\OneDrive\Documents\Kravitz Lab\freezeData\\0506\20260506190350-b95.33-f10.png,2026-05-06 19:03:50,10.0,56.25838240247141,7.3883385629659735,532.8791793264,95.201964,0.6243863094880561
1525,C:\Users\joshy\OneDrive\Documents\Kravitz Lab\freezeData\\0506\20260506190409-b95.62-f0.png,2026-05-06 19:04:09,0.0,54.397166467838886,7.372894777197208,518.123091146224,95.440332,0.6408941653015338
1526,C:\Users\joshy\OneDrive\Documents\Kravitz Lab\freezeData\\0506\20260506190430-b95.97-f2.png,2026-05-06 19:04:30,2.0,54.58374534167534,7.37833259943075,579.6366604924001,95.781056,0.671776014936872
1527,C:\Users\joshy\OneDrive\Documents\Kravitz Lab\freezeData\\0506\20260506190449-b96.01-f4.png,2026-05-06 19:04:49,4.0,55.04636881370338,7.374549667532112,450.48733991166387,95.830588,0.7115250464847954
1528,C:\Users\joshy\OneDrive\Documents\Kravitz Lab\freezeData\\0506\20260506190508-b95.68-f6.png,2026-05-06 19:05:08,6.0,55.44763834286095,7.37943706172365,453.674445903296,95.528464,0.6920801895609077
1529,C:\Users\joshy\OneDrive\Documents\Kravitz Lab\freezeData\\0506\20260506190527-b95.52-f8.png,2026-05-06 19:05:27,8.0,55.86661929622175,7.381040431241005,468.57615555321604,95.372468,0.6561027067198494
1530,C:\Users\joshy\OneDrive\Documents\Kravitz Lab\freezeData\\0506\20260506190547-b95.36-f10.png,2026-05-06 19:05:47,10.0,56.239331691728204,7.384606444602311,519.9139915814239,95.206424,0.6247131625886911
1531,C:\Users\joshy\OneDrive\Documents\Kravitz Lab\freezeData\\0506\20260506190607-b95.68-f0.png,2026-05-06 19:06:07,0.0,54.309958742560504,7.370446448219082,503.891139055216,95.504624,0.6419424439639262
1532,C:\Users\joshy\OneDrive\Documents\Kravitz Lab\freezeData\\0506\20260506190626-b96.00-f2.png,2026-05-06 19:06:26,2.0,54.56916430096397,7.376507946749257,571.5650431672161,95.82288,0.6719637982941896
1533,C:\Users\joshy\OneDrive\Documents\Kravitz Lab\freezeData\\0506\20260506190645-b95.83-f4.png,2026-05-06 19:06:45,4.0,54.94517883498584,7.369602972836602,450.6406743165439,95.653632,0.7126513185769645
1534,C:\Users\joshy\OneDrive\Documents\Kravitz Lab\freezeData\\0506\20260506190705-b95.67-f6.png,2026-05-06 19:07:05,6.0,55.39307740591418,7.37370521449033,443.342766299584,95.51468,0.6917116678643785
1535,C:\Users\joshy\OneDrive\Documents\Kravitz Lab\freezeData\\0506\20260506190725-b95.32-f8.png,2026-05-06 19:07:25,8.0,55.846180290202696,7.378222809216025,468.051252881776,95.171776,0.6561072741409552
1536,C:\Users\joshy\OneDrive\Documents\Kravitz Lab\freezeData\\0506\20260506190744-b95.23-f10.png,2026-05-06 19:07:44,10.0,56.21653403621664,7.3819381859158835,518.9253769510241,95.076164,0.6245956041498608
1537,C:\Users\joshy\OneDrive\Documents\Kravitz Lab\freezeData\\0506\20260506190804-b95.67-f0.png,2026-05-06 19:08:04,0.0,54.316049850664804,7.367714455047964,516.3043395955041,95.497064,0.6420794542463889
1538,C:\Users\joshy\OneDrive\Documents\Kravitz Lab\freezeData\\0506\20260506190822-b95.87-f2.png,2026-05-06 19:08:22,2.0,54.53476051863934,7.3745348698657835,579.7937948016001,95.670784,0.6727531388898174
1539,C:\Users\joshy\OneDrive\Documents\Kravitz Lab\freezeData\\0506\20260506190841-b96.00-f4.png,2026-05-06 19:08:41,4.0,54.97530689329892,7.374904454135475,441.56087717745595,95.82126,0.7129286037337874
1540,C:\Users\joshy\OneDrive\Documents\Kravitz Lab\freezeData\\0506\20260506190919-b95.28-f8.png,2026-05-06 19:09:19,8.0,55.854718543704074,7.376758364909211,468.7569848176,95.12994,0.6561715954985673
1541,C:\Users\joshy\OneDrive\Documents\Kravitz Lab\freezeData\\0506\20260506190900-b95.72-f6.png,2026-05-06 19:09:00,6.0,55.388297634856265,7.375027990890318,451.42678256,95.580976,0.6922881468166026
1542,C:\Users\joshy\OneDrive\Documents\Kravitz Lab\freezeData\\0506\20260506190938-b94.82-f10.png,2026-05-06 19:09:38,10.0,56.29934849124689,7.3819747256581705,535.896564000704,94.671556,0.6246089500160419
1543,C:\Users\joshy\OneDrive\Documents\Kravitz Lab\freezeData\\0506\20260506190957-b95.62-f0.png,2026-05-06 19:09:57,0.0,54.27415553621507,7.363942923111182,509.770118884864,95.432644,0.6424077670685436
1544,C:\Users\joshy\OneDrive\Documents\Kravitz Lab\freezeData\\0506\20260506191016-b95.88-f2.png,2026-05-06 19:10:16,2.0,54.562115452210975,7.375223083821945,552.9709509644641,95.68714,0.6722089105346268
1545,C:\Users\joshy\OneDrive\Documents\Kravitz Lab\freezeData\\0506\20260506191034-b95.89-f4.png,2026-05-06 19:10:34,4.0,54.941639465913426,7.368887348826795,436.560160249344,95.697172,0.7117039772498194
1546,C:\Users\joshy\OneDrive\Documents\Kravitz Lab\freezeData\\0506\20260506191053-b95.70-f6.png,2026-05-06 19:10:53,6.0,55.32908357596754,7.372465644439366,438.4438852840959,95.54706,0.6922778420464124
1547,C:\Users\joshy\OneDrive\Documents\Kravitz Lab\freezeData\\0506\20260506191112-b95.36-f8.png,2026-05-06 19:11:12,8.0,55.84782670068729,7.3751946969040025,439.48151691454393,95.2009,0.6561604177192086
1548,C:\Users\joshy\OneDrive\Documents\Kravitz Lab\freezeData\\0506\20260506191152-b95.38-f0.png,2026-05-06 19:11:52,0.0,54.22390599165589,7.362952704850424,498.091806901696,95.188008,0.6423376331003704
1549,C:\Users\joshy\OneDrive\Documents\Kravitz Lab\freezeData\\0506\20260506191131-b95.15-f10.png,2026-05-06 19:11:31,10.0,56.209258439006504,7.377912353651371,494.44175016550395,94.984324,0.624000960381453
1550,C:\Users\joshy\OneDrive\Documents\Kravitz Lab\freezeData\\0506\20260506191211-b96.06-f2.png,2026-05-06 19:12:11,2.0,54.518510842303236,7.380092547014545,550.065550373616,95.848608,0.672417095517593
1551,C:\Users\joshy\OneDrive\Documents\Kravitz Lab\freezeData\\0506\20260506191230-b95.77-f4.png,2026-05-06 19:12:30,4.0,54.98844558754503,7.376289005404396,441.788099805696,95.58784,0.7117915462865552
1552,C:\Users\joshy\OneDrive\Documents\Kravitz Lab\freezeData\\0506\20260506191248-b95.87-f6.png,2026-05-06 19:12:48,6.0,55.347222452175,7.372100208732769,435.947697725936,95.711884,0.6923178050102069
1553,C:\Users\joshy\OneDrive\Documents\Kravitz Lab\freezeData\\0506\20260506191310-b95.46-f8.png,2026-05-06 19:13:10,8.0,55.89045122594735,7.376708000858744,449.437348330944,95.2976,0.6566473298456099
1554,C:\Users\joshy\OneDrive\Documents\Kravitz Lab\freezeData\\0506\20260506191329-b95.41-f10.png,2026-05-06 19:13:29,10.0,56.1621731315981,7.379931119247088,522.0005867504,95.25558,0.6247841492649066
1555,C:\Users\joshy\OneDrive\Documents\Kravitz Lab\freezeData\\0506\20260506191349-b95.53-f0.png,2026-05-06 19:13:49,0.0,54.21739258914704,7.36654546363117,513.335762807536,95.342048,0.6436355411458191
1556,C:\Users\joshy\OneDrive\Documents\Kravitz Lab\freezeData\\0506\20260506191426-b96.09-f4.png,2026-05-06 19:14:26,4.0,54.942205037566524,7.374904779157555,442.4793750716,95.9081,0.712727758218251
1557,C:\Users\joshy\OneDrive\Documents\Kravitz Lab\freezeData\\0506\20260506191408-b96.08-f2.png,2026-05-06 19:14:08,2.0,54.542938940831704,7.380043481830158,570.6665273171039,95.898552,0.6725094500939343
1558,C:\Users\joshy\OneDrive\Documents\Kravitz Lab\freezeData\\0506\20260506191445-b95.69-f6.png,2026-05-06 19:14:45,6.0,55.39530570391263,7.373006401273188,434.979918781184,95.517492,0.6926565565897411
1559,C:\Users\joshy\OneDrive\Documents\Kravitz Lab\freezeData\\0506\20260506191505-b95.65-f8.png,2026-05-06 19:15:05,8.0,55.82442962980505,7.377007585787999,468.285072248816,95.500712,0.6562792299083354
1560,C:\Users\joshy\OneDrive\Documents\Kravitz Lab\freezeData\\0506\20260506191523-b95.59-f10.png,2026-05-06 19:15:23,10.0,56.2220967559203,7.381443856178895,513.1659809244161,95.430456,0.6241572164964567
1561,C:\Users\joshy\OneDrive\Documents\Kravitz Lab\freezeData\\0506\20260506191541-b95.59-f0.png,2026-05-06 19:15:41,0.0,54.23221293628516,7.367969597769993,498.90568640230407,95.394132,0.6430598640275589
1562,C:\Users\joshy\OneDrive\Documents\Kravitz Lab\freezeData\\0506\20260506191601-b96.27-f2.png,2026-05-06 19:16:01,2.0,54.63087361256688,7.384472940391851,564.994882505664,96.070088,0.6720522495381387
1563,C:\Users\joshy\OneDrive\Documents\Kravitz Lab\freezeData\\0506\20260506191619-b96.15-f4.png,2026-05-06 19:16:19,4.0,54.96233425398612,7.375808750904314,432.87397105382394,95.957652,0.7131258176666134
1564,C:\Users\joshy\OneDrive\Documents\Kravitz Lab\freezeData\\0506\20260506191659-b95.76-f8.png,2026-05-06 19:16:59,8.0,55.891007674619146,7.378824858178943,464.4802541152641,95.605892,0.6562490089249087
1565,C:\Users\joshy\OneDrive\Documents\Kravitz Lab\freezeData\\0506\20260506191638-b95.78-f6.png,2026-05-06 19:16:38,6.0,55.41864715337248,7.374800971768672,439.5139869919841,95.6113,0.6925027770699643
1566,C:\Users\joshy\OneDrive\Documents\Kravitz Lab\freezeData\\0506\20260506191717-b95.66-f10.png,2026-05-06 19:17:17,10.0,56.17791145380768,7.380789965877197,488.963815861744,95.487012,0.6242763801869986
1567,C:\Users\joshy\OneDrive\Documents\Kravitz Lab\freezeData\\0506\20260506191736-b95.80-f0.png,2026-05-06 19:17:36,0.0,54.359720476632184,7.376505984869044,506.49392282494404,95.607804,0.6420394731406268
1568,C:\Users\joshy\OneDrive\Documents\Kravitz Lab\freezeData\\0506\20260506191757-b96.31-f2.png,2026-05-06 19:17:57,2.0,54.6063993384475,7.3887945835676305,576.5507311247361,96.1027,0.6720151231656468
1569,C:\Users\joshy\OneDrive\Documents\Kravitz Lab\freezeData\\0506\20260506191815-b96.07-f4.png,2026-05-06 19:18:15,4.0,55.05606602701708,7.382686654384777,435.37169098239997,95.891144,0.711801884560346
1570,C:\Users\joshy\OneDrive\Documents\Kravitz Lab\freezeData\\0506\20260506191833-b96.15-f6.png,2026-05-06 19:18:33,6.0,55.3767905481957,7.3745678134543295,439.445075475824,95.994292,0.692115826141911
1571,C:\Users\joshy\OneDrive\Documents\Kravitz Lab\freezeData\\0506\20260506191853-b95.83-f8.png,2026-05-06 19:18:53,8.0,55.84019484208285,7.374790256101919,466.80971997977605,95.667332,0.6560035952280571
1572,C:\Users\joshy\OneDrive\Documents\Kravitz Lab\freezeData\\0506\20260506191912-b95.77-f10.png,2026-05-06 19:19:12,10.0,56.20982793932306,7.382281375296321,511.38209662961594,95.608236,0.6235271993321151
1573,C:\Users\joshy\OneDrive\Documents\Kravitz Lab\freezeData\\0506\20260506191929-b95.70-f0.png,2026-05-06 19:19:29,0.0,54.37544849255053,7.376432985812954,517.1662915852639,95.515272,0.6420991164144678
1574,C:\Users\joshy\OneDrive\Documents\Kravitz Lab\freezeData\\0506\20260506191951-b96.27-f2.png,2026-05-06 19:19:51,2.0,54.767022880747646,7.396991908418881,586.6537665244,96.073108,0.6705679942301638
1575,C:\Users\joshy\OneDrive\Documents\Kravitz Lab\freezeData\\0506\20260506192011-b96.45-f4.png,2026-05-06 19:20:11,4.0,55.040211733090416,7.38274112456691,431.81053072838404,96.262976,0.7115967950169395
1576,C:\Users\joshy\OneDrive\Documents\Kravitz Lab\freezeData\\0506\20260506192030-b96.10-f6.png,2026-05-06 19:20:30,6.0,55.429652365754556,7.376929803408186,449.773014672896,95.95454,0.6919425143264367
1577,C:\Users\joshy\OneDrive\Documents\Kravitz Lab\freezeData\\0506\20260506192049-b95.98-f8.png,2026-05-06 19:20:49,8.0,55.932758834585805,7.3777628733179474,470.89809375999994,95.822008,0.6560439388033278
1578,C:\Users\joshy\OneDrive\Documents\Kravitz Lab\freezeData\\0506\20260506192108-b95.53-f10.png,2026-05-06 19:21:08,10.0,56.28593943401496,7.383158543813655,522.978117963776,95.39452,0.6233834803234927
1579,C:\Users\joshy\OneDrive\Documents\Kravitz Lab\freezeData\\0506\20260506192127-b95.65-f0.png,2026-05-06 19:21:27,0.0,54.453427164323976,7.385972742224246,511.60552247230396,95.471892,0.6408550605509197
1580,C:\Users\joshy\OneDrive\Documents\Kravitz Lab\freezeData\\0506\20260506192146-b96.67-f2.png,2026-05-06 19:21:46,2.0,54.74480474605874,7.4003143040264545,605.9320342783359,96.476648,0.6708163071864363
1581,C:\Users\joshy\OneDrive\Documents\Kravitz Lab\freezeData\\0506\20260506192206-b96.13-f4.png,2026-05-06 19:22:06,4.0,55.07735350142685,7.384073104006261,458.74934917745594,95.950692,0.7105999149014012
1582,C:\Users\joshy\OneDrive\Documents\Kravitz Lab\freezeData\\0506\20260506192224-b95.93-f6.png,2026-05-06 19:22:24,6.0,55.454626900355215,7.377524817536762,443.44859915359996,95.75868,0.6907098807157296
1583,C:\Users\joshy\OneDrive\Documents\Kravitz Lab\freezeData\\0506\20260506192242-b95.66-f8.png,2026-05-06 19:22:42,8.0,55.948694024469376,7.37538340901185,471.5343162762239,95.513452,0.655260359731606
1584,C:\Users\joshy\OneDrive\Documents\Kravitz Lab\freezeData\\0506\20260506192302-b95.62-f10.png,2026-05-06 19:23:02,10.0,56.30683244074381,7.383214122968985,530.78879975,95.4857,0.6232524491783408
1585,C:\Users\joshy\OneDrive\Documents\Kravitz Lab\freezeData\\0506\20260506192320-b95.82-f0.png,2026-05-06 19:23:20,0.0,54.49419121096854,7.385982031793704,535.9853586544,95.65568,0.6416216718174962
1586,C:\Users\joshy\OneDrive\Documents\Kravitz Lab\freezeData\\0506\20260506192340-b96.63-f2.png,2026-05-06 19:23:40,2.0,54.839335799285685,7.40562060003488,618.8789999839839,96.452072,0.670417300050475
1587,C:\Users\joshy\OneDrive\Documents\Kravitz Lab\freezeData\\0506\20260506192359-b96.27-f4.png,2026-05-06 19:23:59,4.0,55.14953580308708,7.387525574969267,461.498170007296,96.088004,0.7098493102905464
1588,C:\Users\joshy\OneDrive\Documents\Kravitz Lab\freezeData\\0506\20260506192417-b96.01-f6.png,2026-05-06 19:24:17,6.0,55.51499208621397,7.3762518535640265,426.2839146076,95.84474,0.6896707911390925
1589,C:\Users\joshy\OneDrive\Documents\Kravitz Lab\freezeData\\0506\20260506192437-b95.77-f8.png,2026-05-06 19:24:37,8.0,55.88329002787134,7.371492921743404,463.1441148796001,95.612604,0.654371583817656
1590,C:\Users\joshy\OneDrive\Documents\Kravitz Lab\freezeData\\0506\20260506192514-b95.62-f0.png,2026-05-06 19:25:14,0.0,54.473304804867645,7.384046793175405,526.6589984023041,95.464228,0.6409775774601627
1591,C:\Users\joshy\OneDrive\Documents\Kravitz Lab\freezeData\\0506\20260506192456-b95.46-f10.png,2026-05-06 19:24:56,10.0,56.30646045171286,7.377138996261196,533.196856758784,95.327236,0.623503973980894
1592,C:\Users\joshy\OneDrive\Documents\Kravitz Lab\freezeData\\0506\20260506192534-b96.46-f2.png,2026-05-06 19:25:34,2.0,54.7485254717385,7.404745793880594,624.8339009024002,96.28948,0.6696003695239294
1593,C:\Users\joshy\OneDrive\Documents\Kravitz Lab\freezeData\\0506\20260506192554-b96.01-f4.png,2026-05-06 19:25:54,4.0,55.15933721816041,7.386076480113598,457.51027856177603,95.852292,0.7092756899366265
1594,C:\Users\joshy\OneDrive\Documents\Kravitz Lab\freezeData\\0506\20260506192612-b95.63-f6.png,2026-05-06 19:26:12,6.0,55.5071029224781,7.373715429624933,437.32979164,95.474132,0.6915882040704392
1595,C:\Users\joshy\OneDrive\Documents\Kravitz Lab\freezeData\\0506\20260506192631-b95.53-f8.png,2026-05-06 19:26:31,8.0,55.99710088079046,7.369478338289175,462.059682538224,95.389524,0.6555607691922971
1596,C:\Users\joshy\OneDrive\Documents\Kravitz Lab\freezeData\\0506\20260506192650-b95.27-f10.png,2026-05-06 19:26:50,10.0,56.31031814314617,7.369039627166611,533.205780976624,95.146392,0.6249282111655329
1597,C:\Users\joshy\OneDrive\Documents\Kravitz Lab\freezeData\\0506\20260506192710-b95.48-f0.png,2026-05-06 19:27:10,0.0,54.45979077518018,7.383547472681387,522.1804629183999,95.33106,0.6414031015154126
1598,C:\Users\joshy\OneDrive\Documents\Kravitz Lab\freezeData\\0506\20260506192728-b96.49-f2.png,2026-05-06 19:27:28,2.0,54.8484324603721,7.404035826589903,612.571960774384,96.3408,0.6694148840864073
1599,C:\Users\joshy\OneDrive\Documents\Kravitz Lab\freezeData\\0506\20260506192748-b95.94-f4.png,2026-05-06 19:27:48,4.0,55.12393428276701,7.382746573661715,451.7312855076961,95.786072,0.7105893899697616
1600,C:\Users\joshy\OneDrive\Documents\Kravitz Lab\freezeData\\0506\20260506192808-b95.51-f6.png,2026-05-06 19:28:08,6.0,55.532203186659174,7.372642895473067,456.38041914622397,95.38434,0.6917061773655844
1601,C:\Users\joshy\OneDrive\Documents\Kravitz Lab\freezeData\\0506\20260506192826-b95.36-f8.png,2026-05-06 19:28:26,8.0,55.94790592186042,7.363787219818055,478.0448993264,95.233784,0.6560287510692295
1602,C:\Users\joshy\OneDrive\Documents\Kravitz Lab\freezeData\\0506\20260506192845-b94.86-f10.png,2026-05-06 19:28:45,10.0,56.25225622796,7.361423743822779,526.6823431836,94.738456,0.6254608816336649
1603,C:\Users\joshy\OneDrive\Documents\Kravitz Lab\freezeData\\0506\20260506192904-b95.37-f0.png,2026-05-06 19:29:04,0.0,54.451463673249556,7.380683708167247,535.5545035376,95.234972,0.642182711968077
1604,C:\Users\joshy\OneDrive\Documents\Kravitz Lab\freezeData\\0506\20260506192922-b96.10-f2.png,2026-05-06 19:29:22,2.0,54.695705495628225,7.393234477611332,613.9318329164639,95.943252,0.6715662595967103
1605,C:\Users\joshy\OneDrive\Documents\Kravitz Lab\freezeData\\0506\20260506192942-b95.84-f4.png,2026-05-06 19:29:42,4.0,55.071586205118294,7.375243529560761,460.55131810481606,95.690832,0.7121103771781238
1606,C:\Users\joshy\OneDrive\Documents\Kravitz Lab\freezeData\\0506\20260506193001-b95.24-f6.png,2026-05-06 19:30:01,6.0,55.39922029111601,7.362665095240721,436.607899464176,95.10558,0.6916307999824458
1607,C:\Users\joshy\OneDrive\Documents\Kravitz Lab\freezeData\\0506\20260506193019-b94.68-f8.png,2026-05-06 19:30:19,8.0,55.75643846923597,7.3539723591863995,462.78271595710396,94.580952,0.6576239635907117
1608,C:\Users\joshy\OneDrive\Documents\Kravitz Lab\freezeData\\0506\20260506193039-b94.56-f10.png,2026-05-06 19:30:39,10.0,56.150789485963095,7.35310661644657,525.9234582803841,94.447084,0.6267938428223491
1609,C:\Users\joshy\OneDrive\Documents\Kravitz Lab\freezeData\\0506\20260506193058-b95.40-f0.png,2026-05-06 19:30:58,0.0,54.33043343855022,7.3703968968405595,530.744722754544,95.246208,0.6446763840819685
1610,C:\Users\joshy\OneDrive\Documents\Kravitz Lab\freezeData\\0506\20260506193116-b95.89-f2.png,2026-05-06 19:31:16,2.0,54.541598803513786,7.381570268993183,585.1645920478561,95.718888,0.6731296274128603
1611,C:\Users\joshy\OneDrive\Documents\Kravitz Lab\freezeData\\0506\20260506193135-b95.07-f4.png,2026-05-06 19:31:35,4.0,54.941694303415005,7.366509708350186,449.653655522544,94.915436,0.7125000504364838
1612,C:\Users\joshy\OneDrive\Documents\Kravitz Lab\freezeData\\0506\20260506193155-b94.84-f6.png,2026-05-06 19:31:55,6.0,55.27347890497416,7.350872822814362,441.61507898393603,94.699624,0.6936345138735484
1613,C:\Users\joshy\OneDrive\Documents\Kravitz Lab\freezeData\\0506\20260506193213-b94.45-f8.png,2026-05-06 19:32:13,8.0,55.71660827189695,7.34429884285996,462.9269962762239,94.320772,0.6577943255373754
1614,C:\Users\joshy\OneDrive\Documents\Kravitz Lab\freezeData\\0506\20260506193252-b94.80-f0.png,2026-05-06 19:32:52,0.0,54.30640453389475,7.367167198500847,527.5519355266559,94.652324,0.6450432107091777
1615,C:\Users\joshy\OneDrive\Documents\Kravitz Lab\freezeData\\0506\20260506193232-b94.33-f10.png,2026-05-06 19:32:32,10.0,56.03317772008423,7.335300225318088,528.3649243309438,94.218116,0.626836931877932
1616,C:\Users\joshy\OneDrive\Documents\Kravitz Lab\freezeData\\0506\20260506193310-b95.82-f2.png,2026-05-06 19:33:10,2.0,54.429935293906205,7.373156435829613,591.246992450544,95.659072,0.6743497523828063
1617,C:\Users\joshy\OneDrive\Documents\Kravitz Lab\freezeData\\0506\20260506193349-b94.58-f6.png,2026-05-06 19:33:49,6.0,55.22206814697529,7.345655425683081,448.641839093696,94.445104,0.6952609485354422
1618,C:\Users\joshy\OneDrive\Documents\Kravitz Lab\freezeData\\0506\20260506193329-b94.85-f4.png,2026-05-06 19:33:29,4.0,54.844870695304074,7.3529284376825945,461.03022271,94.699876,0.7145780888021447
1619,C:\Users\joshy\OneDrive\Documents\Kravitz Lab\freezeData\\0506\20260506193408-b94.31-f8.png,2026-05-06 19:34:08,8.0,55.646542034433736,7.335466351848199,474.3313054464,94.1869,0.6593862929628214
1620,C:\Users\joshy\OneDrive\Documents\Kravitz Lab\freezeData\\0506\20260506193426-b93.78-f10.png,2026-05-06 19:34:26,10.0,56.01678863355221,7.335293313828101,531.8943722232159,93.648456,0.6272076268946407
1621,C:\Users\joshy\OneDrive\Documents\Kravitz Lab\freezeData\\0506\20260506193445-b94.58-f0.png,2026-05-06 19:34:45,0.0,54.19530974298053,7.357555964544568,520.726342884864,94.43432,0.6457143617214884
1622,C:\Users\joshy\OneDrive\Documents\Kravitz Lab\freezeData\\0506\20260506193523-b94.61-f4.png,2026-05-06 19:35:23,4.0,54.82381069214054,7.351845308716654,456.56228964959996,94.460844,0.7145275770041953
1623,C:\Users\joshy\OneDrive\Documents\Kravitz Lab\freezeData\\0506\20260506193505-b95.37-f2.png,2026-05-06 19:35:05,2.0,54.37838314316761,7.366707685241442,603.1255489024,95.209692,0.6742911655714725
1624,C:\Users\joshy\OneDrive\Documents\Kravitz Lab\freezeData\\0506\20260506193542-b94.15-f6.png,2026-05-06 19:35:42,6.0,55.12185508692479,7.335565026375723,449.17134762545595,94.013992,0.6954173248830436
1625,C:\Users\joshy\OneDrive\Documents\Kravitz Lab\freezeData\\0506\20260506193604-b93.84-f8.png,2026-05-06 19:36:04,8.0,55.56503297077384,7.331698462703781,472.4155633564,93.724604,0.6590691050661092
1626,C:\Users\joshy\OneDrive\Documents\Kravitz Lab\freezeData\\0506\20260506193623-b93.44-f10.png,2026-05-06 19:36:23,10.0,56.05582308369043,7.337553547480184,524.526733708736,93.3071,0.6276221734877454
1627,C:\Users\joshy\OneDrive\Documents\Kravitz Lab\freezeData\\0506\20260506193642-b94.54-f0.png,2026-05-06 19:36:42,0.0,54.12256686109468,7.351421298024013,520.689594432496,94.378656,0.6465442101637553
1628,C:\Users\joshy\OneDrive\Documents\Kravitz Lab\freezeData\\0506\20260506193720-b94.71-f4.png,2026-05-06 19:37:20,4.0,54.73568028208744,7.3469770210300975,451.068071623536,94.558652,0.714890763879742
1629,C:\Users\joshy\OneDrive\Documents\Kravitz Lab\freezeData\\0506\20260506193701-b95.04-f2.png,2026-05-06 19:37:01,2.0,54.39422116498465,7.3677942267514505,585.944517414336,94.869356,0.675117068244732
1630,C:\Users\joshy\OneDrive\Documents\Kravitz Lab\freezeData\\0506\20260506193739-b93.90-f6.png,2026-05-06 19:37:39,6.0,55.14326253112792,7.339455732172676,445.028671182784,93.774848,0.694350949600411
1631,C:\Users\joshy\OneDrive\Documents\Kravitz Lab\freezeData\\0506\20260506193757-b93.52-f8.png,2026-05-06 19:37:57,8.0,55.583794308380355,7.329310735283977,457.6421574668639,93.382892,0.6578565260904307
1632,C:\Users\joshy\OneDrive\Documents\Kravitz Lab\freezeData\\0506\20260506193816-b93.23-f10.png,2026-05-06 19:38:16,10.0,56.06727090230036,7.32808451771308,519.547659269376,93.098008,0.6257412181212786
1633,C:\Users\joshy\OneDrive\Documents\Kravitz Lab\freezeData\\0506\20260506193836-b94.47-f0.png,2026-05-06 19:38:36,0.0,54.0589320029109,7.342482072081477,529.306722006256,94.306716,0.6463384569793955
1634,C:\Users\joshy\OneDrive\Documents\Kravitz Lab\freezeData\\0506\20260506193857-b95.12-f2.png,2026-05-06 19:38:57,2.0,54.26669631570228,7.35541794171367,596.8242436736,94.944188,0.6744521431392417
1635,C:\Users\joshy\OneDrive\Documents\Kravitz Lab\freezeData\\0506\20260506193917-b94.40-f4.png,2026-05-06 19:39:17,4.0,54.74281195869076,7.340203917178802,441.438082910464,94.229632,0.7146040015418603
1636,C:\Users\joshy\OneDrive\Documents\Kravitz Lab\freezeData\\0506\20260506193955-b93.30-f8.png,2026-05-06 19:39:55,8.0,55.62252093974181,7.325758800576031,479.87479016550395,93.176228,0.6567013584808764
1637,C:\Users\joshy\OneDrive\Documents\Kravitz Lab\freezeData\\0506\20260506193935-b93.75-f6.png,2026-05-06 19:39:35,6.0,55.09193369758749,7.327231068298756,456.46065513881604,93.621068,0.6940556564766409
1638,C:\Users\joshy\OneDrive\Documents\Kravitz Lab\freezeData\\0506\20260506194014-b93.05-f10.png,2026-05-06 19:40:14,10.0,56.14422255285557,7.329858427029372,514.2817656058239,92.925368,0.6237670158991766
1639,C:\Users\joshy\OneDrive\Documents\Kravitz Lab\freezeData\\0506\20260506194034-b94.33-f0.png,2026-05-06 19:40:34,0.0,54.04303226573372,7.341200015909702,518.416354859376,94.167808,0.6440148818205289
1640,C:\Users\joshy\OneDrive\Documents\Kravitz Lab\freezeData\\0506\20260506194052-b94.77-f2.png,2026-05-06 19:40:52,2.0,54.24253384207253,7.351998683646424,608.8478961740641,94.612296,0.6726932756949349
1641,C:\Users\joshy\OneDrive\Documents\Kravitz Lab\freezeData\\0506\20260506194112-b94.52-f4.png,2026-05-06 19:41:12,4.0,54.70970068589723,7.341181436861693,432.38401869158406,94.350244,0.7122374172963125
1642,C:\Users\joshy\OneDrive\Documents\Kravitz Lab\freezeData\\0506\20260506194130-b93.88-f6.png,2026-05-06 19:41:30,6.0,55.182125358528914,7.333270516931802,436.263831267264,93.73534,0.6906921750385662
1643,C:\Users\joshy\OneDrive\Documents\Kravitz Lab\freezeData\\0506\20260506194149-b93.33-f8.png,2026-05-06 19:41:49,8.0,55.62210705095793,7.324396123726215,460.549896688384,93.190576,0.6551512284357417
1644,C:\Users\joshy\OneDrive\Documents\Kravitz Lab\freezeData\\0506\20260506194209-b93.00-f10.png,2026-05-06 19:42:09,10.0,56.152070904760905,7.328437951216854,524.069579665856,92.873948,0.6229127630761155
1645,C:\Users\joshy\OneDrive\Documents\Kravitz Lab\freezeData\\0506\20260506194228-b94.30-f0.png,2026-05-06 19:42:28,0.0,54.01564418718355,7.338909621107311,530.360825821424,94.131328,0.6434198818179517
1646,C:\Users\joshy\OneDrive\Documents\Kravitz Lab\freezeData\\0506\20260506194248-b94.80-f2.png,2026-05-06 19:42:48,2.0,54.23841820020211,7.3498468323373265,607.8938743165439,94.626772,0.672056769637486
1647,C:\Users\joshy\OneDrive\Documents\Kravitz Lab\freezeData\\0506\20260506194309-b94.37-f4.png,2026-05-06 19:43:09,4.0,54.71393243435328,7.335712586763929,459.55976550769606,94.212032,0.7111764343804315
1648,C:\Users\joshy\OneDrive\Documents\Kravitz Lab\freezeData\\0506\20260506194326-b93.66-f6.png,2026-05-06 19:43:26,6.0,55.08032406324059,7.324304271975572,448.58593031,93.53378,0.6910423990868485
1649,C:\Users\joshy\OneDrive\Documents\Kravitz Lab\freezeData\\0506\20260506194345-b93.08-f8.png,2026-05-06 19:43:45,8.0,55.65178607318547,7.323059228548175,469.703743659456,92.92762,0.6548058615794043
1650,C:\Users\joshy\OneDrive\Documents\Kravitz Lab\freezeData\\0506\20260506194404-b92.82-f10.png,2026-05-06 19:44:04,10.0,56.11314146417596,7.327718416136485,517.0564968977759,92.690376,0.6220863899522975
1651,C:\Users\joshy\OneDrive\Documents\Kravitz Lab\freezeData\\0506\20260506194423-b94.33-f0.png,2026-05-06 19:44:23,0.0,53.995837084601405,7.337313904454886,521.7003257858561,94.162928,0.6426232811455895
1652,C:\Users\joshy\OneDrive\Documents\Kravitz Lab\freezeData\\0506\20260506194444-b95.08-f2.png,2026-05-06 19:44:44,2.0,54.206732449007994,7.35311038987939,605.8375792650239,94.902608,0.6717320778833671
1653,C:\Users\joshy\OneDrive\Documents\Kravitz Lab\freezeData\\0506\20260506194504-b94.43-f4.png,2026-05-06 19:45:04,4.0,54.69828400844399,7.338652587022741,455.281378765056,94.25354,0.7109592489485339
1654,C:\Users\joshy\OneDrive\Documents\Kravitz Lab\freezeData\\0506\20260506194523-b93.71-f6.png,2026-05-06 19:45:23,6.0,55.094811642846224,7.326281848318749,442.81791528766405,93.558464,0.6904022228937599
1655,C:\Users\joshy\OneDrive\Documents\Kravitz Lab\freezeData\\0506\20260506194542-b93.22-f8.png,2026-05-06 19:45:42,8.0,55.61038008663577,7.324512107931463,468.494803682544,93.075648,0.6533844816697131
1656,C:\Users\joshy\OneDrive\Documents\Kravitz Lab\freezeData\\0506\20260506194601-b92.98-f10.png,2026-05-06 19:46:01,10.0,55.97818863473723,7.323841022512563,516.935795665856,92.840924,0.6220645689625316
1657,C:\Users\joshy\OneDrive\Documents\Kravitz Lab\freezeData\\0506\20260506194620-b94.41-f0.png,2026-05-06 19:46:20,0.0,54.00754602309199,7.339672286292851,522.626024916464,94.23806,0.6424585760519382
1658,C:\Users\joshy\OneDrive\Documents\Kravitz Lab\freezeData\\0506\20260506194640-b94.98-f2.png,2026-05-06 19:46:40,2.0,54.2660378017273,7.357672616260931,611.410819230144,94.815248,0.6713362442662335
1659,C:\Users\joshy\OneDrive\Documents\Kravitz Lab\freezeData\\0506\20260506194658-b94.27-f4.png,2026-05-06 19:46:58,4.0,54.64024731023255,7.336785479145747,459.8323261822561,94.102068,0.7109787207488766
1660,C:\Users\joshy\OneDrive\Documents\Kravitz Lab\freezeData\\0506\20260506194717-b93.75-f6.png,2026-05-06 19:47:17,6.0,55.077793579685085,7.329376909219166,414.392790867904,93.58456,0.689734769027614
1661,C:\Users\joshy\OneDrive\Documents\Kravitz Lab\freezeData\\0506\20260506194736-b93.22-f8.png,2026-05-06 19:47:36,8.0,55.58543511981764,7.327055513570375,463.711447095744,93.077888,0.6532808870217284
1662,C:\Users\joshy\OneDrive\Documents\Kravitz Lab\freezeData\\0506\20260506194754-b93.03-f10.png,2026-05-06 19:47:54,10.0,56.011693239407926,7.328247227443888,516.803706042304,92.881592,0.6224111086633585
1663,C:\Users\joshy\OneDrive\Documents\Kravitz Lab\freezeData\\0506\20260506194815-b94.32-f0.png,2026-05-06 19:48:15,0.0,53.986167765259424,7.341063644784649,512.572902084544,94.154292,0.6420614928610717
1664,C:\Users\joshy\OneDrive\Documents\Kravitz Lab\freezeData\\0506\20260506194834-b94.78-f2.png,2026-05-06 19:48:34,2.0,54.22099299302867,7.35366444054721,607.9141594203999,94.603956,0.6698804065381524
1665,C:\Users\joshy\OneDrive\Documents\Kravitz Lab\freezeData\\0506\20260506194854-b94.25-f4.png,2026-05-06 19:48:54,4.0,54.62929871757828,7.337692802774855,453.996435368896,94.08016,0.7097516761082099
1666,C:\Users\joshy\OneDrive\Documents\Kravitz Lab\freezeData\\0506\20260506194911-b93.94-f6.png,2026-05-06 19:49:11,6.0,55.058342270124186,7.3312580343579175,422.1734386544,93.775816,0.6899612187099865
1667,C:\Users\joshy\OneDrive\Documents\Kravitz Lab\freezeData\\0506\20260506194930-b93.21-f8.png,2026-05-06 19:49:30,8.0,55.559509360364224,7.324862372121194,471.936208070144,93.06434,0.6534332484955837
1668,C:\Users\joshy\OneDrive\Documents\Kravitz Lab\freezeData\\0506\20260506194949-b92.99-f10.png,2026-05-06 19:49:49,10.0,56.01668648751356,7.324185343303083,531.1573884400001,92.841296,0.6231602220450975
1669,C:\Users\joshy\OneDrive\Documents\Kravitz Lab\freezeData\\0506\20260506195010-b94.31-f0.png,2026-05-06 19:50:10,0.0,54.02349110516647,7.3416952613170645,520.4418267004,94.1391,0.6419961884812081
1670,C:\Users\joshy\OneDrive\Documents\Kravitz Lab\freezeData\\0506\20260506195027-b95.03-f2.png,2026-05-06 19:50:27,2.0,54.229105565202744,7.356456462852369,604.6612190538241,94.864436,0.6700064436225832
1671,C:\Users\joshy\OneDrive\Documents\Kravitz Lab\freezeData\\0506\20260506195046-b94.19-f4.png,2026-05-06 19:50:46,4.0,54.63949796770698,7.33844588996644,458.02639782974387,94.016788,0.7107294811193741
1672,C:\Users\joshy\OneDrive\Documents\Kravitz Lab\freezeData\\0506\20260506195105-b93.73-f6.png,2026-05-06 19:51:05,6.0,55.10107872842549,7.3288711318753785,440.843783385344,93.572684,0.6898576008418736
1673,C:\Users\joshy\OneDrive\Documents\Kravitz Lab\freezeData\\0506\20260506195124-b93.28-f8.png,2026-05-06 19:51:24,8.0,55.57911251761993,7.323498134724516,456.3170250304,93.116412,0.6528058005245057
1674,C:\Users\joshy\OneDrive\Documents\Kravitz Lab\freezeData\\0506\20260506195203-b94.25-f0.png,2026-05-06 19:52:03,0.0,54.02751630031482,7.340499304910388,529.0747665791359,94.082404,0.6410925907540176
1675,C:\Users\joshy\OneDrive\Documents\Kravitz Lab\freezeData\\0506\20260506195143-b92.99-f10.png,2026-05-06 19:51:43,10.0,55.994560783672554,7.321319854791062,517.9397767908961,92.84706,0.6230179926509817
1676,C:\Users\joshy\OneDrive\Documents\Kravitz Lab\freezeData\\0506\20260506195223-b94.75-f2.png,2026-05-06 19:52:23,2.0,54.22761607677491,7.351308333933271,617.421572435456,94.573148,0.6692899306172112
1677,C:\Users\joshy\OneDrive\Documents\Kravitz Lab\freezeData\\0506\20260506195242-b94.27-f4.png,2026-05-06 19:52:42,4.0,54.665403712660385,7.339757514971815,456.4739479679361,94.101316,0.7099204418932642
1678,C:\Users\joshy\OneDrive\Documents\Kravitz Lab\freezeData\\0506\20260506195301-b93.81-f6.png,2026-05-06 19:53:01,6.0,55.09813990265603,7.3296242846889745,436.63979967737595,93.642812,0.6894800934273758
1679,C:\Users\joshy\OneDrive\Documents\Kravitz Lab\freezeData\\0506\20260506195320-b93.28-f8.png,2026-05-06 19:53:20,8.0,55.583375658255086,7.323575528669172,473.220712070144,93.131036,0.6533862197072323
1680,C:\Users\joshy\OneDrive\Documents\Kravitz Lab\freezeData\\0506\20260506195338-b92.98-f10.png,2026-05-06 19:53:38,10.0,56.01392623497539,7.322100565422429,535.389924223216,92.831644,0.6225911312202144
1681,C:\Users\joshy\OneDrive\Documents\Kravitz Lab\freezeData\\0506\20260506195358-b94.29-f0.png,2026-05-06 19:53:58,0.0,54.06536124298441,7.340253614248782,540.373789150656,94.12716,0.6409216661459939
1682,C:\Users\joshy\OneDrive\Documents\Kravitz Lab\freezeData\\0506\20260506195416-b95.16-f2.png,2026-05-06 19:54:16,2.0,54.25688084199739,7.3559774363447055,614.3695155056001,94.981964,0.6689738753231783
1683,C:\Users\joshy\OneDrive\Documents\Kravitz Lab\freezeData\\0506\20260506195435-b94.44-f4.png,2026-05-06 19:54:35,4.0,54.74748556957275,7.343497099713497,463.014763640256,94.253132,0.7079366268253138
1684,C:\Users\joshy\OneDrive\Documents\Kravitz Lab\freezeData\\0506\20260506195454-b93.61-f6.png,2026-05-06 19:54:54,6.0,55.09465025884441,7.325967035529013,444.476902382016,93.454296,0.6870868138588219
1685,C:\Users\joshy\OneDrive\Documents\Kravitz Lab\freezeData\\0506\20260506195513-b93.14-f8.png,2026-05-06 19:55:13,8.0,55.56080677534897,7.320332470642497,462.910766611904,92.979156,0.6522309992227214
1686,C:\Users\joshy\OneDrive\Documents\Kravitz Lab\freezeData\\0506\20260506195533-b93.03-f10.png,2026-05-06 19:55:33,10.0,55.98170318938129,7.320814806025562,524.6426289145439,92.877004,0.6229550084712405
1687,C:\Users\joshy\OneDrive\Documents\Kravitz Lab\freezeData\\0506\20260506195552-b94.37-f0.png,2026-05-06 19:55:52,0.0,54.07280208132307,7.342714946443695,541.468510062336,94.198492,0.6402308742214295
1688,C:\Users\joshy\OneDrive\Documents\Kravitz Lab\freezeData\\0506\20260506195611-b94.93-f2.png,2026-05-06 19:56:11,2.0,54.2570353792662,7.354494132353212,601.419592510576,94.740416,0.6683963952583089
1689,C:\Users\joshy\OneDrive\Documents\Kravitz Lab\freezeData\\0506\20260506195630-b94.27-f4.png,2026-05-06 19:56:30,4.0,54.698370447411904,7.3399691201593,461.473767843264,94.101264,0.708633913674474
1690,C:\Users\joshy\OneDrive\Documents\Kravitz Lab\freezeData\\0506\20260506195649-b93.75-f6.png,2026-05-06 19:56:49,6.0,55.13675123566436,7.328450679322402,448.520147086064,93.577092,0.6887051342099735
1691,C:\Users\joshy\OneDrive\Documents\Kravitz Lab\freezeData\\0506\20260506195707-b93.19-f8.png,2026-05-06 19:57:07,8.0,55.567429902740834,7.322783388262841,454.88103979750395,93.032772,0.6513910242504416
1692,C:\Users\joshy\OneDrive\Documents\Kravitz Lab\freezeData\\0506\20260506195726-b93.00-f10.png,2026-05-06 19:57:26,10.0,55.93059848177904,7.31805369984104,519.0317188272641,92.847496,0.6219518569685201
1693,C:\Users\joshy\OneDrive\Documents\Kravitz Lab\freezeData\\0506\20260506195745-b94.48-f0.png,2026-05-06 19:57:45,0.0,54.05652422906601,7.345455778845403,530.6810217619841,94.30918,0.6398461140167254
1694,C:\Users\joshy\OneDrive\Documents\Kravitz Lab\freezeData\\0506\20260506195803-b94.99-f2.png,2026-05-06 19:58:03,2.0,54.20429095891269,7.353397615013891,627.1346639196,94.826744,0.6684218394487269
1695,C:\Users\joshy\OneDrive\Documents\Kravitz Lab\freezeData\\0506\20260506195822-b94.39-f4.png,2026-05-06 19:58:22,4.0,54.69135477814021,7.3417442364451855,463.999574746736,94.22146,0.7077815373906875
1696,C:\Users\joshy\OneDrive\Documents\Kravitz Lab\freezeData\\0506\20260506195842-b93.81-f6.png,2026-05-06 19:58:42,6.0,55.07673369023925,7.328471186602066,450.0622112604,93.653408,0.6883483027837715
1697,C:\Users\joshy\OneDrive\Documents\Kravitz Lab\freezeData\\0506\20260506195901-b93.49-f8.png,2026-05-06 19:59:01,8.0,55.56331140626937,7.322383137348331,464.243029346304,93.336044,0.6521243056538786
1698,C:\Users\joshy\OneDrive\Documents\Kravitz Lab\freezeData\\0506\20260506195920-b92.91-f10.png,2026-05-06 19:59:20,10.0,55.92759919498194,7.3188470310914795,532.916211451376,92.778884,0.6221891589085637
1699,C:\Users\joshy\OneDrive\Documents\Kravitz Lab\freezeData\\0506\20260506195939-b94.58-f0.png,2026-05-06 19:59:39,0.0,54.103721137748884,7.344473260626351,549.6145057259359,94.411552,0.6395096195139932
1700,C:\Users\joshy\OneDrive\Documents\Kravitz Lab\freezeData\\0506\20260506195959-b94.93-f2.png,2026-05-06 19:59:59,2.0,54.29128149955203,7.357594285182955,630.584055690224,94.75558,0.668308560854391
1701,C:\Users\joshy\OneDrive\Documents\Kravitz Lab\freezeData\\0506\20260506200020-b94.44-f4.png,2026-05-06 20:00:20,4.0,54.71445420153984,7.343230519685825,467.46229528241605,94.28174,0.7086171382667124
1702,C:\Users\joshy\OneDrive\Documents\Kravitz Lab\freezeData\\0506\20260506200040-b93.70-f6.png,2026-05-06 20:00:40,6.0,55.073769866463444,7.328609603604174,450.40856284222394,93.559268,0.6885883900691481
1703,C:\Users\joshy\OneDrive\Documents\Kravitz Lab\freezeData\\0506\20260506200059-b93.52-f8.png,2026-05-06 20:00:59,8.0,55.56749243508531,7.323337546498643,479.813654026864,93.387144,0.652925943180321
1704,C:\Users\joshy\OneDrive\Documents\Kravitz Lab\freezeData\\0506\20260506200119-b92.93-f10.png,2026-05-06 20:01:19,10.0,55.9015649989621,7.3153477527877735,512.544863972976,92.782104,0.6227442856594819
1705,C:\Users\joshy\OneDrive\Documents\Kravitz Lab\freezeData\\0506\20260506200138-b94.60-f0.png,2026-05-06 20:01:38,0.0,54.1179908688266,7.347954547740252,541.581505773936,94.44596,0.6392519683414833
1706,C:\Users\joshy\OneDrive\Documents\Kravitz Lab\freezeData\\0506\20260506200158-b95.11-f2.png,2026-05-06 20:01:58,2.0,54.277999764183505,7.359952282232501,622.339364643776,94.953464,0.6677363586988431
1707,C:\Users\joshy\OneDrive\Documents\Kravitz Lab\freezeData\\0506\20260506200219-b94.53-f4.png,2026-05-06 20:02:19,4.0,54.72874135949834,7.343506753921887,456.80049448689596,94.366444,0.7071939240747095
1708,C:\Users\joshy\OneDrive\Documents\Kravitz Lab\freezeData\\0506\20260506200239-b93.80-f6.png,2026-05-06 20:02:39,6.0,55.08494953816754,7.328486928909058,456.3430995321439,93.651256,0.6877565156991995
1709,C:\Users\joshy\OneDrive\Documents\Kravitz Lab\freezeData\\0506\20260506200258-b93.38-f8.png,2026-05-06 20:02:58,8.0,55.47866692334689,7.319458353235319,480.34590370560005,93.232156,0.6522107812836713
1710,C:\Users\joshy\OneDrive\Documents\Kravitz Lab\freezeData\\0506\20260506200317-b93.17-f10.png,2026-05-06 20:03:17,10.0,55.956995012809614,7.319339622308819,513.8878646962561,93.01942,0.6217663757816967
1711,C:\Users\joshy\OneDrive\Documents\Kravitz Lab\freezeData\\0506\20260506200336-b94.61-f0.png,2026-05-06 20:03:36,0.0,54.06445081127805,7.344598641490234,545.2898665503841,94.458836,0.6390654682287039
1712,C:\Users\joshy\OneDrive\Documents\Kravitz Lab\freezeData\\0506\20260506200356-b95.01-f2.png,2026-05-06 20:03:56,2.0,54.24240503288386,7.357093061344416,637.58884224,94.848976,0.6678106952689451
1713,C:\Users\joshy\OneDrive\Documents\Kravitz Lab\freezeData\\0506\20260506200416-b94.52-f4.png,2026-05-06 20:04:16,4.0,54.67096948612036,7.34236938969871,455.24581375,94.361236,0.7068790302698428
1714,C:\Users\joshy\OneDrive\Documents\Kravitz Lab\freezeData\\0506\20260506200437-b93.74-f6.png,2026-05-06 20:04:37,6.0,55.093565031419196,7.330163240491452,442.6205793790559,93.586972,0.6874176571125413
1715,C:\Users\joshy\OneDrive\Documents\Kravitz Lab\freezeData\\0506\20260506200457-b93.58-f8.png,2026-05-06 20:04:57,8.0,55.52914655409153,7.321746720503861,470.73699895193596,93.426332,0.6515465021121313
1716,C:\Users\joshy\OneDrive\Documents\Kravitz Lab\freezeData\\0506\20260506200517-b93.08-f10.png,2026-05-06 20:05:17,10.0,55.91311242358179,7.317129336071844,513.8490998396,92.928648,0.6210473631325103
1717,C:\Users\joshy\OneDrive\Documents\Kravitz Lab\freezeData\\0506\20260506200538-b94.63-f0.png,2026-05-06 20:05:38,0.0,54.11408249450844,7.350396512901736,554.945797949376,94.476256,0.6387226616529807
1718,C:\Users\joshy\OneDrive\Documents\Kravitz Lab\freezeData\\0506\20260506200558-b95.04-f2.png,2026-05-06 20:05:58,2.0,54.27588179130528,7.3587200654904,644.931440450544,94.881984,0.6670088175516483
1719,C:\Users\joshy\OneDrive\Documents\Kravitz Lab\freezeData\\0506\20260506200617-b94.27-f4.png,2026-05-06 20:06:17,4.0,54.68193051064543,7.342284355020256,446.38442683801605,94.091212,0.706123885342507
1720,C:\Users\joshy\OneDrive\Documents\Kravitz Lab\freezeData\\0506\20260506200637-b93.94-f6.png,2026-05-06 20:06:37,6.0,55.05940807831759,7.327942649456916,446.88283054073594,93.762964,0.687495742852091
1721,C:\Users\joshy\OneDrive\Documents\Kravitz Lab\freezeData\\0506\20260506200654-b93.59-f8.png,2026-05-06 20:06:54,8.0,55.60472357391678,7.326176997670878,479.216471095744,93.416452,0.650928151625402
1722,C:\Users\joshy\OneDrive\Documents\Kravitz Lab\freezeData\\0506\20260506200732-b94.62-f0.png,2026-05-06 20:07:32,0.0,54.107761821871875,7.348310067708211,539.620574278656,94.454672,0.6385540262409723
1723,C:\Users\joshy\OneDrive\Documents\Kravitz Lab\freezeData\\0506\20260506200714-b93.34-f10.png,2026-05-06 20:07:14,10.0,55.93542680709977,7.319440460121016,509.376807917424,93.175328,0.6205135086137619
1724,C:\Users\joshy\OneDrive\Documents\Kravitz Lab\freezeData\\0506\20260506200751-b95.06-f2.png,2026-05-06 20:07:51,2.0,54.23895557972863,7.357257580028392,618.7867676902239,94.902832,0.6665556017373748
1725,C:\Users\joshy\OneDrive\Documents\Kravitz Lab\freezeData\\0506\20260506200809-b94.40-f4.png,2026-05-06 20:08:09,4.0,54.73165598878061,7.345303828128155,472.478286928496,94.235076,0.706733912397706
1726,C:\Users\joshy\OneDrive\Documents\Kravitz Lab\freezeData\\0506\20260506200829-b93.97-f6.png,2026-05-06 20:08:29,6.0,55.08375201871695,7.330669983045609,460.66810359039994,93.813636,0.6872753914367028
1727,C:\Users\joshy\OneDrive\Documents\Kravitz Lab\freezeData\\0506\20260506200846-b93.45-f8.png,2026-05-06 20:08:46,8.0,55.56299668219547,7.322754480634196,475.49286669158397,93.277344,0.6520966173772076
1728,C:\Users\joshy\OneDrive\Documents\Kravitz Lab\freezeData\\0506\20260506200905-b93.10-f10.png,2026-05-06 20:09:05,10.0,55.95171834762954,7.321977159898293,542.6126316783999,92.948756,0.6211854021520975
1729,C:\Users\joshy\OneDrive\Documents\Kravitz Lab\freezeData\\0506\20260506200924-b94.72-f0.png,2026-05-06 20:09:24,0.0,54.09968997172165,7.349495516083146,542.2655288600159,94.56694,0.637896774301868
1730,C:\Users\joshy\OneDrive\Documents\Kravitz Lab\freezeData\\0506\20260506200943-b94.90-f2.png,2026-05-06 20:09:43,2.0,54.272176838424166,7.358573251860591,637.0348669824001,94.748896,0.6665888983780038
1731,C:\Users\joshy\OneDrive\Documents\Kravitz Lab\freezeData\\0506\20260506201001-b94.64-f4.png,2026-05-06 20:10:01,4.0,54.72828819862489,7.346808328871938,444.680465928704,94.464016,0.7052240469489479
1732,C:\Users\joshy\OneDrive\Documents\Kravitz Lab\freezeData\\0506\20260506201021-b93.92-f6.png,2026-05-06 20:10:21,6.0,55.10196448836154,7.328942024289081,433.870083532144,93.738188,0.6862890663011896
1733,C:\Users\joshy\OneDrive\Documents\Kravitz Lab\freezeData\\0506\20260506201040-b93.52-f8.png,2026-05-06 20:10:40,8.0,55.52242784501355,7.3224710419957235,465.43847114342395,93.352792,0.6502003758582601
1734,C:\Users\joshy\OneDrive\Documents\Kravitz Lab\freezeData\\0506\20260506201059-b93.20-f10.png,2026-05-06 20:10:59,10.0,55.882675018577416,7.3201689723986725,522.846815091456,93.048008,0.6199252170032815
1735,C:\Users\joshy\OneDrive\Documents\Kravitz Lab\freezeData\\0506\20260506201118-b94.61-f0.png,2026-05-06 20:11:18,0.0,54.0933166556075,7.349115076782815,506.7472577017441,94.435276,0.6380599773316762
1736,C:\Users\joshy\OneDrive\Documents\Kravitz Lab\freezeData\\0506\20260506201138-b95.01-f2.png,2026-05-06 20:11:38,2.0,54.300262220590575,7.361999301771595,623.5233391951359,94.838152,0.665618564387101
1737,C:\Users\joshy\OneDrive\Documents\Kravitz Lab\freezeData\\0506\20260506201156-b94.55-f4.png,2026-05-06 20:11:56,4.0,54.69151829586097,7.347176180090855,449.9310989824001,94.357752,0.7045289197889665
1738,C:\Users\joshy\OneDrive\Documents\Kravitz Lab\freezeData\\0506\20260506201235-b93.84-f8.png,2026-05-06 20:12:35,8.0,55.566091730572666,7.328398408181734,468.93992386609597,93.665172,0.6491382179861489
1739,C:\Users\joshy\OneDrive\Documents\Kravitz Lab\freezeData\\0506\20260506201216-b94.32-f6.png,2026-05-06 20:12:16,6.0,55.10739833958718,7.338170015976769,434.911602492016,94.125492,0.6855680898431523
1740,C:\Users\joshy\OneDrive\Documents\Kravitz Lab\freezeData\\0506\20260506201314-b94.68-f0.png,2026-05-06 20:13:14,0.0,54.09904113114257,7.351116859101327,520.472362330736,94.508288,0.637282651403785
1741,C:\Users\joshy\OneDrive\Documents\Kravitz Lab\freezeData\\0506\20260506201255-b93.39-f10.png,2026-05-06 20:12:55,10.0,55.92502186194069,7.322038313034023,524.122020664944,93.220884,0.6187640945070861
1742,C:\Users\joshy\OneDrive\Documents\Kravitz Lab\freezeData\\0506\20260506201333-b95.09-f2.png,2026-05-06 20:13:33,2.0,54.280244737046495,7.36405279112446,632.4418032301442,94.913656,0.6653861558374053
1743,C:\Users\joshy\OneDrive\Documents\Kravitz Lab\freezeData\\0506\20260506201352-b94.65-f4.png,2026-05-06 20:13:52,4.0,54.69478553033735,7.349557178912566,458.3877002208641,94.46148,0.7051060829861894
1744,C:\Users\joshy\OneDrive\Documents\Kravitz Lab\freezeData\\0506\20260506201409-b94.25-f6.png,2026-05-06 20:14:09,6.0,55.120035010963626,7.338781544653471,447.01870740401597,94.077488,0.684443029589563
1745,C:\Users\joshy\OneDrive\Documents\Kravitz Lab\freezeData\\0506\20260506201429-b93.90-f8.png,2026-05-06 20:14:29,8.0,55.51828393290268,7.328786299995778,467.1679847746561,93.71616,0.6491206549559182
1746,C:\Users\joshy\OneDrive\Documents\Kravitz Lab\freezeData\\0506\20260506201449-b93.66-f10.png,2026-05-06 20:14:49,10.0,55.910287693854706,7.327286334722491,524.201188286704,93.49352,0.6185371598154881
1747,C:\Users\joshy\OneDrive\Documents\Kravitz Lab\freezeData\\0506\20260506201506-b95.00-f0.png,2026-05-06 20:15:06,0.0,54.11518637808814,7.3570907826707606,535.7187867899999,94.844028,0.6369328380381654
1748,C:\Users\joshy\OneDrive\Documents\Kravitz Lab\freezeData\\0506\20260506201525-b95.30-f2.png,2026-05-06 20:15:25,2.0,54.33198981182618,7.3687176954995115,629.974813466864,95.125296,0.6646486827767315
1749,C:\Users\joshy\OneDrive\Documents\Kravitz Lab\freezeData\\0506\20260506201545-b94.90-f4.png,2026-05-06 20:15:45,4.0,54.78011058547071,7.355733899315011,458.19114426737593,94.72706,0.7052072522076054
1750,C:\Users\joshy\OneDrive\Documents\Kravitz Lab\freezeData\\0506\20260506201603-b94.32-f6.png,2026-05-06 20:16:03,6.0,55.14943066750859,7.339680252085358,443.68109926039995,94.144392,0.6848404023980176
1751,C:\Users\joshy\OneDrive\Documents\Kravitz Lab\freezeData\\0506\20260506201622-b93.85-f8.png,2026-05-06 20:16:22,8.0,55.62353231780592,7.332988338049052,466.428688426496,93.6793,0.6479066369259316
1752,C:\Users\joshy\OneDrive\Documents\Kravitz Lab\freezeData\\0506\20260506201659-b94.95-f0.png,2026-05-06 20:16:59,0.0,54.170007537351665,7.361551295705138,536.6631231462242,94.789792,0.6358325889695281
1753,C:\Users\joshy\OneDrive\Documents\Kravitz Lab\freezeData\\0506\20260506201641-b93.58-f10.png,2026-05-06 20:16:41,10.0,56.05475119166974,7.33220679595605,513.272160696256,93.4178,0.617541600103378
1754,C:\Users\joshy\OneDrive\Documents\Kravitz Lab\freezeData\\0506\20260506201718-b95.19-f2.png,2026-05-06 20:17:18,2.0,54.344829800451116,7.367212712397152,608.0376874545759,95.0086,0.6636861742237213
1755,C:\Users\joshy\OneDrive\Documents\Kravitz Lab\freezeData\\0506\20260506201736-b94.69-f4.png,2026-05-06 20:17:36,4.0,54.77377036502051,7.356937946055429,450.8694068923999,94.504,0.7028491590719594
1756,C:\Users\joshy\OneDrive\Documents\Kravitz Lab\freezeData\\0506\20260506201757-b94.32-f6.png,2026-05-06 20:17:57,6.0,55.13450579634862,7.343512103950404,428.4709426544,94.12882,0.6824134260666379
1757,C:\Users\joshy\OneDrive\Documents\Kravitz Lab\freezeData\\0506\20260506201815-b94.13-f8.png,2026-05-06 20:18:15,8.0,55.5981661339097,7.33622838009483,456.55508610481604,93.952224,0.6473292643697269
1758,C:\Users\joshy\OneDrive\Documents\Kravitz Lab\freezeData\\0506\20260506201833-b93.80-f10.png,2026-05-06 20:18:33,10.0,56.02570907076986,7.332077960111928,527.4826392408161,93.647116,0.6169279654737673
1759,C:\Users\joshy\OneDrive\Documents\Kravitz Lab\freezeData\\0506\20260506201853-b94.84-f0.png,2026-05-06 20:18:53,0.0,54.140381412743814,7.3608474133864155,535.350346910064,94.689432,0.6352536772659033
1760,C:\Users\joshy\OneDrive\Documents\Kravitz Lab\freezeData\\0506\20260506201912-b95.16-f2.png,2026-05-06 20:19:12,2.0,54.38948619741635,7.369452669566059,628.3003517892961,94.994416,0.6628921694857014
1761,C:\Users\joshy\OneDrive\Documents\Kravitz Lab\freezeData\\0506\20260506201930-b94.86-f4.png,2026-05-06 20:19:30,4.0,54.77940909060543,7.354388857160657,460.01169271,94.689936,0.7023211448333749
1762,C:\Users\joshy\OneDrive\Documents\Kravitz Lab\freezeData\\0506\20260506201950-b94.36-f6.png,2026-05-06 20:19:50,6.0,55.17447051299055,7.344953481605371,449.2904035099999,94.190944,0.6819426112642665
1763,C:\Users\joshy\OneDrive\Documents\Kravitz Lab\freezeData\\0506\20260506202008-b94.05-f8.png,2026-05-06 20:20:08,8.0,55.66183681394641,7.337163908726746,480.90271890374396,93.89676,0.6472243834928112
1764,C:\Users\joshy\OneDrive\Documents\Kravitz Lab\freezeData\\0506\20260506202026-b93.92-f10.png,2026-05-06 20:20:26,10.0,56.08167511898752,7.336274588995362,537.6525591262559,93.772844,0.6165308663434409
1765,C:\Users\joshy\OneDrive\Documents\Kravitz Lab\freezeData\\0506\20260506202046-b94.87-f0.png,2026-05-06 20:20:46,0.0,54.1915350333686,7.3571635095954555,535.797490893296,94.725572,0.6360594413548551
1766,C:\Users\joshy\OneDrive\Documents\Kravitz Lab\freezeData\\0506\20260506202104-b95.23-f2.png,2026-05-06 20:21:04,2.0,54.3923432485288,7.36686434821663,626.4291482208639,95.066332,0.6621874838464321
1767,C:\Users\joshy\OneDrive\Documents\Kravitz Lab\freezeData\\0506\20260506202123-b94.77-f4.png,2026-05-06 20:21:23,4.0,54.78482631489854,7.356641318357381,451.496134783344,94.57908,0.7020530282153011
1768,C:\Users\joshy\OneDrive\Documents\Kravitz Lab\freezeData\\0506\20260506202143-b94.31-f6.png,2026-05-06 20:21:43,6.0,55.19268795788428,7.346334861238976,439.094786117616,94.113296,0.6820476925727772
1769,C:\Users\joshy\OneDrive\Documents\Kravitz Lab\freezeData\\0506\20260506202200-b93.99-f8.png,2026-05-06 20:22:00,8.0,55.605610253429504,7.338968579299041,477.7513458876,93.829236,0.6470219468354774
1770,C:\Users\joshy\OneDrive\Documents\Kravitz Lab\freezeData\\0506\20260506202219-b94.18-f10.png,2026-05-06 20:22:19,10.0,56.03263646743944,7.3377857828263116,525.798379721984,94.011424,0.6167989309724021
1771,C:\Users\joshy\OneDrive\Documents\Kravitz Lab\freezeData\\0506\20260506202239-b94.79-f0.png,2026-05-06 20:22:39,0.0,54.16258707222557,7.357837163976828,541.8482462995839,94.643672,0.6356542492939549
1772,C:\Users\joshy\OneDrive\Documents\Kravitz Lab\freezeData\\0506\20260506202257-b95.58-f2.png,2026-05-06 20:22:57,2.0,54.449416934365786,7.373900135335799,629.850648888304,95.40274,0.6618741950460215
1773,C:\Users\joshy\OneDrive\Documents\Kravitz Lab\freezeData\\0506\20260506202316-b95.18-f4.png,2026-05-06 20:23:16,4.0,54.81205519715589,7.356674758657325,456.6275037233759,94.986544,0.7024391204195077
1774,C:\Users\joshy\OneDrive\Documents\Kravitz Lab\freezeData\\0506\20260506202337-b94.29-f6.png,2026-05-06 20:23:37,6.0,55.16607875668974,7.3459323862152885,446.31058635134406,94.102052,0.6812321903079358
1775,C:\Users\joshy\OneDrive\Documents\Kravitz Lab\freezeData\\0506\20260506202357-b94.10-f8.png,2026-05-06 20:23:57,8.0,55.607173559813454,7.341430768301879,466.646194975984,93.923028,0.647470548649532
1776,C:\Users\joshy\OneDrive\Documents\Kravitz Lab\freezeData\\0506\20260506202415-b94.18-f10.png,2026-05-06 20:24:15,10.0,55.985249383125335,7.340489493610256,525.442450594416,94.011292,0.6164951634203168
1777,C:\Users\joshy\OneDrive\Documents\Kravitz Lab\freezeData\\0506\20260506202435-b95.06-f0.png,2026-05-06 20:24:35,0.0,54.25426718425913,7.363859352365638,543.448010943216,94.905468,0.6339191615780783
1778,C:\Users\joshy\OneDrive\Documents\Kravitz Lab\freezeData\\0506\20260506202454-b95.22-f2.png,2026-05-06 20:24:54,2.0,54.43850328680772,7.371465827440108,634.927958373616,95.050832,0.6615715096596608
1779,C:\Users\joshy\OneDrive\Documents\Kravitz Lab\freezeData\\0506\20260506202513-b94.81-f4.png,2026-05-06 20:25:13,4.0,54.793795068621996,7.358169195210803,452.6311860464,94.616816,0.7012847679578641
1780,C:\Users\joshy\OneDrive\Documents\Kravitz Lab\freezeData\\0506\20260506202532-b94.66-f6.png,2026-05-06 20:25:32,6.0,55.222024557794114,7.347758165236605,455.35577980286394,94.474628,0.6810511219432884
1781,C:\Users\joshy\OneDrive\Documents\Kravitz Lab\freezeData\\0506\20260506202550-b93.98-f8.png,2026-05-06 20:25:50,8.0,55.61157248435257,7.341347715519665,477.674903520256,93.81224,0.6470315355708774
1782,C:\Users\joshy\OneDrive\Documents\Kravitz Lab\freezeData\\0506\20260506202608-b94.24-f10.png,2026-05-06 20:26:08,10.0,55.977067601952285,7.3402864206838805,540.771323386224,94.095408,0.6163888676285488
1783,C:\Users\joshy\OneDrive\Documents\Kravitz Lab\freezeData\\0506\20260506202628-b95.19-f0.png,2026-05-06 20:26:28,0.0,54.21437096653086,7.363099158284724,546.086789362624,95.031124,0.6344921118925221
1784,C:\Users\joshy\OneDrive\Documents\Kravitz Lab\freezeData\\0506\20260506202645-b95.08-f2.png,2026-05-06 20:26:45,2.0,54.4109433267741,7.371255059061202,629.7143357892961,94.917524,0.6624430874172329
1785,C:\Users\joshy\OneDrive\Documents\Kravitz Lab\freezeData\\0506\20260506202704-b95.49-f4.png,2026-05-06 20:27:04,4.0,54.83365090344811,7.361591849544211,452.805010007296,95.279472,0.7010035552418248
1786,C:\Users\joshy\OneDrive\Documents\Kravitz Lab\freezeData\\0506\20260506202724-b94.80-f6.png,2026-05-06 20:27:24,6.0,55.23928064262444,7.350430136911203,443.32824324657594,94.597376,0.6800373709077606
1787,C:\Users\joshy\OneDrive\Documents\Kravitz Lab\freezeData\\0506\20260506202741-b94.64-f8.png,2026-05-06 20:27:41,8.0,55.60221527636768,7.344774739352893,458.691470131824,94.453092,0.6456425308416313
1788,C:\Users\joshy\OneDrive\Documents\Kravitz Lab\freezeData\\0506\20260506202800-b93.67-f10.png,2026-05-06 20:28:00,10.0,55.98820184517092,7.339269852304545,531.211250794096,93.52462,0.6167757595818713
1789,C:\Users\joshy\OneDrive\Documents\Kravitz Lab\freezeData\\0506\20260506202820-b94.83-f0.png,2026-05-06 20:28:20,0.0,54.20525689039158,7.36053358249509,543.970086763456,94.674784,0.6348471160449757
1790,C:\Users\joshy\OneDrive\Documents\Kravitz Lab\freezeData\\0506\20260506202837-b95.38-f2.png,2026-05-06 20:28:37,2.0,54.45155896179222,7.3717793789162345,630.5126154545761,95.204408,0.6614572720244201
1791,C:\Users\joshy\OneDrive\Documents\Kravitz Lab\freezeData\\0506\20260506202856-b95.00-f4.png,2026-05-06 20:28:56,4.0,54.8270374140816,7.358021049614604,468.17784622078403,94.806164,0.7012560331887295
1792,C:\Users\joshy\OneDrive\Documents\Kravitz Lab\freezeData\\0506\20260506202915-b94.92-f6.png,2026-05-06 20:29:15,6.0,55.10841926394972,7.347286903222367,447.50292700000006,94.716144,0.6805642988176238
1793,C:\Users\joshy\OneDrive\Documents\Kravitz Lab\freezeData\\0506\20260506202934-b94.15-f8.png,2026-05-06 20:29:34,8.0,55.47242975282046,7.3404016668583365,475.8256361664001,93.97072,0.6458352893261488
1794,C:\Users\joshy\OneDrive\Documents\Kravitz Lab\freezeData\\0506\20260506202952-b93.87-f10.png,2026-05-06 20:29:52,10.0,56.01513836512854,7.339199247095757,534.1577713862241,93.718252,0.6165865912616016
1795,C:\Users\joshy\OneDrive\Documents\Kravitz Lab\freezeData\\0506\20260506203012-b95.06-f0.png,2026-05-06 20:30:12,0.0,54.253300219616655,7.363882949855975,529.491222579136,94.904988,0.6337497920629427
1796,C:\Users\joshy\OneDrive\Documents\Kravitz Lab\freezeData\\0506\20260506203032-b95.41-f2.png,2026-05-06 20:30:32,2.0,54.431207466820574,7.3716211101854725,629.220806017536,95.233456,0.6620809910655168
1797,C:\Users\joshy\OneDrive\Documents\Kravitz Lab\freezeData\\0506\20260506203051-b95.63-f4.png,2026-05-06 20:30:51,4.0,54.86652435857405,7.360185030289777,453.374894411504,95.4191,0.6999309232537176
1798,C:\Users\joshy\OneDrive\Documents\Kravitz Lab\freezeData\\0506\20260506203109-b95.04-f6.png,2026-05-06 20:31:09,6.0,55.213577644415835,7.349334299503276,445.41367511640004,94.830992,0.6793402796679319
1799,C:\Users\joshy\OneDrive\Documents\Kravitz Lab\freezeData\\0506\20260506203129-b93.77-f8.png,2026-05-06 20:31:29,8.0,55.60855106771102,7.34136141076767,467.69805921222405,93.577924,0.6443650658435345
1800,C:\Users\joshy\OneDrive\Documents\Kravitz Lab\freezeData\\0506\20260506203148-b94.76-f10.png,2026-05-06 20:31:48,10.0,56.05017401400285,7.343766428224262,522.0772502590561,94.583,0.6155594624291145
1801,C:\Users\joshy\OneDrive\Documents\Kravitz Lab\freezeData\\0506\20260506203207-b95.12-f0.png,2026-05-06 20:32:07,0.0,54.183220272782016,7.356520387887789,529.205534382016,94.976572,0.6350759457843871
1802,C:\Users\joshy\OneDrive\Documents\Kravitz Lab\freezeData\\0506\20260506203226-b95.25-f2.png,2026-05-06 20:32:26,2.0,54.463246938713304,7.367739820968051,625.0710166291041,95.069144,0.662265574289361
1803,C:\Users\joshy\OneDrive\Documents\Kravitz Lab\freezeData\\0506\20260506203244-b94.93-f4.png,2026-05-06 20:32:44,4.0,54.80264175814243,7.355400585265075,457.2337626364,94.731552,0.6999198872717907
1804,C:\Users\joshy\OneDrive\Documents\Kravitz Lab\freezeData\\0506\20260506203304-b95.28-f6.png,2026-05-06 20:33:04,6.0,55.383778111009505,7.350219859452836,450.09657882494395,95.075592,0.6790393245215018
1805,C:\Users\joshy\OneDrive\Documents\Kravitz Lab\freezeData\\0506\20260506203322-b95.07-f8.png,2026-05-06 20:33:22,8.0,55.68492363958791,7.3416588258873325,471.58727422105596,94.872708,0.6452165372375036
1806,C:\Users\joshy\OneDrive\Documents\Kravitz Lab\freezeData\\0506\20260506203341-b93.48-f10.png,2026-05-06 20:33:41,10.0,56.06520803058081,7.34778873001227,508.9759531644,93.306236,0.6158262016134868
1807,C:\Users\joshy\OneDrive\Documents\Kravitz Lab\freezeData\\0506\20260506203359-b95.41-f0.png,2026-05-06 20:33:59,0.0,54.40192973149552,7.361198181674247,548.1913249024,95.251868,0.6331450064177273
1808,C:\Users\joshy\OneDrive\Documents\Kravitz Lab\freezeData\\0506\20260506203418-b95.70-f2.png,2026-05-06 20:34:18,2.0,54.49630923323524,7.3665553670337784,616.9765832824161,95.51166,0.6617396341317151
1809,C:\Users\joshy\OneDrive\Documents\Kravitz Lab\freezeData\\0506\20260506203438-b94.92-f4.png,2026-05-06 20:34:38,4.0,54.8086947291796,7.353941913184644,464.601363911664,94.71594,0.6994319798054583
1810,C:\Users\joshy\OneDrive\Documents\Kravitz Lab\freezeData\\0506\20260506203457-b95.32-f6.png,2026-05-06 20:34:57,6.0,55.51312817166274,7.35707581610722,445.056894884864,95.141112,0.677713020823747
1811,C:\Users\joshy\OneDrive\Documents\Kravitz Lab\freezeData\\0506\20260506203515-b94.01-f8.png,2026-05-06 20:35:15,8.0,55.62419758167684,7.34563385223936,464.812026290544,93.815524,0.6447667239199192
1812,C:\Users\joshy\OneDrive\Documents\Kravitz Lab\freezeData\\0506\20260506203536-b95.08-f10.png,2026-05-06 20:35:36,10.0,56.20789000851407,7.343114248075215,532.494327169904,94.902528,0.6150924761875547
1813,C:\Users\joshy\OneDrive\Documents\Kravitz Lab\freezeData\\0506\20260506203554-b95.61-f0.png,2026-05-06 20:35:54,0.0,54.39929957563424,7.358705944926889,539.8274576284,95.45798,0.632567691633334
1814,C:\Users\joshy\OneDrive\Documents\Kravitz Lab\freezeData\\0506\20260506203612-b95.85-f2.png,2026-05-06 20:36:12,2.0,54.57150165671089,7.364173119299244,617.834691089344,95.65854,0.6607722576524659
1815,C:\Users\joshy\OneDrive\Documents\Kravitz Lab\freezeData\\0506\20260506203632-b94.98-f4.png,2026-05-06 20:36:32,4.0,54.91222088297285,7.354707698180588,463.0529272384,94.76886,0.6986860743297064
1816,C:\Users\joshy\OneDrive\Documents\Kravitz Lab\freezeData\\0506\20260506203652-b94.52-f6.png,2026-05-06 20:36:52,6.0,55.24601236468471,7.348512131963609,454.540415610624,94.330348,0.6787684230367541
1817,C:\Users\joshy\OneDrive\Documents\Kravitz Lab\freezeData\\0506\20260506203710-b94.24-f8.png,2026-05-06 20:37:10,8.0,56.024988003559415,7.350178293457947,453.1161118717439,94.050032,0.6448317961583164
1818,C:\Users\joshy\OneDrive\Documents\Kravitz Lab\freezeData\\0506\20260506203729-b94.26-f10.png,2026-05-06 20:37:29,10.0,56.36134314592228,7.346374019625607,514.658813456496,94.08874,0.615931738466184
1819,C:\Users\joshy\OneDrive\Documents\Kravitz Lab\freezeData\\0506\20260506203748-b94.51-f0.png,2026-05-06 20:37:48,0.0,54.48662802279826,7.356973341475188,523.3915197564,94.363096,0.6332232071270449
1820,C:\Users\joshy\OneDrive\Documents\Kravitz Lab\freezeData\\0506\20260506203807-b95.17-f2.png,2026-05-06 20:38:07,2.0,54.599608760185234,7.358572848219532,612.157283403264,94.983052,0.6608988619450081
1821,C:\Users\joshy\OneDrive\Documents\Kravitz Lab\freezeData\\0506\20260506203825-b95.32-f4.png,2026-05-06 20:38:25,4.0,55.12533167444528,7.347690238061807,465.19235900030407,95.11232,0.6975450007121822
1822,C:\Users\joshy\OneDrive\Documents\Kravitz Lab\freezeData\\0506\20260506203844-b94.91-f6.png,2026-05-06 20:38:44,6.0,55.85537545706412,7.345239195591091,448.05430307840004,94.70752,0.6766566528210174
1823,C:\Users\joshy\OneDrive\Documents\Kravitz Lab\freezeData\\0506\20260506203902-b95.40-f8.png,2026-05-06 20:39:02,8.0,56.20017031430478,7.340399130292564,477.929442808576,95.220056,0.6442755252211426
1824,C:\Users\joshy\OneDrive\Documents\Kravitz Lab\freezeData\\0506\20260506203924-b95.31-f10.png,2026-05-06 20:39:24,10.0,56.590356877174194,7.343338288410339,526.6697218524,95.141508,0.6140179053156499
1825,C:\Users\joshy\OneDrive\Documents\Kravitz Lab\freezeData\\0506\20260506203942-b95.01-f0.png,2026-05-06 20:39:42,0.0,54.83790237308076,7.348062338478899,532.090660930496,94.856908,0.6328510652590313
1826,C:\Users\joshy\OneDrive\Documents\Kravitz Lab\freezeData\\0506\20260506204001-b94.81-f2.png,2026-05-06 20:40:01,2.0,55.20512447609349,7.362356655842278,598.3223963442559,94.635468,0.6590603999363693
1827,C:\Users\joshy\OneDrive\Documents\Kravitz Lab\freezeData\\0506\20260506204020-b95.29-f4.png,2026-05-06 20:40:20,4.0,55.754655310651714,7.357026623337366,456.92279152254395,95.093804,0.6946644484440468
1828,C:\Users\joshy\OneDrive\Documents\Kravitz Lab\freezeData\\0506\20260506204042-b94.32-f6.png,2026-05-06 20:40:42,6.0,55.908062460976055,7.345484408396585,444.7834077296,94.12814,0.6763343358967103
1829,C:\Users\joshy\OneDrive\Documents\Kravitz Lab\freezeData\\0506\20260506204100-b95.41-f8.png,2026-05-06 20:41:00,8.0,56.51455589712739,7.352705042055704,462.153311157184,95.225592,0.6410149433075794
1830,C:\Users\joshy\OneDrive\Documents\Kravitz Lab\freezeData\\0506\20260506204118-b95.52-f10.png,2026-05-06 20:41:18,10.0,57.031576385779275,7.357174918030892,507.85266640640003,95.343032,0.6064222082424392
1831,C:\Users\joshy\OneDrive\Documents\Kravitz Lab\freezeData\\0506\20260506204137-b94.30-f0.png,2026-05-06 20:41:37,0.0,55.15214010007793,7.345138413001458,502.5049120796,94.129624,0.6358088189820514
1832,C:\Users\joshy\OneDrive\Documents\Kravitz Lab\freezeData\\0506\20260506204156-b95.33-f2.png,2026-05-06 20:41:56,2.0,55.59833832947169,7.364477646861077,602.8200252708959,95.12496,0.6630663146925496
1833,C:\Users\joshy\OneDrive\Documents\Kravitz Lab\freezeData\\0506\20260506204216-b95.48-f4.png,2026-05-06 20:42:16,4.0,56.031903684366675,7.36320241029295,444.231961405376,95.254184,0.7031164113094569
1834,C:\Users\joshy\OneDrive\Documents\Kravitz Lab\freezeData\\0506\20260506204236-b94.91-f6.png,2026-05-06 20:42:36,6.0,56.39370365959887,7.357560034713026,446.993295385344,94.705688,0.6766829182267792
1835,C:\Users\joshy\OneDrive\Documents\Kravitz Lab\freezeData\\0506\20260506204255-b94.91-f8.png,2026-05-06 20:42:55,8.0,56.6580060499838,7.341303872904262,468.82758488345604,94.7262,0.6350114871198753
1836,C:\Users\joshy\OneDrive\Documents\Kravitz Lab\freezeData\\0506\20260506204313-b94.34-f10.png,2026-05-06 20:43:13,10.0,56.9692791731649,7.340343178330792,513.7138789999999,94.1557,0.598664789399805
1837,C:\Users\joshy\OneDrive\Documents\Kravitz Lab\freezeData\\0506\20260506204332-b93.87-f0.png,2026-05-06 20:43:32,0.0,55.491263139765564,7.349847662260899,492.1330895036,93.733964,0.6372947201554494
1838,C:\Users\joshy\OneDrive\Documents\Kravitz Lab\freezeData\\0506\20260506204354-b94.71-f2.png,2026-05-06 20:43:54,2.0,55.74203047609026,7.359992179491774,600.5689472301439,94.530568,0.6650487416981257
1839,C:\Users\joshy\OneDrive\Documents\Kravitz Lab\freezeData\\0506\20260506204411-b94.95-f4.png,2026-05-06 20:44:11,4.0,56.01730147981796,7.345140016936473,423.820549987696,94.731428,0.7012702401097552
1840,C:\Users\joshy\OneDrive\Documents\Kravitz Lab\freezeData\\0506\20260506204430-b95.03-f6.png,2026-05-06 20:44:30,6.0,56.50946936923885,7.348945738635958,441.817935123904,94.825084,0.6723159541789749
1841,C:\Users\joshy\OneDrive\Documents\Kravitz Lab\freezeData\\0506\20260506204450-b94.15-f8.png,2026-05-06 20:44:50,8.0,56.71999810789263,7.323887029201868,460.55551036913585,93.954716,0.6342666723578037
1842,C:\Users\joshy\OneDrive\Documents\Kravitz Lab\freezeData\\0506\20260506204510-b93.42-f10.png,2026-05-06 20:45:10,10.0,56.97384936144147,7.310745697355584,508.357534950256,93.254576,0.5995937195808255
1843,C:\Users\joshy\OneDrive\Documents\Kravitz Lab\freezeData\\0506\20260506204528-b92.97-f0.png,2026-05-06 20:45:28,0.0,55.73736750608532,7.328163386390603,482.995735182784,92.839328,0.6411024834210988
1844,C:\Users\joshy\OneDrive\Documents\Kravitz Lab\freezeData\\0506\20260506204548-b93.42-f2.png,2026-05-06 20:45:48,2.0,55.775336609087574,7.330980027218002,593.7062594032641,93.256176,0.6658304641970068
1845,C:\Users\joshy\OneDrive\Documents\Kravitz Lab\freezeData\\0506\20260506204605-b93.45-f4.png,2026-05-06 20:46:05,4.0,56.449438441082265,7.340462607675158,453.93538222078394,93.279592,0.6970584904087516
1846,C:\Users\joshy\OneDrive\Documents\Kravitz Lab\freezeData\\0506\20260506204624-b92.37-f6.png,2026-05-06 20:46:24,6.0,56.77873250737689,7.299141228388802,437.19445951,92.198088,0.6726328265622149
1847,C:\Users\joshy\OneDrive\Documents\Kravitz Lab\freezeData\\0506\20260506204643-b91.09-f8.png,2026-05-06 20:46:43,8.0,57.146542920044574,7.270852106190629,459.39609778558395,90.943748,0.6366999646198257
1848,C:\Users\joshy\OneDrive\Documents\Kravitz Lab\freezeData\\0506\20260506204701-b90.10-f10.png,2026-05-06 20:47:01,10.0,57.83260831161258,7.2683638803224175,499.199235124336,89.95734,0.6046680446667162
1849,C:\Users\joshy\OneDrive\Documents\Kravitz Lab\freezeData\\0506\20260506204723-b89.99-f0.png,2026-05-06 20:47:23,0.0,56.13842968665782,7.294656384373332,469.8090139264,89.870276,0.6345807708300204
1850,C:\Users\joshy\OneDrive\Documents\Kravitz Lab\freezeData\\0506\20260506204743-b89.43-f2.png,2026-05-06 20:47:43,2.0,56.92701321049963,7.279798826011316,568.6621158709761,89.28354,0.6584012464719161
1851,C:\Users\joshy\OneDrive\Documents\Kravitz Lab\freezeData\\0506\20260506204803-b86.21-f4.png,2026-05-06 20:48:03,4.0,57.97391326882269,7.214030032583774,460.0063252840961,86.094532,0.6919889778468763
1852,C:\Users\joshy\OneDrive\Documents\Kravitz Lab\freezeData\\0506\20260506204824-b82.43-f6.png,2026-05-06 20:48:24,6.0,59.158384572005886,7.121774276594464,444.938187475824,82.312216,0.660842158309121
1853,C:\Users\joshy\OneDrive\Documents\Kravitz Lab\freezeData\\0506\20260506204844-b79.99-f8.png,2026-05-06 20:48:44,8.0,60.01804356816373,7.066055201406,467.40739613758404,79.9025,0.6235818826943708
1854,C:\Users\joshy\OneDrive\Documents\Kravitz Lab\freezeData\\0506\20260506204904-b79.10-f10.png,2026-05-06 20:49:04,10.0,60.57422023104205,7.03472078327823,532.666672138864,79.023904,0.5956995404504326
1855,C:\Users\joshy\OneDrive\Documents\Kravitz Lab\freezeData\\0506\20260506204922-b80.21-f0.png,2026-05-06 20:49:22,0.0,58.2636030002435,7.103137360362277,472.73765786839994,80.147504,0.6210763573272152
1856,C:\Users\joshy\OneDrive\Documents\Kravitz Lab\freezeData\\0506\20260506204941-b80.67-f2.png,2026-05-06 20:49:41,2.0,58.5736262848733,7.131323552828031,613.8774420062559,80.5772,0.6413347820750992
1857,C:\Users\joshy\OneDrive\Documents\Kravitz Lab\freezeData\\0506\20260506205019-b80.04-f6.png,2026-05-06 20:50:19,6.0,59.46864897755455,7.1080975114136455,454.55361931441604,79.93562,0.6400438649714387
1858,C:\Users\joshy\OneDrive\Documents\Kravitz Lab\freezeData\\0506\20260506205000-b80.25-f4.png,2026-05-06 20:50:00,4.0,58.96538155126562,7.1160120404404985,486.88974497239997,80.165392,0.6682704828264674
1859,C:\Users\joshy\OneDrive\Documents\Kravitz Lab\freezeData\\0506\20260506205036-b81.00-f8.png,2026-05-06 20:50:36,8.0,59.728186523790725,7.120421863971501,482.66574596806396,80.928792,0.6106357679403237
1860,C:\Users\joshy\OneDrive\Documents\Kravitz Lab\freezeData\\0506\20260506205058-b82.34-f10.png,2026-05-06 20:50:58,10.0,59.74203491310874,7.152016412073618,539.275391693936,82.249336,0.5829358382305333
1861,C:\Users\joshy\OneDrive\Documents\Kravitz Lab\freezeData\\0506\20260506205117-b83.61-f0.png,2026-05-06 20:51:17,0.0,57.145902486218695,7.198789535521454,490.5176062576,83.461672,0.6150077834535241
1862,C:\Users\joshy\OneDrive\Documents\Kravitz Lab\freezeData\\0506\20260506205136-b85.34-f2.png,2026-05-06 20:51:36,2.0,56.66060443676244,7.226065361053674,745.127041137136,85.194856,0.6403829465391331
1863,C:\Users\joshy\OneDrive\Documents\Kravitz Lab\freezeData\\0506\20260506205155-b86.13-f4.png,2026-05-06 20:51:55,4.0,57.0678902776185,7.217135037091691,493.99871294449605,85.989264,0.6680903953614806
1864,C:\Users\joshy\OneDrive\Documents\Kravitz Lab\freezeData\\0506\20260506205214-b86.74-f6.png,2026-05-06 20:52:14,6.0,57.29776439535155,7.205776065245765,453.788583721216,86.588472,0.646427832822564
1865,C:\Users\joshy\OneDrive\Documents\Kravitz Lab\freezeData\\0506\20260506205232-b87.00-f8.png,2026-05-06 20:52:32,8.0,57.551569455057745,7.197501764748131,475.939628404464,86.853108,0.615886838954762
1866,C:\Users\joshy\OneDrive\Documents\Kravitz Lab\freezeData\\0506\20260506205251-b87.22-f10.png,2026-05-06 20:52:51,10.0,57.73146864733847,7.195490159626081,525.203906398656,87.090376,0.5899792043826131
1867,C:\Users\joshy\OneDrive\Documents\Kravitz Lab\freezeData\\0506\20260506205310-b86.95-f0.png,2026-05-06 20:53:10,0.0,55.90410173638582,7.224310238015379,516.2819261720961,86.833732,0.6211026678231798
1868,C:\Users\joshy\OneDrive\Documents\Kravitz Lab\freezeData\\0506\20260506205328-b87.86-f2.png,2026-05-06 20:53:28,2.0,56.180571912001895,7.240581947130175,765.744716643776,87.729128,0.6422192900289364
1869,C:\Users\joshy\OneDrive\Documents\Kravitz Lab\freezeData\\0506\20260506205347-b87.23-f4.png,2026-05-06 20:53:47,4.0,56.724926983543874,7.215227012731217,479.618996817344,87.072296,0.6758098872201455
1870,C:\Users\joshy\OneDrive\Documents\Kravitz Lab\freezeData\\0506\20260506205406-b87.03-f6.png,2026-05-06 20:54:06,6.0,57.28286675364982,7.191856063082909,463.94347107839997,86.90406,0.6522426957572144
1871,C:\Users\joshy\OneDrive\Documents\Kravitz Lab\freezeData\\0506\20260506205425-b86.86-f8.png,2026-05-06 20:54:25,8.0,57.77159744314155,7.179688745361107,475.5586176495999,86.71526,0.6192233107735429
1872,C:\Users\joshy\OneDrive\Documents\Kravitz Lab\freezeData\\0506\20260506205444-b86.54-f10.png,2026-05-06 20:54:44,10.0,58.18767637676473,7.183204609212935,520.1772664575999,86.419664,0.5927128761087141
1873,C:\Users\joshy\OneDrive\Documents\Kravitz Lab\freezeData\\0506\20260506205503-b86.06-f0.png,2026-05-06 20:55:03,0.0,56.409980872069646,7.2158190782802425,515.333774763456,85.940856,0.6190017533065586
1874,C:\Users\joshy\OneDrive\Documents\Kravitz Lab\freezeData\\0506\20260506205522-b86.56-f2.png,2026-05-06 20:55:22,2.0,56.691590414297465,7.237654836765003,787.5857703307361,86.438744,0.6386492552179208
1875,C:\Users\joshy\OneDrive\Documents\Kravitz Lab\freezeData\\0506\20260506205543-b86.25-f4.png,2026-05-06 20:55:43,4.0,57.320724361768356,7.210599327820424,490.34765694449595,86.104224,0.6696665426653804
1876,C:\Users\joshy\OneDrive\Documents\Kravitz Lab\freezeData\\0506\20260506205602-b86.04-f6.png,2026-05-06 20:56:02,6.0,57.83677942962951,7.1915674205982825,461.076355625456,85.907128,0.6453087986299759
1877,C:\Users\joshy\OneDrive\Documents\Kravitz Lab\freezeData\\0506\20260506205622-b85.68-f8.png,2026-05-06 20:56:22,8.0,58.26770565112157,7.170061303570779,471.6896598204,85.559516,0.6126788497211944
1878,C:\Users\joshy\OneDrive\Documents\Kravitz Lab\freezeData\\0506\20260506205640-b85.51-f10.png,2026-05-06 20:56:40,10.0,58.70526407124718,7.168851860282722,533.0789370571359,85.393556,0.5853185644858553
1879,C:\Users\joshy\OneDrive\Documents\Kravitz Lab\freezeData\\0506\20260506205718-b84.99-f2.png,2026-05-06 20:57:18,2.0,57.19501815639191,7.216265127143132,776.47771804,84.8703,0.6283902473875355
1880,C:\Users\joshy\OneDrive\Documents\Kravitz Lab\freezeData\\0506\20260506205658-b84.79-f0.png,2026-05-06 20:56:58,0.0,56.93837301010123,7.200099918869793,522.608210051184,84.681524,0.6110305243805921
1881,C:\Users\joshy\OneDrive\Documents\Kravitz Lab\freezeData\\0506\20260506205738-b84.84-f4.png,2026-05-06 20:57:38,4.0,57.83314356994667,7.190242275976952,488.934575861744,84.717956,0.6598350431907406
1882,C:\Users\joshy\OneDrive\Documents\Kravitz Lab\freezeData\\0506\20260506205757-b84.56-f6.png,2026-05-06 20:57:57,6.0,58.257723518990204,7.1685459847476265,444.2085151164,84.426336,0.6371535041123854
1883,C:\Users\joshy\OneDrive\Documents\Kravitz Lab\freezeData\\0506\20260506205817-b84.37-f8.png,2026-05-06 20:58:17,8.0,58.649831032251065,7.149177790033953,454.539541384816,84.26378,0.606393211551039
1884,C:\Users\joshy\OneDrive\Documents\Kravitz Lab\freezeData\\0506\20260506205834-b84.18-f10.png,2026-05-06 20:58:34,10.0,59.12664893698259,7.149233960698721,525.9037360284,84.084104,0.5787565915331955
1885,C:\Users\joshy\OneDrive\Documents\Kravitz Lab\freezeData\\0506\20260506205853-b83.75-f0.png,2026-05-06 20:58:53,0.0,57.25158581089554,7.172593398127765,520.3607735162241,83.676392,0.6022170660117981
1886,C:\Users\joshy\OneDrive\Documents\Kravitz Lab\freezeData\\0506\20260506205913-b84.21-f2.png,2026-05-06 20:59:13,2.0,57.35850021781309,7.1970474982333785,805.5190580956,84.105056,0.6189406036550961
1887,C:\Users\joshy\OneDrive\Documents\Kravitz Lab\freezeData\\0506\20260506205930-b84.37-f4.png,2026-05-06 20:59:30,4.0,57.94460951819639,7.172003865070895,493.13841651057595,84.226088,0.6526681598194517
1888,C:\Users\joshy\OneDrive\Documents\Kravitz Lab\freezeData\\0506\20260506205949-b84.06-f6.png,2026-05-06 20:59:49,6.0,58.455599716843686,7.167605596342602,460.4864795696641,83.968988,0.6309411468607694
1889,C:\Users\joshy\OneDrive\Documents\Kravitz Lab\freezeData\\0506\20260506210009-b83.97-f8.png,2026-05-06 21:00:09,8.0,58.814705348626,7.151232822946075,463.66638194840004,83.887952,0.6000633302488873
1890,C:\Users\joshy\OneDrive\Documents\Kravitz Lab\freezeData\\0506\20260506210026-b84.01-f10.png,2026-05-06 21:00:26,10.0,59.053451409546724,7.142167295476355,520.8022654764641,83.920548,0.5733066509319209
1891,C:\Users\joshy\OneDrive\Documents\Kravitz Lab\freezeData\\0506\20260506210044-b83.96-f0.png,2026-05-06 21:00:44,0.0,57.10765052885997,7.159105478222649,494.00410188006407,83.87644,0.5954247173433678
1892,C:\Users\joshy\OneDrive\Documents\Kravitz Lab\freezeData\\0506\20260506210105-b84.53-f2.png,2026-05-06 21:01:05,2.0,57.142950983157455,7.186713917143191,802.8021579263998,84.407908,0.6112583595260095
1893,C:\Users\joshy\OneDrive\Documents\Kravitz Lab\freezeData\\0506\20260506210123-b84.43-f4.png,2026-05-06 21:01:23,4.0,57.78562232063349,7.184906519401229,457.535419265024,84.298652,0.6455328165012737
1894,C:\Users\joshy\OneDrive\Documents\Kravitz Lab\freezeData\\0506\20260506210141-b84.52-f6.png,2026-05-06 21:01:41,6.0,58.13374239666323,7.175539920425404,413.82300349873594,84.39828,0.6271200443547258
1895,C:\Users\joshy\OneDrive\Documents\Kravitz Lab\freezeData\\0506\20260506210202-b84.50-f8.png,2026-05-06 21:02:02,8.0,58.48318766518802,7.163562042993324,457.63450608537596,84.40072,0.5972584769552043
1896,C:\Users\joshy\OneDrive\Documents\Kravitz Lab\freezeData\\0506\20260506210219-b84.66-f10.png,2026-05-06 21:02:19,10.0,58.691379332355105,7.159932599530308,506.94867909574407,84.54716,0.5698721931525111
1897,C:\Users\joshy\OneDrive\Documents\Kravitz Lab\freezeData\\0506\20260506210237-b84.64-f0.png,2026-05-06 21:02:37,0.0,56.7717294714545,7.182434440582167,484.97882895846396,84.528228,0.589462312933758
1898,C:\Users\joshy\OneDrive\Documents\Kravitz Lab\freezeData\\0506\20260506210256-b85.20-f2.png,2026-05-06 21:02:56,2.0,56.815717995044295,7.2099518330775725,809.4413006143999,85.09274,0.6061709980211861
1899,C:\Users\joshy\OneDrive\Documents\Kravitz Lab\freezeData\\0506\20260506210316-b85.35-f4.png,2026-05-06 21:03:16,4.0,57.201893917172214,7.196575083208188,460.95043012857604,85.243976,0.644657572407483
1900,C:\Users\joshy\OneDrive\Documents\Kravitz Lab\freezeData\\0506\20260506210335-b85.18-f6.png,2026-05-06 21:03:35,6.0,57.608672781405545,7.189176480479722,440.82148763033604,85.055212,0.6265022739488496
1901,C:\Users\joshy\OneDrive\Documents\Kravitz Lab\freezeData\\0506\20260506210354-b85.20-f8.png,2026-05-06 21:03:54,8.0,57.92643134424022,7.1748596740958535,454.3688231775839,85.105032,0.5973285239331534
1902,C:\Users\joshy\OneDrive\Documents\Kravitz Lab\freezeData\\0506\20260506210414-b85.30-f10.png,2026-05-06 21:04:14,10.0,58.16921679567419,7.17020610964369,499.1165126016,85.191816,0.5689633573744768
1903,C:\Users\joshy\OneDrive\Documents\Kravitz Lab\freezeData\\0506\20260506210434-b85.04-f0.png,2026-05-06 21:04:34,0.0,56.41401641583765,7.185826822464008,485.68169452134407,84.94656,0.5864119698689414
1904,C:\Users\joshy\OneDrive\Documents\Kravitz Lab\freezeData\\0506\20260506210452-b85.76-f2.png,2026-05-06 21:04:52,2.0,56.46092216998104,7.210247923730677,797.9590139493758,85.680188,0.6054731513415933
1905,C:\Users\joshy\OneDrive\Documents\Kravitz Lab\freezeData\\0506\20260506210511-b85.78-f4.png,2026-05-06 21:05:11,4.0,57.01810360035262,7.200623809646421,451.276241164144,85.670616,0.6414825464330988
1906,C:\Users\joshy\OneDrive\Documents\Kravitz Lab\freezeData\\0506\20260506210530-b85.63-f6.png,2026-05-06 21:05:30,6.0,57.3934134568628,7.1922993537890605,440.9687557084,85.53736,0.6236871402154146
1907,C:\Users\joshy\OneDrive\Documents\Kravitz Lab\freezeData\\0506\20260506210548-b85.54-f8.png,2026-05-06 21:05:48,8.0,57.79316759268694,7.181851020295788,459.2424352301441,85.43006,0.5939086886059652
1908,C:\Users\joshy\OneDrive\Documents\Kravitz Lab\freezeData\\0506\20260506210607-b85.77-f10.png,2026-05-06 21:06:07,10.0,58.05233247329516,7.183426858100253,514.1122310000001,85.6871,0.565933810579411
1909,C:\Users\joshy\OneDrive\Documents\Kravitz Lab\freezeData\\0506\20260506210627-b85.46-f0.png,2026-05-06 21:06:27,0.0,56.324640946994556,7.193267146200772,486.910733069056,85.383012,0.5847850245719698
1910,C:\Users\joshy\OneDrive\Documents\Kravitz Lab\freezeData\\0506\20260506210645-b86.13-f2.png,2026-05-06 21:06:45,2.0,56.295707137118576,7.218133342078561,801.1198853365761,86.050576,0.6040657627831946
1911,C:\Users\joshy\OneDrive\Documents\Kravitz Lab\freezeData\\0506\20260506210704-b86.33-f4.png,2026-05-06 21:07:04,4.0,56.944522656584134,7.209223015010534,463.033052435456,86.220924,0.6399422453023356
1912,C:\Users\joshy\OneDrive\Documents\Kravitz Lab\freezeData\\0506\20260506210724-b86.17-f6.png,2026-05-06 21:07:24,6.0,57.28664739008014,7.201460272629594,428.203819654256,86.050068,0.6209618732655567
1913,C:\Users\joshy\OneDrive\Documents\Kravitz Lab\freezeData\\0506\20260506210742-b86.15-f8.png,2026-05-06 21:07:42,8.0,57.65743998722996,7.1966738804065455,449.918124839024,86.030824,0.5914090453277255
1914,C:\Users\joshy\OneDrive\Documents\Kravitz Lab\freezeData\\0506\20260506210801-b86.21-f10.png,2026-05-06 21:08:01,10.0,57.94730314086397,7.198174057252124,512.787173083584,86.117604,0.5636041470598064
1915,C:\Users\joshy\OneDrive\Documents\Kravitz Lab\freezeData\\0506\20260506210821-b85.70-f0.png,2026-05-06 21:08:21,0.0,56.21712418148463,7.1930493631556125,485.012150382016,85.608244,0.5848420922689438
1916,C:\Users\joshy\OneDrive\Documents\Kravitz Lab\freezeData\\0506\20260506210838-b86.58-f2.png,2026-05-06 21:08:38,2.0,56.138927207139396,7.226532807295583,806.7005693235039,86.507748,0.6037841924192798
1917,C:\Users\joshy\OneDrive\Documents\Kravitz Lab\freezeData\\0506\20260506210857-b86.75-f4.png,2026-05-06 21:08:57,4.0,56.80537030236434,7.216372975087819,469.24671701401604,86.651792,0.6394689715271776
1918,C:\Users\joshy\OneDrive\Documents\Kravitz Lab\freezeData\\0506\20260506210918-b86.57-f6.png,2026-05-06 21:09:18,6.0,57.168488792715316,7.209457430715656,434.533623470016,86.491928,0.6203904601349243
1919,C:\Users\joshy\OneDrive\Documents\Kravitz Lab\freezeData\\0506\20260506210937-b86.56-f8.png,2026-05-06 21:09:37,8.0,57.53868602508208,7.204092575679353,452.21842665465596,86.441532,0.5900661298291596
1920,C:\Users\joshy\OneDrive\Documents\Kravitz Lab\freezeData\\0506\20260506210958-b86.59-f10.png,2026-05-06 21:09:58,10.0,57.80997722723108,7.208107350819857,533.4624737855839,86.511532,0.564039605130324
1921,C:\Users\joshy\OneDrive\Documents\Kravitz Lab\freezeData\\0506\20260506211016-b86.14-f0.png,2026-05-06 21:10:16,0.0,56.128252607584216,7.199512020156325,470.4246014527839,86.057404,0.5851076889155202
1922,C:\Users\joshy\OneDrive\Documents\Kravitz Lab\freezeData\\0506\20260506211033-b87.19-f2.png,2026-05-06 21:10:33,2.0,56.00088971016428,7.230223351337627,773.570205903296,87.072496,0.6023909651118281
1923,C:\Users\joshy\OneDrive\Documents\Kravitz Lab\freezeData\\0506\20260506211053-b87.01-f4.png,2026-05-06 21:10:53,4.0,56.605620701481584,7.21874702839888,476.52902144000007,86.877,0.637107041394286
1924,C:\Users\joshy\OneDrive\Documents\Kravitz Lab\freezeData\\0506\20260506211113-b87.09-f6.png,2026-05-06 21:11:13,6.0,57.055268019326526,7.221142100611101,411.63181179569597,86.945896,0.6181782494432152
1925,C:\Users\joshy\OneDrive\Documents\Kravitz Lab\freezeData\\0506\20260506211130-b86.88-f8.png,2026-05-06 21:11:30,8.0,57.482117471088344,7.220681368147332,441.9686574464001,86.7548,0.5893093896684206
1926,C:\Users\joshy\OneDrive\Documents\Kravitz Lab\freezeData\\0506\20260506211150-b86.99-f10.png,2026-05-06 21:11:50,10.0,57.71355652446021,7.224903336858134,514.547517051504,86.867044,0.5633382501415775
1927,C:\Users\joshy\OneDrive\Documents\Kravitz Lab\freezeData\\0506\20260506211209-b86.47-f0.png,2026-05-06 21:12:09,0.0,55.97656478898204,7.203120670913002,502.97431019366405,86.378664,0.5830947707507669
1928,C:\Users\joshy\OneDrive\Documents\Kravitz Lab\freezeData\\0506\20260506211227-b87.61-f2.png,2026-05-06 21:12:27,2.0,55.78956641692437,7.23833123834903,767.3183813104,87.490672,0.6008980730503946
1929,C:\Users\joshy\OneDrive\Documents\Kravitz Lab\freezeData\\0506\20260506211246-b87.50-f4.png,2026-05-06 21:12:46,4.0,56.515710315299195,7.228671475803591,478.24986076,87.391928,0.636732776066362
1930,C:\Users\joshy\OneDrive\Documents\Kravitz Lab\freezeData\\0506\20260506211306-b87.43-f6.png,2026-05-06 21:13:06,6.0,57.02882138415277,7.231319896841911,445.438638850816,87.29812,0.6166106705230158
1931,C:\Users\joshy\OneDrive\Documents\Kravitz Lab\freezeData\\0506\20260506211323-b87.25-f8.png,2026-05-06 21:13:23,8.0,57.414216250892565,7.2321371513945625,452.07422075313593,87.138088,0.5889731107422329
1932,C:\Users\joshy\OneDrive\Documents\Kravitz Lab\freezeData\\0506\20260506211342-b87.26-f10.png,2026-05-06 21:13:42,10.0,57.6495541622748,7.237326293608012,514.5313174259039,87.166712,0.5656439762415486
1933,C:\Users\joshy\OneDrive\Documents\Kravitz Lab\freezeData\\0506\20260506211402-b86.88-f0.png,2026-05-06 21:14:02,0.0,55.92268831279283,7.209828409534855,496.169207887216,86.784668,0.5821492532053819
1934,C:\Users\joshy\OneDrive\Documents\Kravitz Lab\freezeData\\0506\20260506211437-b87.90-f4.png,2026-05-06 21:14:37,4.0,56.409337546470084,7.237181422990708,474.414188643776,87.78322,0.6351121875673605
1935,C:\Users\joshy\OneDrive\Documents\Kravitz Lab\freezeData\\0506\20260506211419-b88.10-f2.png,2026-05-06 21:14:19,2.0,55.72857666657005,7.23764284495831,751.2145890416001,87.977668,0.5997189577211047
1936,C:\Users\joshy\OneDrive\Documents\Kravitz Lab\freezeData\\0506\20260506211456-b87.65-f6.png,2026-05-06 21:14:56,6.0,56.93257276612031,7.241047867061482,440.82002740401595,87.526196,0.6168925870430033
1937,C:\Users\joshy\OneDrive\Documents\Kravitz Lab\freezeData\\0506\20260506211516-b87.57-f8.png,2026-05-06 21:15:16,8.0,57.34853792067323,7.245670887395123,441.3524642938241,87.434652,0.5903906926364283
1938,C:\Users\joshy\OneDrive\Documents\Kravitz Lab\freezeData\\0506\20260506211552-b87.31-f0.png,2026-05-06 21:15:52,0.0,55.828766089887246,7.217404161470251,493.662385603696,87.225284,0.5820817031473384
1939,C:\Users\joshy\OneDrive\Documents\Kravitz Lab\freezeData\\0506\20260506211534-b87.50-f10.png,2026-05-06 21:15:34,10.0,57.680674466339035,7.253453556498225,515.811729968064,87.405168,0.565658402155104
1940,C:\Users\joshy\OneDrive\Documents\Kravitz Lab\freezeData\\0506\20260506211611-b88.39-f2.png,2026-05-06 21:16:11,2.0,55.46595732719939,7.247144553027394,746.2289539379038,88.266964,0.5986696955685793
1941,C:\Users\joshy\OneDrive\Documents\Kravitz Lab\freezeData\\0506\20260506211630-b88.14-f4.png,2026-05-06 21:16:30,4.0,56.372351190220904,7.247148253820876,480.647361297264,88.04192,0.6350301935328548
1942,C:\Users\joshy\OneDrive\Documents\Kravitz Lab\freezeData\\0506\20260506211708-b87.77-f8.png,2026-05-06 21:17:08,8.0,57.23695697275934,7.2526223973143304,445.91226416000006,87.659864,0.5903656880624022
1943,C:\Users\joshy\OneDrive\Documents\Kravitz Lab\freezeData\\0506\20260506211649-b87.87-f6.png,2026-05-06 21:16:49,6.0,56.912690297460514,7.25499356294005,441.760275204336,87.757688,0.6174294651058179
1944,C:\Users\joshy\OneDrive\Documents\Kravitz Lab\freezeData\\0506\20260506211727-b88.01-f10.png,2026-05-06 21:17:27,10.0,57.38439439792195,7.246010180780062,508.3089043824,87.901088,0.56638900064491
1945,C:\Users\joshy\OneDrive\Documents\Kravitz Lab\freezeData\\0506\20260506211745-b87.56-f0.png,2026-05-06 21:17:45,0.0,55.7695438147581,7.222545534067886,486.4389008741759,87.455924,0.5805183661895199
1946,C:\Users\joshy\OneDrive\Documents\Kravitz Lab\freezeData\\0506\20260506211805-b88.80-f2.png,2026-05-06 21:18:05,2.0,55.46751696466739,7.253613742947523,756.965586645104,88.687344,0.5977728035799011
1947,C:\Users\joshy\OneDrive\Documents\Kravitz Lab\freezeData\\0506\20260506211823-b88.50-f4.png,2026-05-06 21:18:23,4.0,56.31093718356263,7.25503966421041,475.805827573184,88.391808,0.6352827748188226
1948,C:\Users\joshy\OneDrive\Documents\Kravitz Lab\freezeData\\0506\20260506211842-b88.26-f6.png,2026-05-06 21:18:42,6.0,56.77343504667457,7.254366868516615,440.3962109758559,88.125032,0.6178112515055187
1949,C:\Users\joshy\OneDrive\Documents\Kravitz Lab\freezeData\\0506\20260506211901-b88.44-f8.png,2026-05-06 21:19:01,8.0,56.9178743652746,7.244711939922452,440.03094584959996,88.316104,0.591805319081173
1950,C:\Users\joshy\OneDrive\Documents\Kravitz Lab\freezeData\\0506\20260506211938-b87.85-f0.png,2026-05-06 21:19:38,0.0,55.81428083950071,7.230430437730751,501.038140374784,87.728312,0.5794680742994417
1951,C:\Users\joshy\OneDrive\Documents\Kravitz Lab\freezeData\\0506\20260506211920-b88.58-f10.png,2026-05-06 21:19:20,10.0,57.034024159832036,7.235720191051763,528.430473364224,88.484764,0.568304365407113
1952,C:\Users\joshy\OneDrive\Documents\Kravitz Lab\freezeData\\0506\20260506211958-b88.96-f2.png,2026-05-06 21:19:58,2.0,55.42396420869745,7.2589063858866005,741.7649658567041,88.821968,0.5973774532819887
1953,C:\Users\joshy\OneDrive\Documents\Kravitz Lab\freezeData\\0506\20260506212016-b88.81-f4.png,2026-05-06 21:20:16,4.0,56.26382354215697,7.2597675119727825,476.227549069056,88.694032,0.6343754927658294
1954,C:\Users\joshy\OneDrive\Documents\Kravitz Lab\freezeData\\0506\20260506212034-b88.75-f6.png,2026-05-06 21:20:34,6.0,56.509129529566245,7.2468563458628195,444.031271280896,88.652052,0.618289401039132
1955,C:\Users\joshy\OneDrive\Documents\Kravitz Lab\freezeData\\0506\20260506212054-b89.03-f8.png,2026-05-06 21:20:54,8.0,56.665917316863975,7.236738185640641,459.8655800476,88.915344,0.5919174013660092
1956,C:\Users\joshy\OneDrive\Documents\Kravitz Lab\freezeData\\0506\20260506212112-b89.21-f10.png,2026-05-06 21:21:12,10.0,56.796835765631734,7.232003522428274,505.21435604759995,89.083684,0.5680627828245014
1957,C:\Users\joshy\OneDrive\Documents\Kravitz Lab\freezeData\\0506\20260506212131-b87.93-f0.png,2026-05-06 21:21:31,0.0,55.797208182144736,7.24089871044767,483.893444845824,87.82528,0.579528660979807
1958,C:\Users\joshy\OneDrive\Documents\Kravitz Lab\freezeData\\0506\20260506212150-b89.28-f2.png,2026-05-06 21:21:50,2.0,55.42845862865393,7.259747809075951,721.1011476735999,89.17254,0.5980485567680512
1959,C:\Users\joshy\OneDrive\Documents\Kravitz Lab\freezeData\\0506\20260506212208-b89.13-f4.png,2026-05-06 21:22:08,4.0,56.11873798249693,7.255737481084175,492.96345996793605,89.013684,0.6340163038695985
1960,C:\Users\joshy\OneDrive\Documents\Kravitz Lab\freezeData\\0506\20260506212228-b89.37-f6.png,2026-05-06 21:22:28,6.0,56.335043520032045,7.247553676758011,452.2326552256,89.260936,0.6180404752896866
1961,C:\Users\joshy\OneDrive\Documents\Kravitz Lab\freezeData\\0506\20260506212246-b89.52-f8.png,2026-05-06 21:22:46,8.0,56.47182510846357,7.237222550357896,458.81776449240004,89.424152,0.5906802304841672
1962,C:\Users\joshy\OneDrive\Documents\Kravitz Lab\freezeData\\0506\20260506212323-b88.43-f0.png,2026-05-06 21:23:23,0.0,55.704162994559034,7.238488761124536,511.20336538854406,88.34734,0.5802930767493475
1963,C:\Users\joshy\OneDrive\Documents\Kravitz Lab\freezeData\\0506\20260506212305-b89.94-f10.png,2026-05-06 21:23:05,10.0,56.537648229806095,7.232879126766929,537.0588426546559,89.839948,0.5659286869074224
1964,C:\Users\joshy\OneDrive\Documents\Kravitz Lab\freezeData\\0506\20260506212343-b89.50-f2.png,2026-05-06 21:23:43,2.0,55.394828108496775,7.267125003260178,728.1337374271839,89.370436,0.5985276916246363
1965,C:\Users\joshy\OneDrive\Documents\Kravitz Lab\freezeData\\0506\20260506212400-b89.66-f4.png,2026-05-06 21:24:00,4.0,55.960491357394496,7.250597903292881,488.474578117616,89.554176,0.6340932955980286
1966,C:\Users\joshy\OneDrive\Documents\Kravitz Lab\freezeData\\0506\20260506212419-b89.88-f6.png,2026-05-06 21:24:19,6.0,56.189901746058105,7.243601164302804,441.0360274284641,89.762156,0.6172346254549678
1967,C:\Users\joshy\OneDrive\Documents\Kravitz Lab\freezeData\\0506\20260506212437-b90.17-f8.png,2026-05-06 21:24:37,8.0,56.319416937222776,7.237415560380008,450.51691066289595,90.038208,0.589164690431486
1968,C:\Users\joshy\OneDrive\Documents\Kravitz Lab\freezeData\\0506\20260506212458-b90.56-f10.png,2026-05-06 21:24:58,10.0,56.352339602590554,7.2344611050058,542.780928988096,90.472048,0.5648133628625677
1969,C:\Users\joshy\OneDrive\Documents\Kravitz Lab\freezeData\\0506\20260506212516-b88.85-f0.png,2026-05-06 21:25:16,0.0,55.620943309811494,7.2360901547237795,502.526086017536,88.725356,0.5807680339504026
1970,C:\Users\joshy\OneDrive\Documents\Kravitz Lab\freezeData\\0506\20260506212555-b90.03-f4.png,2026-05-06 21:25:55,4.0,55.80617055343124,7.24783097208761,486.277869785856,89.936312,0.6345193066480931
1971,C:\Users\joshy\OneDrive\Documents\Kravitz Lab\freezeData\\0506\20260506212535-b89.74-f2.png,2026-05-06 21:25:35,2.0,55.316908645571154,7.261531201143132,725.1824731641441,89.611256,0.59833513323871
1972,C:\Users\joshy\OneDrive\Documents\Kravitz Lab\freezeData\\0506\20260506212613-b90.34-f6.png,2026-05-06 21:26:13,6.0,56.03905329536051,7.242504028643218,434.99993516825606,90.222912,0.6189092062387658
1973,C:\Users\joshy\OneDrive\Documents\Kravitz Lab\freezeData\\0506\20260506212631-b90.79-f8.png,2026-05-06 21:26:31,8.0,56.14928011793576,7.236304374214435,447.644956881776,90.667828,0.5907691141003938
1974,C:\Users\joshy\OneDrive\Documents\Kravitz Lab\freezeData\\0506\20260506212652-b91.11-f10.png,2026-05-06 21:26:52,10.0,56.25420419529492,7.235715886334784,537.247905528064,91.006508,0.566043658394839
1975,C:\Users\joshy\OneDrive\Documents\Kravitz Lab\freezeData\\0506\20260506212710-b89.07-f0.png,2026-05-06 21:27:10,0.0,55.49905034340231,7.232347511463092,487.02203988721595,88.958636,0.581867585257377
1976,C:\Users\joshy\OneDrive\Documents\Kravitz Lab\freezeData\\0506\20260506212728-b90.01-f2.png,2026-05-06 21:27:28,2.0,55.191519979879665,7.259378551114183,706.512248047856,89.910388,0.5994649480732012
1977,C:\Users\joshy\OneDrive\Documents\Kravitz Lab\freezeData\\0506\20260506212746-b90.34-f4.png,2026-05-06 21:27:46,4.0,55.69066283166685,7.247875824246943,474.76401261440003,90.23264,0.6352344863776234
1978,C:\Users\joshy\OneDrive\Documents\Kravitz Lab\freezeData\\0506\20260506212806-b90.77-f6.png,2026-05-06 21:28:06,6.0,55.90744699762263,7.239165051020389,456.30590710129593,90.651004,0.619184599908084
1979,C:\Users\joshy\OneDrive\Documents\Kravitz Lab\freezeData\\0506\20260506212825-b91.15-f8.png,2026-05-06 21:28:25,8.0,55.963440126671124,7.233011998924258,464.6336847104,91.047636,0.5911391146286475
1980,C:\Users\joshy\OneDrive\Documents\Kravitz Lab\freezeData\\0506\20260506212904-b89.30-f0.png,2026-05-06 21:29:04,0.0,55.36735335230478,7.228078754093736,499.9275175413761,89.215032,0.5827110995600234
1981,C:\Users\joshy\OneDrive\Documents\Kravitz Lab\freezeData\\0506\20260506212845-b91.41-f10.png,2026-05-06 21:28:45,10.0,56.02380551422347,7.231812882248786,527.019073114624,91.319092,0.5672901642970679
1982,C:\Users\joshy\OneDrive\Documents\Kravitz Lab\freezeData\\0506\20260506212922-b90.30-f2.png,2026-05-06 21:29:22,2.0,55.105398820230164,7.254929525668563,697.792168267376,90.173876,0.6006462573093805
1983,C:\Users\joshy\OneDrive\Documents\Kravitz Lab\freezeData\\0506\20260506212942-b90.58-f4.png,2026-05-06 21:29:42,4.0,55.52426556554084,7.243004629626699,477.23880455526404,90.460536,0.6362082922511803
1984,C:\Users\joshy\OneDrive\Documents\Kravitz Lab\freezeData\\0506\20260506213001-b91.08-f6.png,2026-05-06 21:30:01,6.0,55.71991420152346,7.239084054144101,433.837343267264,90.955308,0.6195712979637089
1985,C:\Users\joshy\OneDrive\Documents\Kravitz Lab\freezeData\\0506\20260506213019-b91.49-f8.png,2026-05-06 21:30:19,8.0,55.779294426892704,7.228223775885378,452.266693083584,91.373504,0.5913875218363079
1986,C:\Users\joshy\OneDrive\Documents\Kravitz Lab\freezeData\\0506\20260506213037-b91.80-f10.png,2026-05-06 21:30:37,10.0,55.82473816342558,7.227119175895914,517.4753837056,91.689676,0.5670137325566903
1987,C:\Users\joshy\OneDrive\Documents\Kravitz Lab\freezeData\\0506\20260506213056-b89.30-f0.png,2026-05-06 21:30:56,0.0,55.25073990887304,7.2224475527661625,497.24732377286404,89.204508,0.5833362594494746
1988,C:\Users\joshy\OneDrive\Documents\Kravitz Lab\freezeData\\0506\20260506213115-b90.59-f2.png,2026-05-06 21:31:15,2.0,55.01373499024418,7.248453034509747,661.406911983984,90.459572,0.6014224737269505
1989,C:\Users\joshy\OneDrive\Documents\Kravitz Lab\freezeData\\0506\20260506213134-b90.65-f4.png,2026-05-06 21:31:34,4.0,55.38940358056353,7.235721285917449,458.29830465841604,90.543116,0.6363284360828628
1990,C:\Users\joshy\OneDrive\Documents\Kravitz Lab\freezeData\\0506\20260506213152-b90.90-f6.png,2026-05-06 21:31:52,6.0,55.62174058200063,7.226457237181073,438.455759493056,90.784068,0.6199748571488211
1991,C:\Users\joshy\OneDrive\Documents\Kravitz Lab\freezeData\\0506\20260506213211-b91.24-f8.png,2026-05-06 21:32:11,8.0,55.74129545113511,7.217364035390632,434.09965065465605,91.108708,0.5920347786055641
1992,C:\Users\joshy\OneDrive\Documents\Kravitz Lab\freezeData\\0506\20260506213230-b91.51-f10.png,2026-05-06 21:32:30,10.0,55.80804753210691,7.214844434917818,534.560683023984,91.387436,0.5674725084514812
1993,C:\Users\joshy\OneDrive\Documents\Kravitz Lab\freezeData\\0506\20260506213250-b89.30-f0.png,2026-05-06 21:32:50,0.0,55.20794022719906,7.217231864855262,485.541944599664,89.202504,0.5842150717618705
1994,C:\Users\joshy\OneDrive\Documents\Kravitz Lab\freezeData\\0506\20260506213309-b90.34-f2.png,2026-05-06 21:33:09,2.0,54.9626026791943,7.236091930206563,662.1853564354559,90.222968,0.6020695148095409
1995,C:\Users\joshy\OneDrive\Documents\Kravitz Lab\freezeData\\0506\20260506213328-b90.56-f4.png,2026-05-06 21:33:28,4.0,55.36256954872973,7.229732482851492,470.633332555264,90.455492,0.6371505679259554
1996,C:\Users\joshy\OneDrive\Documents\Kravitz Lab\freezeData\\0506\20260506213347-b90.94-f6.png,2026-05-06 21:33:47,6.0,55.5200451359988,7.220218536168058,433.50279544049596,90.837716,0.6207700765676647
1997,C:\Users\joshy\OneDrive\Documents\Kravitz Lab\freezeData\\0506\20260506213406-b91.28-f8.png,2026-05-06 21:34:06,8.0,55.640116786592024,7.213303242041351,456.10782721470406,91.17912,0.5927583663196286
1998,C:\Users\joshy\OneDrive\Documents\Kravitz Lab\freezeData\\0506\20260506213425-b91.21-f10.png,2026-05-06 21:34:25,10.0,55.67979800399553,7.205028452573234,532.4478243582561,91.125484,0.5676595710701269
1999,C:\Users\joshy\OneDrive\Documents\Kravitz Lab\freezeData\\0506\20260506213444-b89.32-f0.png,2026-05-06 21:34:44,0.0,55.09545733097,7.212066226156612,471.26292111000004,89.203208,0.5845940418764449
2000,C:\Users\joshy\OneDrive\Documents\Kravitz Lab\freezeData\\0506\20260506213502-b90.42-f2.png,2026-05-06 21:35:02,2.0,54.898339464544826,7.232610884179059,640.879499935744,90.33066,0.6022574062160232
2001,C:\Users\joshy\OneDrive\Documents\Kravitz Lab\freezeData\\0506\20260506213521-b90.62-f4.png,2026-05-06 21:35:21,4.0,55.23122164781438,7.223352490728271,456.09146125766404,90.5173,0.6365596461741457
2002,C:\Users\joshy\OneDrive\Documents\Kravitz Lab\freezeData\\0506\20260506213540-b90.97-f6.png,2026-05-06 21:35:40,6.0,55.45385201724922,7.220870150667266,442.66030364,90.867968,0.6215393996623255
2003,C:\Users\joshy\OneDrive\Documents\Kravitz Lab\freezeData\\0506\20260506213559-b91.14-f8.png,2026-05-06 21:35:59,8.0,55.562895770409085,7.208421115875129,459.8017645361759,91.044784,0.5929084332324742
2004,C:\Users\joshy\OneDrive\Documents\Kravitz Lab\freezeData\\0506\20260506213618-b91.27-f10.png,2026-05-06 21:36:18,10.0,55.619100118876425,7.201428599744929,517.210267777984,91.16892,0.5679979947468413
2005,C:\Users\joshy\OneDrive\Documents\Kravitz Lab\freezeData\\0506\20260506213637-b89.24-f0.png,2026-05-06 21:36:37,0.0,55.00430210205729,7.2077426154568665,462.263147967936,89.121796,0.5846841620942621
2006,C:\Users\joshy\OneDrive\Documents\Kravitz Lab\freezeData\\0506\20260506213715-b90.59-f4.png,2026-05-06 21:37:15,4.0,55.15931476602428,7.219482805937619,446.3032839034241,90.478216,0.636461968633933
2007,C:\Users\joshy\OneDrive\Documents\Kravitz Lab\freezeData\\0506\20260506213655-b90.32-f2.png,2026-05-06 21:36:55,2.0,54.81283590985104,7.229471076662392,639.859656205296,90.212912,0.6022745406252422
2008,C:\Users\joshy\OneDrive\Documents\Kravitz Lab\freezeData\\0506\20260506213734-b90.96-f6.png,2026-05-06 21:37:34,6.0,55.34818444348468,7.212592984430797,431.71002307839996,90.8341,0.6203220955602757
2009,C:\Users\joshy\OneDrive\Documents\Kravitz Lab\freezeData\\0506\20260506213752-b91.06-f8.png,2026-05-06 21:37:52,8.0,55.49441667517913,7.199483459841723,447.942454215616,90.96104,0.5924186231446177
2010,C:\Users\joshy\OneDrive\Documents\Kravitz Lab\freezeData\\0506\20260506213811-b91.36-f10.png,2026-05-06 21:38:11,10.0,55.56617714862724,7.198253081824728,502.3269768176,91.214124,0.5672619295878362
2011,C:\Users\joshy\OneDrive\Documents\Kravitz Lab\freezeData\\0506\20260506213830-b89.33-f0.png,2026-05-06 21:38:30,0.0,54.93203464487132,7.206071906321962,478.49317708273594,89.245784,0.5853706499183331
2012,C:\Users\joshy\OneDrive\Documents\Kravitz Lab\freezeData\\0506\20260506213849-b90.41-f2.png,2026-05-06 21:38:49,2.0,54.77674389579855,7.223983552768315,634.9418567455839,90.297436,0.6024641451359596
2013,C:\Users\joshy\OneDrive\Documents\Kravitz Lab\freezeData\\0506\20260506213908-b90.67-f4.png,2026-05-06 21:39:08,4.0,55.099501291067966,7.219112125975427,470.21918773990404,90.57734,0.6370812971712246
2014,C:\Users\joshy\OneDrive\Documents\Kravitz Lab\freezeData\\0506\20260506213946-b91.10-f8.png,2026-05-06 21:39:46,8.0,55.42360128895256,7.196615151126536,454.89243730225587,90.999596,0.5929761670018033
2015,C:\Users\joshy\OneDrive\Documents\Kravitz Lab\freezeData\\0506\20260506213926-b90.87-f6.png,2026-05-06 21:39:26,6.0,55.29412237650596,7.210202318092729,448.13176623641596,90.760228,0.6207146551310554
2016,C:\Users\joshy\OneDrive\Documents\Kravitz Lab\freezeData\\0506\20260506214004-b91.16-f10.png,2026-05-06 21:40:04,10.0,55.50223354149503,7.1909004819511555,517.9144852416,91.057688,0.5668083786526334
2017,C:\Users\joshy\OneDrive\Documents\Kravitz Lab\freezeData\\0506\20260506214024-b89.34-f0.png,2026-05-06 21:40:24,0.0,54.84165192650929,7.2005604108424,465.6475106361439,89.25346,0.5843119661212559
2018,C:\Users\joshy\OneDrive\Documents\Kravitz Lab\freezeData\\0506\20260506214042-b90.32-f2.png,2026-05-06 21:40:42,2.0,54.711771277257114,7.22134998563853,618.319348643776,90.195652,0.6017298310990524
2019,C:\Users\joshy\OneDrive\Documents\Kravitz Lab\freezeData\\0506\20260506214101-b90.66-f4.png,2026-05-06 21:41:01,4.0,55.038605678767844,7.210520180808135,436.612904174064,90.528652,0.6359628640136513
2020,C:\Users\joshy\OneDrive\Documents\Kravitz Lab\freezeData\\0506\20260506214121-b90.79-f6.png,2026-05-06 21:41:21,6.0,55.15653206421389,7.201598225054452,417.30437970839995,90.676688,0.6205443017085034
2021,C:\Users\joshy\OneDrive\Documents\Kravitz Lab\freezeData\\0506\20260506214140-b91.08-f8.png,2026-05-06 21:41:40,8.0,55.33005872445045,7.190475829010601,440.908554278336,90.956808,0.5932278513150728
2022,C:\Users\joshy\OneDrive\Documents\Kravitz Lab\freezeData\\0506\20260506214159-b91.21-f10.png,2026-05-06 21:41:59,10.0,55.36337350261453,7.18533608592944,520.9062960701441,91.1071,0.5673303011061637
2023,C:\Users\joshy\OneDrive\Documents\Kravitz Lab\freezeData\\0506\20260506214218-b89.49-f0.png,2026-05-06 21:42:18,0.0,54.77179965434242,7.2004525046378,452.440857000176,89.388024,0.5861113280320148
2024,C:\Users\joshy\OneDrive\Documents\Kravitz Lab\freezeData\\0506\20260506214237-b90.36-f2.png,2026-05-06 21:42:37,2.0,54.5665648236773,7.217389323785017,607.113220435456,90.246632,0.602165768169785
2025,C:\Users\joshy\OneDrive\Documents\Kravitz Lab\freezeData\\0506\20260506214258-b90.86-f4.png,2026-05-06 21:42:58,4.0,54.91311573742885,7.210989762112138,457.680408945664,90.750088,0.6374048904995797
2026,C:\Users\joshy\OneDrive\Documents\Kravitz Lab\freezeData\\0506\20260506214316-b91.02-f6.png,2026-05-06 21:43:16,6.0,55.04434136324801,7.19954300312879,427.4750438732639,90.915668,0.6219446494847582
2027,C:\Users\joshy\OneDrive\Documents\Kravitz Lab\freezeData\\0506\20260506214336-b91.28-f8.png,2026-05-06 21:43:36,8.0,55.19878656876087,7.189102192340947,455.11913711462404,91.154872,0.5935492852353097
2028,C:\Users\joshy\OneDrive\Documents\Kravitz Lab\freezeData\\0506\20260506214355-b91.40-f10.png,2026-05-06 21:43:55,10.0,55.256855121328655,7.184338421674448,526.3691773724,91.293636,0.5678955724559634
2029,C:\Users\joshy\OneDrive\Documents\Kravitz Lab\freezeData\\0506\20260506214413-b89.51-f0.png,2026-05-06 21:44:13,0.0,54.62616689708828,7.1959427627834955,453.60859217406403,89.388384,0.5860647740611712
2030,C:\Users\joshy\OneDrive\Documents\Kravitz Lab\freezeData\\0506\20260506214431-b90.59-f2.png,2026-05-06 21:44:31,2.0,54.481381372602364,7.213379220595327,591.5122072476,90.455416,0.6025695599960342
2031,C:\Users\joshy\OneDrive\Documents\Kravitz Lab\freezeData\\0506\20260506214451-b90.87-f4.png,2026-05-06 21:44:51,4.0,54.75246976617862,7.204476496345638,445.601569000176,90.765764,0.6378517060916018
2032,C:\Users\joshy\OneDrive\Documents\Kravitz Lab\freezeData\\0506\20260506214529-b91.41-f8.png,2026-05-06 21:45:29,8.0,55.08601645266791,7.185224590304885,454.4150115900001,91.28042,0.593154875870919
2033,C:\Users\joshy\OneDrive\Documents\Kravitz Lab\freezeData\\0506\20260506214510-b91.00-f6.png,2026-05-06 21:45:10,6.0,54.920670180000535,7.193067567476578,425.704603895024,90.90714,0.6219477862409668
2034,C:\Users\joshy\OneDrive\Documents\Kravitz Lab\freezeData\\0506\20260506214549-b91.45-f10.png,2026-05-06 21:45:49,10.0,55.15019561264036,7.1811142862037265,524.436365450496,91.331252,0.5676803682634897
2035,C:\Users\joshy\OneDrive\Documents\Kravitz Lab\freezeData\\0506\20260506214607-b89.57-f0.png,2026-05-06 21:46:07,0.0,54.517150901928105,7.191485944154439,456.032595018176,89.47058,0.587578884168186
2036,C:\Users\joshy\OneDrive\Documents\Kravitz Lab\freezeData\\0506\20260506214627-b90.61-f2.png,2026-05-06 21:46:27,2.0,54.42009768076129,7.208495086585732,588.5914328030561,90.48642,0.6039154367233871
2037,C:\Users\joshy\OneDrive\Documents\Kravitz Lab\freezeData\\0506\20260506214645-b91.00-f4.png,2026-05-06 21:46:45,4.0,54.652302341195615,7.201276229386479,455.7068058332159,90.881388,0.6387330942689348
2038,C:\Users\joshy\OneDrive\Documents\Kravitz Lab\freezeData\\0506\20260506214703-b91.28-f6.png,2026-05-06 21:47:03,6.0,54.80960140429689,7.193037854043532,429.40389958526396,91.153564,0.6219666242671846
2039,C:\Users\joshy\OneDrive\Documents\Kravitz Lab\freezeData\\0506\20260506214721-b91.56-f8.png,2026-05-06 21:47:21,8.0,54.98726870970756,7.184523585281432,428.7509891356,91.400804,0.5920773424880028
2040,C:\Users\joshy\OneDrive\Documents\Kravitz Lab\freezeData\\0506\20260506214759-b89.60-f0.png,2026-05-06 21:47:59,0.0,54.387728462897364,7.185798781208241,461.27334076,89.483488,0.5876514071390436
2041,C:\Users\joshy\OneDrive\Documents\Kravitz Lab\freezeData\\0506\20260506214741-b91.63-f10.png,2026-05-06 21:47:41,10.0,55.013464415860376,7.174631939485319,506.1364869037439,91.507808,0.5659909792525497
2042,C:\Users\joshy\OneDrive\Documents\Kravitz Lab\freezeData\\0506\20260506214818-b90.51-f2.png,2026-05-06 21:48:18,2.0,54.26177659319665,7.203038393489537,588.8853885848961,90.412496,0.6047404797926688
2043,C:\Users\joshy\OneDrive\Documents\Kravitz Lab\freezeData\\0506\20260506214838-b91.12-f4.png,2026-05-06 21:48:38,4.0,54.557490552734336,7.196867694856793,457.4984606144,90.996452,0.6389184955343902
2044,C:\Users\joshy\OneDrive\Documents\Kravitz Lab\freezeData\\0506\20260506214855-b91.36-f6.png,2026-05-06 21:48:55,6.0,54.71213997875806,7.192439851500066,441.6778036542561,91.249028,0.6225491202994876
2045,C:\Users\joshy\OneDrive\Documents\Kravitz Lab\freezeData\\0506\20260506214914-b91.53-f8.png,2026-05-06 21:49:14,8.0,54.888125653000614,7.179587457584365,436.38902424934395,91.423696,0.5922121664715545
2046,C:\Users\joshy\OneDrive\Documents\Kravitz Lab\freezeData\\0506\20260506214934-b91.79-f10.png,2026-05-06 21:49:34,10.0,54.934138812217086,7.174009268505064,515.0255191836001,91.689992,0.5666760177951133
2047,C:\Users\joshy\OneDrive\Documents\Kravitz Lab\freezeData\\0506\20260506214952-b89.70-f0.png,2026-05-06 21:49:52,0.0,54.33682847785932,7.18350535973767,471.7166763136,89.603764,0.5886876465141142
2048,C:\Users\joshy\OneDrive\Documents\Kravitz Lab\freezeData\\0506\20260506215031-b91.08-f4.png,2026-05-06 21:50:31,4.0,54.466058694043355,7.19528455096535,447.11118683801595,90.974032,0.638615021406747
2049,C:\Users\joshy\OneDrive\Documents\Kravitz Lab\freezeData\\0506\20260506215011-b90.71-f2.png,2026-05-06 21:50:11,2.0,54.213632072813574,7.201482878935306,577.5321436569441,90.59356,0.6048696627808791
2050,C:\Users\joshy\OneDrive\Documents\Kravitz Lab\freezeData\\0506\20260506215049-b91.42-f6.png,2026-05-06 21:50:49,6.0,54.651184122631264,7.191740009296038,443.48904336638395,91.320484,0.6224861788412962
2051,C:\Users\joshy\OneDrive\Documents\Kravitz Lab\freezeData\\0506\20260506215107-b91.76-f8.png,2026-05-06 21:51:07,8.0,54.793939600036204,7.17549772358015,437.884041809856,91.624672,0.5914323519407414
2052,C:\Users\joshy\OneDrive\Documents\Kravitz Lab\freezeData\\0506\20260506215126-b92.04-f10.png,2026-05-06 21:51:26,10.0,54.82174106701815,7.175679913816795,514.081661554176,91.922396,0.565817588009097
2053,C:\Users\joshy\OneDrive\Documents\Kravitz Lab\freezeData\\0506\20260506215146-b89.76-f0.png,2026-05-06 21:51:46,0.0,54.29234301017572,7.18080672764262,460.7145089304961,89.657132,0.589283085059612
2054,C:\Users\joshy\OneDrive\Documents\Kravitz Lab\freezeData\\0506\20260506215204-b90.73-f2.png,2026-05-06 21:52:04,2.0,54.182823866523016,7.200686206650971,599.3045689724,90.623312,0.6049639405413763
2055,C:\Users\joshy\OneDrive\Documents\Kravitz Lab\freezeData\\0506\20260506215223-b91.21-f4.png,2026-05-06 21:52:23,4.0,54.42723189297813,7.196021161558218,455.29725659966397,91.088772,0.6386515204896014
2056,C:\Users\joshy\OneDrive\Documents\Kravitz Lab\freezeData\\0506\20260506215243-b91.61-f6.png,2026-05-06 21:52:43,6.0,54.591708433087746,7.1906994675070015,439.516615784704,91.477856,0.6225218992932599
2057,C:\Users\joshy\OneDrive\Documents\Kravitz Lab\freezeData\\0506\20260506215301-b92.01-f8.png,2026-05-06 21:53:01,8.0,54.65745095357448,7.172926411232951,443.087861219184,91.89024,0.5919404721269835
2058,C:\Users\joshy\OneDrive\Documents\Kravitz Lab\freezeData\\0506\20260506215319-b92.27-f10.png,2026-05-06 21:53:19,10.0,54.71127256555614,7.177113375088142,520.401350191344,92.160132,0.5647473976351521
2059,C:\Users\joshy\OneDrive\Documents\Kravitz Lab\freezeData\\0506\20260506215339-b89.95-f0.png,2026-05-06 21:53:39,0.0,54.20885042588157,7.182418159145643,473.1644216160641,89.83862,0.5891249390853409
2060,C:\Users\joshy\OneDrive\Documents\Kravitz Lab\freezeData\\0506\20260506215357-b91.02-f2.png,2026-05-06 21:53:57,2.0,54.07977792631549,7.202670755645917,588.2855762052959,90.88602,0.6057790258934178
2061,C:\Users\joshy\OneDrive\Documents\Kravitz Lab\freezeData\\0506\20260506215415-b91.41-f4.png,2026-05-06 21:54:15,4.0,54.313712870173035,7.1937880029581125,445.8913413626241,91.28758,0.6377828627805208
2062,C:\Users\joshy\OneDrive\Documents\Kravitz Lab\freezeData\\0506\20260506215452-b92.26-f8.png,2026-05-06 21:54:52,8.0,54.56807788188314,7.179182288331044,455.714528558016,92.137856,0.5911812974478005
2063,C:\Users\joshy\OneDrive\Documents\Kravitz Lab\freezeData\\0506\20260506215435-b91.72-f6.png,2026-05-06 21:54:35,6.0,54.434957274806415,7.186039458828174,444.7710156864,91.6157,0.6206399984975338
2064,C:\Users\joshy\OneDrive\Documents\Kravitz Lab\freezeData\\0506\20260506215511-b92.59-f10.png,2026-05-06 21:55:11,10.0,54.58600707597638,7.176611425540348,508.08225238553604,92.459116,0.5643916612623573
2065,C:\Users\joshy\OneDrive\Documents\Kravitz Lab\freezeData\\0506\20260506215530-b90.14-f0.png,2026-05-06 21:55:30,0.0,54.164136556330924,7.184300055023355,472.745377082736,90.007944,0.5897711873497286
2066,C:\Users\joshy\OneDrive\Documents\Kravitz Lab\freezeData\\0506\20260506215548-b91.10-f2.png,2026-05-06 21:55:48,2.0,54.004019417669866,7.200312244997301,589.709071723376,90.994456,0.606266430874568
2067,C:\Users\joshy\OneDrive\Documents\Kravitz Lab\freezeData\\0506\20260506215608-b91.59-f4.png,2026-05-06 21:56:08,4.0,54.27501804342768,7.197830317100813,462.7496069016961,91.47684,0.6373125670582532
2068,C:\Users\joshy\OneDrive\Documents\Kravitz Lab\freezeData\\0506\20260506215627-b92.09-f6.png,2026-05-06 21:56:27,6.0,54.35021118153725,7.19114620484596,431.43874730110406,91.995048,0.6207889854454772
2069,C:\Users\joshy\OneDrive\Documents\Kravitz Lab\freezeData\\0506\20260506215646-b92.48-f8.png,2026-05-06 21:56:46,8.0,54.49710258977943,7.180418926227974,456.58424905713605,92.359084,0.5918868136759008
2070,C:\Users\joshy\OneDrive\Documents\Kravitz Lab\freezeData\\0506\20260506215704-b92.77-f10.png,2026-05-06 21:57:04,10.0,54.48306279694914,7.179606297640892,518.731317030656,92.685764,0.5652045949352956
2071,C:\Users\joshy\OneDrive\Documents\Kravitz Lab\freezeData\\0506\20260506215724-b90.20-f0.png,2026-05-06 21:57:24,0.0,54.021618884439214,7.18236311614921,456.135040450544,90.10362,0.5896468719006828
2072,C:\Users\joshy\OneDrive\Documents\Kravitz Lab\freezeData\\0506\20260506215741-b91.18-f2.png,2026-05-06 21:57:41,2.0,53.917610262271225,7.198100639966152,565.4423451910238,91.068232,0.6056205364917625
2073,C:\Users\joshy\OneDrive\Documents\Kravitz Lab\freezeData\\0506\20260506215800-b91.86-f4.png,2026-05-06 21:58:00,4.0,54.17712044747096,7.195578644366515,459.394796374784,91.752832,0.6379238279354136
2074,C:\Users\joshy\OneDrive\Documents\Kravitz Lab\freezeData\\0506\20260506215819-b92.25-f6.png,2026-05-06 21:58:19,6.0,54.25677033547854,7.1894345152187915,433.19017470950405,92.144944,0.6213596879936981
2075,C:\Users\joshy\OneDrive\Documents\Kravitz Lab\freezeData\\0506\20260506215837-b92.77-f8.png,2026-05-06 21:58:37,8.0,54.31210219604923,7.182449806070869,447.291183047936,92.669148,0.5906739667765575
2076,C:\Users\joshy\OneDrive\Documents\Kravitz Lab\freezeData\\0506\20260506215856-b93.10-f10.png,2026-05-06 21:58:56,10.0,54.257529944277266,7.174854178861553,533.146887169904,93.009184,0.5652445225464232
2077,C:\Users\joshy\OneDrive\Documents\Kravitz Lab\freezeData\\0506\20260506215915-b90.39-f0.png,2026-05-06 21:59:15,0.0,53.95472472978269,7.180712264636779,458.919433323504,90.278624,0.5899853919022745
2078,C:\Users\joshy\OneDrive\Documents\Kravitz Lab\freezeData\\0506\20260506215934-b91.33-f2.png,2026-05-06 21:59:34,2.0,53.88915448324956,7.198322870166703,580.1086880796,91.216908,0.6064359617397463
2079,C:\Users\joshy\OneDrive\Documents\Kravitz Lab\freezeData\\0506\20260506215952-b91.95-f4.png,2026-05-06 21:59:52,4.0,54.08673458018866,7.192406206221423,459.74840157886405,91.840832,0.6383652392494101
